UNFALL_ID,FID_left,OBJECTID,ULAND,UREGBEZ,UKREIS,UGEMEINDE,UJAHR,UMONAT,USTUNDE,UWOCHENTAG,UKATEGORIE,UART,UTYP1,ULICHTVERH,IstStrasse,IstRad,IstPKW,IstFuss,IstKrad,IstGkfz,IstSonstig,LINREFX,LINREFY,XGCSWGS84,YGCSWGS84,index_right,FID_right,SBZ,Name,UIDENTSTLA,LICHT,STRZUSTAND,FID,OBJECTID_1,IstSonstige,UIDENTSTLAE,OID_,IstStrassenzustand,PLST
1,43708,43709,14,7,13,000,2016,01,08,6,2,7,1,0,1,0,1,0,0,0,1,"735124,027299999960000","5688810,842500000300000",12.373160536,51.301973786,4,4.0,4,Süd,,,,,,,,,,
2,43732,43733,14,7,13,000,2016,01,15,4,3,4,2,0,2,0,1,0,0,0,0,"742268,028100000000000","5694721,728600000000000",12.479468361,51.35203196,2,2.0,2,Ost,,,,,,,,,,
3,43734,43735,14,7,13,000,2016,01,14,5,3,8,6,0,1,0,1,0,0,1,0,"738190,797400000040000","5694460,495900000400000",12.420849131,51.351410376,1,1.0,1,Nordost,,,,,,,,,,
4,43735,43736,14,7,13,000,2016,01,17,5,2,4,2,2,1,0,1,0,0,0,0,"730269,101999999960000","5701145,928799999900000",12.311619805,51.414689341,8,8.0,8,Nordwest,,,,,,,,,,
5,43779,43780,14,7,13,000,2016,01,23,5,3,4,2,2,1,0,1,0,0,0,0,"735075,512800000030000","5690238,687900000300000",12.373406519,51.314810772,4,4.0,4,Süd,,,,,,,,,,
6,43790,43791,14,7,13,000,2016,01,06,6,3,5,2,1,0,1,1,0,0,0,0,"728896,987399999980000","5698651,452999999700000",12.290312733,51.392851818,8,8.0,8,Nordwest,,,,,,,,,,
7,43836,43837,14,7,13,000,2016,01,13,6,2,5,3,0,0,1,1,0,0,0,0,"735368,911199999970000","5693500,397500000000000",12.379763177,51.343967748,0,0.0,0,Mitte,,,,,,,,,,
8,43838,43839,14,7,13,000,2016,01,14,7,3,5,2,0,0,0,1,0,0,0,0,"740887,800799999970000","5696362,716599999900000",12.460795476,51.367347309,2,2.0,2,Ost,,,,,,,,,,
9,43861,43862,14,7,13,000,2016,01,10,5,3,2,6,0,1,1,1,0,0,0,0,"727208,011000000060000","5693573,579599999800000",12.262831686,51.347944772,7,7.0,7,Alt-West,,,,,,,,,,
10,43862,43863,14,7,13,000,2016,01,10,5,3,0,1,0,2,1,0,0,0,0,0,"736470,731499999990000","5693230,955199999700000",12.395376012,51.341092005,2,2.0,2,Ost,,,,,,,,,,
11,43876,43877,14,7,13,000,2016,01,18,2,3,2,2,2,1,0,1,0,0,0,0,"740751,417800000050000","5694462,828700000400000",12.457554317,51.350352573,2,2.0,2,Ost,,,,,,,,,,
12,43918,43919,14,7,13,000,2016,01,15,3,3,5,3,0,0,1,1,0,0,0,0,"733729,938599999990000","5693145,137699999800000",12.356038794,51.341454879,0,0.0,0,Mitte,,,,,,,,,,
13,43920,43921,14,7,13,000,2016,01,19,5,2,6,4,2,1,0,0,1,0,0,1,"735351,829200000040000","5693510,381900000400000",12.379524947,51.344064442,0,0.0,0,Mitte,,,,,,,,,,
14,43945,43946,14,7,13,000,2016,01,14,3,3,8,1,0,1,0,1,0,0,0,0,"731490,648599999960000","5697133,310300000000000",12.326539237,51.378171938,8,8.0,8,Nordwest,,,,,,,,,,
15,43964,43965,14,7,13,000,2016,01,15,5,3,6,4,0,0,0,1,1,0,0,0,"742159,315999999990000","5691559,485999999600000",12.475760412,51.32369586,2,2.0,2,Ost,,,,,,,,,,
16,43975,43976,14,7,13,000,2016,01,12,6,3,5,3,0,1,0,1,0,0,0,0,"745899,160500000000000","5692188,062599999800000",12.529764232,51.327733397,2,2.0,2,Ost,,,,,,,,,,
17,43997,43998,14,7,13,000,2016,01,16,2,3,2,2,1,1,0,1,0,0,0,0,"740113,946099999940000","5687869,628800000100000",12.44397712,51.29144344,3,3.0,3,Südost,,,,,,,,,,
18,44036,44037,14,7,13,000,2016,02,18,4,3,1,6,2,0,0,1,0,0,0,0,"739901,102900000060000","5695618,927899999500000",12.446145665,51.361088842,2,2.0,2,Ost,,,,,,,,,,
19,44043,44044,14,7,30,270,2016,01,08,5,2,8,1,0,1,0,0,0,0,1,0,"729759,811200000000000","5701179,425699999600000",12.304330233,51.415196597,8,8.0,8,Nordwest,,,,,,,,,,
20,44052,44053,14,7,13,000,2016,02,08,2,3,5,3,0,0,1,1,0,0,0,0,"740380,130299999960000","5694443,516599999700000",12.452219427,51.350336363,2,2.0,2,Ost,,,,,,,,,,
21,44063,44064,14,7,13,000,2016,02,03,4,2,6,4,2,0,0,0,1,0,0,1,"736771,536500000050000","5694455,136500000000000",12.400501084,51.351955231,1,1.0,1,Nordost,,,,,,,,,,
22,44065,44066,14,7,13,000,2016,01,10,4,3,3,2,0,0,1,1,0,0,0,0,"732810,352199999960000","5692795,877500000400000",12.342630678,51.338696948,7,7.0,7,Alt-West,,,,,,,,,,
23,44076,44077,14,7,13,000,2016,01,17,6,3,9,1,1,0,0,1,0,0,0,0,"732157,891900000050000","5692471,757299999700000",12.333068624,51.336054143,7,7.0,7,Alt-West,,,,,,,,,,
24,44104,44105,14,7,13,000,2016,02,16,7,3,2,6,0,0,0,1,0,0,0,0,"735454,289299999950000","5693496,259399999900000",12.38098413,51.343895253,0,0.0,0,Mitte,,,,,,,,,,
25,44115,44116,14,7,13,000,2016,01,12,4,3,1,2,0,1,0,1,0,0,0,0,"734227,547999999950000","5693318,416000000200000",12.363284543,51.342805546,0,0.0,0,Mitte,,,,,,,,,,
26,44122,44123,14,7,13,000,2016,02,16,4,3,2,6,0,0,0,1,0,0,0,0,"736335,881000000050000","5694335,788999999900000",12.394176774,51.351065255,0,0.0,0,Mitte,,,,,,,,,,
27,44123,44124,14,7,13,000,2016,02,08,3,3,2,6,0,0,0,1,0,0,0,0,"736679,682000000030000","5695547,134999999800000",12.399910724,51.361795384,1,1.0,1,Nordost,,,,,,,,,,
28,44139,44140,14,7,13,000,2016,01,19,3,2,2,6,1,1,0,1,0,0,0,1,"730937,727100000020000","5701178,213999999700000",12.321239342,51.414707284,8,8.0,8,Nordwest,,,,,,,,,,
29,44204,44205,14,7,13,000,2016,01,07,6,2,5,2,0,0,0,1,0,0,0,0,"738578,158500000020000","5694523,489299999500000",12.426443886,51.351813345,1,1.0,1,Nordost,,,,,,,,,,
30,44223,44224,14,7,13,000,2016,01,12,3,3,4,2,0,0,0,1,0,0,0,0,"736677,625600000030000","5695554,083300000100000",12.399885862,51.361858609,1,1.0,1,Nordost,,,,,,,,,,
31,44242,44243,14,7,13,000,2016,02,10,4,3,5,3,0,0,0,1,0,0,1,0,"727211,378999999960000","5693381,212000000300000",12.262757196,51.346216471,7,7.0,7,Alt-West,,,,,,,,,,
32,44261,44262,14,7,13,000,2016,01,08,3,3,5,3,0,1,0,1,0,0,0,0,"731587,845199999980000","5692691,772800000400000",12.32504237,51.3382616,7,7.0,7,Alt-West,,,,,,,,,,
33,44280,44281,14,7,30,250,2016,01,04,2,3,5,3,2,1,0,0,0,0,0,1,"735027,419499999960000","5702117,338700000200000",12.38056887,51.421457022,9,9.0,9,Nord,,,,,,,,,,
34,44282,44283,14,7,30,270,2016,02,05,7,3,8,1,2,1,0,1,0,0,0,0,"728369,195700000040000","5701225,114099999900000",12.284395694,51.416168438,8,8.0,8,Nordwest,,,,,,,,,,
35,44295,44296,14,7,13,000,2016,02,22,5,3,3,6,2,1,0,1,0,0,0,0,"734457,263900000020000","5693406,380400000100000",12.36663485,51.343500476,0,0.0,0,Mitte,,,,,,,,,,
36,44300,44301,14,7,13,000,2016,02,06,2,2,3,6,2,1,0,1,0,0,1,0,"730778,103400000020000","5682992,376699999900000",12.307168702,51.251519066,5,5.0,5,Südwest,,,,,,,,,,
37,44304,44305,14,7,13,000,2016,01,12,5,3,9,1,0,0,0,1,0,0,0,0,"736588,064299999970000","5702649,354899999700000",12.403329438,51.425583344,9,9.0,9,Nord,,,,,,,,,,
38,44317,44318,14,7,13,000,2016,01,17,2,3,2,6,2,1,0,1,0,0,0,0,"741636,775799999940000","5684869,391200000400000",12.463748354,51.263870523,3,3.0,3,Südost,,,,,,,,,,
39,44345,44346,14,7,13,000,2016,01,16,2,3,2,6,2,0,0,1,0,0,0,0,"739481,847799999990000","5694456,704599999800000",12.439352618,51.350833886,2,2.0,2,Ost,,,,,,,,,,
40,44353,44354,14,7,13,000,2016,01,11,6,2,5,3,0,0,0,1,0,0,0,0,"733764,456000000010000","5696902,257000000200000",12.359002045,51.375166448,9,9.0,9,Nord,,,,,,,,,,
41,44356,44357,14,7,13,000,2016,01,10,7,3,2,6,0,2,0,1,0,0,0,1,"739489,056899999970000","5694456,326000000400000",12.439455697,51.350827451,2,2.0,2,Ost,,,,,,,,,,
42,44357,44358,14,7,13,000,2016,01,17,5,3,6,2,1,1,0,1,1,0,0,0,"734767,418999999990000","5693524,703200000300000",12.37115819,51.344434608,0,0.0,0,Mitte,,,,,,,,,,
43,44393,44394,14,7,13,000,2016,02,02,1,2,0,7,2,1,1,0,0,0,0,0,"734779,815900000050000","5693527,166000000200000",12.371337497,51.344451596,0,0.0,0,Mitte,,,,,,,,,,
44,44406,44407,14,7,13,000,2016,02,15,3,3,3,6,0,0,0,0,0,0,0,1,"737274,010600000040000","5690918,001600000100000",12.405348077,51.319996109,0,0.0,0,Mitte,,,,,,,,,,
45,44428,44429,14,7,13,000,2016,01,14,3,3,6,4,0,0,0,0,1,0,0,1,"738632,300900000030000","5694503,783099999700000",12.42720677,51.351613738,2,2.0,2,Ost,,,,,,,,,,
46,44444,44445,14,7,13,000,2016,03,16,4,3,5,2,0,0,1,1,0,0,0,0,"729945,812999999970000","5693107,654000000100000",12.301777438,51.342661324,7,7.0,7,Alt-West,,,,,,,,,,
47,44461,44462,14,7,13,000,2016,03,14,3,3,6,2,0,1,0,0,1,0,0,1,"736427,465399999990000","5692753,488800000400000",12.394439016,51.336824171,3,3.0,3,Südost,,,,,,,,,,
48,44467,44468,14,7,13,000,2016,03,17,7,3,5,2,1,0,0,1,0,0,0,0,"735097,864300000020000","5697039,235899999700000",12.378216955,51.375845611,9,9.0,9,Nord,,,,,,,,,,
49,44471,44472,14,7,13,000,2016,03,12,4,3,5,3,0,0,0,1,0,0,0,0,"736236,844000000040000","5693697,804999999700000",12.392333757,51.345379759,0,0.0,0,Mitte,,,,,,,,,,
50,44491,44492,14,7,13,000,2016,03,12,5,2,6,4,0,0,0,0,1,0,0,1,"735461,542000000020000","5693491,991999999600000",12.381085258,51.343853944,0,0.0,0,Mitte,,,,,,,,,,
51,44496,44497,14,7,13,000,2016,03,06,3,3,3,2,0,1,1,1,0,0,0,0,"732792,932099999980000","5696858,846099999700000",12.345039223,51.375175825,8,8.0,8,Nordwest,,,,,,,,,,
52,44539,44540,14,7,13,000,2016,03,14,7,3,2,6,0,0,0,1,0,0,0,0,"741618,029800000020000","5684884,169400000000000",12.463490147,51.264011111,3,3.0,3,Südost,,,,,,,,,,
53,44559,44560,14,7,13,000,2016,03,01,6,3,8,1,2,0,0,1,0,0,0,0,"732315,795300000000000","5692435,306499999900000",12.335307736,51.335662454,7,7.0,7,Alt-West,,,,,,,,,,
54,44563,44564,14,7,13,000,2016,02,18,3,2,5,2,2,0,0,1,0,0,0,0,"740530,693800000010000","5686691,785000000100000",12.449149998,51.28069559,3,3.0,3,Südost,,,,,,,,,,
55,44579,44580,14,7,13,000,2016,02,06,4,3,5,3,2,1,1,1,0,0,0,0,"732963,742500000050000","5692857,737300000200000",12.344869448,51.339189423,7,7.0,7,Alt-West,,,,,,,,,,
56,44596,44597,14,7,13,000,2016,02,11,1,3,4,1,0,1,0,1,0,0,0,0,"735967,446899999980000","5693799,864500000100000",12.388540153,51.346407744,0,0.0,0,Mitte,,,,,,,,,,
57,44604,44605,14,7,13,000,2016,03,05,7,3,9,1,2,0,0,1,0,0,0,0,"743200,561200000000000","5695229,184500000400000",12.493181561,51.356188274,2,2.0,2,Ost,,,,,,,,,,
58,44625,44626,14,7,13,000,2016,03,11,6,2,5,3,0,0,1,1,0,0,0,0,"727444,616000000040000","5690083,249800000300000",12.263995579,51.316516157,6,6.0,6,West,,,,,,,,,,
59,44627,44628,14,7,13,000,2016,03,09,3,3,2,6,0,1,0,1,0,0,1,0,"735455,804000000000000","5693495,368200000400000",12.381005251,51.343886626,0,0.0,0,Mitte,,,,,,,,,,
60,44638,44639,14,7,13,000,2016,03,15,5,3,2,6,0,0,0,1,0,0,0,0,"734471,439299999970000","5697039,203400000000000",12.369232315,51.376104292,9,9.0,9,Nord,,,,,,,,,,
61,44662,44663,14,7,13,000,2016,03,16,3,3,2,6,0,0,0,1,0,0,0,1,"736464,862800000000000","5696399,296400000300000",12.397397265,51.369533925,9,9.0,9,Nord,,,,,,,,,,
62,44666,44667,14,7,13,000,2016,03,14,3,3,2,6,0,0,0,1,0,0,0,0,"736217,477700000050000","5693800,030600000200000",12.392124003,51.346305403,0,0.0,0,Mitte,,,,,,,,,,
63,44689,44690,14,7,13,000,2016,02,14,5,3,5,3,0,0,1,1,0,0,0,0,"734614,948899999960000","5690188,476300000200000",12.366776516,51.314550088,4,4.0,4,Süd,,,,,,,,,,
64,44698,44699,14,7,13,000,2016,03,18,5,3,5,3,0,1,1,1,0,0,0,0,"736339,115699999970000","5694744,270600000400000",12.394494396,51.354730508,1,1.0,1,Nordost,,,,,,,,,,
65,44710,44711,14,7,13,000,2016,03,16,2,3,2,6,0,0,0,1,0,0,0,0,"743111,021199999960000","5695102,292399999700000",12.49181134,51.355087696,2,2.0,2,Ost,,,,,,,,,,
66,44729,44730,14,7,13,000,2016,02,13,2,3,2,2,0,1,1,1,0,0,0,0,"735076,870699999970000","5690238,860799999900000",12.373426083,51.314811763,4,4.0,4,Süd,,,,,,,,,,
67,44730,44731,14,7,13,000,2016,03,12,4,3,0,7,0,0,0,0,0,1,0,0,"736468,046699999950000","5693269,077800000100000",12.395362847,51.341435317,2,2.0,2,Ost,,,,,,,,,,
68,44751,44752,14,7,13,000,2016,03,19,5,3,5,3,2,1,0,1,0,0,0,0,"728033,600699999950000","5684233,544400000000000",12.268698548,51.26376537,5,5.0,5,Südwest,,,,,,,,,,
69,44756,44757,14,7,13,000,2016,03,05,3,3,5,3,2,1,1,1,0,0,0,0,"728314,833400000000000","5697570,642500000100000",12.281264463,51.383383714,8,8.0,8,Nordwest,,,,,,,,,,
70,44760,44761,14,7,13,000,2016,03,07,3,3,5,2,0,0,1,1,0,0,0,0,"736340,545999999970000","5692486,798000000400000",12.393016523,51.334466428,3,3.0,3,Südost,,,,,,,,,,
71,44761,44762,14,7,13,000,2016,04,14,7,3,5,2,0,0,1,1,0,0,0,0,"736117,054200000010000","5693891,546199999700000",12.390745309,51.347168582,0,0.0,0,Mitte,,,,,,,,,,
72,44771,44772,14,7,13,000,2016,02,14,6,3,2,6,0,0,0,1,0,0,0,1,"736161,999199999960000","5694441,089900000000000",12.39175411,51.352082725,1,1.0,1,Nordost,,,,,,,,,,
73,44781,44782,14,7,13,000,2016,03,12,7,3,5,2,0,0,0,1,0,0,0,0,"740887,203199999990000","5696362,342899999600000",12.460786654,51.367344208,2,2.0,2,Ost,,,,,,,,,,
74,44800,44801,14,7,13,000,2016,03,17,7,3,6,4,1,0,0,1,1,0,0,0,"731484,724500000010000","5692725,549200000200000",12.323586431,51.338606791,7,7.0,7,Alt-West,,,,,,,,,,
75,44820,44821,14,7,13,000,2016,03,10,6,3,3,6,0,0,0,1,0,0,0,0,"728869,586499999980000","5684103,821000000500000",12.280577779,51.262265846,5,5.0,5,Südwest,,,,,,,,,,
76,44831,44832,14,7,13,000,2016,03,10,4,3,6,4,0,0,0,1,1,0,0,0,"735453,439299999970000","5693496,759499999700000",12.380972278,51.343900094,0,0.0,0,Mitte,,,,,,,,,,
77,44833,44834,14,7,13,000,2016,02,14,2,3,3,2,0,1,1,1,0,0,0,0,"729708,935999999990000","5693137,087000000300000",12.298401177,51.343021294,7,7.0,7,Alt-West,,,,,,,,,,
78,44841,44842,14,7,13,000,2016,02,09,5,3,5,3,0,0,0,1,0,0,0,0,"734615,674200000010000","5690178,224299999900000",12.366780162,51.314457762,4,4.0,4,Süd,,,,,,,,,,
79,44856,44857,14,7,13,000,2016,03,07,4,3,4,6,0,0,1,0,0,0,0,0,"736512,053599999980000","5692231,455400000300000",12.395304634,51.332103132,3,3.0,3,Südost,,,,,,,,,,
80,44883,44884,14,7,13,000,2016,03,07,3,2,8,1,0,1,0,1,0,0,0,0,"731546,584299999990000","5697118,053600000200000",12.327331641,51.378012177,8,8.0,8,Nordwest,,,,,,,,,,
81,44889,44890,14,7,13,000,2016,03,06,3,3,5,3,0,1,1,0,0,0,0,1,"736491,326400000020000","5692234,885900000100000",12.395009917,51.332142543,0,0.0,0,Mitte,,,,,,,,,,
82,44901,44902,14,7,13,000,2016,03,17,5,3,5,2,0,0,0,1,0,0,0,1,"740533,457999999980000","5696134,947999999900000",12.45556059,51.365453095,2,2.0,2,Ost,,,,,,,,,,
83,44937,44938,14,7,13,000,2016,02,18,6,3,3,6,2,0,0,1,0,0,0,0,"736158,794299999950000","5694420,052600000100000",12.391694209,51.351895222,1,1.0,1,Nordost,,,,,,,,,,
84,44952,44953,14,7,13,000,2016,02,11,7,3,2,6,0,0,0,1,0,0,0,0,"734502,203600000010000","5689702,932799999600000",12.364842412,51.310238072,4,4.0,4,Süd,,,,,,,,,,
85,45005,45006,14,7,13,000,2016,02,15,4,3,5,3,0,0,1,1,0,0,0,0,"726772,699900000010000","5697750,578700000400000",12.259254946,51.385617126,8,8.0,8,Nordwest,,,,,,,,,,
86,45008,45009,14,7,13,000,2016,03,18,1,3,2,2,1,1,0,1,0,0,0,0,"735624,153999999980000","5693432,321000000500000",12.383376415,51.343250954,0,0.0,0,Mitte,,,,,,,,,,
87,45016,45017,14,7,13,000,2016,03,14,3,3,2,6,0,1,0,1,0,0,0,0,"727426,315999999990000","5690078,016699999600000",12.263730081,51.31647649,6,6.0,6,West,,,,,,,,,,
88,45033,45034,14,7,13,000,2016,02,08,5,3,2,6,0,1,0,1,0,0,0,0,"736995,996799999960000","5691379,502299999800000",12.401672354,51.32425446,3,3.0,3,Südost,,,,,,,,,,
89,45095,45096,14,7,13,000,2016,04,17,5,3,1,6,0,0,0,1,0,0,0,0,"732633,371500000010000","5692412,887299999600000",12.339844159,51.335331391,7,7.0,7,Alt-West,,,,,,,,,,
90,45101,45102,14,7,13,000,2016,04,19,5,3,4,6,0,0,1,0,0,0,0,0,"738472,656500000040000","5694561,442400000100000",12.424957009,51.35219828,1,1.0,1,Nordost,,,,,,,,,,
91,45108,45109,14,7,13,000,2016,05,11,3,3,5,2,0,0,1,0,0,0,0,1,"736161,689000000010000","5693923,803999999500000",12.391406477,51.347439595,0,0.0,0,Mitte,,,,,,,,,,
92,45115,45116,14,7,13,000,2016,05,09,2,3,5,3,0,0,1,1,0,0,0,0,"735414,697399999950000","5693519,815600000300000",12.38043225,51.344123095,0,0.0,0,Mitte,,,,,,,,,,
93,45157,45158,14,7,13,000,2016,04,21,6,3,5,3,2,0,0,1,0,1,0,0,"727046,797799999940000","5693397,135499999900000",12.260408074,51.346425176,7,7.0,7,Alt-West,,,,,,,,,,
94,45161,45162,14,7,13,000,2016,04,14,2,3,2,2,0,0,0,1,0,0,0,0,"727925,899500000060000","5690225,706700000000000",12.270981326,51.317602492,6,6.0,6,West,,,,,,,,,,
95,45162,45163,14,7,13,000,2016,04,08,1,2,9,1,0,0,0,1,0,0,0,0,"730826,152299999960000","5692912,548299999900000",12.314269052,51.34055317,7,7.0,7,Alt-West,,,,,,,,,,
96,45164,45165,14,7,13,000,2016,05,17,7,3,6,4,0,0,1,0,1,0,0,0,"737638,549200000010000","5690493,994400000200000",12.410287438,51.316038077,3,3.0,3,Südost,,,,,,,,,,
97,45185,45186,14,7,13,000,2016,04,19,2,3,3,2,0,0,1,1,0,0,0,0,"734639,887200000000000","5693487,219200000200000",12.369305589,51.344150782,0,0.0,0,Mitte,,,,,,,,,,
98,45188,45189,14,7,13,000,2016,05,15,4,3,2,6,0,0,0,1,0,0,0,0,"735098,080899999940000","5697039,235100000200000",12.378220061,51.375845515,9,9.0,9,Nord,,,,,,,,,,
99,45202,45203,14,7,13,000,2016,04,09,3,3,0,4,0,0,0,1,1,0,0,0,"733726,131199999950000","5693143,569100000000000",12.355983196,51.341442364,0,0.0,0,Mitte,,,,,,,,,,
100,45223,45224,14,7,13,000,2016,05,15,5,3,2,6,0,0,0,0,0,1,0,1,"736205,069000000020000","5693817,134600000500000",12.391957495,51.346464087,0,0.0,0,Mitte,,,,,,,,,,
101,45276,45277,14,7,13,000,2016,04,15,4,3,2,6,0,0,0,1,0,0,1,0,"736642,999700000040000","5695670,973100000100000",12.399467163,51.362922245,9,9.0,9,Nord,,,,,,,,,,
102,45283,45284,14,7,13,000,2016,04,07,5,3,5,2,0,0,1,1,0,0,0,0,"738493,354100000000000","5689605,853699999900000",12.42193733,51.307708599,3,3.0,3,Südost,,,,,,,,,,
103,45287,45288,14,7,13,000,2016,05,18,2,3,4,2,0,0,1,1,0,0,0,0,"734476,035000000030000","5697039,258999999600000",12.369298267,51.376102894,9,9.0,9,Nord,,,,,,,,,,
104,45350,45351,14,7,13,000,2016,05,11,7,3,2,2,0,0,0,1,0,1,0,0,"730172,046199999980000","5693076,094200000200000",12.304999708,51.342286473,7,7.0,7,Alt-West,,,,,,,,,,
105,45353,45354,14,7,13,000,2016,05,03,3,3,0,7,2,0,1,0,0,0,0,1,"728626,191899999980000","5693240,560700000300000",12.282947907,51.34438661,7,7.0,7,Alt-West,,,,,,,,,,
106,45354,45355,14,7,13,000,2016,04,12,6,3,1,6,0,0,0,1,0,0,0,0,"735427,044100000060000","5693512,438900000400000",12.380604334,51.344051767,0,0.0,0,Mitte,,,,,,,,,,
107,45379,45380,14,7,13,000,2016,04,11,6,2,5,2,0,0,1,1,0,0,0,0,"735644,950599999980000","5690281,039200000500000",12.381590851,51.314955456,4,4.0,4,Süd,,,,,,,,,,
108,45391,45392,14,7,13,000,2016,04,15,4,2,3,6,0,0,0,1,0,0,1,0,"734040,718600000020000","5700824,720599999700000",12.365549695,51.410262199,9,9.0,9,Nord,,,,,,,,,,
109,45392,45393,14,7,13,000,2016,04,15,3,3,5,2,0,0,0,1,0,0,0,1,"736145,300000000050000","5701507,224999999600000",12.396211522,51.415516145,9,9.0,9,Nord,,,,,,,,,,
110,45399,45400,14,7,13,000,2016,05,11,1,2,5,3,0,0,1,0,0,0,0,1,"738581,759399999980000","5694522,009300000000000",12.42649451,51.35179855,2,2.0,2,Ost,,,,,,,,,,
111,45433,45434,14,7,13,000,2016,05,04,5,2,8,1,2,0,0,1,0,0,0,0,"730528,055999999980000","5683132,680999999900000",12.303682143,51.252879706,5,5.0,5,Südwest,,,,,,,,,,
112,45439,45440,14,7,13,000,2016,04,18,5,3,2,3,0,0,1,1,0,0,0,0,"738297,569400000040000","5694499,073400000100000",12.422405461,51.351711892,1,1.0,1,Nordost,,,,,,,,,,
113,45440,45441,14,7,13,000,2016,04,09,4,3,5,3,0,0,0,1,0,0,0,0,"727158,440199999950000","5693385,978600000000000",12.262001359,51.346280418,7,7.0,7,Alt-West,,,,,,,,,,
114,45442,45443,14,7,13,000,2016,04,17,2,3,2,6,0,0,0,1,0,1,0,0,"740258,182099999980000","5695934,222699999800000",12.451478029,51.363767939,2,2.0,2,Ost,,,,,,,,,,
115,45452,45453,14,7,13,000,2016,05,13,2,3,5,2,0,0,1,0,0,0,0,1,"734642,301899999960000","5693488,104399999600000",12.369340782,51.344157732,0,0.0,0,Mitte,,,,,,,,,,
116,45459,45460,14,7,13,000,2016,04,20,4,3,6,4,0,1,0,0,1,0,0,1,"733766,562700000010000","5693160,226800000300000",12.356573601,51.341575272,0,0.0,0,Mitte,,,,,,,,,,
117,45460,45461,14,7,13,000,2016,04,15,2,3,2,6,0,0,0,1,0,0,1,0,"735959,611700000010000","5697122,857200000400000",12.390632023,51.376238828,9,9.0,9,Nord,,,,,,,,,,
118,45484,45485,14,7,13,000,2016,04,11,2,3,2,6,0,0,0,1,0,0,0,0,"736205,293300000020000","5693815,856300000100000",12.391959862,51.34645252,0,0.0,0,Mitte,,,,,,,,,,
119,45493,45494,14,7,13,000,2016,05,18,2,3,2,6,0,0,0,1,0,0,0,1,"740261,399500000060000","5695921,691399999900000",12.451515695,51.363654103,2,2.0,2,Ost,,,,,,,,,,
120,45499,45500,14,7,13,000,2016,04,07,2,3,2,6,0,0,0,1,0,0,0,0,"744844,368999999950000","5691964,049999999800000",12.514499975,51.326177801,2,2.0,2,Ost,,,,,,,,,,
121,45516,45517,14,7,13,000,2016,04,12,6,3,5,3,0,0,0,1,0,1,0,0,"728061,893999999970000","5693296,571300000000000",12.274895,51.345116073,7,7.0,7,Alt-West,,,,,,,,,,
122,45521,45522,14,7,13,000,2016,05,22,1,3,5,3,2,1,0,1,0,0,0,0,"735178,297299999980000","5693552,115399999500000",12.377065335,51.344510862,0,0.0,0,Mitte,,,,,,,,,,
123,45524,45525,14,7,13,000,2016,05,21,4,3,1,6,2,0,0,1,0,1,0,0,"733838,927000000030000","5693218,788999999900000",12.357649193,51.342071201,0,0.0,0,Mitte,,,,,,,,,,
124,45565,45566,14,7,13,000,2016,04,10,3,3,2,6,0,1,0,1,0,0,0,0,"733601,596000000020000","5696850,549999999800000",12.356632214,51.374769313,8,8.0,8,Nordwest,,,,,,,,,,
125,45608,45609,14,7,13,000,2016,05,08,3,3,4,2,0,0,0,1,0,1,0,0,"732490,449600000050000","5692411,937699999700000",12.337795393,51.335381309,7,7.0,7,Alt-West,,,,,,,,,,
126,45622,45623,14,7,13,000,2016,05,06,2,3,4,2,0,0,0,1,0,1,0,0,"734002,594200000050000","5693236,228699999900000",12.360006382,51.342160417,0,0.0,0,Mitte,,,,,,,,,,
127,45686,45687,14,7,13,000,2016,05,17,4,3,5,3,0,0,1,1,0,0,0,0,"737892,077399999950000","5690216,918100000400000",12.41373403,51.313445114,3,3.0,3,Südost,,,,,,,,,,
128,45699,45700,14,7,13,000,2016,04,15,3,3,2,2,0,0,0,1,0,0,0,0,"740767,474999999980000","5694475,716000000000000",12.457793189,51.350461443,2,2.0,2,Ost,,,,,,,,,,
129,45714,45715,14,7,13,000,2016,04,18,6,3,5,2,0,0,1,1,0,0,0,0,"735855,319699999990000","5693713,980100000300000",12.386876112,51.345683353,0,0.0,0,Mitte,,,,,,,,,,
130,45761,45762,14,7,13,000,2016,04,15,7,3,3,6,0,0,0,1,0,0,0,0,"733292,751300000000000","5692966,650999999600000",12.349656,51.340032216,0,0.0,0,Mitte,,,,,,,,,,
131,45770,45771,14,7,13,000,2016,05,07,5,3,0,7,0,0,0,1,0,0,0,1,"729916,052000000030000","5692991,141099999700000",12.30127564,51.341627419,7,7.0,7,Alt-West,,,,,,,,,,
132,45776,45777,14,7,13,000,2016,04,12,5,3,3,6,0,0,0,1,0,0,1,0,"730065,684200000020000","5693097,374699999600000",12.303488949,51.342520555,7,7.0,7,Alt-West,,,,,,,,,,
133,45777,45778,14,7,13,000,2016,04,19,4,2,6,7,1,0,0,1,1,0,0,0,"734153,212999999990000","5693287,421000000100000",12.362198757,51.342557938,0,0.0,0,Mitte,,,,,,,,,,
134,45779,45780,14,7,13,000,2016,04,11,2,3,2,6,0,0,0,1,0,0,0,0,"728043,111999999960000","5684239,455000000100000",12.268838416,51.263814628,5,5.0,5,Südwest,,,,,,,,,,
135,45784,45785,14,7,13,000,2016,04,14,5,2,0,7,0,1,0,0,0,1,0,0,"731084,592100000010000","5692847,487900000100000",12.317930917,51.339864161,7,7.0,7,Alt-West,,,,,,,,,,
136,45797,45798,14,7,13,000,2016,04,16,2,3,5,2,0,0,1,1,0,0,0,0,"727214,799000000000000","5697721,035000000100000",12.265578974,51.385175134,8,8.0,8,Nordwest,,,,,,,,,,
137,45820,45821,14,7,13,000,2016,05,10,3,3,6,4,0,0,0,0,1,0,0,1,"736974,297000000020000","5691392,201999999600000",12.401369922,51.324377492,3,3.0,3,Südost,,,,,,,,,,
138,45825,45826,14,7,13,000,2016,04,22,4,2,0,1,2,1,0,0,0,1,0,0,"734048,925999999980000","5693247,813500000200000",12.360678038,51.342245338,0,0.0,0,Mitte,,,,,,,,,,
139,45827,45828,14,7,13,000,2016,05,16,2,2,6,4,0,0,0,1,1,0,0,0,"742268,908799999980000","5694732,879499999800000",12.479488575,51.352131668,2,2.0,2,Ost,,,,,,,,,,
140,45848,45849,14,7,13,000,2016,05,10,7,3,6,4,0,0,0,1,1,0,0,0,"734628,875600000030000","5697039,040599999900000",12.37149028,51.376037809,9,9.0,9,Nord,,,,,,,,,,
141,45851,45852,14,7,13,000,2016,05,14,3,3,2,6,0,0,0,1,0,0,0,0,"733857,722199999960000","5693194,744400000200000",12.357902782,51.341847635,0,0.0,0,Mitte,,,,,,,,,,