UNFALL_ID,FID_left,OBJECTID,ULAND,UREGBEZ,UKREIS,UGEMEINDE,UJAHR,UMONAT,USTUNDE,UWOCHENTAG,UKATEGORIE,UART,UTYP1,ULICHTVERH,IstStrasse,IstRad,IstPKW,IstFuss,IstKrad,IstGkfz,IstSonstig,LINREFX,LINREFY,XGCSWGS84,YGCSWGS84,index_right,FID_right,SBZ,Name,UIDENTSTLA,LICHT,STRZUSTAND,FID,OBJECTID_1,IstSonstige,UIDENTSTLAE,OID_,IstStrassenzustand,PLST
283,48236,48237,14,7,13,000,2016,08,05,2,3,1,2,0,0,0,1,0,0,0,0,"741583,421399999990000","5696794,386699999700000",12.471062958,51.370926348,1,1.0,1,Nordost,,,,,,,,,,
284,48240,48241,14,7,13,000,2016,08,17,5,3,5,3,0,0,1,1,0,0,0,0,"726968,020099999970000","5686123,626400000400000",12.254650541,51.281158879,5,5.0,5,Südwest,,,,,,,,,,
285,48310,48311,14,7,13,000,2016,07,11,4,2,8,1,0,0,0,1,0,0,0,0,"745279,011000000060000","5690989,287999999700000",12.520055652,51.317242083,2,2.0,2,Ost,,,,,,,,,,
286,48327,48328,14,7,13,000,2016,07,11,5,3,1,6,0,0,0,1,0,0,0,0,"734739,598699999970000","5693486,766099999700000",12.370734435,51.344105556,0,0.0,0,Mitte,,,,,,,,,,
287,48340,48341,14,7,13,000,2016,07,13,6,3,2,6,0,0,0,1,0,0,0,0,"736209,258999999960000","5693835,691100000400000",12.392029862,51.346628913,0,0.0,0,Mitte,,,,,,,,,,
288,48344,48345,14,7,13,000,2016,08,17,6,3,2,6,0,0,0,1,0,0,0,0,"738087,608899999990000","5690034,467600000100000",12.416412771,51.311725679,3,3.0,3,Südost,,,,,,,,,,
289,48351,48352,14,7,13,000,2016,07,12,3,3,3,2,0,0,1,1,0,0,0,0,"735217,741000000040000","5697039,283699999600000",12.379936325,51.375796403,9,9.0,9,Nord,,,,,,,,,,
290,48364,48365,14,7,13,000,2016,08,07,6,3,0,7,0,0,1,0,0,0,0,0,"734429,027600000030000","5693395,026899999900000",12.366222674,51.343410205,0,0.0,0,Mitte,,,,,,,,,,
291,48367,48368,14,7,13,000,2016,08,16,3,3,2,6,0,0,0,1,0,1,0,0,"735863,911300000040000","5693719,529400000300000",12.387002932,51.3457296,0,0.0,0,Mitte,,,,,,,,,,
292,48376,48377,14,7,13,000,2016,07,18,2,2,5,3,0,0,1,1,0,0,0,0,"734838,514100000030000","5702175,169900000100000",12.377895094,51.422054399,9,9.0,9,Nord,,,,,,,,,,
293,48382,48383,14,7,13,000,2016,07,11,7,3,5,3,0,0,0,1,0,0,0,0,"736312,830899999940000","5692444,125400000300000",12.392591078,51.334094906,0,0.0,0,Mitte,,,,,,,,,,
294,48397,48398,14,7,13,000,2016,08,07,6,3,3,2,0,0,1,1,0,0,0,0,"740023,259599999990000","5694419,898199999700000",12.447088269,51.350275171,2,2.0,2,Ost,,,,,,,,,,
295,48409,48410,14,7,13,000,2016,09,13,6,3,5,3,0,0,1,1,0,0,0,0,"734008,338299999940000","5693237,664200000500000",12.360089651,51.342170939,0,0.0,0,Mitte,,,,,,,,,,
296,48411,48412,14,7,13,000,2016,09,06,2,3,5,3,0,1,1,0,0,1,0,0,"736996,867500000050000","5691378,116499999500000",12.401683907,51.324241658,3,3.0,3,Südost,,,,,,,,,,
297,48444,48445,14,7,13,000,2016,08,15,5,3,5,3,0,0,1,0,0,1,0,0,"738858,343299999950000","5694487,319400000400000",12.430435869,51.351371021,2,2.0,2,Ost,,,,,,,,,,
298,48451,48452,14,7,13,000,2016,09,15,6,2,2,6,0,0,0,1,0,1,0,0,"727745,183899999950000","5690167,687199999600000",12.268355341,51.31715398,6,6.0,6,West,,,,,,,,,,
299,48460,48461,14,7,13,000,2016,07,09,5,3,5,2,0,0,1,0,0,0,0,1,"737304,228899999990000","5690902,146900000100000",12.405770395,51.319841195,3,3.0,3,Südost,,,,,,,,,,
300,48469,48470,14,7,13,000,2016,09,07,5,3,2,2,0,0,0,1,0,0,0,1,"737157,250699999980000","5691092,456299999700000",12.403791551,51.321610709,0,0.0,0,Mitte,,,,,,,,,,
301,48474,48475,14,7,13,000,2016,08,11,5,3,3,2,0,0,1,1,0,0,0,0,"732079,778599999960000","5692452,490000000200000",12.331936643,51.335913067,7,7.0,7,Alt-West,,,,,,,,,,
302,48503,48504,14,7,13,000,2016,09,01,3,3,2,6,2,1,0,1,0,0,0,0,"746124,871900000030000","5690749,928600000200000",12.53200491,51.314728684,2,2.0,2,Ost,,,,,,,,,,
303,48524,48525,14,7,13,000,2016,08,07,5,3,3,6,0,0,1,0,0,0,0,0,"738263,168799999980000","5694485,567699999500000",12.421903308,51.351605087,1,1.0,1,Nordost,,,,,,,,,,
304,48543,48544,14,7,13,000,2016,09,20,6,3,4,2,2,1,0,1,0,0,0,0,"735161,271900000050000","5693519,406499999600000",12.376799711,51.344224298,0,0.0,0,Mitte,,,,,,,,,,
305,48560,48561,14,7,13,000,2016,08,08,5,3,5,2,0,0,0,1,0,0,0,0,"732235,975100000040000","5699205,129200000300000",12.338584759,51.396465574,8,8.0,8,Nordwest,,,,,,,,,,
306,48568,48569,14,7,13,000,2016,09,05,4,3,5,3,2,0,1,1,0,0,0,0,"737354,844300000000000","5690244,507899999600000",12.406057769,51.313917047,3,3.0,3,Südost,,,,,,,,,,
307,48572,48573,14,7,13,000,2016,09,11,1,3,4,2,0,0,0,1,0,0,0,0,"740383,221200000030000","5694443,771099999500000",12.452263902,51.35033734,2,2.0,2,Ost,,,,,,,,,,
308,48575,48576,14,7,13,000,2016,08,05,3,3,3,2,1,0,1,1,0,0,0,0,"735606,022600000030000","5697095,574699999800000",12.385542558,51.376140736,9,9.0,9,Nord,,,,,,,,,,
309,48579,48580,14,7,13,000,2016,09,04,7,3,2,6,2,1,0,1,0,0,1,0,"727195,861500000000000","5693382,359199999800000",12.262535485,51.346232971,7,7.0,7,Alt-West,,,,,,,,,,
310,48601,48602,14,7,13,000,2016,08,07,2,3,5,2,0,0,1,1,0,0,0,0,"736983,588200000000000","5691374,828200000300000",12.40149148,51.324217673,3,3.0,3,Südost,,,,,,,,,,
311,48633,48634,14,7,13,000,2016,09,07,5,3,5,3,0,0,1,1,0,0,0,0,"728893,734900000040000","5691754,973000000200000",12.285828276,51.330942579,6,6.0,6,West,,,,,,,,,,
312,48635,48636,14,7,13,000,2016,07,06,2,3,0,1,0,0,0,0,0,1,0,0,"731152,383700000010000","5697330,983000000000000",12.321815704,51.380084198,8,8.0,8,Nordwest,,,,,,,,,,
313,48636,48637,14,7,13,000,2016,07,17,2,3,4,2,0,0,1,0,0,0,1,0,"735080,355400000000000","5690251,628200000200000",12.373484412,51.31492493,4,4.0,4,Süd,,,,,,,,,,
314,48650,48651,14,7,13,000,2016,07,12,1,3,9,1,0,0,0,0,0,1,0,0,"739680,635800000050000","5695452,561900000100000",12.442872744,51.359688627,1,1.0,1,Nordost,,,,,,,,,,
315,48697,48698,14,7,13,000,2016,07,07,3,1,4,6,0,0,0,1,0,0,1,0,"729227,026599999980000","5686997,355299999900000",12.287547615,51.288098303,5,5.0,5,Südwest,,,,,,,,,,
316,48706,48707,14,7,13,000,2016,08,07,4,3,3,2,0,0,1,1,0,0,0,0,"736658,468200000000000","5695592,544499999800000",12.399636774,51.36221182,9,9.0,9,Nord,,,,,,,,,,
317,48715,48716,14,7,13,000,2016,09,22,7,3,6,4,2,0,0,0,1,1,0,0,"734349,976799999950000","5693362,255500000000000",12.3650681,51.343148622,0,0.0,0,Mitte,,,,,,,,,,
318,48752,48753,14,7,13,000,2016,09,11,6,3,2,2,0,0,0,1,0,0,0,0,"737353,926199999990000","5690244,411600000200000",12.406044556,51.313916565,3,3.0,3,Südost,,,,,,,,,,
319,48754,48755,14,7,13,000,2016,09,12,2,3,2,6,0,0,0,1,0,0,0,0,"740754,523399999950000","5694463,090800000400000",12.457599009,51.35035361,2,2.0,2,Ost,,,,,,,,,,
320,48768,48769,14,7,13,000,2016,09,18,1,3,1,6,0,1,0,1,0,0,0,0,"736634,569800000060000","5695739,949699999800000",12.399392182,51.363544897,9,9.0,9,Nord,,,,,,,,,,
321,48771,48772,14,7,13,000,2016,09,06,2,3,3,2,2,0,1,1,0,0,0,0,"742267,131199999950000","5694721,586299999600000",12.479455409,51.352031066,2,2.0,2,Ost,,,,,,,,,,
322,48778,48779,14,7,13,000,2016,08,10,7,3,0,6,0,0,0,1,0,0,0,1,"736519,162200000020000","5690278,045900000300000",12.394110538,51.314565971,0,0.0,0,Mitte,,,,,,,,,,
323,48786,48787,14,7,13,000,2016,08,14,5,3,5,3,0,0,0,1,0,0,0,0,"735418,930700000030000","5690268,853199999800000",12.378345394,51.314939604,4,4.0,4,Süd,,,,,,,,,,
324,48798,48799,14,7,13,000,2016,07,08,4,3,0,1,0,0,1,0,0,0,0,0,"736244,766999999990000","5693702,900999999600000",12.392450697,51.34542221,0,0.0,0,Mitte,,,,,,,,,,
325,48818,48819,14,7,13,000,2016,08,17,5,3,5,3,0,0,1,1,0,0,0,0,"736533,210500000040000","5696118,353799999700000",12.398190514,51.366983699,9,9.0,9,Nord,,,,,,,,,,
326,48821,48822,14,7,13,000,2016,08,11,5,3,5,3,0,0,0,1,0,1,0,0,"728688,390000000010000","5693235,629999999900000",12.283836296,51.344317332,7,7.0,7,Alt-West,,,,,,,,,,
327,48829,48830,14,7,13,000,2016,12,17,2,3,3,6,2,0,0,1,0,0,1,0,"739170,535500000000000","5695025,351200000400000",12.43527244,51.356069005,1,1.0,1,Nordost,,,,,,,,,,
328,48853,48854,14,7,13,000,2016,11,18,2,2,8,1,2,0,0,1,0,0,0,0,"741922,295700000020000","5689357,648900000400000",12.470871825,51.304034103,3,3.0,3,Südost,,,,,,,,,,
329,48854,48855,14,7,13,000,2016,12,17,7,2,5,2,1,0,1,1,0,0,0,0,"736452,454600000060000","5692996,028699999700000",12.394958113,51.338990864,0,0.0,0,Mitte,,,,,,,,,,
330,48869,48870,14,7,13,000,2016,11,16,7,3,0,2,0,0,1,1,0,0,0,0,"738843,377899999960000","5689152,082000000400000",12.426646197,51.303488836,3,3.0,3,Südost,,,,,,,,,,
331,48878,48879,14,7,13,000,2016,10,19,3,2,0,1,2,1,0,1,0,0,0,0,"735441,435999999990000","5687998,426000000000000",12.377169937,51.294550053,4,4.0,4,Süd,,,,,,,,,,
332,48884,48885,14,7,13,000,2016,10,00,6,3,8,1,2,1,0,1,0,0,0,0,"738481,886000000060000","5689638,596699999600000",12.421794982,51.308007304,3,3.0,3,Südost,,,,,,,,,,
333,48897,48898,14,7,13,000,2016,10,09,2,3,0,1,0,1,0,0,0,1,0,0,"736308,976999999960000","5692435,794999999900000",12.392530329,51.334021732,0,0.0,0,Mitte,,,,,,,,,,
334,48899,48900,14,7,13,000,2016,11,17,3,3,4,6,2,0,0,1,0,1,1,0,"728875,909600000010000","5686213,167700000100000",12.282018469,51.281199594,5,5.0,5,Südwest,,,,,,,,,,
335,48914,48915,14,7,13,000,2016,11,19,4,2,5,2,2,1,1,1,0,0,0,0,"735642,540500000000000","5693500,887699999800000",12.38368531,51.343858808,0,0.0,0,Mitte,,,,,,,,,,
336,48920,48921,14,7,13,000,2016,10,04,1,2,9,1,2,1,0,1,0,0,0,0,"743339,444200000030000","5695075,296400000300000",12.495067176,51.354747649,2,2.0,2,Ost,,,,,,,,,,
337,48945,48946,14,7,13,000,2016,12,10,1,2,4,2,0,1,0,1,0,0,0,0,"730276,221999999950000","5701138,616000000400000",12.311717269,51.414620804,8,8.0,8,Nordwest,,,,,,,,,,
338,48958,48959,14,7,13,000,2016,11,17,3,3,5,2,1,0,0,1,0,0,0,0,"732608,521900000050000","5692409,584599999700000",12.339485895,51.335311908,7,7.0,7,Alt-West,,,,,,,,,,
339,48987,48988,14,7,13,000,2016,09,19,6,3,4,2,1,0,0,1,0,0,0,0,"734326,657899999990000","5693359,859500000300000",12.364732304,51.343136725,0,0.0,0,Mitte,,,,,,,,,,
340,48994,48995,14,7,13,000,2016,10,20,5,3,2,2,2,1,0,1,0,0,0,0,"735062,811499999950000","5690249,641099999700000",12.373231809,51.314914339,4,4.0,4,Süd,,,,,,,,,,
341,49003,49004,14,7,13,000,2016,12,07,6,3,5,3,2,0,1,1,0,0,0,0,"739639,327700000020000","5694462,966900000300000",12.441614124,51.350823727,2,2.0,2,Ost,,,,,,,,,,
342,49019,49020,14,7,13,000,2016,11,13,2,2,6,4,0,0,0,0,1,0,0,1,"734337,008500000000000","5693359,489600000000000",12.364880411,51.343129139,0,0.0,0,Mitte,,,,,,,,,,
343,49026,49027,14,7,13,000,2016,09,15,6,3,2,6,0,1,0,1,0,0,0,0,"742848,489999999990000","5694980,111999999700000",12.487964728,51.354103328,2,2.0,2,Ost,,,,,,,,,,
344,49029,49030,14,7,13,000,2016,11,08,1,3,5,3,0,1,1,1,0,0,0,0,"728892,850499999940000","5691754,305300000100000",12.285815174,51.330936941,6,6.0,6,West,,,,,,,,,,
345,49033,49034,14,7,13,000,2016,10,20,1,3,4,2,2,1,1,1,0,0,0,0,"728397,745800000030000","5690407,817699999500000",12.277857584,51.319048178,6,6.0,6,West,,,,,,,,,,
346,49038,49039,14,7,13,000,2016,10,19,3,3,2,6,2,1,0,1,0,0,0,0,"736143,911800000000000","5701498,717400000400000",12.396185929,51.415440358,9,9.0,9,Nord,,,,,,,,,,
347,49053,49054,14,7,13,000,2016,10,13,7,3,3,6,0,1,0,1,0,0,0,0,"736942,965399999990000","5691496,145200000100000",12.400990148,51.32532355,3,3.0,3,Südost,,,,,,,,,,
348,49071,49072,14,7,13,000,2016,11,21,6,3,5,3,2,1,0,1,0,0,0,0,"739891,596999999950000","5694466,306400000100000",12.445232347,51.350747295,2,2.0,2,Ost,,,,,,,,,,
349,49086,49087,14,7,13,000,2016,10,00,5,2,9,1,2,0,0,0,0,1,0,0,"732602,853899999990000","5696685,222799999600000",12.342199337,51.373695157,8,8.0,8,Nordwest,,,,,,,,,,
350,49096,49097,14,7,13,000,2016,09,07,2,3,5,3,0,0,0,1,0,1,0,0,"731712,397899999980000","5692646,166400000500000",12.326797743,51.337801463,7,7.0,7,Alt-West,,,,,,,,,,
351,49122,49123,14,7,13,000,2016,10,22,3,3,5,3,2,0,1,1,0,0,0,0,"736198,720399999990000","5693807,702899999900000",12.391860242,51.346382064,0,0.0,0,Mitte,,,,,,,,,,
352,49160,49161,14,7,13,000,2016,12,10,2,3,4,2,0,0,0,1,0,0,0,0,"735991,022000000000000","5697125,441999999800000",12.391084242,51.376248978,9,9.0,9,Nord,,,,,,,,,,
353,49194,49195,14,7,13,000,2016,10,17,3,3,2,6,0,0,0,1,0,0,0,0,"732803,708800000020000","5696859,341400000300000",12.345194116,51.375175853,8,8.0,8,Nordwest,,,,,,,,,,
354,49205,49206,14,7,13,000,2016,10,06,2,3,5,3,2,1,1,1,0,0,0,0,"735291,650400000040000","5690250,948499999900000",12.376510471,51.314831517,4,4.0,4,Süd,,,,,,,,,,
355,49234,49235,14,7,13,000,2016,09,07,4,3,5,3,0,0,1,1,0,0,0,0,"736836,692000000040000","5691802,080000000100000",12.399670901,51.328113917,3,3.0,3,Südost,,,,,,,,,,
356,49235,49236,14,7,13,000,2016,11,17,3,3,2,6,0,0,0,1,0,0,0,0,"741880,195799999990000","5694648,793399999800000",12.473859727,51.351542505,2,2.0,2,Ost,,,,,,,,,,
357,49237,49238,14,7,13,000,2016,11,13,5,3,1,6,0,0,0,1,0,0,1,0,"735857,023999999980000","5693715,080900000400000",12.386901269,51.345692527,0,0.0,0,Mitte,,,,,,,,,,
358,49262,49263,14,7,13,000,2016,12,07,3,3,5,3,2,1,1,1,0,0,0,0,"737946,390900000000000","5690166,482599999800000",12.414478297,51.3129697,3,3.0,3,Südost,,,,,,,,,,
359,49267,49268,14,7,13,000,2016,10,11,3,3,5,3,0,0,1,0,0,0,0,1,"735499,703699999950000","5693438,669400000000000",12.381596948,51.343359499,0,0.0,0,Mitte,,,,,,,,,,
360,49288,49289,14,7,13,000,2016,11,20,3,2,8,1,2,0,0,1,0,0,0,0,"735576,811299999940000","5687191,563400000300000",12.378575963,51.287251353,4,4.0,4,Süd,,,,,,,,,,
361,49292,49293,14,7,13,000,2016,09,07,4,3,2,2,0,0,0,1,0,0,0,1,"734642,861799999960000","5693488,309700000100000",12.369348942,51.344159344,0,0.0,0,Mitte,,,,,,,,,,
362,49314,49315,14,7,13,000,2016,10,10,2,3,2,6,0,1,0,1,0,0,0,0,"740436,995699999970000","5697521,219100000300000",12.455115014,51.377936497,1,1.0,1,Nordost,,,,,,,,,,
363,49325,49326,14,7,13,000,2016,12,16,3,3,5,2,2,0,0,1,0,0,0,0,"740886,787299999970000","5696362,082800000000000",12.460780514,51.36734205,2,2.0,2,Ost,,,,,,,,,,
364,49335,49336,14,7,13,000,2016,11,17,6,2,2,6,2,0,0,1,0,0,0,0,"741215,876099999990000","5696558,724299999900000",12.465632586,51.368967366,2,2.0,2,Ost,,,,,,,,,,
365,49360,49361,14,7,13,000,2016,09,05,4,3,2,6,2,0,0,1,0,0,0,0,"729629,695599999980000","5697962,738800000400000",12.3003811,51.386373283,8,8.0,8,Nordwest,,,,,,,,,,
366,49365,49366,14,7,13,000,2016,09,06,6,2,2,7,0,0,0,1,0,0,0,0,"735617,787200000020000","5693409,407900000000000",12.383270003,51.343047918,0,0.0,0,Mitte,,,,,,,,,,
367,49385,49386,14,7,13,000,2016,11,16,3,3,2,2,0,0,0,1,0,0,0,0,"740712,594300000000000","5686524,964399999900000",12.451640976,51.279121445,3,3.0,3,Südost,,,,,,,,,,
368,49396,49397,14,7,13,000,2016,09,17,2,3,5,3,0,0,0,1,0,0,0,1,"735307,971000000020000","5693571,703300000200000",12.378936866,51.344633036,0,0.0,0,Mitte,,,,,,,,,,
369,49468,49469,14,7,13,000,2016,10,07,6,3,4,2,0,0,0,1,0,0,0,0,"736426,307999999960000","5692746,276499999700000",12.394417644,51.336759913,3,3.0,3,Südost,,,,,,,,,,
370,49495,49496,14,7,13,000,2016,11,23,3,3,9,1,2,1,0,1,0,0,0,0,"736168,310999999990000","5693954,047100000100000",12.391521456,51.347708312,0,0.0,0,Mitte,,,,,,,,,,
371,49505,49506,14,7,13,000,2016,10,14,2,3,2,2,0,0,0,1,0,0,0,0,"736065,172600000050000","5693822,081500000300000",12.389955608,51.346566598,0,0.0,0,Mitte,,,,,,,,,,
372,49517,49518,14,7,13,000,2016,12,07,2,2,4,6,2,0,0,1,0,0,0,0,"727743,341999999950000","5690167,158699999600000",12.268328617,51.317149973,6,6.0,6,West,,,,,,,,,,
373,49520,49521,14,7,13,000,2016,11,10,7,3,2,6,0,0,0,1,0,0,0,0,"738580,791800000010000","5694527,019100000200000",12.426483999,51.351843923,1,1.0,1,Nordost,,,,,,,,,,
374,49554,49555,14,7,13,000,2016,11,06,3,3,2,6,2,0,0,1,0,0,0,0,"735909,184699999980000","5697355,627799999900000",12.390063281,51.378349165,9,9.0,9,Nord,,,,,,,,,,
375,49555,49556,14,7,13,000,2016,11,15,4,2,0,4,0,0,0,0,1,0,0,1,"734817,030099999970000","5693487,528199999600000",12.371844744,51.344080423,0,0.0,0,Mitte,,,,,,,,,,
376,49556,49557,14,7,13,000,2016,10,17,3,3,5,3,2,1,0,1,0,0,0,0,"735177,072999999970000","5693551,849700000100000",12.377047612,51.344508983,0,0.0,0,Mitte,,,,,,,,,,
377,49561,49562,14,7,13,000,2016,12,12,7,3,1,6,0,0,0,1,0,0,0,0,"742058,505000000000000","5694686,883200000000000",12.47644143,51.351808473,2,2.0,2,Ost,,,,,,,,,,
378,49571,49572,14,7,13,000,2016,11,20,7,3,9,1,2,1,0,1,0,0,0,0,"735642,135000000010000","5693490,027999999900000",12.383672312,51.343761497,0,0.0,0,Mitte,,,,,,,,,,
379,49574,49575,14,7,13,000,2016,12,06,4,2,5,3,1,0,0,1,0,0,1,0,"735029,733200000020000","5702116,620600000000000",12.380601611,51.421449617,9,9.0,9,Nord,,,,,,,,,,
380,49594,49595,14,7,13,000,2016,09,22,4,3,2,6,2,0,0,1,0,0,0,0,"729431,399300000050000","5693163,933400000400000",12.294440389,51.343374357,7,7.0,7,Alt-West,,,,,,,,,,
381,49604,49605,14,7,13,000,2016,11,00,1,2,6,4,2,0,0,1,1,0,0,0,"729679,413999999990000","5687336,224999999600000",12.294242105,51.290958188,5,5.0,5,Südwest,,,,,,,,,,
382,49621,49622,14,7,13,000,2016,12,17,5,3,2,6,2,0,0,1,0,0,0,0,"739826,522600000030000","5694471,987999999900000",12.444303415,51.35082575,2,2.0,2,Ost,,,,,,,,,,
383,49636,49637,14,7,13,000,2016,11,17,6,3,5,3,2,1,1,1,0,0,0,0,"736065,160000000030000","5693822,042299999900000",12.389955401,51.346566252,0,0.0,0,Mitte,,,,,,,,,,
384,49659,49660,14,7,13,000,2016,11,08,5,3,2,6,0,0,0,1,0,0,0,0,"738832,199799999940000","5689160,545300000300000",12.426491798,51.30356949,3,3.0,3,Südost,,,,,,,,,,
385,49684,49685,14,7,13,000,2016,11,11,5,2,5,2,0,0,1,1,0,0,0,0,"736461,714000000040000","5693233,669800000300000",12.39524858,51.341120122,0,0.0,0,Mitte,,,,,,,,,,
386,49689,49690,14,7,13,000,2016,10,20,3,3,4,2,2,1,1,1,0,0,0,0,"736477,300999999980000","5693020,248900000000000",12.395330263,51.339197937,2,2.0,2,Ost,,,,,,,,,,
387,49711,49712,14,7,13,000,2016,11,17,3,3,6,5,0,0,0,1,1,0,0,0,"735634,293100000010000","5693461,565200000100000",12.383541083,51.343509257,0,0.0,0,Mitte,,,,,,,,,,
388,49746,49747,14,7,13,000,2016,10,09,7,2,9,1,0,1,0,1,0,0,0,0,"736145,300000000050000","5701507,224999999600000",12.396211522,51.415516145,9,9.0,9,Nord,,,,,,,,,,
389,49805,49806,14,7,13,000,2016,09,21,6,3,2,2,2,0,0,1,0,0,0,0,"736215,470600000000000","5693811,019700000100000",12.392102526,51.346404877,0,0.0,0,Mitte,,,,,,,,,,
390,49812,49813,14,7,13,000,2016,10,20,5,3,2,2,2,1,0,1,0,0,0,0,"737742,936699999960000","5690338,754099999600000",12.411679149,51.314601035,3,3.0,3,Südost,,,,,,,,,,
391,49838,49839,14,7,13,000,2016,11,07,2,3,4,2,0,1,0,1,0,0,0,0,"728853,189999999940000","5682493,279000000100000",12.279313332,51.247814009,5,5.0,5,Südwest,,,,,,,,,,
392,49858,49859,14,7,13,000,2016,12,17,5,3,4,2,2,0,1,1,0,0,0,0,"737279,809000000010000","5690910,092899999600000",12.405425875,51.319922702,0,0.0,0,Mitte,,,,,,,,,,
393,49874,49875,14,7,13,000,2016,11,13,7,3,2,6,0,0,0,1,0,0,0,0,"742282,868499999980000","5694735,414300000300000",12.479690394,51.352148469,2,2.0,2,Ost,,,,,,,,,,
394,49891,49892,14,7,13,000,2016,12,13,1,3,3,6,0,0,0,1,0,0,0,0,"741973,416899999950000","5694668,577100000300000",12.475209365,51.351680396,2,2.0,2,Ost,,,,,,,,,,
395,49919,49920,14,7,13,000,2016,12,17,3,3,5,3,1,0,0,1,0,0,0,0,"728519,329799999950000","5683186,394399999600000",12.274980179,51.254170222,5,5.0,5,Südwest,,,,,,,,,,
396,49939,49940,14,7,13,000,2016,09,13,6,3,5,3,0,0,0,1,0,1,0,0,"731916,167999999950000","5692462,264000000400000",12.329598331,51.336067548,7,7.0,7,Alt-West,,,,,,,,,,
397,49960,49961,14,7,13,000,2016,12,15,1,3,4,2,0,1,0,1,0,0,0,1,"727752,354599999960000","5699061,528500000000000",12.274151036,51.396993624,8,8.0,8,Nordwest,,,,,,,,,,
398,49984,49985,14,7,13,000,2016,11,14,7,3,1,2,0,0,1,1,0,0,0,0,"738844,180999999980000","5689151,474000000400000",12.42665729,51.303483041,3,3.0,3,Südost,,,,,,,,,,
399,50051,50052,14,7,13,000,2016,11,05,3,3,5,3,2,0,1,1,0,0,0,0,"728893,920900000030000","5691755,113400000100000",12.285831031,51.330943764,6,6.0,6,West,,,,,,,,,,
400,50081,50082,14,7,13,000,2016,10,09,3,3,5,3,0,0,1,1,0,0,0,0,"736065,165799999960000","5693822,060300000000000",12.389955496,51.346566411,0,0.0,0,Mitte,,,,,,,,,,
401,50098,50099,14,7,13,000,2016,11,19,6,3,5,3,2,1,1,1,0,0,0,0,"732963,166199999980000","5692857,508399999700000",12.344861039,51.339187604,7,7.0,7,Alt-West,,,,,,,,,,
402,50100,50101,14,7,13,000,2016,10,15,2,2,8,1,0,1,0,1,0,0,0,0,"738461,903500000010000","5694561,056599999800000",12.424802612,51.352199328,1,1.0,1,Nordost,,,,,,,,,,
403,50102,50103,14,7,13,000,2016,11,10,3,3,2,6,0,0,0,1,0,0,0,0,"738165,168500000030000","5689959,671099999900000",12.417473647,51.311021859,3,3.0,3,Südost,,,,,,,,,,
404,50134,50135,14,7,13,000,2016,12,05,4,3,4,2,2,1,0,1,0,0,0,1,"730085,784899999970000","5693095,650999999600000",12.303775944,51.342496948,7,7.0,7,Alt-West,,,,,,,,,,
405,50147,50148,14,7,13,000,2016,11,04,6,3,0,6,2,0,0,1,0,0,0,1,"734738,889100000030000","5693486,769899999700000",12.370724267,51.344105884,0,0.0,0,Mitte,,,,,,,,,,
406,50166,50167,14,7,13,000,2016,11,15,3,2,4,2,0,1,0,1,0,0,1,0,"728902,337199999950000","5698649,519700000100000",12.290388252,51.392832305,8,8.0,8,Nordwest,,,,,,,,,,
407,50176,50177,14,7,13,000,2016,11,16,4,3,2,6,2,1,0,1,0,0,0,0,"743828,189000000010000","5695238,288999999900000",12.502184595,51.356001071,2,2.0,2,Ost,,,,,,,,,,
408,50185,50186,14,7,13,000,2016,12,11,4,3,2,6,0,1,0,1,0,0,0,0,"738278,645999999950000","5694491,571000000500000",12.422129183,51.351652484,1,1.0,1,Nordost,,,,,,,,,,
409,50205,50206,14,7,13,000,2016,09,11,5,3,1,6,0,0,0,1,0,0,0,1,"732804,113699999990000","5696859,360200000000000",12.345199936,51.375175856,8,8.0,8,Nordwest,,,,,,,,,,
410,50227,50228,14,7,13,000,2016,11,15,2,3,5,2,0,0,1,0,0,0,1,0,"736244,766999999990000","5693702,900999999600000",12.392450697,51.34542221,0,0.0,0,Mitte,,,,,,,,,,
411,50235,50236,14,7,13,000,2016,10,16,4,3,9,1,0,1,0,1,0,0,0,0,"743069,079499999990000","5695326,451200000000000",12.491363248,51.357117514,2,2.0,2,Ost,,,,,,,,,,
412,50257,50258,14,7,13,000,2016,10,15,7,3,5,3,0,0,0,1,0,0,0,0,"736145,300000000050000","5701507,224999999600000",12.396211522,51.415516145,9,9.0,9,Nord,,,,,,,,,,
413,50290,50291,14,7,13,000,2016,10,06,5,3,2,6,2,0,0,1,0,0,0,0,"730225,660599999940000","5701176,747000000400000",12.31101618,51.414983627,8,8.0,8,Nordwest,,,,,,,,,,
414,50301,50302,14,7,13,000,2016,09,20,5,3,5,3,2,0,0,1,0,0,0,0,"728902,437799999960000","5698649,483400000300000",12.290389672,51.392831939,8,8.0,8,Nordwest,,,,,,,,,,
415,50315,50316,14,7,13,000,2016,10,06,2,3,3,2,2,1,1,1,0,0,0,0,"733546,748200000030000","5693102,475100000400000",12.353385294,51.341147188,0,0.0,0,Mitte,,,,,,,,,,
416,50324,50325,14,7,13,000,2016,10,06,3,3,5,3,2,1,1,1,0,0,0,0,"732964,674099999950000","5692858,107300000300000",12.344883041,51.339192362,7,7.0,7,Alt-West,,,,,,,,,,
417,50327,50328,14,7,13,000,2016,12,19,2,3,5,3,2,0,1,0,0,0,0,1,"736428,174600000030000","5693414,661799999900000",12.394888068,51.342758684,0,0.0,0,Mitte,,,,,,,,,,
418,50354,50355,14,7,13,000,2016,12,01,7,3,6,4,2,0,0,1,1,0,0,0,"735502,870800000030000","5693438,310999999800000",12.381642103,51.34335497,0,0.0,0,Mitte,,,,,,,,,,
419,50367,50368,14,7,13,000,2016,10,07,3,2,6,2,1,1,0,1,1,0,0,0,"738859,373200000030000","5694487,243200000400000",12.430450581,51.351369904,2,2.0,2,Ost,,,,,,,,,,
420,50399,50400,14,7,13,000,2016,10,07,3,2,4,2,0,1,0,1,0,1,0,0,"732988,604000000050000","5696870,508700000100000",12.347853356,51.375200276,8,8.0,8,Nordwest,,,,,,,,,,
421,50404,50405,14,7,13,000,2016,12,23,6,3,3,6,2,1,0,1,0,0,0,0,"742718,984599999970000","5688895,057799999600000",12.481964802,51.299543103,3,3.0,3,Südost,,,,,,,,,,
422,50408,50409,14,7,13,000,2016,10,08,2,2,5,3,0,1,0,1,0,0,0,0,"735292,212999999990000","5690263,322999999900000",12.376526692,51.314942363,4,4.0,4,Süd,,,,,,,,,,
423,50454,50455,14,7,13,000,2016,10,19,4,3,5,3,2,0,0,1,0,0,0,0,"726969,859500000020000","5686121,844899999900000",12.25467574,51.281142153,5,5.0,5,Südwest,,,,,,,,,,