UNFALL_ID,FID_left,OBJECTID,ULAND,UREGBEZ,UKREIS,UGEMEINDE,UJAHR,UMONAT,USTUNDE,UWOCHENTAG,UKATEGORIE,UART,UTYP1,ULICHTVERH,IstStrasse,IstRad,IstPKW,IstFuss,IstKrad,IstGkfz,IstSonstig,LINREFX,LINREFY,XGCSWGS84,YGCSWGS84,index_right,FID_right,SBZ,Name,UIDENTSTLA,LICHT,STRZUSTAND,FID,OBJECTID_1,IstSonstige,UIDENTSTLAE,OID_,IstStrassenzustand,PLST
704,123005,123006,14,7,13,000,2016,03,08,7,3,5,3,0,0,0,1,0,0,0,0,"730421,321299999950000","5690954,057000000000000",12.307200305,51.323136004,7,7.0,7,Alt-West,,,,,,,,,,
705,123007,123008,14,7,13,000,2016,03,08,2,3,1,6,0,0,0,1,0,0,0,0,"732548,373299999980000","5691995,040799999600000",12.338353369,51.331615266,5,5.0,5,Südwest,,,,,,,,,,
706,123014,123015,14,7,13,000,2016,03,15,2,3,2,6,0,0,0,1,0,0,0,0,"730785,900000000020000","5694752,809999999600000",12.314885201,51.357089365,7,7.0,7,Alt-West,,,,,,,,,,
707,123016,123017,14,7,13,000,2016,03,02,1,2,0,1,2,1,1,0,0,0,0,0,"735073,110600000010000","5689670,742600000500000",12.372997858,51.309713647,4,4.0,4,Süd,,,,,,,,,,
708,123017,123018,14,7,13,000,2016,03,10,7,3,5,3,0,0,1,1,0,0,0,0,"738335,028999999980000","5690884,719600000400000",12.420524467,51.319253982,3,3.0,3,Südost,,,,,,,,,,
709,123018,123019,14,7,13,000,2016,03,13,6,3,5,2,0,0,0,1,0,1,0,0,"739667,237399999980000","5692170,611600000400000",12.440471611,51.330236367,2,2.0,2,Ost,,,,,,,,,,
710,123020,123021,14,7,13,000,2016,03,12,1,3,3,7,0,0,0,1,0,0,0,0,"733442,537200000020000","5693368,354399999600000",12.352066019,51.343576665,0,0.0,0,Mitte,,,,,,,,,,
711,123022,123023,14,7,13,000,2016,03,18,4,3,7,1,2,0,0,1,0,0,0,0,"736677,163399999960000","5687019,600900000000000",12.394213338,51.285251718,4,4.0,4,Süd,,,,,,,,,,
712,123023,123024,14,7,13,000,2016,03,09,6,3,1,7,0,0,0,1,0,0,0,0,"735758,652200000010000","5692912,007899999600000",12.384959655,51.338524732,0,0.0,0,Mitte,,,,,,,,,,
713,123024,123025,14,7,13,000,2016,03,20,1,3,3,2,1,0,0,1,0,1,0,0,"734942,830700000050000","5695753,275700000100000",12.37514362,51.364366589,9,9.0,9,Nord,,,,,,,,,,
714,123026,123027,14,7,13,000,2016,03,07,5,3,4,6,0,0,1,1,0,0,0,0,"736153,346999999950000","5692456,446999999700000",12.390313942,51.334271748,0,0.0,0,Mitte,,,,,,,,,,
715,123027,123028,14,7,13,000,2016,03,12,2,3,5,3,0,0,0,1,0,0,0,0,"737630,836000000010000","5691583,888000000300000",12.410903323,51.32582425,3,3.0,3,Südost,,,,,,,,,,
716,123028,123029,14,7,13,000,2016,03,07,4,3,5,3,0,0,1,1,0,0,0,0,"734566,656599999990000","5695260,013600000200000",12.369424346,51.360094313,9,9.0,9,Nord,,,,,,,,,,
717,123029,123030,14,7,13,000,2016,03,15,1,3,5,3,0,0,1,1,0,0,0,0,"735114,430999999980000","5688743,978199999800000",12.372979079,51.301377545,4,4.0,4,Süd,,,,,,,,,,
718,123034,123035,14,7,13,000,2016,03,18,4,3,8,1,1,0,0,0,0,1,0,0,"737120,993400000040000","5695658,040799999600000",12.406312086,51.362606885,1,1.0,1,Nordost,,,,,,,,,,
719,123035,123036,14,7,13,000,2016,03,06,3,3,5,3,0,1,1,1,0,0,0,0,"739374,846800000060000","5695123,278500000000000",12.438267225,51.356861958,2,2.0,2,Ost,,,,,,,,,,
720,123036,123037,14,7,13,000,2016,03,20,1,3,5,3,0,0,0,1,0,0,0,0,"733801,130000000000000","5695795,718999999600000",12.358800407,51.365218555,9,9.0,9,Nord,,,,,,,,,,
721,123037,123038,14,7,13,000,2016,03,19,3,3,5,3,2,1,1,1,0,0,0,0,"736080,058500000040000","5692625,815700000200000",12.38937599,51.335822467,0,0.0,0,Mitte,,,,,,,,,,
722,123043,123044,14,7,13,000,2016,03,16,2,3,2,6,0,0,0,1,0,0,0,0,"742735,382400000000000","5694106,581500000300000",12.485747761,51.346311443,2,2.0,2,Ost,,,,,,,,,,
723,123046,123047,14,7,13,000,2016,03,20,4,3,5,3,2,1,0,1,0,0,0,1,"734392,898999999980000","5696044,666000000200000",12.367450126,51.367209366,9,9.0,9,Nord,,,,,,,,,,
724,123049,123050,14,7,13,000,2016,03,07,5,3,2,2,0,0,0,1,0,0,0,0,"739688,901900000060000","5692516,000099999800000",12.441014329,51.333327363,2,2.0,2,Ost,,,,,,,,,,
725,123051,123052,14,7,13,000,2016,03,14,4,3,5,2,0,0,1,1,0,0,0,0,"736564,199700000000000","5695965,897400000100000",12.39853347,51.365602332,9,9.0,9,Nord,,,,,,,,,,
726,123054,123055,14,7,13,000,2016,03,23,6,3,4,2,2,0,0,1,0,0,0,0,"730728,280000000030000","5693725,741100000200000",12.313393229,51.347892861,7,7.0,7,Alt-West,,,,,,,,,,
727,123055,123056,14,7,13,000,2016,03,07,4,3,3,7,0,0,1,1,0,0,0,0,"735394,611200000040000","5691045,023900000400000",12.378509397,51.321916855,4,4.0,4,Süd,,,,,,,,,,
728,123072,123073,14,7,13,000,2016,04,15,3,3,0,7,0,0,0,1,0,1,0,0,"731276,564200000020000","5692854,326000000400000",12.32068674,51.3398475,7,7.0,7,Alt-West,,,,,,,,,,
729,123073,123074,14,7,13,000,2016,04,12,2,3,5,3,0,0,0,1,0,0,0,0,"738952,364100000010000","5691142,684799999900000",12.429540162,51.321310567,3,3.0,3,Südost,,,,,,,,,,
730,123077,123078,14,7,13,000,2016,04,13,3,2,4,2,0,0,0,0,0,1,1,0,"729085,719399999940000","5698858,180200000300000",12.293154258,51.394631468,8,8.0,8,Nordwest,,,,,,,,,,
731,123079,123080,14,7,13,000,2016,04,22,1,2,9,1,2,0,0,1,0,0,0,0,"734839,186400000010000","5694541,881500000100000",12.372857849,51.35353554,0,0.0,0,Mitte,,,,,,,,,,
732,123084,123085,14,7,13,000,2016,04,06,2,1,2,6,0,0,0,0,0,1,0,1,"728903,578899999960000","5700995,277400000000000",12.2919192,51.413889745,8,8.0,8,Nordwest,,,,,,,,,,
733,123091,123092,14,7,13,000,2016,04,14,6,3,0,6,0,0,0,1,0,1,0,0,"734269,729199999940000","5696231,977599999900000",12.365807268,51.368941557,9,9.0,9,Nord,,,,,,,,,,
734,123092,123093,14,7,13,000,2016,04,08,5,3,5,3,0,0,0,1,0,0,0,1,"738825,424800000040000","5695756,587299999800000",12.430815936,51.362777574,1,1.0,1,Nordost,,,,,,,,,,
735,123097,123098,14,7,13,000,2016,04,19,2,3,5,2,0,0,1,1,0,0,0,0,"734785,447999999970000","5692625,201000000400000",12.370823629,51.336352873,0,0.0,0,Mitte,,,,,,,,,,
736,123101,123102,14,7,13,000,2016,04,17,4,3,2,6,0,0,0,1,0,0,0,0,"739762,356999999960000","5692716,564000000200000",12.442201788,51.335096615,2,2.0,2,Ost,,,,,,,,,,
737,123103,123104,14,7,13,000,2016,04,16,6,3,6,4,0,0,0,1,1,0,0,0,"737700,029300000050000","5692466,577600000400000",12.412483361,51.333718397,2,2.0,2,Ost,,,,,,,,,,
738,123108,123109,14,7,13,000,2016,04,19,1,3,0,6,1,0,1,0,0,1,0,0,"734999,295999999970000","5692261,888000000300000",12.3736485,51.333003313,0,0.0,0,Mitte,,,,,,,,,,
739,123110,123111,14,7,13,000,2016,04,14,3,3,6,7,0,0,0,0,1,0,0,1,"731315,732700000050000","5696746,300599999700000",12.323778347,51.374769116,8,8.0,8,Nordwest,,,,,,,,,,
740,123111,123112,14,7,13,000,2016,04,11,2,3,5,2,0,0,1,1,0,0,0,0,"735322,912999999940000","5692593,680999999900000",12.378504828,51.335847803,0,0.0,0,Mitte,,,,,,,,,,
741,123113,123114,14,7,13,000,2016,04,10,4,3,5,3,0,0,0,1,0,0,0,0,"729707,058700000050000","5690341,344899999900000",12.296572121,51.317924434,6,6.0,6,West,,,,,,,,,,
742,123114,123115,14,7,13,000,2016,04,15,3,3,1,2,0,0,1,1,0,0,0,0,"733534,952500000010000","5694189,319000000100000",12.353929123,51.350908142,0,0.0,0,Mitte,,,,,,,,,,
743,123118,123119,14,7,13,000,2016,04,10,3,3,5,3,0,0,1,0,0,0,0,1,"734821,003400000050000","5692496,763000000300000",12.371248492,51.335185282,0,0.0,0,Mitte,,,,,,,,,,
744,123123,123124,14,7,13,000,2016,04,08,2,3,3,2,0,0,1,1,0,0,0,0,"731835,563500000050000","5689404,697900000000000",12.326454955,51.30865317,5,5.0,5,Südwest,,,,,,,,,,
745,123130,123131,14,7,13,000,2016,04,12,7,2,5,3,0,0,0,1,0,1,0,0,"737716,709299999990000","5695329,218700000100000",12.414633689,51.359406473,1,1.0,1,Nordost,,,,,,,,,,
746,123131,123132,14,7,13,000,2016,03,07,4,3,1,2,0,1,0,1,0,0,0,0,"732575,831899999990000","5692084,140900000000000",12.338804989,51.332403865,7,7.0,7,Alt-West,,,,,,,,,,
747,123132,123133,14,7,13,000,2016,04,16,3,3,0,6,0,0,0,1,0,1,0,0,"734788,740200000000000","5693092,997999999700000",12.371179158,51.340550648,0,0.0,0,Mitte,,,,,,,,,,
748,123135,123136,14,7,13,000,2016,04,07,4,3,5,3,0,0,1,1,0,0,0,0,"734805,699000000020000","5692638,848299999700000",12.371122828,51.336467016,0,0.0,0,Mitte,,,,,,,,,,
749,123140,123141,14,7,13,000,2016,04,13,2,3,5,3,0,0,0,1,0,0,0,1,"731150,699299999980000","5690255,814899999600000",12.317197505,51.316572094,5,5.0,5,Südwest,,,,,,,,,,
750,123142,123143,14,7,13,000,2016,03,11,4,3,0,6,0,0,0,1,1,0,0,0,"736471,434099999950000","5687704,813099999900000",12.391722088,51.291487804,4,4.0,4,Süd,,,,,,,,,,
751,123145,123146,14,7,13,000,2016,04,12,7,3,2,6,0,0,0,1,0,1,0,0,"743242,244900000050000","5694200,833499999700000",12.493076331,51.346940748,2,2.0,2,Ost,,,,,,,,,,
752,123151,123152,14,7,13,000,2016,04,12,2,3,4,2,0,0,1,1,0,0,0,0,"737246,714999999970000","5692229,572800000200000",12.405830013,51.331780287,3,3.0,3,Südost,,,,,,,,,,
753,123152,123153,14,7,13,000,2016,03,18,4,3,2,6,0,1,1,1,0,0,0,0,"733403,551600000010000","5695533,625099999800000",12.352927289,51.363029337,9,9.0,9,Nord,,,,,,,,,,
754,123154,123155,14,7,13,000,2016,04,15,4,2,5,3,0,0,1,0,0,0,0,1,"735050,209999999960000","5692572,718999999600000",12.374583126,51.335772411,0,0.0,0,Mitte,,,,,,,,,,
755,123157,123158,14,7,13,000,2016,03,14,4,3,6,2,0,0,0,0,1,0,1,0,"735013,369599999980000","5696341,407100000400000",12.376543756,51.369616665,9,9.0,9,Nord,,,,,,,,,,
756,123159,123160,14,7,13,000,2016,04,21,6,3,5,3,2,0,0,1,0,1,0,0,"730203,967999999990000","5701045,756000000100000",12.310619736,51.413816548,8,8.0,8,Nordwest,,,,,,,,,,
757,123163,123164,14,7,13,000,2016,03,17,4,3,6,4,0,0,0,1,1,0,0,0,"737176,794299999950000","5694954,024899999600000",12.406642825,51.356264323,1,1.0,1,Nordost,,,,,,,,,,
758,123165,123166,14,7,13,000,2016,04,12,1,3,3,2,0,0,1,1,0,0,0,0,"735178,093699999970000","5689043,384800000100000",12.374087969,51.304038858,4,4.0,4,Süd,,,,,,,,,,
759,123167,123168,14,7,13,000,2016,04,17,3,3,5,3,0,0,1,1,0,0,0,0,"734912,544299999950000","5690879,223700000000000",12.371494149,51.320627785,4,4.0,4,Süd,,,,,,,,,,
760,123177,123178,14,7,13,000,2016,04,14,1,3,0,1,0,0,1,0,0,0,0,0,"731479,894800000010000","5692108,964700000400000",12.323116572,51.333073774,7,7.0,7,Alt-West,,,,,,,,,,
761,123179,123180,14,7,13,000,2016,04,19,3,3,1,2,0,0,1,1,0,0,0,0,"735087,332000000050000","5689718,230000000400000",12.373232828,51.310134042,4,4.0,4,Süd,,,,,,,,,,
762,123180,123181,14,7,13,000,2016,04,16,2,3,0,2,0,1,1,0,0,0,0,0,"730540,235499999950000","5692249,955299999600000",12.3097423,51.33472109,7,7.0,7,Alt-West,,,,,,,,,,
763,123183,123184,14,7,13,000,2016,04,06,3,3,9,1,0,0,0,1,0,0,0,1,"738629,403999999980000","5695464,611899999900000",12.427809577,51.360239209,1,1.0,1,Nordost,,,,,,,,,,
764,123189,123190,14,7,13,000,2016,04,19,2,2,0,1,0,1,1,0,0,0,0,0,"736366,984900000040000","5693790,293700000300000",12.394260445,51.346155864,0,0.0,0,Mitte,,,,,,,,,,
765,123191,123192,14,7,13,000,2016,04,17,2,3,6,4,0,0,0,1,1,0,0,0,"737096,282699999980000","5693761,772699999600000",12.404694441,51.345596182,2,2.0,2,Ost,,,,,,,,,,
766,123198,123199,14,7,13,000,2016,04,19,6,3,5,3,0,0,1,1,0,0,0,0,"731596,872399999990000","5690704,292899999800000",12.32388016,51.320416629,5,5.0,5,Südwest,,,,,,,,,,
767,123199,123200,14,7,13,000,2016,04,14,5,3,2,6,0,0,0,1,0,0,0,0,"734700,846000000020000","5693381,758700000100000",12.37010979,51.343178966,0,0.0,0,Mitte,,,,,,,,,,
768,123200,123201,14,7,13,000,2016,03,06,5,3,5,3,1,0,1,1,0,0,0,0,"734991,950300000030000","5693902,068300000400000",12.374625427,51.347729215,0,0.0,0,Mitte,,,,,,,,,,
769,123204,123205,14,7,13,000,2016,04,20,4,2,0,3,1,0,1,1,0,0,0,0,"735175,199600000050000","5692354,281299999900000",12.37623005,51.333759966,0,0.0,0,Mitte,,,,,,,,,,
770,123207,123208,14,7,13,000,2016,04,18,4,3,2,2,0,0,1,1,0,0,0,0,"734205,176300000050000","5692889,000300000400000",12.362681513,51.338960123,0,0.0,0,Mitte,,,,,,,,,,
771,123208,123209,14,7,13,000,2016,04,22,7,3,8,1,2,0,0,1,0,0,0,0,"739988,212000000060000","5694509,563900000400000",12.446646365,51.351094779,2,2.0,2,Ost,,,,,,,,,,
772,123209,123210,14,7,13,000,2016,04,17,6,3,3,2,0,0,1,1,0,0,0,0,"739160,358200000020000","5688836,663300000100000",12.430973782,51.300524617,3,3.0,3,Südost,,,,,,,,,,
773,123212,123213,14,7,13,000,2016,03,14,5,3,1,6,0,1,0,1,0,1,0,0,"735138,155400000050000","5693716,796000000100000",12.376598742,51.346005694,0,0.0,0,Mitte,,,,,,,,,,
774,123217,123218,14,7,13,000,2016,04,15,3,3,5,3,0,0,0,1,0,0,0,0,"737088,031800000000000","5697896,625000000000000",12.407332425,51.382714215,1,1.0,1,Nordost,,,,,,,,,,
775,123220,123221,14,7,13,000,2016,04,16,3,3,3,2,0,0,1,1,0,0,0,0,"734996,037600000040000","5692261,292000000400000",12.373601416,51.332999309,0,0.0,0,Mitte,,,,,,,,,,
776,123225,123226,14,7,13,000,2016,03,11,5,3,6,6,0,1,0,1,1,0,0,0,"734384,829000000030000","5689445,021999999900000",12.362991909,51.307971271,4,4.0,4,Süd,,,,,,,,,,
777,123230,123231,14,7,13,000,2016,04,09,2,3,5,3,0,0,0,1,0,1,0,0,"736730,108200000020000","5689269,952999999700000",12.396463077,51.305429422,4,4.0,4,Süd,,,,,,,,,,
778,123234,123235,14,7,13,000,2016,04,15,3,3,0,5,0,0,1,0,0,0,0,1,"737536,017400000010000","5693353,695000000300000",12.410724802,51.341749715,2,2.0,2,Ost,,,,,,,,,,
779,123237,123238,14,7,13,000,2016,03,18,3,3,5,3,0,0,0,1,0,0,0,0,"731574,748700000000000","5693444,824599999900000",12.325344354,51.345026943,7,7.0,7,Alt-West,,,,,,,,,,
780,123238,123239,14,7,13,000,2016,04,13,3,3,4,2,0,0,1,1,0,0,0,0,"737284,783799999980000","5694417,306699999600000",12.407833111,51.351401644,1,1.0,1,Nordost,,,,,,,,,,
781,123243,123244,14,7,13,000,2016,04,14,2,3,0,7,0,0,0,1,1,0,0,0,"737153,031899999940000","5691285,400299999900000",12.403859457,51.323344357,3,3.0,3,Südost,,,,,,,,,,
782,123247,123248,14,7,13,000,2016,03,18,3,3,5,1,0,0,1,1,0,0,0,0,"732773,022600000030000","5691349,382899999600000",12.341150743,51.325727506,5,5.0,5,Südwest,,,,,,,,,,
783,123250,123251,14,7,13,000,2016,04,16,6,3,4,5,0,0,0,1,0,0,0,1,"735849,177400000040000","5695002,156899999800000",12.387641651,51.357248875,9,9.0,9,Nord,,,,,,,,,,
784,123251,123252,14,7,13,000,2016,04,10,5,3,6,2,0,0,0,1,1,0,0,0,"735276,083199999990000","5691043,361999999700000",12.376810295,51.321950959,4,4.0,4,Süd,,,,,,,,,,
785,123255,123256,14,7,13,000,2016,04,17,6,2,6,7,0,0,0,0,1,0,0,1,"730826,473699999970000","5691869,387199999800000",12.313597749,51.331188656,7,7.0,7,Alt-West,,,,,,,,,,
786,123256,123257,14,7,13,000,2016,03,19,5,3,5,3,2,1,0,1,0,1,0,0,"733801,130000000000000","5695795,718999999600000",12.358800407,51.365218555,9,9.0,9,Nord,,,,,,,,,,
787,123258,123259,14,7,13,000,2016,03,22,3,3,5,3,2,0,0,1,0,0,0,0,"730992,841600000040000","5688491,321800000000000",12.31379386,51.300796391,5,5.0,5,Südwest,,,,,,,,,,
788,123260,123261,14,7,13,000,2016,04,18,4,3,2,6,0,0,0,1,0,0,0,0,"737085,303300000030000","5697111,783400000100000",12.406769674,51.375670612,1,1.0,1,Nordost,,,,,,,,,,
789,123262,123263,14,7,13,000,2016,04,14,6,3,5,3,0,0,1,1,0,0,0,0,"741702,883599999940000","5695606,457399999700000",12.47196868,51.360213376,2,2.0,2,Ost,,,,,,,,,,
790,123263,123264,14,7,13,000,2016,03,17,3,3,5,3,0,0,0,1,0,1,0,0,"738086,196000000000000","5697557,152999999900000",12.421422758,51.379249487,1,1.0,1,Nordost,,,,,,,,,,
791,123264,123265,14,7,13,000,2016,03,22,5,3,5,3,2,1,0,1,0,1,0,0,"731388,562400000050000","5696693,303100000100000",12.324788446,51.374263702,8,8.0,8,Nordwest,,,,,,,,,,
792,123265,123266,14,7,13,000,2016,03,18,3,3,5,2,0,0,1,1,0,0,0,0,"734207,913700000030000","5692894,037399999800000",12.362724056,51.339004211,0,0.0,0,Mitte,,,,,,,,,,
793,123268,123269,14,7,13,000,2016,03,21,3,3,5,3,2,0,0,1,0,0,0,1,"742262,523099999990000","5694676,233300000400000",12.479358489,51.35162597,2,2.0,2,Ost,,,,,,,,,,
794,123272,123273,14,7,13,000,2016,04,19,3,3,5,6,1,0,0,1,0,0,0,0,"736550,160400000050000","5693450,543300000000000",12.396660202,51.343030026,2,2.0,2,Ost,,,,,,,,,,
795,123275,123276,14,7,13,000,2016,03,16,3,2,4,2,0,0,0,1,0,1,0,0,"729591,837000000060000","5694730,648000000000000",12.297750603,51.357374081,7,7.0,7,Alt-West,,,,,,,,,,
796,123276,123277,14,7,13,000,2016,04,21,3,3,5,3,2,0,1,0,0,0,0,1,"735556,815399999960000","5692942,047500000300000",12.382087024,51.338878017,0,0.0,0,Mitte,,,,,,,,,,
797,123280,123281,14,7,13,000,2016,04,13,2,3,2,6,0,0,0,1,0,1,0,0,"736568,405900000010000","5697166,819899999500000",12.399392864,51.376380172,1,1.0,1,Nordost,,,,,,,,,,
798,123282,123283,14,7,13,000,2016,04,14,6,3,2,6,0,0,1,1,0,0,0,0,"734331,312200000040000","5696090,546000000100000",12.366597202,51.367646611,9,9.0,9,Nord,,,,,,,,,,
799,123286,123287,14,7,13,000,2016,04,07,3,3,5,3,0,0,1,1,0,0,0,0,"735144,334000000030000","5689216,680200000300000",12.373718702,51.305608375,4,4.0,4,Süd,,,,,,,,,,
800,123287,123288,14,7,13,000,2016,04,03,2,3,9,1,2,1,0,1,0,0,0,0,"740817,604199999940000","5696638,136099999800000",12.459975472,51.369849104,1,1.0,1,Nordost,,,,,,,,,,
801,123288,123289,14,7,13,000,2016,04,15,6,3,5,3,0,0,1,1,0,0,0,0,"738148,771199999960000","5694781,056300000300000",12.420461212,51.35430531,1,1.0,1,Nordost,,,,,,,,,,
802,123290,123291,14,7,13,000,2016,04,09,3,3,0,7,0,0,0,1,0,1,0,0,"736732,134199999970000","5688860,888299999800000",12.396220768,51.301756724,4,4.0,4,Süd,,,,,,,,,,
803,123294,123295,14,7,13,000,2016,04,05,4,3,5,2,1,0,1,0,0,0,1,0,"734804,681600000010000","5692524,891599999700000",12.371033139,51.335444515,0,0.0,0,Mitte,,,,,,,,,,
804,123296,123297,14,7,13,000,2016,04,14,6,3,4,2,0,0,0,1,0,1,0,0,"731409,790200000050000","5691636,789900000200000",12.32180534,51.328863652,7,7.0,7,Alt-West,,,,,,,,,,
805,123297,123298,14,7,13,000,2016,04,10,2,3,2,6,0,0,0,1,0,0,0,0,"738842,862100000030000","5687154,470800000200000",12.425302739,51.285558577,3,3.0,3,Südost,,,,,,,,,,
806,123304,123305,14,7,13,000,2016,04,09,6,3,5,3,0,0,1,1,0,0,0,0,"734406,506100000000000","5692971,230899999800000",12.36562094,51.339615308,0,0.0,0,Mitte,,,,,,,,,,
807,123310,123311,14,7,13,000,2016,04,20,4,2,6,4,2,0,0,1,1,0,0,0,"729483,373999999950000","5689827,361999999700000",12.293036959,51.313400579,6,6.0,6,West,,,,,,,,,,
808,123315,123316,14,7,13,000,2016,04,15,4,3,2,6,0,0,0,1,0,0,0,0,"729833,344500000010000","5694454,094100000300000",12.301034697,51.354793831,7,7.0,7,Alt-West,,,,,,,,,,
809,123316,123317,14,7,13,000,2016,04,12,7,3,1,6,0,0,0,1,0,0,0,0,"736352,898999999980000","5699923,538200000300000",12.398136468,51.401214431,9,9.0,9,Nord,,,,,,,,,,
810,123325,123326,14,7,13,000,2016,04,09,6,2,5,3,0,0,1,1,0,0,0,0,"734136,797600000050000","5695564,440899999800000",12.363461461,51.363004268,9,9.0,9,Nord,,,,,,,,,,
811,123327,123328,14,7,13,000,2016,04,16,3,3,5,3,0,0,1,1,0,0,0,0,"735891,382600000010000","5694555,195899999700000",12.387950447,51.353219338,9,9.0,9,Nord,,,,,,,,,,
812,123332,123333,14,7,13,000,2016,04,14,6,3,2,6,0,0,1,1,0,0,0,0,"731082,070799999990000","5696470,903699999700000",12.320247887,51.37239205,8,8.0,8,Nordwest,,,,,,,,,,
813,123334,123335,14,7,13,000,2016,04,16,2,3,4,2,0,0,0,1,0,0,0,0,"738813,349200000060000","5696081,121399999600000",12.430860704,51.365695604,1,1.0,1,Nordost,,,,,,,,,,
814,123335,123336,14,7,13,000,2016,04,07,2,3,1,5,0,0,1,0,0,0,0,1,"736277,630099999950000","5691098,329800000400000",12.391194499,51.322029363,0,0.0,0,Mitte,,,,,,,,,,
815,123336,123337,14,7,13,000,2016,04,14,6,2,5,3,0,0,1,1,0,0,0,0,"741647,428100000020000","5693992,515599999600000",12.470077853,51.345751113,2,2.0,2,Ost,,,,,,,,,,
816,123349,123350,14,7,13,000,2016,04,08,5,3,5,3,0,0,1,1,0,0,0,0,"732776,298900000050000","5691353,249699999600000",12.341200209,51.325760877,5,5.0,5,Südwest,,,,,,,,,,
817,123351,123352,14,7,13,000,2016,04,15,3,3,5,2,0,0,1,0,0,0,0,1,"736538,604599999960000","5690283,021400000000000",12.394392316,51.314602553,0,0.0,0,Mitte,,,,,,,,,,
818,123353,123354,14,7,13,000,2016,04,16,4,3,5,2,0,0,0,1,0,0,0,0,"736542,371799999960000","5690723,886599999900000",12.394738673,51.318558289,0,0.0,0,Mitte,,,,,,,,,,
819,123356,123357,14,7,13,000,2016,04,19,4,3,5,3,0,1,1,1,0,0,0,0,"732776,982700000050000","5691354,026600000400000",12.341210513,51.325767571,5,5.0,5,Südwest,,,,,,,,,,
820,123366,123367,14,7,13,000,2016,04,17,2,3,5,3,0,0,1,1,0,0,0,0,"735279,371599999950000","5690883,922799999800000",12.376752194,51.320518413,4,4.0,4,Süd,,,,,,,,,,
821,123372,123373,14,7,13,000,2016,04,17,6,3,3,2,0,0,1,1,0,0,0,0,"735444,924800000040000","5693206,674700000300000",12.380658454,51.34129973,0,0.0,0,Mitte,,,,,,,,,,
822,123376,123377,14,7,13,000,2016,04,19,2,3,5,3,0,0,1,1,0,0,0,0,"732481,360100000050000","5690593,380300000300000",12.336478962,51.319060323,5,5.0,5,Südwest,,,,,,,,,,
823,123377,123378,14,7,13,000,2016,04,11,6,3,6,4,0,0,0,1,1,0,0,0,"734225,123900000010000","5695523,521900000100000",12.364701007,51.362600557,9,9.0,9,Nord,,,,,,,,,,
824,123386,123387,14,7,13,000,2016,04,18,6,2,5,3,1,0,1,1,0,0,0,0,"736988,201800000040000","5693851,043300000000000",12.403204763,51.346442545,2,2.0,2,Ost,,,,,,,,,,
825,123388,123389,14,7,13,000,2016,04,19,7,2,5,3,2,0,0,1,0,0,0,0,"731739,549600000030000","5690372,843899999700000",12.325708763,51.317383174,5,5.0,5,Südwest,,,,,,,,,,
826,123393,123394,14,7,13,000,2016,04,17,3,3,4,2,0,0,1,1,0,0,0,0,"735638,119599999980000","5695325,132799999800000",12.384829696,51.360235537,9,9.0,9,Nord,,,,,,,,,,
827,123394,123395,14,7,13,000,2016,04,14,5,3,5,3,0,0,0,1,0,0,0,0,"731605,220100000040000","5692935,012699999800000",12.325449549,51.340438045,7,7.0,7,Alt-West,,,,,,,,,,
828,123397,123398,14,7,13,000,2016,04,09,3,3,6,7,0,0,0,1,1,0,0,0,"734491,670000000040000","5693167,609199999800000",12.366970757,51.341342974,0,0.0,0,Mitte,,,,,,,,,,
829,123403,123404,14,7,13,000,2016,04,13,7,3,4,3,0,0,1,1,0,0,0,0,"735105,908599999970000","5694833,091000000000000",12.376873876,51.356039265,0,0.0,0,Mitte,,,,,,,,,,
830,123406,123407,14,7,13,000,2016,04,16,3,3,0,2,0,0,1,1,0,0,0,0,"733825,910299999990000","5693516,417299999900000",12.357658068,51.34474822,0,0.0,0,Mitte,,,,,,,,,,
831,123408,123409,14,7,13,000,2016,04,14,5,3,6,4,0,1,0,1,1,0,0,0,"735099,450500000040000","5694207,397300000300000",12.376367965,51.350425504,0,0.0,0,Mitte,,,,,,,,,,
832,123411,123412,14,7,13,000,2016,04,08,2,3,5,3,0,0,1,1,0,0,0,0,"736417,175000000050000","5692682,134899999900000",12.394244199,51.336187962,3,3.0,3,Südost,,,,,,,,,,
833,123412,123413,14,7,13,000,2016,04,18,5,3,2,6,0,0,0,1,0,0,0,0,"734818,653000000050000","5692508,463000000500000",12.371222522,51.335291277,0,0.0,0,Mitte,,,,,,,,,,
834,123417,123418,14,7,13,000,2016,04,18,3,3,5,3,0,0,1,0,0,0,0,1,"735307,730199999990000","5692474,823200000500000",12.378208753,51.334787177,0,0.0,0,Mitte,,,,,,,,,,
835,123418,123419,14,7,13,000,2016,04,13,6,3,2,2,0,1,0,1,0,1,0,0,"737277,617699999940000","5692936,242700000300000",12.406743443,51.338110522,3,3.0,3,Südost,,,,,,,,,,
836,123420,123421,14,7,13,000,2016,04,09,5,3,6,4,0,0,0,1,1,0,0,0,"731888,511000000060000","5696438,110000000300000",12.331792637,51.371769003,8,8.0,8,Nordwest,,,,,,,,,,
837,123426,123427,14,7,13,000,2016,04,15,5,2,4,2,0,0,0,1,0,1,0,0,"734638,605199999990000","5695392,105899999800000",12.370543054,51.361250318,9,9.0,9,Nord,,,,,,,,,,
838,123427,123428,14,7,13,000,2016,04,00,6,3,3,6,2,0,1,1,0,0,0,0,"735184,273500000010000","5688992,614199999700000",12.37414301,51.303580567,4,4.0,4,Süd,,,,,,,,,,
839,123428,123429,14,7,13,000,2016,04,08,4,3,0,7,0,0,1,0,0,0,0,0,"735176,407400000030000","5690884,748900000000000",12.37527774,51.320568391,4,4.0,4,Süd,,,,,,,,,,
840,123430,123431,14,7,13,000,2016,04,14,6,3,2,6,0,1,0,1,0,0,0,0,"735040,427400000040000","5691083,537499999600000",12.373460817,51.322408981,4,4.0,4,Süd,,,,,,,,,,
841,123431,123432,14,7,13,000,2016,04,17,6,3,3,2,0,0,1,1,0,0,0,0,"734240,834900000020000","5692028,437800000400000",12.362626736,51.331220612,0,0.0,0,Mitte,,,,,,,,,,
842,123432,123433,14,7,13,000,2016,04,08,5,3,5,2,0,0,0,1,0,0,0,0,"730644,662000000010000","5697104,666299999700000",12.314385637,51.378259043,8,8.0,8,Nordwest,,,,,,,,,,