UNFALL_ID,FID_left,OBJECTID,ULAND,UREGBEZ,UKREIS,UGEMEINDE,UJAHR,UMONAT,USTUNDE,UWOCHENTAG,UKATEGORIE,UART,UTYP1,ULICHTVERH,IstStrasse,IstRad,IstPKW,IstFuss,IstKrad,IstGkfz,IstSonstig,LINREFX,LINREFY,XGCSWGS84,YGCSWGS84,index_right,FID_right,SBZ,Name,UIDENTSTLA,LICHT,STRZUSTAND,FID,OBJECTID_1,IstSonstige,UIDENTSTLAE,OID_,IstStrassenzustand,PLST
843,123433,123434,14,7,13,000,2016,04,23,1,3,8,1,2,0,1,0,0,0,0,0,"736931,194299999970000","5695784,502500000400000",12.403674973,51.36382119,1,1.0,1,Nordost,,,,,,,,,,
844,123435,123436,14,7,13,000,2016,04,06,2,3,5,3,0,0,1,1,0,0,0,0,"736064,979100000000000","5688535,263799999800000",12.386452223,51.29911079,4,4.0,4,Süd,,,,,,,,,,
845,123436,123437,14,7,13,000,2016,04,17,6,3,2,6,0,0,0,1,0,0,0,0,"739228,964299999990000","5688842,423800000000000",12.431959965,51.300547506,3,3.0,3,Südost,,,,,,,,,,
846,123438,123439,14,7,13,000,2016,04,16,3,3,5,3,0,0,1,1,0,0,0,0,"731031,550000000050000","5696785,644000000300000",12.319727861,51.375237969,8,8.0,8,Nordwest,,,,,,,,,,
847,123442,123443,14,7,13,000,2016,04,14,6,3,5,3,0,0,1,1,0,0,0,0,"742658,544800000030000","5685854,473899999600000",12.479034384,51.272278222,3,3.0,3,Südost,,,,,,,,,,
848,123444,123445,14,7,13,000,2016,04,08,7,3,3,1,0,0,0,1,1,0,0,0,"739936,550999999980000","5693965,394000000300000",12.4455391,51.346232288,2,2.0,2,Ost,,,,,,,,,,
849,123446,123447,14,7,13,000,2016,04,14,6,3,5,3,0,0,0,1,0,0,0,0,"736097,176400000000000","5697139,821800000000000",12.392616314,51.376333932,9,9.0,9,Nord,,,,,,,,,,
850,123449,123450,14,7,13,000,2016,04,18,2,3,4,2,0,0,0,1,0,0,0,0,"739101,211000000010000","5699445,878399999800000",12.437252315,51.395775681,1,1.0,1,Nordost,,,,,,,,,,
851,123450,123451,14,7,13,000,2016,04,08,2,1,5,3,0,0,1,0,0,0,0,1,"728616,277000000000000","5690527,782300000100000",12.281065239,51.320037378,6,6.0,6,West,,,,,,,,,,
852,123451,123452,14,7,13,000,2016,04,10,6,3,5,3,0,0,0,1,0,0,0,0,"734607,119300000020000","5692452,598700000000000",12.368154443,51.334877112,0,0.0,0,Mitte,,,,,,,,,,
853,123459,123460,14,7,13,000,2016,04,19,6,3,0,1,0,1,0,1,0,1,0,0,"737750,534400000000000","5694715,152300000200000",12.414708342,51.353880483,1,1.0,1,Nordost,,,,,,,,,,
854,123466,123467,14,7,13,000,2016,04,16,4,2,5,3,0,0,1,1,0,0,0,0,"735103,375000000000000","5694903,136099999800000",12.376883833,51.35666906,0,0.0,0,Mitte,,,,,,,,,,
855,123469,123470,14,7,13,000,2016,04,08,4,3,4,6,0,0,1,0,0,0,0,0,"735340,929000000000000","5692200,561999999900000",12.378503329,51.332311579,0,0.0,0,Mitte,,,,,,,,,,
856,123470,123471,14,7,13,000,2016,04,17,3,3,5,2,0,0,1,1,0,0,0,0,"735092,044699999970000","5689885,021800000200000",12.373410233,51.311629289,4,4.0,4,Süd,,,,,,,,,,
857,123471,123472,14,7,13,000,2016,04,16,6,3,4,2,0,1,0,1,0,0,0,0,"736758,963600000020000","5699849,770100000300000",12.403914347,51.400382999,9,9.0,9,Nord,,,,,,,,,,
858,123480,123481,14,7,13,000,2016,04,14,2,2,3,2,0,0,1,1,0,0,0,0,"731889,541699999940000","5692885,326399999700000",12.329492168,51.339876145,7,7.0,7,Alt-West,,,,,,,,,,
859,123481,123482,14,7,13,000,2016,04,21,7,3,4,2,2,0,0,1,0,1,0,0,"732948,314400000030000","5691088,968600000300000",12.343492056,51.323318105,5,5.0,5,Südwest,,,,,,,,,,
860,123483,123484,14,7,13,000,2016,04,16,4,3,3,2,0,0,1,1,0,0,0,0,"734786,931600000010000","5692624,860999999600000",12.370844665,51.336349209,0,0.0,0,Mitte,,,,,,,,,,
861,123493,123494,14,7,13,000,2016,04,12,6,3,2,6,0,0,1,1,0,0,0,0,"733495,909199999990000","5695464,312599999800000",12.354206099,51.362369204,9,9.0,9,Nord,,,,,,,,,,
862,123501,123502,14,7,13,000,2016,04,09,6,3,3,5,0,0,1,1,0,0,0,0,"735009,961899999990000","5691996,154699999800000",12.373626077,51.330613581,0,0.0,0,Mitte,,,,,,,,,,
863,123502,123503,14,7,13,000,2016,04,10,7,3,0,1,0,1,1,0,0,0,0,0,"734785,169100000060000","5693984,460199999600000",12.371715786,51.348554234,0,0.0,0,Mitte,,,,,,,,,,
864,123503,123504,14,7,13,000,2016,04,14,2,3,6,4,0,0,1,0,1,0,0,0,"740229,386799999980000","5693904,750500000100000",12.449695189,51.345564312,2,2.0,2,Ost,,,,,,,,,,
865,123505,123506,14,7,13,000,2016,04,07,6,2,6,4,0,0,1,0,1,0,0,0,"735076,750299999960000","5689803,097299999600000",12.373137194,51.310900217,4,4.0,4,Süd,,,,,,,,,,
866,123520,123521,14,7,13,000,2016,04,18,5,3,3,6,0,0,0,1,0,0,0,1,"735644,895800000060000","5692901,906499999600000",12.383322746,51.338481208,0,0.0,0,Mitte,,,,,,,,,,
867,123524,123525,14,7,13,000,2016,04,18,4,2,6,4,0,0,0,1,1,0,0,0,"734268,182799999950000","5695509,622899999800000",12.365309259,51.362458042,9,9.0,9,Nord,,,,,,,,,,
868,123526,123527,14,7,13,000,2016,04,22,5,2,5,3,2,0,1,1,0,0,0,0,"735547,425099999990000","5692911,376000000200000",12.381932169,51.33860659,0,0.0,0,Mitte,,,,,,,,,,
869,123527,123528,14,7,13,000,2016,04,12,4,3,3,2,0,0,0,1,0,0,0,1,"731150,725400000000000","5690256,635900000100000",12.317198411,51.316579453,5,5.0,5,Südwest,,,,,,,,,,
870,123531,123532,14,7,13,000,2016,04,08,3,3,5,3,0,1,1,1,0,0,0,0,"730748,552999999960000","5685497,161999999500000",12.308361601,51.274016728,5,5.0,5,Südwest,,,,,,,,,,
871,123543,123544,14,7,13,000,2016,04,15,6,3,4,2,0,0,1,1,0,0,0,0,"731038,163700000030000","5693663,883700000100000",12.317795191,51.347211718,7,7.0,7,Alt-West,,,,,,,,,,
872,123544,123545,14,7,13,000,2016,04,17,4,3,5,2,0,0,0,1,0,1,0,0,"737786,438300000040000","5691451,407399999900000",12.413044181,51.324570088,3,3.0,3,Südost,,,,,,,,,,
873,123548,123549,14,7,13,000,2016,04,05,1,3,8,1,2,1,1,0,0,0,0,0,"731841,066499999960000","5689849,954800000400000",12.32682312,51.312647934,5,5.0,5,Südwest,,,,,,,,,,
874,123557,123558,14,7,13,000,2016,04,15,6,3,2,6,0,0,0,1,0,0,0,0,"736562,542999999950000","5690726,482099999700000",12.395029336,51.318573202,0,0.0,0,Mitte,,,,,,,,,,
875,123558,123559,14,7,13,000,2016,04,16,7,3,2,2,0,0,0,1,0,1,0,0,"743226,632400000000000","5694196,302199999800000",12.49284948,51.346906758,2,2.0,2,Ost,,,,,,,,,,
876,123564,123565,14,7,13,000,2016,04,18,2,2,0,1,0,0,0,1,0,1,0,0,"734885,093100000060000","5696260,079300000300000",12.374650459,51.368939697,9,9.0,9,Nord,,,,,,,,,,
877,123566,123567,14,7,13,000,2016,04,16,6,2,6,7,0,0,0,0,1,0,0,1,"738191,328699999950000","5692421,274500000300000",12.419492826,51.333106226,2,2.0,2,Ost,,,,,,,,,,
878,123574,123575,14,7,13,000,2016,04,13,7,2,0,5,0,0,1,0,0,0,1,0,"730407,935199999950000","5693427,109000000200000",12.308607866,51.345341982,7,7.0,7,Alt-West,,,,,,,,,,
879,123579,123580,14,7,13,000,2016,04,15,4,3,6,4,0,0,0,1,1,0,0,0,"737678,163599999970000","5693739,926699999700000",12.41301975,51.345157134,2,2.0,2,Ost,,,,,,,,,,
880,123585,123586,14,7,13,000,2016,04,08,4,3,5,3,0,0,1,1,0,0,0,0,"734844,753299999980000","5691798,871600000200000",12.371128869,51.328910917,0,0.0,0,Mitte,,,,,,,,,,
881,123586,123587,14,7,13,000,2016,04,16,3,3,5,3,0,0,1,1,0,0,0,0,"733994,342599999970000","5695104,930499999800000",12.361116569,51.358938178,9,9.0,9,Nord,,,,,,,,,,
882,123596,123597,14,7,13,000,2016,04,20,7,3,5,3,1,0,0,1,0,0,0,0,"737283,217999999990000","5693839,905500000300000",12.407425801,51.346219518,2,2.0,2,Ost,,,,,,,,,,
883,123603,123604,14,7,13,000,2016,04,19,1,3,0,7,2,0,1,1,0,0,0,0,"740376,394199999980000","5694447,515499999700000",12.452168576,51.350373836,2,2.0,2,Ost,,,,,,,,,,
884,123606,123607,14,7,13,000,2016,04,08,6,3,5,3,0,0,1,1,0,0,0,0,"730792,239999999990000","5691706,704400000200000",12.313001833,51.329742153,7,7.0,7,Alt-West,,,,,,,,,,
885,123612,123613,14,7,13,000,2016,05,16,2,3,4,6,0,0,1,1,0,0,0,0,"734894,534300000060000","5693389,634999999800000",12.372891017,51.343169683,0,0.0,0,Mitte,,,,,,,,,,
886,123615,123616,14,7,13,000,2016,05,16,5,2,1,5,0,0,1,1,0,0,0,0,"733209,467900000050000","5691367,634700000300000",12.347415816,51.325712611,5,5.0,5,Südwest,,,,,,,,,,
887,123616,123617,14,7,13,000,2016,05,07,4,3,2,6,0,0,0,1,0,0,0,0,"734180,623099999970000","5694916,186800000300000",12.363663141,51.357167196,9,9.0,9,Nord,,,,,,,,,,
888,123618,123619,14,7,13,000,2016,05,15,2,3,0,7,0,0,0,0,0,0,0,1,"736418,026900000060000","5694692,848500000300000",12.395591485,51.354236116,1,1.0,1,Nordost,,,,,,,,,,
889,123621,123622,14,7,13,000,2016,05,14,2,3,5,3,0,0,1,1,0,0,0,0,"734425,968600000020000","5699241,846300000300000",12.370033747,51.395894746,9,9.0,9,Nord,,,,,,,,,,
890,123623,123624,14,7,13,000,2016,05,06,3,3,5,3,0,0,0,1,0,0,0,0,"734818,858899999990000","5696322,976499999900000",12.373742166,51.369531666,9,9.0,9,Nord,,,,,,,,,,
891,123625,123626,14,7,13,000,2016,05,15,4,2,5,3,0,0,1,1,0,0,0,0,"734876,666899999950000","5694490,797500000300000",12.373361444,51.353061505,0,0.0,0,Mitte,,,,,,,,,,
892,123627,123628,14,7,13,000,2016,05,15,4,3,5,3,0,0,0,1,0,0,0,1,"735262,695199999960000","5695215,799599999600000",12.379374682,51.359409689,0,0.0,0,Mitte,,,,,,,,,,
893,123628,123629,14,7,13,000,2016,05,16,5,3,0,7,0,0,1,0,0,0,0,1,"736153,457700000030000","5693649,310999999800000",12.391106429,51.344979109,0,0.0,0,Mitte,,,,,,,,,,
894,123629,123630,14,7,13,000,2016,05,19,5,2,5,3,0,0,1,1,0,0,0,0,"736652,374100000020000","5692731,030899999700000",12.397647067,51.336529041,3,3.0,3,Südost,,,,,,,,,,
895,123635,123636,14,7,13,000,2016,05,12,2,2,4,6,0,0,1,1,0,0,0,0,"733249,832999999980000","5691691,066999999800000",12.348205801,51.328599396,5,5.0,5,Südwest,,,,,,,,,,
896,123637,123638,14,7,13,000,2016,05,12,6,3,5,3,0,0,0,1,0,0,0,0,"733098,605300000050000","5696295,887900000400000",12.349054306,51.369997026,8,8.0,8,Nordwest,,,,,,,,,,
897,123639,123640,14,7,13,000,2016,05,18,5,3,5,3,0,0,0,1,0,1,0,0,"741868,310999999990000","5694173,017099999800000",12.473366115,51.347277268,2,2.0,2,Ost,,,,,,,,,,
898,123641,123642,14,7,13,000,2016,05,07,4,3,6,4,0,0,0,1,1,0,0,0,"736712,457599999970000","5689371,536299999800000",12.396277695,51.306348595,4,4.0,4,Süd,,,,,,,,,,
899,123643,123644,14,7,13,000,2016,05,21,5,2,6,4,2,0,0,1,1,0,0,0,"736703,647400000020000","5693777,472500000100000",12.39907731,51.34590071,2,2.0,2,Ost,,,,,,,,,,
900,123644,123645,14,7,13,000,2016,05,21,2,3,4,7,2,0,0,1,0,0,0,1,"737975,572700000020000","5690942,872100000300000",12.415414295,51.319926392,3,3.0,3,Südost,,,,,,,,,,
901,123647,123648,14,7,13,000,2016,05,14,3,3,2,2,0,0,0,1,0,0,0,0,"730775,811100000050000","5693559,393199999800000",12.313966747,51.346380277,7,7.0,7,Alt-West,,,,,,,,,,
902,123648,123649,14,7,13,000,2016,05,16,2,3,6,4,0,0,0,1,1,0,0,0,"728096,249100000020000","5690348,067300000200000",12.27350001,51.31863271,6,6.0,6,West,,,,,,,,,,
903,123651,123652,14,7,13,000,2016,05,16,5,3,5,3,0,0,0,1,0,0,0,0,"735270,908000000050000","5689584,489600000000000",12.375773837,51.308857692,4,4.0,4,Süd,,,,,,,,,,
904,123653,123654,14,7,13,000,2016,05,16,2,3,3,6,0,0,1,1,0,0,0,0,"733899,722500000030000","5693346,514399999800000",12.358604426,51.343192724,0,0.0,0,Mitte,,,,,,,,,,
905,123654,123655,14,7,13,000,2016,05,15,1,3,4,1,0,1,0,1,0,0,0,0,"731083,931300000050000","5696460,841099999800000",12.32026803,51.372300963,8,8.0,8,Nordwest,,,,,,,,,,
906,123662,123663,14,7,13,000,2016,05,15,4,3,5,3,0,0,1,1,0,0,0,0,"736360,072999999970000","5698863,876000000200000",12.397533916,51.391699847,1,1.0,1,Nordost,,,,,,,,,,
907,123666,123667,14,7,13,000,2016,05,14,7,3,1,5,0,0,1,1,0,0,0,0,"734499,944200000030000","5691060,082100000200000",12.365702388,51.322421439,4,4.0,4,Süd,,,,,,,,,,
908,123685,123686,14,7,13,000,2016,05,11,3,3,5,3,0,0,0,1,0,0,0,0,"735883,503200000040000","5692598,090800000400000",12.386541004,51.335655157,0,0.0,0,Mitte,,,,,,,,,,
909,123688,123689,14,7,13,000,2016,05,06,3,3,5,3,0,0,1,1,0,0,0,0,"731596,537900000000000","5690699,160100000000000",12.323872034,51.320370688,5,5.0,5,Südwest,,,,,,,,,,
910,123691,123692,14,7,13,000,2016,05,20,6,2,5,3,0,0,1,1,0,0,0,0,"734794,340199999980000","5692475,725399999900000",12.370852543,51.335007448,0,0.0,0,Mitte,,,,,,,,,,
911,123694,123695,14,7,13,000,2016,05,10,5,3,5,3,0,0,1,1,0,0,0,0,"735332,216200000020000","5692188,358199999700000",12.378370424,51.332205639,0,0.0,0,Mitte,,,,,,,,,,
912,123696,123697,14,7,13,000,2016,05,07,3,3,5,2,0,0,1,1,0,0,0,0,"731453,863000000010000","5688453,492999999800000",12.32037118,51.300269603,5,5.0,5,Südwest,,,,,,,,,,
913,123698,123699,14,7,13,000,2016,05,17,3,3,6,6,0,0,0,1,1,0,0,0,"739336,099099999990000","5695914,858400000300000",12.438244289,51.363983296,1,1.0,1,Nordost,,,,,,,,,,
914,123699,123700,14,7,13,000,2016,05,14,5,3,5,3,0,0,1,0,0,0,0,1,"734444,737899999950000","5692132,325799999800000",12.365616782,51.332069155,0,0.0,0,Mitte,,,,,,,,,,
915,123704,123705,14,7,13,000,2016,05,21,3,3,1,1,2,0,0,1,0,0,0,0,"732248,529699999960000","5696523,364000000100000",12.337011695,51.372387206,8,8.0,8,Nordwest,,,,,,,,,,
916,123706,123707,14,7,13,000,2016,05,21,5,3,5,3,1,0,0,1,0,1,0,0,"737385,434899999990000","5696864,469999999700000",12.410909017,51.373325363,1,1.0,1,Nordost,,,,,,,,,,
917,123712,123713,14,7,13,000,2016,05,16,4,3,5,3,0,0,1,1,0,0,0,0,"738188,924000000000000","5692414,271999999900000",12.419453689,51.333044379,2,2.0,2,Ost,,,,,,,,,,
918,123713,123714,14,7,13,000,2016,05,10,1,3,8,1,0,1,0,1,0,0,0,0,"730024,927299999980000","5690084,993800000300000",12.300960453,51.315494756,6,6.0,6,West,,,,,,,,,,
919,123717,123718,14,7,13,000,2016,05,16,3,3,6,4,0,0,0,1,1,0,0,0,"738939,239900000040000","5688214,458100000400000",12.427391334,51.295032565,3,3.0,3,Südost,,,,,,,,,,
920,123723,123724,14,7,13,000,2016,05,12,3,2,5,3,0,0,1,1,0,0,0,0,"737298,009800000000000","5695375,477900000300000",12.408661659,51.359996695,1,1.0,1,Nordost,,,,,,,,,,
921,123727,123728,14,7,13,000,2016,05,09,3,2,2,6,0,0,0,1,0,1,0,0,"735093,452599999960000","5692044,457800000000000",12.374854242,51.331012669,0,0.0,0,Mitte,,,,,,,,,,
922,123731,123732,14,7,13,000,2016,05,09,3,3,5,3,0,0,0,1,0,0,0,0,"735278,728400000020000","5690904,837799999900000",12.376756781,51.32070642,4,4.0,4,Süd,,,,,,,,,,
923,123738,123739,14,7,13,000,2016,05,18,3,3,6,4,0,0,0,1,1,0,0,0,"736641,297900000010000","5688386,880699999600000",12.394605856,51.297539675,4,4.0,4,Süd,,,,,,,,,,
924,123740,123741,14,7,13,000,2016,05,13,3,2,6,4,0,0,0,1,1,0,0,0,"737511,994199999960000","5697069,161899999700000",12.412860808,51.375109759,1,1.0,1,Nordost,,,,,,,,,,
925,123742,123743,14,7,13,000,2016,05,22,3,3,5,3,2,1,0,1,0,0,0,1,"739920,383200000040000","5693959,536899999700000",12.445303431,51.346186539,2,2.0,2,Ost,,,,,,,,,,
926,123743,123744,14,7,13,000,2016,05,08,5,3,5,3,0,0,1,1,0,0,0,0,"734904,782699999980000","5693753,612900000100000",12.373278026,51.34643265,0,0.0,0,Mitte,,,,,,,,,,
927,123750,123751,14,7,13,000,2016,05,08,6,3,5,3,0,0,1,1,0,0,0,0,"734463,993699999990000","5691194,971400000200000",12.365276069,51.323647085,4,4.0,4,Süd,,,,,,,,,,
928,123754,123755,14,7,13,000,2016,05,14,4,3,5,3,0,0,1,1,0,0,0,0,"735037,228099999950000","5691573,282999999800000",12.373737886,51.326806454,0,0.0,0,Mitte,,,,,,,,,,
929,123757,123758,14,7,13,000,2016,05,17,1,3,2,6,0,0,1,0,0,0,0,1,"738672,039200000000000","5690992,234400000400000",12.425423844,51.320077783,3,3.0,3,Südost,,,,,,,,,,
930,123759,123760,14,7,13,000,2016,05,09,4,3,2,6,0,0,0,1,0,0,0,0,"734046,906500000040000","5695246,361399999800000",12.36196325,51.360186079,9,9.0,9,Nord,,,,,,,,,,
931,123761,123762,14,7,13,000,2016,05,17,1,3,5,3,0,0,1,1,0,0,0,0,"734819,275000000020000","5694103,108000000000000",12.37228293,51.349605174,0,0.0,0,Mitte,,,,,,,,,,
932,123764,123765,14,7,13,000,2016,05,17,5,2,6,4,0,0,0,1,1,0,0,0,"734281,841699999990000","5695518,751899999600000",12.365511121,51.362534356,9,9.0,9,Nord,,,,,,,,,,
933,123766,123767,14,7,13,000,2016,05,17,4,3,0,4,0,0,0,1,1,0,0,0,"733983,919200000000000","5695092,225700000300000",12.360958768,51.358828426,9,9.0,9,Nord,,,,,,,,,,
934,123769,123770,14,7,13,000,2016,05,17,7,3,2,6,0,0,0,1,0,0,0,0,"736997,877899999960000","5695748,048800000000000",12.404606822,51.363466168,1,1.0,1,Nordost,,,,,,,,,,
935,123779,123780,14,7,13,000,2016,05,13,6,2,5,3,0,0,0,1,0,0,0,0,"738137,787099999960000","5690521,313600000000000",12.417456444,51.316074623,3,3.0,3,Südost,,,,,,,,,,
936,123781,123782,14,7,13,000,2016,05,18,7,2,4,2,0,0,0,1,0,1,0,0,"736968,201800000040000","5692701,442099999600000",12.402153185,51.33613194,3,3.0,3,Südost,,,,,,,,,,
937,123796,123797,14,7,13,000,2016,05,11,6,3,3,7,0,0,1,1,0,0,0,0,"732492,007100000050000","5694046,261800000400000",12.338884717,51.350051503,7,7.0,7,Alt-West,,,,,,,,,,
938,123800,123801,14,7,13,000,2016,05,11,6,3,5,2,0,0,1,1,0,0,0,0,"734568,217100000010000","5695262,776999999800000",12.369448542,51.360118475,9,9.0,9,Nord,,,,,,,,,,
939,123802,123803,14,7,13,000,2016,05,11,3,3,2,6,0,0,0,1,0,1,0,0,"735766,000000000000000","5692887,528800000400000",12.385048752,51.338301954,0,0.0,0,Mitte,,,,,,,,,,
940,123804,123805,14,7,13,000,2016,05,16,2,3,5,3,0,0,1,1,0,0,0,0,"735465,145999999950000","5691820,758600000300000",12.380032275,51.32885093,0,0.0,0,Mitte,,,,,,,,,,
941,123806,123807,14,7,13,000,2016,05,18,6,3,5,2,0,0,1,1,0,0,0,0,"732396,440500000030000","5692034,251699999900000",12.336201838,51.332029347,5,5.0,5,Südwest,,,,,,,,,,
942,123807,123808,14,7,13,000,2016,05,07,6,3,4,2,0,0,1,1,0,0,0,0,"736080,639700000060000","5692626,583800000100000",12.389384828,51.33582912,0,0.0,0,Mitte,,,,,,,,,,
943,123809,123810,14,7,13,000,2016,05,13,5,3,2,6,0,0,0,1,0,0,0,0,"735802,736299999990000","5692150,978600000000000",12.385087714,51.331675246,0,0.0,0,Mitte,,,,,,,,,,
944,123811,123812,14,7,13,000,2016,05,11,4,3,5,3,0,0,0,1,0,0,0,1,"737986,076800000040000","5690574,352300000400000",12.415318831,51.316614158,3,3.0,3,Südost,,,,,,,,,,
945,123813,123814,14,7,13,000,2016,05,15,5,3,5,3,0,0,0,1,0,0,0,0,"731813,131199999950000","5689250,553500000400000",12.326033528,51.307278572,5,5.0,5,Südwest,,,,,,,,,,
946,123815,123816,14,7,13,000,2016,05,22,2,3,0,5,2,0,1,1,0,0,0,0,"736880,038500000020000","5693050,338800000000000",12.401121832,51.339300409,3,3.0,3,Südost,,,,,,,,,,
947,123816,123817,14,7,13,000,2016,05,12,7,3,6,4,0,0,0,1,1,1,0,0,"732459,583199999990000","5691743,588999999700000",12.336917034,51.329394345,5,5.0,5,Südwest,,,,,,,,,,
948,123821,123822,14,7,13,000,2016,05,18,5,3,5,3,0,0,1,1,0,0,0,0,"736072,192599999950000","5689665,419900000100000",12.387303052,51.309252429,4,4.0,4,Süd,,,,,,,,,,
949,123828,123829,14,7,13,000,2016,05,06,1,2,1,5,0,1,1,1,0,0,0,0,"735787,457500000020000","5693208,391400000100000",12.385568667,51.341173206,0,0.0,0,Mitte,,,,,,,,,,
950,123831,123832,14,7,13,000,2016,04,13,7,3,3,5,0,0,1,1,0,0,0,0,"736069,204099999970000","5691725,355499999600000",12.3886239,51.327744219,0,0.0,0,Mitte,,,,,,,,,,
951,123833,123834,14,7,13,000,2016,05,06,4,2,6,4,0,0,0,1,1,0,0,0,"739932,507499999950000","5694056,836100000000000",12.44554277,51.34705475,2,2.0,2,Ost,,,,,,,,,,
952,123837,123838,14,7,13,000,2016,05,21,6,2,5,2,1,0,1,1,0,0,0,0,"735604,140200000020000","5697095,454199999600000",12.38551548,51.376140435,9,9.0,9,Nord,,,,,,,,,,
953,123850,123851,14,7,13,000,2016,04,22,7,3,6,2,2,0,0,1,1,0,0,0,"737786,349000000050000","5691446,005699999600000",12.413039299,51.324521639,3,3.0,3,Südost,,,,,,,,,,
954,123856,123857,14,7,13,000,2016,05,17,3,3,5,3,0,0,1,1,0,0,0,0,"735924,304499999970000","5692736,347000000100000",12.387217244,51.336879256,0,0.0,0,Mitte,,,,,,,,,,
955,123857,123858,14,7,13,000,2016,05,08,4,3,5,3,0,0,1,1,0,0,0,0,"733228,895099999970000","5693909,101900000100000",12.349358128,51.348518411,0,0.0,0,Mitte,,,,,,,,,,
956,123858,123859,14,7,13,000,2016,05,08,2,3,0,3,0,0,0,1,0,0,0,1,"739054,759199999970000","5697162,603000000100000",12.435049321,51.375301196,1,1.0,1,Nordost,,,,,,,,,,
957,123860,123861,14,7,13,000,2016,04,12,7,3,2,6,0,0,0,1,0,0,0,0,"735635,316100000050000","5690910,869900000300000",12.381869007,51.320613017,4,4.0,4,Süd,,,,,,,,,,
958,123866,123867,14,7,13,000,2016,05,19,6,3,5,7,1,0,1,1,0,0,0,0,"734867,640800000050000","5691476,051199999600000",12.371244077,51.326003698,0,0.0,0,Mitte,,,,,,,,,,
959,123869,123870,14,7,13,000,2016,05,08,5,3,6,4,0,0,0,1,1,0,0,0,"736551,463800000030000","5690602,004700000400000",12.394788064,51.317460472,0,0.0,0,Mitte,,,,,,,,,,
960,123876,123877,14,7,13,000,2016,05,22,5,3,5,3,2,1,0,1,0,1,0,0,"732721,936299999940000","5696019,223100000100000",12.343471325,51.36766796,8,8.0,8,Nordwest,,,,,,,,,,
961,123878,123879,14,7,13,000,2016,05,15,5,3,5,3,0,0,1,0,0,1,0,0,"731759,929600000030000","5689903,656399999700000",12.325695835,51.313163048,5,5.0,5,Südwest,,,,,,,,,,
962,123880,123881,14,7,13,000,2016,05,08,4,2,5,3,0,0,1,1,0,0,0,0,"734304,087999999990000","5690901,802100000000000",12.362792511,51.321081322,4,4.0,4,Süd,,,,,,,,,,
963,123884,123885,14,7,13,000,2016,05,16,4,3,6,4,0,0,0,1,1,0,0,0,"735170,211200000020000","5693569,483900000300000",12.37696091,51.344670112,0,0.0,0,Mitte,,,,,,,,,,
964,123888,123889,14,7,13,000,2016,05,07,2,3,2,6,0,0,0,1,0,0,0,0,"735519,625200000010000","5695288,705900000400000",12.383106651,51.359957685,9,9.0,9,Nord,,,,,,,,,,
965,123891,123892,14,7,13,000,2016,05,09,7,2,5,3,0,0,0,1,0,0,0,0,"736127,659800000020000","5688343,194699999900000",12.387222688,51.297360731,4,4.0,4,Süd,,,,,,,,,,
966,123892,123893,14,7,13,000,2016,05,16,4,3,5,3,0,0,1,1,0,0,0,0,"735090,642299999950000","5694811,968799999900000",12.376641057,51.35585598,0,0.0,0,Mitte,,,,,,,,,,
967,123893,123894,14,7,13,000,2016,05,19,2,3,2,6,0,1,0,1,0,1,0,0,"739047,038500000020000","5688970,384200000200000",12.429440781,51.301772466,3,3.0,3,Südost,,,,,,,,,,
968,123896,123897,14,7,13,000,2016,05,18,6,2,5,3,0,0,1,1,0,0,0,0,"729214,311699999960000","5694433,223299999700000",12.292146033,51.354856471,7,7.0,7,Alt-West,,,,,,,,,,
969,123898,123899,14,7,13,000,2016,05,14,6,3,3,6,0,0,1,1,0,0,0,0,"736244,362500000050000","5697156,559399999700000",12.394738455,51.376422963,9,9.0,9,Nord,,,,,,,,,,
970,123900,123901,14,7,13,000,2016,05,14,4,2,5,3,0,0,1,0,0,0,0,0,"735143,157099999950000","5693731,921500000200000",12.376680422,51.346139397,0,0.0,0,Mitte,,,,,,,,,,
971,123913,123914,14,7,13,000,2016,05,10,6,3,1,5,0,0,1,1,0,0,0,0,"732577,818800000010000","5691382,830299999600000",12.33837578,51.326107587,5,5.0,5,Südwest,,,,,,,,,,
972,123918,123919,14,7,13,000,2016,05,13,2,3,4,2,0,0,0,1,0,1,0,0,"731607,515499999980000","5688942,844100000300000",12.322888992,51.304599985,5,5.0,5,Südwest,,,,,,,,,,
973,123922,123923,14,7,13,000,2016,05,16,2,3,5,2,0,0,1,0,0,0,0,1,"735278,735100000050000","5690903,443900000300000",12.376755957,51.320693905,4,4.0,4,Süd,,,,,,,,,,
974,123927,123928,14,7,13,000,2016,05,16,2,3,1,6,0,0,0,1,0,0,1,0,"732576,579900000010000","5692086,773299999500000",12.338817426,51.332427189,7,7.0,7,Alt-West,,,,,,,,,,
975,123933,123934,14,7,13,000,2016,05,20,1,3,5,3,2,0,0,1,0,1,0,0,"736368,579299999980000","5688170,041000000200000",12.390557532,51.295706515,4,4.0,4,Süd,,,,,,,,,,
976,123935,123936,14,7,13,000,2016,05,13,7,3,6,7,0,0,0,1,1,0,0,0,"737627,857100000020000","5693741,909300000400000",12.412300056,51.345195958,2,2.0,2,Ost,,,,,,,,,,
977,123952,123953,14,7,13,000,2016,05,15,6,3,5,3,0,1,0,1,0,1,0,0,"735169,955599999990000","5693436,609000000200000",12.376869491,51.343477488,0,0.0,0,Mitte,,,,,,,,,,
978,123971,123972,14,7,13,000,2016,05,11,3,3,6,7,0,0,0,1,1,0,0,0,"736044,538999999990000","5693631,801000000000000",12.389533714,51.344867166,0,0.0,0,Mitte,,,,,,,,,,
979,123984,123985,14,7,13,000,2016,05,09,7,3,5,3,0,0,0,1,0,0,0,0,"737628,347199999960000","5695336,816900000000000",12.413371924,51.359511631,1,1.0,1,Nordost,,,,,,,,,,
980,123987,123988,14,7,13,000,2016,05,21,5,3,5,3,1,0,0,1,0,0,0,0,"733227,909300000060000","5693908,687099999700000",12.349343725,51.348515092,0,0.0,0,Mitte,,,,,,,,,,
981,123990,123991,14,7,13,000,2016,05,19,7,2,4,2,0,0,1,0,0,0,0,0,"733063,341999999950000","5691844,387299999600000",12.345633967,51.330052134,5,5.0,5,Südwest,,,,,,,,,,