UNFALL_ID,FID_left,OBJECTID,ULAND,UREGBEZ,UKREIS,UGEMEINDE,UJAHR,UMONAT,USTUNDE,UWOCHENTAG,UKATEGORIE,UART,UTYP1,ULICHTVERH,IstStrasse,IstRad,IstPKW,IstFuss,IstKrad,IstGkfz,IstSonstig,LINREFX,LINREFY,XGCSWGS84,YGCSWGS84,index_right,FID_right,SBZ,Name,UIDENTSTLA,LICHT,STRZUSTAND,FID,OBJECTID_1,IstSonstige,UIDENTSTLAE,OID_,IstStrassenzustand,PLST
982,123998,123999,14,7,13,000,2016,05,10,7,3,5,3,0,0,1,1,0,0,0,0,"734624,555300000010000","5693235,240299999700000",12.368919819,51.341895243,0,0.0,0,Mitte,,,,,,,,,,
983,124001,124002,14,7,13,000,2016,05,20,5,3,0,6,0,0,1,0,0,0,0,1,"731938,954099999970000","5692070,973299999700000",12.329670144,51.332545722,7,7.0,7,Alt-West,,,,,,,,,,
984,124004,124005,14,7,13,000,2016,05,22,3,3,6,4,2,0,1,0,1,0,0,0,"735265,422700000000000","5693126,671500000200000",12.378033018,51.340655892,0,0.0,0,Mitte,,,,,,,,,,
985,124008,124009,14,7,13,000,2016,05,12,7,3,5,3,0,0,0,1,0,0,0,0,"737986,406300000030000","5690574,227199999600000",12.415323467,51.316612898,3,3.0,3,Südost,,,,,,,,,,
986,124013,124014,14,7,13,000,2016,05,15,5,3,0,7,0,0,0,1,0,1,0,0,"732444,244300000020000","5692060,040699999800000",12.336903667,51.332241314,5,5.0,5,Südwest,,,,,,,,,,
987,124032,124033,14,7,13,000,2016,05,07,3,3,5,3,0,1,1,1,0,0,0,0,"736315,176100000040000","5688977,081500000300000",12.390327154,51.302972901,4,4.0,4,Süd,,,,,,,,,,
988,124041,124042,14,7,13,000,2016,05,17,3,3,0,5,0,0,1,1,0,0,0,0,"736389,817500000000000","5688360,289699999600000",12.390987562,51.297405426,4,4.0,4,Süd,,,,,,,,,,
989,124042,124043,14,7,13,000,2016,05,08,5,2,0,1,0,0,1,0,0,0,0,0,"736331,611000000030000","5692050,859000000200000",12.392599351,51.330557061,0,0.0,0,Mitte,,,,,,,,,,
990,124044,124045,14,7,13,000,2016,05,17,3,2,5,3,0,0,1,1,0,0,0,0,"733603,645299999970000","5695284,500099999800000",12.355632813,51.360710832,9,9.0,9,Nord,,,,,,,,,,
991,124045,124046,14,7,13,000,2016,05,19,5,3,3,6,0,0,1,0,0,0,0,1,"733034,081000000010000","5690600,990500000300000",12.344401875,51.318902565,5,5.0,5,Südwest,,,,,,,,,,
992,124046,124047,14,7,13,000,2016,05,14,5,3,2,6,0,0,0,1,0,0,0,0,"737506,129100000020000","5697079,561499999800000",12.41278364,51.375205558,1,1.0,1,Nordost,,,,,,,,,,
993,124047,124048,14,7,13,000,2016,05,00,1,3,0,7,2,0,1,0,0,0,0,0,"735461,627199999990000","5689477,956100000100000",12.378434958,51.307822554,4,4.0,4,Süd,,,,,,,,,,
994,124056,124057,14,7,13,000,2016,05,19,5,2,1,5,0,0,1,1,0,0,0,0,"732422,379500000040000","5692855,795300000300000",12.337109518,51.339393515,7,7.0,7,Alt-West,,,,,,,,,,
995,124057,124058,14,7,13,000,2016,05,20,5,3,5,3,0,0,1,1,0,0,0,0,"734835,088899999970000","5692211,569000000100000",12.371262362,51.332619449,0,0.0,0,Mitte,,,,,,,,,,
996,124060,124061,14,7,13,000,2016,05,16,7,3,5,2,0,0,1,1,0,0,0,0,"735519,342900000050000","5692038,701200000000000",12.380952835,51.330784818,0,0.0,0,Mitte,,,,,,,,,,
997,124062,124063,14,7,13,000,2016,05,15,3,2,3,2,0,0,1,1,0,0,0,0,"735077,755800000040000","5696016,265999999800000",12.377252148,51.36667146,9,9.0,9,Nord,,,,,,,,,,
998,124066,124067,14,7,13,000,2016,05,15,5,3,3,5,0,0,0,1,0,0,0,0,"732377,236900000020000","5693081,215099999700000",12.33660962,51.341435494,7,7.0,7,Alt-West,,,,,,,,,,
999,124067,124068,14,7,13,000,2016,05,15,5,3,5,3,0,0,1,1,0,0,0,0,"737297,571299999950000","5695372,515800000200000",12.408653396,51.35997029,1,1.0,1,Nordost,,,,,,,,,,
1000,124071,124072,14,7,13,000,2016,05,16,3,3,5,3,0,0,1,1,0,0,0,0,"734592,930999999980000","5693662,065000000400000",12.368747771,51.345739647,0,0.0,0,Mitte,,,,,,,,,,
1001,124074,124075,14,7,13,000,2016,05,19,5,3,0,2,0,0,1,1,0,0,0,0,"734875,720699999950000","5687381,473299999700000",12.368664661,51.289245551,4,4.0,4,Süd,,,,,,,,,,
1002,124083,124084,14,7,13,000,2016,05,18,5,3,4,3,0,0,1,1,0,0,0,0,"735105,907099999950000","5694833,187900000300000",12.376873918,51.356040135,0,0.0,0,Mitte,,,,,,,,,,
1003,124094,124095,14,7,13,000,2016,05,11,5,3,1,7,0,0,0,1,0,0,0,1,"731254,859199999950000","5693305,406600000300000",12.320668577,51.343905615,7,7.0,7,Alt-West,,,,,,,,,,
1004,124099,124100,14,7,13,000,2016,05,16,2,3,6,4,0,0,1,0,1,0,0,0,"735085,396700000040000","5689903,190000000400000",12.373326988,51.31179512,4,4.0,4,Süd,,,,,,,,,,
1005,124104,124105,14,7,13,000,2016,05,21,5,2,8,1,2,0,0,1,0,0,0,0,"738554,999599999980000","5687093,171699999800000",12.421141407,51.285128956,3,3.0,3,Südost,,,,,,,,,,
1006,124107,124108,14,7,13,000,2016,05,10,7,3,5,3,0,0,1,1,0,0,0,0,"734258,727599999980000","5695326,243800000300000",12.365052921,51.360815853,9,9.0,9,Nord,,,,,,,,,,
1007,124111,124112,14,7,13,000,2016,05,16,6,3,2,6,0,0,0,1,0,0,0,0,"732440,008799999950000","5691685,804499999600000",12.336598871,51.328883628,5,5.0,5,Südwest,,,,,,,,,,
1008,124114,124115,14,7,13,000,2016,05,07,4,3,6,4,0,0,1,0,1,0,0,0,"739896,915299999990000","5692318,458800000100000",12.443861822,51.331466591,2,2.0,2,Ost,,,,,,,,,,
1009,124115,124116,14,7,13,000,2016,05,18,6,3,1,5,0,0,0,1,0,0,0,0,"730354,233299999960000","5693989,782700000300000",12.308202185,51.350414845,7,7.0,7,Alt-West,,,,,,,,,,
1010,124124,124125,14,7,13,000,2016,05,17,4,3,4,2,0,0,0,1,0,0,0,0,"735117,346800000060000","5688754,787399999800000",12.373027951,51.301473369,4,4.0,4,Süd,,,,,,,,,,
1011,124132,124133,14,7,13,000,2016,05,20,6,3,2,6,1,0,0,1,0,0,0,0,"739369,745699999970000","5691697,900899999800000",12.43589183,51.326118665,2,2.0,2,Ost,,,,,,,,,,
1012,124133,124134,14,7,13,000,2016,05,10,2,3,4,2,0,0,0,1,0,0,0,0,"735912,526399999970000","5688683,316700000300000",12.384367159,51.300502939,4,4.0,4,Süd,,,,,,,,,,
1013,124135,124136,14,7,13,000,2016,05,09,6,3,0,7,0,0,0,1,0,0,0,0,"740088,192500000000000","5693926,048999999600000",12.447685942,51.345815122,2,2.0,2,Ost,,,,,,,,,,
1014,124136,124137,14,7,13,000,2016,05,11,1,3,0,6,0,0,1,1,0,0,0,0,"734775,007600000010000","5693702,857499999900000",12.371384426,51.346030657,0,0.0,0,Mitte,,,,,,,,,,
1015,124143,124144,14,7,13,000,2016,05,15,6,3,3,6,0,0,1,0,0,0,0,1,"734675,924400000020000","5690901,793499999700000",12.368119307,51.320928015,4,4.0,4,Süd,,,,,,,,,,
1016,124147,124148,14,7,13,000,2016,05,15,6,3,5,3,0,0,1,1,0,0,0,0,"737155,512100000050000","5696899,623700000300000",12.407635066,51.373736952,1,1.0,1,Nordost,,,,,,,,,,
1017,124150,124151,14,7,13,000,2016,05,19,1,3,5,3,0,0,1,0,0,0,0,0,"732786,945500000030000","5692783,276300000000000",12.342286989,51.338593413,7,7.0,7,Alt-West,,,,,,,,,,
1018,124156,124157,14,7,13,000,2016,05,09,4,3,5,2,0,0,1,1,0,0,0,0,"731310,313100000030000","5693991,289599999800000",12.321909051,51.35004012,7,7.0,7,Alt-West,,,,,,,,,,
1019,124157,124158,14,7,13,000,2016,05,09,6,2,6,4,0,0,0,1,1,0,0,0,"736541,532699999980000","5693016,743999999900000",12.396248432,51.339139762,3,3.0,3,Südost,,,,,,,,,,
1020,124167,124168,14,7,13,000,2016,05,22,1,3,0,3,2,0,1,1,0,0,0,0,"737817,680100000000000","5693498,200600000100000",12.414857925,51.342929063,2,2.0,2,Ost,,,,,,,,,,
1021,124169,124170,14,7,13,000,2016,05,15,6,3,5,3,0,0,1,1,0,0,0,0,"737202,285900000020000","5692517,575699999900000",12.405385143,51.334383957,3,3.0,3,Südost,,,,,,,,,,
1022,124170,124171,14,7,13,000,2016,05,12,6,2,3,5,0,0,0,1,0,1,0,0,"736659,759500000040000","5690521,080799999600000",12.396285603,51.316689059,0,0.0,0,Mitte,,,,,,,,,,
1023,124177,124178,14,7,13,000,2016,06,16,5,3,4,2,0,0,0,1,0,0,0,0,"736593,465100000030000","5691286,206700000000000",12.395843686,51.323584548,0,0.0,0,Mitte,,,,,,,,,,
1024,124185,124186,14,7,13,000,2016,06,16,6,3,6,4,0,0,0,1,1,0,0,0,"736485,734700000030000","5693011,259100000400000",12.395445157,51.339113736,3,3.0,3,Südost,,,,,,,,,,
1025,124191,124192,14,7,13,000,2016,06,17,2,3,0,2,0,0,1,0,0,0,0,0,"736053,297000000020000","5691542,724299999900000",12.388275043,51.326111475,0,0.0,0,Mitte,,,,,,,,,,
1026,124196,124197,14,7,13,000,2016,06,21,7,3,5,5,1,0,1,1,0,0,0,0,"737357,976200000030000","5693460,809899999800000",12.4082446,51.342785532,2,2.0,2,Ost,,,,,,,,,,
1027,124201,124202,14,7,13,000,2016,06,10,6,3,5,3,0,0,1,1,0,0,0,0,"735544,018599999950000","5697397,952999999700000",12.384853665,51.378880668,9,9.0,9,Nord,,,,,,,,,,
1028,124203,124204,14,7,13,000,2016,06,08,5,3,5,3,0,1,0,1,0,0,0,0,"735608,302700000000000","5694415,986200000200000",12.383800222,51.35208717,0,0.0,0,Mitte,,,,,,,,,,
1029,124204,124205,14,7,13,000,2016,06,16,7,3,2,6,0,0,0,1,0,0,0,0,"735656,792000000020000","5693509,938000000100000",12.383895559,51.34393414,0,0.0,0,Mitte,,,,,,,,,,
1030,124207,124208,14,7,13,000,2016,06,15,5,3,4,2,0,0,0,1,0,0,0,1,"733782,282800000040000","5695668,822399999900000",12.358446735,51.364087226,9,9.0,9,Nord,,,,,,,,,,
1031,124209,124210,14,7,13,000,2016,06,19,3,3,3,6,0,0,1,0,0,0,0,0,"739526,216600000040000","5687322,011699999700000",12.435196341,51.286775533,3,3.0,3,Südost,,,,,,,,,,
1032,124211,124212,14,7,13,000,2016,06,21,2,3,0,6,1,0,1,0,0,0,0,0,"735076,454499999990000","5690258,089900000000000",12.373432795,51.314984544,4,4.0,4,Süd,,,,,,,,,,
1033,124213,124214,14,7,13,000,2016,06,15,3,3,6,2,0,0,0,1,1,0,0,0,"731732,906700000050000","5690699,968399999700000",12.325826185,51.320322426,5,5.0,5,Südwest,,,,,,,,,,
1034,124214,124215,14,7,13,000,2016,06,16,5,3,5,3,0,0,1,1,0,0,0,0,"734819,288199999950000","5696323,404000000100000",12.373748605,51.369535326,9,9.0,9,Nord,,,,,,,,,,
1035,124218,124219,14,7,13,000,2016,06,17,3,3,5,3,0,0,1,1,0,0,0,0,"741459,696099999940000","5692963,043800000100000",12.466689354,51.336590851,2,2.0,2,Ost,,,,,,,,,,
1036,124220,124221,14,7,13,000,2016,06,02,5,3,5,3,2,0,1,1,0,0,0,0,"732303,844799999960000","5691992,900700000100000",12.334848026,51.331695974,7,7.0,7,Alt-West,,,,,,,,,,
1037,124221,124222,14,7,13,000,2016,06,13,2,3,5,3,0,0,1,1,0,0,0,0,"737756,981099999980000","5693476,112999999900000",12.413973254,51.342756189,2,2.0,2,Ost,,,,,,,,,,
1038,124223,124224,14,7,13,000,2016,06,17,5,3,5,3,0,0,1,1,0,0,0,0,"736794,499599999980000","5693776,086400000400000",12.400378565,51.345850436,2,2.0,2,Ost,,,,,,,,,,
1039,124226,124227,14,7,13,000,2016,06,15,5,3,5,3,0,0,1,1,0,0,0,0,"735659,509599999990000","5696558,206899999600000",12.385953456,51.371295018,9,9.0,9,Nord,,,,,,,,,,
1040,124227,124228,14,7,13,000,2016,06,17,3,3,6,4,0,1,1,0,1,0,0,0,"735005,906500000040000","5691918,652999999900000",12.373516861,51.329919571,0,0.0,0,Mitte,,,,,,,,,,
1041,124228,124229,14,7,13,000,2016,06,20,1,3,0,3,1,1,0,1,0,0,0,1,"739597,631500000020000","5696303,202600000400000",12.442255749,51.367358728,1,1.0,1,Nordost,,,,,,,,,,
1042,124230,124231,14,7,13,000,2016,06,15,3,3,2,6,0,0,0,1,0,1,0,0,"739785,832399999960000","5695291,331600000200000",12.444272237,51.358197095,2,2.0,2,Ost,,,,,,,,,,
1043,124231,124232,14,7,13,000,2016,06,11,6,3,4,2,0,0,0,1,0,0,0,0,"733225,687500000000000","5693907,752299999800000",12.349311264,51.348507612,0,0.0,0,Mitte,,,,,,,,,,
1044,124234,124235,14,7,13,000,2016,06,07,2,3,5,3,0,0,1,1,0,0,0,0,"738965,132699999960000","5695068,612099999600000",12.432356922,51.356543709,1,1.0,1,Nordost,,,,,,,,,,
1045,124235,124236,14,7,13,000,2016,06,13,5,2,6,4,0,0,0,0,1,0,0,1,"735059,588100000050000","5690432,498499999800000",12.373306151,51.316557074,4,4.0,4,Süd,,,,,,,,,,
1046,124238,124239,14,7,13,000,2016,06,08,2,3,5,3,0,0,0,1,0,0,0,1,"734514,565799999980000","5695386,293700000300000",12.368760726,51.361249353,9,9.0,9,Nord,,,,,,,,,,
1047,124239,124240,14,7,13,000,2016,06,20,3,3,5,2,0,0,1,1,0,0,0,0,"731242,418399999970000","5696757,605999999700000",12.322734151,51.374900458,8,8.0,8,Nordwest,,,,,,,,,,
1048,124240,124241,14,7,13,000,2016,06,10,6,3,5,3,0,0,1,1,0,0,0,0,"734028,015800000050000","5693059,249400000100000",12.360254434,51.3405613,0,0.0,0,Mitte,,,,,,,,,,
1049,124243,124244,14,7,13,000,2016,06,11,2,3,5,2,0,0,1,0,0,0,1,0,"734749,952500000010000","5693851,103600000000000",12.371123049,51.347371718,0,0.0,0,Mitte,,,,,,,,,,
1050,124244,124245,14,7,13,000,2016,06,07,3,2,1,3,0,0,1,1,0,0,0,0,"740990,012899999970000","5693962,163599999600000",12.460635285,51.345757729,2,2.0,2,Ost,,,,,,,,,,
1051,124245,124246,14,7,13,000,2016,06,14,6,3,1,2,0,0,0,1,0,0,0,0,"736489,542999999950000","5688559,571999999700000",12.392547427,51.299152834,4,4.0,4,Süd,,,,,,,,,,
1052,124250,124251,14,7,13,000,2016,06,14,2,3,5,3,0,0,1,1,0,0,0,0,"734794,436200000000000","5692476,221500000000000",12.370854246,51.335011862,0,0.0,0,Mitte,,,,,,,,,,
1053,124253,124254,14,7,13,000,2016,06,18,4,3,5,3,0,0,1,1,0,0,0,0,"731976,244199999960000","5693975,472000000100000",12.331445023,51.349626756,7,7.0,7,Alt-West,,,,,,,,,,
1054,124257,124258,14,7,13,000,2016,06,13,4,3,3,5,0,0,0,1,0,0,0,0,"737416,638200000040000","5696914,424900000000000",12.411389876,51.373760714,1,1.0,1,Nordost,,,,,,,,,,
1055,124258,124259,14,7,13,000,2016,06,18,5,3,5,3,0,0,1,1,0,0,0,0,"729134,623099999970000","5688641,866100000200000",12.287280012,51.30289864,5,5.0,5,Südwest,,,,,,,,,,
1056,124260,124261,14,7,13,000,2016,06,17,4,3,5,3,0,0,1,1,0,0,0,0,"734319,688100000030000","5695873,045900000300000",12.366287197,51.365699037,9,9.0,9,Nord,,,,,,,,,,
1057,124274,124275,14,7,13,000,2016,06,15,4,3,1,5,0,0,1,1,0,0,0,0,"735029,336299999970000","5696492,835799999500000",12.376872829,51.370969328,9,9.0,9,Nord,,,,,,,,,,
1058,124278,124279,14,7,13,000,2016,06,14,4,3,5,3,0,0,0,1,0,0,0,0,"729708,328300000050000","5690340,379800000200000",12.296589687,51.317915258,6,6.0,6,West,,,,,,,,,,
1059,124289,124290,14,7,13,000,2016,06,10,7,3,0,7,0,0,1,0,0,0,0,0,"738035,403700000020000","5691371,583100000400000",12.416557566,51.323749481,3,3.0,3,Südost,,,,,,,,,,
1060,124304,124305,14,7,13,000,2016,06,19,7,3,5,3,0,0,1,1,0,0,0,0,"739014,928599999980000","5697674,268699999900000",12.434822193,51.379910542,1,1.0,1,Nordost,,,,,,,,,,
1061,124309,124310,14,7,13,000,2016,06,15,2,3,6,4,0,0,0,1,1,0,0,0,"735678,282099999950000","5696092,651600000400000",12.385914094,51.367108305,9,9.0,9,Nord,,,,,,,,,,
1062,124311,124312,14,7,13,000,2016,06,17,4,3,5,3,0,0,1,1,0,0,0,0,"742274,225800000010000","5694563,018799999700000",12.479449171,51.350604841,2,2.0,2,Ost,,,,,,,,,,
1063,124328,124329,14,7,13,000,2016,06,10,3,3,5,2,0,0,1,0,0,0,0,1,"735271,085100000030000","5691395,456399999600000",12.376971055,51.325113555,4,4.0,4,Süd,,,,,,,,,,
1064,124334,124335,14,7,13,000,2016,06,21,6,3,4,2,2,0,1,1,0,0,0,0,"733986,761100000000000","5692378,852099999800000",12.359216246,51.334470684,0,0.0,0,Mitte,,,,,,,,,,
1065,124343,124344,14,7,13,000,2016,06,13,3,3,4,2,0,0,0,1,0,0,0,0,"739101,124300000020000","5699445,849600000300000",12.437251052,51.395775459,1,1.0,1,Nordost,,,,,,,,,,
1066,124346,124347,14,7,13,000,2016,06,17,6,3,2,6,0,0,0,1,0,0,0,0,"733008,533000000050000","5690594,785000000100000",12.344031837,51.318857322,5,5.0,5,Südwest,,,,,,,,,,
1067,124359,124360,14,7,13,000,2016,06,18,7,3,2,6,0,0,1,1,0,0,0,0,"734211,804800000040000","5692164,088800000000000",12.362299928,51.332450236,0,0.0,0,Mitte,,,,,,,,,,
1068,124361,124362,14,7,13,000,2016,06,12,4,3,3,5,0,1,1,1,0,0,0,0,"735015,498999999950000","5691303,257399999500000",12.373248537,51.324391573,4,4.0,4,Süd,,,,,,,,,,
1069,124365,124366,14,7,13,000,2016,06,18,7,3,5,3,0,0,1,1,0,0,0,0,"736418,109000000050000","5692681,894799999900000",12.394257424,51.336185419,3,3.0,3,Südost,,,,,,,,,,
1070,124368,124369,14,7,13,000,2016,06,16,4,3,0,7,0,0,0,0,0,0,0,1,"735463,220300000040000","5693303,764399999800000",12.380984853,51.342163661,0,0.0,0,Mitte,,,,,,,,,,
1071,124370,124371,14,7,13,000,2016,06,12,6,3,5,3,0,0,0,1,0,1,0,0,"729629,435100000000000","5700948,649600000100000",12.302309128,51.413177745,8,8.0,8,Nordwest,,,,,,,,,,
1072,124376,124377,14,7,13,000,2016,06,14,4,3,1,6,0,1,0,1,0,0,0,1,"735334,829400000050000","5692595,070799999900000",12.378676509,51.335855348,0,0.0,0,Mitte,,,,,,,,,,
1073,124378,124379,14,7,13,000,2016,06,12,6,2,6,4,0,0,0,1,1,0,0,0,"738701,323699999950000","5697412,063600000000000",12.430148019,51.377688959,1,1.0,1,Nordost,,,,,,,,,,
1074,124379,124380,14,7,13,000,2016,06,15,4,3,2,6,0,1,0,1,0,0,0,0,"739077,851299999980000","5688923,023900000400000",12.42985026,51.301334428,3,3.0,3,Südost,,,,,,,,,,
1075,124380,124381,14,7,13,000,2016,06,06,6,2,0,1,0,1,1,0,0,0,0,0,"729041,414200000000000","5698682,395600000400000",12.292405096,51.393071326,8,8.0,8,Nordwest,,,,,,,,,,
1076,124381,124382,14,7,13,000,2016,06,17,2,2,5,3,0,0,0,1,0,0,0,0,"730412,190999999990000","5690950,947399999900000",12.307067483,51.323111787,6,6.0,6,West,,,,,,,,,,
1077,124388,124389,14,7,13,000,2016,06,20,4,3,5,3,0,0,1,1,0,0,0,0,"735723,102799999990000","5690290,600499999700000",12.382716585,51.315008919,4,4.0,4,Süd,,,,,,,,,,
1078,124391,124392,14,7,13,000,2016,06,08,6,3,6,4,0,0,1,0,1,0,0,0,"735166,567900000020000","5693417,025899999800000",12.376808004,51.343303104,0,0.0,0,Mitte,,,,,,,,,,
1079,124403,124404,14,7,13,000,2016,06,17,3,3,4,7,0,1,0,1,0,0,0,1,"734046,891999999990000","5696708,713000000500000",12.362925479,51.373312794,9,9.0,9,Nord,,,,,,,,,,
1080,124404,124405,14,7,13,000,2016,06,14,1,1,6,7,0,0,0,1,1,0,0,0,"726914,353899999990000","5689664,669900000100000",12.256132838,51.312970039,6,6.0,6,West,,,,,,,,,,
1081,124410,124411,14,7,13,000,2016,06,06,1,2,7,1,0,0,1,0,0,0,0,0,"734212,613400000030000","5692116,520700000200000",12.362280248,51.332022908,0,0.0,0,Mitte,,,,,,,,,,
1082,124411,124412,14,7,13,000,2016,06,14,4,3,1,6,0,1,0,1,0,0,0,0,"738226,960300000040000","5694607,486399999800000",12.421465886,51.352714595,1,1.0,1,Nordost,,,,,,,,,,
1083,124417,124418,14,7,13,000,2016,06,15,6,2,5,3,0,0,1,1,0,0,0,0,"734807,361999999960000","5692362,543999999800000",12.370964552,51.33398611,0,0.0,0,Mitte,,,,,,,,,,
1084,124419,124420,14,7,13,000,2016,05,09,3,3,5,3,0,0,0,1,0,0,0,0,"729778,560399999960000","5691142,710400000200000",12.29811289,51.325089504,6,6.0,6,West,,,,,,,,,,
1085,124420,124421,14,7,13,000,2016,06,09,1,3,6,4,0,0,0,1,1,0,0,0,"735416,915500000000000","5690281,225200000200000",12.378324695,51.315051493,4,4.0,4,Süd,,,,,,,,,,
1086,124427,124428,14,7,13,000,2016,06,07,2,3,5,3,0,0,1,1,0,0,0,0,"740861,836499999980000","5695030,529799999700000",12.459521185,51.355401229,2,2.0,2,Ost,,,,,,,,,,
1087,124429,124430,14,7,13,000,2016,05,19,3,2,6,2,0,1,0,1,1,0,0,0,"732138,107899999940000","5692759,818300000400000",12.332972826,51.338648072,7,7.0,7,Alt-West,,,,,,,,,,
1088,124433,124434,14,7,13,000,2016,06,22,5,3,5,3,2,0,1,1,0,0,0,0,"735049,488800000050000","5691174,299800000200000",12.373650469,51.323219957,4,4.0,4,Süd,,,,,,,,,,
1089,124437,124438,14,7,13,000,2016,06,18,5,3,5,7,0,0,0,1,0,0,0,0,"736249,106900000010000","5699739,214399999900000",12.396524337,51.399603152,9,9.0,9,Nord,,,,,,,,,,
1090,124447,124448,14,7,13,000,2016,06,08,6,3,2,6,0,0,0,1,0,0,0,0,"729383,551600000010000","5691064,249699999600000",12.292402723,51.324544548,6,6.0,6,West,,,,,,,,,,
1091,124450,124451,14,7,13,000,2016,06,19,6,3,4,2,0,0,1,1,0,0,0,0,"731445,290400000060000","5692738,189700000000000",12.323029484,51.338736314,7,7.0,7,Alt-West,,,,,,,,,,
1092,124458,124459,14,7,13,000,2016,06,14,6,3,2,6,0,0,0,1,0,0,0,0,"735100,449900000010000","5697035,390599999600000",12.378251496,51.375810025,9,9.0,9,Nord,,,,,,,,,,
1093,124459,124460,14,7,13,000,2016,06,23,3,3,1,7,2,1,0,1,0,0,0,0,"743972,054899999990000","5694562,481599999600000",12.503783586,51.349873874,2,2.0,2,Ost,,,,,,,,,,
1094,124460,124461,14,7,13,000,2016,05,07,3,3,5,3,0,0,1,0,0,1,0,0,"742987,589099999980000","5693993,204500000000000",12.48928494,51.345186117,2,2.0,2,Ost,,,,,,,,,,
1095,124463,124464,14,7,13,000,2016,06,11,5,2,5,3,0,0,1,1,0,0,0,0,"735168,307599999940000","5693589,225999999800000",12.376946664,51.344848111,0,0.0,0,Mitte,,,,,,,,,,
1096,124466,124467,14,7,13,000,2016,06,18,5,3,5,3,0,0,0,1,0,1,0,0,"739926,252100000040000","5693561,176400000200000",12.445119133,51.342608498,2,2.0,2,Ost,,,,,,,,,,
1097,124469,124470,14,7,13,000,2016,06,04,6,3,0,1,1,0,1,1,0,0,0,0,"737177,161300000040000","5693362,192900000100000",12.405587509,51.34197579,2,2.0,2,Ost,,,,,,,,,,
1098,124470,124471,14,7,13,000,2016,06,19,2,3,6,4,0,0,0,1,1,0,0,0,"737217,863699999990000","5692147,337299999800000",12.405361876,51.331054167,3,3.0,3,Südost,,,,,,,,,,
1099,124475,124476,14,7,13,000,2016,06,16,5,3,3,2,0,0,1,1,0,0,0,0,"734754,036300000040000","5691052,041100000000000",12.369337231,51.322244485,4,4.0,4,Süd,,,,,,,,,,
1100,124476,124477,14,7,13,000,2016,06,18,2,3,2,6,0,0,1,1,0,0,0,0,"732648,272299999950000","5691758,825799999800000",12.339630643,51.329453983,5,5.0,5,Südwest,,,,,,,,,,
1101,124477,124478,14,7,13,000,2016,06,22,5,3,5,3,2,0,1,1,0,0,0,0,"737136,567000000040000","5694426,576100000200000",12.405714668,51.3515467,1,1.0,1,Nordost,,,,,,,,,,
1102,124479,124480,14,7,13,000,2016,06,16,1,3,5,3,0,0,0,1,0,0,0,0,"731737,348099999940000","5690370,334200000400000",12.325675596,51.317361542,5,5.0,5,Südwest,,,,,,,,,,
1103,124481,124482,14,7,13,000,2016,06,09,2,3,3,2,0,0,0,1,0,0,0,1,"733668,573699999950000","5694711,112300000200000",12.356187193,51.355537116,0,0.0,0,Mitte,,,,,,,,,,
1104,124482,124483,14,7,13,000,2016,06,19,5,3,1,5,0,0,1,1,0,0,0,0,"737887,921600000000000","5697870,379099999600000",12.418788598,51.382144068,1,1.0,1,Nordost,,,,,,,,,,
1105,124485,124486,14,7,13,000,2016,06,16,6,3,5,3,0,0,0,1,0,0,0,0,"734018,356900000010000","5700446,146300000100000",12.364979,51.40687321,9,9.0,9,Nord,,,,,,,,,,
1106,124487,124488,14,7,13,000,2016,06,12,2,3,3,2,0,0,1,1,0,0,0,0,"735001,549200000010000","5692242,393699999900000",12.373667929,51.332827394,0,0.0,0,Mitte,,,,,,,,,,
1107,124491,124492,14,7,13,000,2016,06,12,5,3,0,7,0,0,0,1,0,0,0,0,"736747,622399999990000","5688798,345099999600000",12.396401066,51.301188883,4,4.0,4,Süd,,,,,,,,,,
1108,124493,124494,14,7,13,000,2016,06,21,7,3,3,3,0,0,1,1,0,0,0,0,"736681,208100000050000","5689804,288300000100000",12.396117232,51.310246062,4,4.0,4,Süd,,,,,,,,,,
1109,124495,124496,14,7,13,000,2016,06,12,5,2,5,3,0,0,1,1,0,0,0,0,"742019,178100000020000","5693996,094300000000000",12.475408111,51.345625108,2,2.0,2,Ost,,,,,,,,,,
1110,124496,124497,14,7,13,000,2016,06,17,2,3,6,5,0,0,0,1,1,0,0,0,"732509,155799999950000","5691330,490000000200000",12.337357859,51.325665808,5,5.0,5,Südwest,,,,,,,,,,
1111,124497,124498,14,7,13,000,2016,06,15,7,3,3,6,0,0,0,1,0,0,0,0,"734792,272800000040000","5692509,247299999900000",12.37084501,51.335309208,0,0.0,0,Mitte,,,,,,,,,,
1112,124499,124500,14,7,13,000,2016,06,07,2,3,5,3,0,0,1,1,0,0,0,0,"731019,475899999960000","5693986,573499999900000",12.317736723,51.350116059,7,7.0,7,Alt-West,,,,,,,,,,
1113,124501,124502,14,7,13,000,2016,06,12,7,3,5,3,0,0,1,1,0,0,0,0,"740785,210300000040000","5695230,148799999600000",12.458557825,51.357225389,2,2.0,2,Ost,,,,,,,,,,
1114,124502,124503,14,7,13,000,2016,06,23,5,2,4,2,2,0,0,1,0,0,0,0,"734795,714900000020000","5692482,828499999800000",12.370876924,51.335070641,0,0.0,0,Mitte,,,,,,,,,,
1115,124504,124505,14,7,13,000,2016,06,10,7,3,0,7,0,0,1,0,0,0,0,0,"740934,914899999970000","5687210,218899999700000",12.455284677,51.285178138,3,3.0,3,Südost,,,,,,,,,,
1116,124506,124507,14,7,13,000,2016,06,11,7,2,4,6,0,0,0,1,0,0,0,0,"737616,501399999950000","5694788,507500000300000",12.41283593,51.354594969,1,1.0,1,Nordost,,,,,,,,,,
1117,124508,124509,14,7,13,000,2016,06,07,5,3,4,2,0,0,1,0,0,1,0,0,"731779,795000000040000","5691739,793800000100000",12.327174012,51.329637664,5,5.0,5,Südwest,,,,,,,,,,
1118,124509,124510,14,7,13,000,2016,06,14,2,3,5,3,0,0,0,1,0,1,0,0,"740536,021500000030000","5689129,229799999900000",12.450867769,51.302571202,3,3.0,3,Südost,,,,,,,,,,
1119,124510,124511,14,7,13,000,2016,06,18,7,3,4,2,0,1,0,1,0,0,0,0,"735420,055300000010000","5690251,066499999700000",12.378349763,51.314779478,4,4.0,4,Süd,,,,,,,,,,
1120,124511,124512,14,7,13,000,2016,06,11,5,3,5,3,0,0,0,1,0,0,0,1,"735629,478000000000000","5695937,963000000500000",12.385111763,51.365740029,9,9.0,9,Nord,,,,,,,,,,