UNFALL_ID,FID_left,OBJECTID,ULAND,UREGBEZ,UKREIS,UGEMEINDE,UJAHR,UMONAT,USTUNDE,UWOCHENTAG,UKATEGORIE,UART,UTYP1,ULICHTVERH,IstStrasse,IstRad,IstPKW,IstFuss,IstKrad,IstGkfz,IstSonstig,LINREFX,LINREFY,XGCSWGS84,YGCSWGS84,index_right,FID_right,SBZ,Name,UIDENTSTLA,LICHT,STRZUSTAND,FID,OBJECTID_1,IstSonstige,UIDENTSTLAE,OID_,IstStrassenzustand,PLST
1813,127123,127124,14,7,13,000,2016,11,07,5,3,5,3,0,1,1,1,0,0,0,0,"734370,090699999940000","5692372,108500000100000",12.364704878,51.334252319,0,0.0,0,Mitte,,,,,,,,,,
1814,127127,127128,14,7,13,000,2016,11,12,3,3,4,2,0,1,0,1,0,0,0,0,"736759,626000000050000","5699848,904600000000000",12.403923275,51.400374954,9,9.0,9,Nord,,,,,,,,,,
1815,127128,127129,14,7,13,000,2016,11,14,7,3,3,6,0,1,1,1,0,0,0,0,"732713,738999999940000","5692710,355800000000000",12.34119019,51.337968792,7,7.0,7,Alt-West,,,,,,,,,,
1816,127130,127131,14,7,13,000,2016,11,04,5,3,6,2,2,1,0,1,1,0,0,0,"732324,810599999970000","5691367,786999999500000",12.334740952,51.326075922,5,5.0,5,Südwest,,,,,,,,,,
1817,127131,127132,14,7,13,000,2016,11,13,7,3,8,1,0,1,0,1,0,0,0,0,"737931,866700000010000","5693266,069500000200000",12.416339331,51.340797689,2,2.0,2,Ost,,,,,,,,,,
1818,127132,127133,14,7,13,000,2016,11,15,3,2,5,3,0,1,0,1,0,0,0,0,"735608,302700000000000","5694415,986200000200000",12.383800222,51.35208717,0,0.0,0,Mitte,,,,,,,,,,
1819,127134,127135,14,7,13,000,2016,11,11,5,3,2,6,0,1,0,1,0,0,0,0,"735095,936100000050000","5694526,814399999600000",12.37652857,51.353294152,0,0.0,0,Mitte,,,,,,,,,,
1820,127135,127136,14,7,13,000,2016,11,14,3,2,0,7,0,1,1,0,0,0,0,0,"732582,045500000010000","5692080,112900000100000",12.338891398,51.332365166,5,5.0,5,Südwest,,,,,,,,,,
1821,127137,127138,14,7,13,000,2016,11,20,3,3,5,3,2,1,0,1,0,0,0,0,"734569,807999999960000","5692131,366000000400000",12.36740829,51.332008975,0,0.0,0,Mitte,,,,,,,,,,
1822,127138,127139,14,7,13,000,2016,11,12,3,3,5,3,0,0,1,1,0,0,0,0,"738086,196000000000000","5697557,152999999900000",12.421422758,51.379249487,1,1.0,1,Nordost,,,,,,,,,,
1823,127141,127142,14,7,13,000,2016,11,13,3,3,2,6,0,1,0,1,0,0,0,0,"735040,951499999970000","5690881,787399999800000",12.373335327,51.320597774,4,4.0,4,Süd,,,,,,,,,,
1824,127144,127145,14,7,13,000,2016,11,08,5,3,2,2,0,1,0,1,0,0,0,0,"735614,826299999960000","5693402,427600000100000",12.383222948,51.342986488,0,0.0,0,Mitte,,,,,,,,,,
1825,127145,127146,14,7,13,000,2016,11,13,7,3,2,2,0,1,0,1,0,0,0,0,"731835,575900000050000","5689404,607499999900000",12.326455074,51.308652353,5,5.0,5,Südwest,,,,,,,,,,
1826,127147,127148,14,7,13,000,2016,11,11,1,3,2,6,0,0,0,1,0,0,0,0,"730533,766700000040000","5691502,199099999900000",12.309165832,51.328011122,7,7.0,7,Alt-West,,,,,,,,,,
1827,127148,127149,14,7,13,000,2016,11,17,3,3,6,2,2,1,0,1,1,0,0,0,"732150,307099999980000","5690953,280199999900000",12.331970779,51.322426219,5,5.0,5,Südwest,,,,,,,,,,
1828,127150,127151,14,7,13,000,2016,11,06,2,2,5,3,2,0,0,1,0,1,0,0,"731897,542999999950000","5690507,417799999900000",12.328059543,51.318526863,5,5.0,5,Südwest,,,,,,,,,,
1829,127151,127152,14,7,13,000,2016,11,10,7,3,1,6,0,1,0,1,0,0,0,0,"735303,635099999960000","5690066,263600000200000",12.376560303,51.313168759,4,4.0,4,Süd,,,,,,,,,,
1830,127153,127154,14,7,13,000,2016,11,20,4,3,1,1,2,1,0,1,0,0,0,1,"734359,725499999940000","5700098,211299999600000",12.369648662,51.403609114,9,9.0,9,Nord,,,,,,,,,,
1831,127154,127155,14,7,13,000,2016,11,05,1,2,0,1,2,0,1,0,0,0,0,0,"735414,830500000040000","5692990,504900000100000",12.380084265,51.339371782,0,0.0,0,Mitte,,,,,,,,,,
1832,127155,127156,14,7,13,000,2016,11,10,5,2,3,5,0,1,0,1,0,0,0,0,"737628,056100000050000","5697078,087799999900000",12.414531313,51.375141329,1,1.0,1,Nordost,,,,,,,,,,
1833,127156,127157,14,7,13,000,2016,11,15,7,3,4,2,0,1,0,1,0,0,0,0,"734748,094000000040000","5691052,186999999900000",12.369252198,51.322248246,4,4.0,4,Süd,,,,,,,,,,
1834,127158,127159,14,7,13,000,2016,11,07,5,3,0,3,1,0,1,1,0,0,0,0,"734889,649600000000000","5694333,600200000200000",12.373443814,51.35164508,0,0.0,0,Mitte,,,,,,,,,,
1835,127161,127162,14,7,13,000,2016,11,07,5,3,2,6,0,1,1,1,0,0,0,0,"734172,131100000000000","5692166,018199999800000",12.361732701,51.33248389,0,0.0,0,Mitte,,,,,,,,,,
1836,127162,127163,14,7,13,000,2016,11,12,7,3,1,5,0,1,0,1,0,0,0,0,"743230,409499999950000","5694314,207600000300000",12.492984164,51.347963371,2,2.0,2,Ost,,,,,,,,,,
1837,127165,127166,14,7,13,000,2016,11,14,2,2,0,7,0,0,0,0,1,0,0,1,"734887,431100000050000","5699005,108799999600000",12.376498606,51.393578922,9,9.0,9,Nord,,,,,,,,,,
1838,127167,127168,14,7,13,000,2016,11,14,7,3,1,1,0,1,0,1,0,0,0,0,"735878,450900000050000","5696089,518899999600000",12.388782378,51.366997109,9,9.0,9,Nord,,,,,,,,,,
1839,127169,127170,14,7,13,000,2016,11,18,7,3,6,2,2,0,0,1,1,0,0,0,"734785,159899999970000","5693005,843700000100000",12.371070393,51.339769795,0,0.0,0,Mitte,,,,,,,,,,
1840,127172,127173,14,7,13,000,2016,11,10,5,3,5,3,0,0,1,1,0,0,0,0,"735567,150499999990000","5692150,999599999700000",12.381712081,51.331773048,0,0.0,0,Mitte,,,,,,,,,,
1841,127180,127181,14,7,13,000,2016,11,08,5,3,5,2,0,0,1,1,0,0,0,0,"736340,297999999950000","5694746,407999999800000",12.394512765,51.354749202,1,1.0,1,Nordost,,,,,,,,,,
1842,127182,127183,14,7,13,000,2016,11,12,5,3,5,3,0,0,1,1,0,0,0,0,"729828,297000000020000","5689948,235899999700000",12.298055618,51.314346504,6,6.0,6,West,,,,,,,,,,
1843,127183,127184,14,7,13,000,2016,11,09,7,3,2,2,0,1,0,1,0,0,0,0,"735627,780600000060000","5696711,045599999800000",12.385599728,51.372680095,9,9.0,9,Nord,,,,,,,,,,
1844,127185,127186,14,7,13,000,2016,11,18,7,3,2,6,2,0,0,1,0,0,0,0,"735172,454099999970000","5693457,098299999700000",12.376918832,51.343660373,0,0.0,0,Mitte,,,,,,,,,,
1845,127188,127189,14,7,13,000,2016,11,17,3,3,0,5,2,0,1,1,0,0,0,0,"734792,180900000040000","5689790,480399999800000",12.36905316,51.310904409,4,4.0,4,Süd,,,,,,,,,,
1846,127197,127198,14,7,13,000,2016,11,23,7,3,6,4,2,1,0,1,1,0,0,0,"737305,157699999980000","5692934,439399999600000",12.4071369,51.338082844,3,3.0,3,Südost,,,,,,,,,,
1847,127201,127202,14,7,13,000,2016,11,12,5,3,5,3,0,1,0,1,0,0,0,0,"737268,712999999990000","5693462,487999999900000",12.406966413,51.34283785,2,2.0,2,Ost,,,,,,,,,,
1848,127202,127203,14,7,13,000,2016,11,14,3,3,5,3,0,0,0,1,0,0,1,0,"734571,472399999970000","5694870,599499999500000",12.369236654,51.356596794,9,9.0,9,Nord,,,,,,,,,,
1849,127206,127207,14,7,13,000,2016,11,16,4,3,5,3,0,1,0,1,0,0,0,0,"733638,903000000050000","5695585,154000000100000",12.356335819,51.363395156,9,9.0,9,Nord,,,,,,,,,,
1850,127208,127209,14,7,13,000,2016,11,09,7,3,5,3,0,0,0,1,0,0,0,0,"729487,586699999990000","5694825,841400000300000",12.296317262,51.358270746,7,7.0,7,Alt-West,,,,,,,,,,
1851,127213,127214,14,7,13,000,2016,11,09,2,3,2,2,0,2,0,1,0,0,0,0,"727280,341499999980000","5688969,257500000300000",12.260932488,51.306580986,6,6.0,6,West,,,,,,,,,,
1852,127214,127215,14,7,13,000,2016,11,05,5,3,8,1,2,1,0,1,0,0,0,0,"738908,998099999970000","5698122,963899999900000",12.433604528,51.383982498,1,1.0,1,Nordost,,,,,,,,,,
1853,127215,127216,14,7,13,000,2016,11,17,3,3,6,4,2,0,0,1,1,0,0,0,"737159,307999999960000","5694838,148799999600000",12.406314913,51.355231511,1,1.0,1,Nordost,,,,,,,,,,
1854,127218,127219,14,7,13,000,2016,11,18,4,3,3,6,2,1,1,1,0,0,0,0,"737506,567999999970000","5697032,699000000000000",12.412758622,51.374784739,1,1.0,1,Nordost,,,,,,,,,,
1855,127221,127222,14,7,13,000,2016,11,00,7,3,6,4,2,0,0,1,1,0,0,0,"730749,947399999950000","5692046,831100000100000",12.312616068,51.33281261,7,7.0,7,Alt-West,,,,,,,,,,
1856,127222,127223,14,7,13,000,2016,11,17,3,2,0,1,1,0,1,0,0,0,0,0,"739913,445100000010000","5693855,145399999800000",12.445133652,51.34525248,2,2.0,2,Ost,,,,,,,,,,
1857,127233,127234,14,7,13,000,2016,11,23,4,3,8,1,2,1,0,1,0,0,0,0,"734802,714400000060000","5693059,317900000100000",12.371357227,51.340242552,0,0.0,0,Mitte,,,,,,,,,,
1858,127239,127240,14,7,13,000,2016,11,15,2,3,2,6,0,0,0,1,0,0,0,0,"731895,526300000030000","5692973,213999999700000",12.329635164,51.340662652,7,7.0,7,Alt-West,,,,,,,,,,
1859,127242,127243,14,7,13,000,2016,11,17,5,1,1,5,2,0,1,1,0,0,0,1,"735439,349000000050000","5693174,240000000200000",12.380557101,51.341010895,0,0.0,0,Mitte,,,,,,,,,,
1860,127243,127244,14,7,13,000,2016,11,15,6,3,2,6,0,0,0,1,0,0,0,0,"735547,329900000010000","5692911,098500000300000",12.381930621,51.338604138,0,0.0,0,Mitte,,,,,,,,,,
1861,127247,127248,14,7,13,000,2016,11,22,3,2,5,3,2,1,0,1,0,0,0,0,"735506,174000000000000","5689738,733000000000000",12.379245054,51.310144958,4,4.0,4,Süd,,,,,,,,,,
1862,127248,127249,14,7,13,000,2016,11,07,2,3,6,4,0,0,0,1,1,0,0,0,"738086,640000000010000","5697553,512199999800000",12.421426688,51.379216622,1,1.0,1,Nordost,,,,,,,,,,
1863,127251,127252,14,7,13,000,2016,11,16,3,3,5,2,0,0,1,1,0,0,0,0,"741881,884100000020000","5692984,783200000400000",12.472753617,51.336606572,2,2.0,2,Ost,,,,,,,,,,
1864,127252,127253,14,7,13,000,2016,11,14,2,3,5,3,0,0,1,1,0,0,0,0,"729084,656100000020000","5698858,457899999800000",12.293139179,51.39463439,8,8.0,8,Nordwest,,,,,,,,,,
1865,127256,127257,14,7,13,000,2016,11,05,6,3,5,3,2,0,1,1,0,0,0,0,"735912,986299999990000","5688681,799599999600000",12.384372742,51.300489131,4,4.0,4,Süd,,,,,,,,,,
1866,127260,127261,14,7,13,000,2016,11,15,2,3,5,2,0,0,1,1,0,0,0,0,"738825,946099999940000","5694805,115199999900000",12.430184733,51.354237115,1,1.0,1,Nordost,,,,,,,,,,
1867,127262,127263,14,7,13,000,2016,11,18,3,2,5,3,1,0,1,1,0,0,0,0,"741877,822799999970000","5692523,604000000300000",12.472382336,51.332469005,2,2.0,2,Ost,,,,,,,,,,
1868,127263,127264,14,7,13,000,2016,11,07,2,2,5,3,0,0,1,1,0,0,0,0,"734744,287000000010000","5690667,502299999800000",12.368944401,51.318796715,4,4.0,4,Süd,,,,,,,,,,
1869,127267,127268,14,7,13,000,2016,11,09,6,3,1,7,0,1,0,1,0,0,0,0,"734727,639700000060000","5690179,933699999900000",12.368385034,51.314426942,4,4.0,4,Süd,,,,,,,,,,
1870,127269,127270,14,7,13,000,2016,11,06,6,2,5,3,0,0,1,1,0,0,0,0,"740972,702999999980000","5698145,089999999900000",12.463221193,51.383308973,1,1.0,1,Nordost,,,,,,,,,,
1871,127270,127271,14,7,13,000,2016,11,11,6,2,5,3,0,1,1,1,0,0,0,0,"735616,906500000040000","5689352,428100000100000",12.38057588,51.306631525,4,4.0,4,Süd,,,,,,,,,,
1872,127274,127275,14,7,13,000,2016,11,13,6,3,1,7,0,0,0,1,0,0,0,0,"737117,892400000010000","5696378,683000000200000",12.406748102,51.369076686,1,1.0,1,Nordost,,,,,,,,,,
1873,127275,127276,14,7,13,000,2016,11,09,2,3,0,7,0,0,0,1,0,0,0,1,"737289,543799999980000","5692936,565899999800000",12.406914563,51.338108447,3,3.0,3,Südost,,,,,,,,,,
1874,127278,127279,14,7,13,000,2016,11,16,2,3,5,3,2,1,1,1,0,0,0,0,"732151,738999999940000","5692470,858000000000000",12.332979862,51.336048582,7,7.0,7,Alt-West,,,,,,,,,,
1875,127280,127281,14,7,13,000,2016,11,13,6,2,5,3,0,0,0,1,0,0,0,0,"739926,244799999990000","5693561,210500000000000",12.445119052,51.342608807,2,2.0,2,Ost,,,,,,,,,,
1876,127288,127289,14,7,13,000,2016,11,05,6,2,4,2,2,1,0,1,0,0,0,1,"740593,700199999960000","5700200,480399999800000",12.45917751,51.401917857,1,1.0,1,Nordost,,,,,,,,,,
1877,127293,127294,14,7,13,000,2016,11,09,2,3,6,4,0,1,0,1,1,0,0,0,"731790,826800000040000","5690215,841699999800000",12.326341274,51.315952907,5,5.0,5,Südwest,,,,,,,,,,
1878,127296,127297,14,7,13,000,2016,11,08,4,3,5,3,0,0,1,1,0,0,0,0,"734666,225699999950000","5692450,598299999700000",12.369000116,51.334834772,0,0.0,0,Mitte,,,,,,,,,,
1879,127299,127300,14,7,13,000,2016,11,16,3,3,6,4,0,0,1,0,1,0,0,0,"735152,285400000050000","5693333,503600000400000",12.376548147,51.342559286,0,0.0,0,Mitte,,,,,,,,,,
1880,127300,127301,14,7,13,000,2016,11,11,5,3,6,4,0,0,0,1,1,0,0,0,"734268,908999999990000","5695509,388399999600000",12.365319517,51.362455638,9,9.0,9,Nord,,,,,,,,,,
1881,127302,127303,14,7,13,000,2016,11,16,3,3,5,2,0,0,1,1,0,0,0,0,"731268,986999999960000","5693463,784000000000000",12.320973945,51.345321599,7,7.0,7,Alt-West,,,,,,,,,,
1882,127304,127305,14,7,13,000,2016,12,12,2,3,6,6,0,0,1,0,1,0,0,0,"741282,901199999960000","5686985,760300000200000",12.460113877,51.283016219,3,3.0,3,Südost,,,,,,,,,,
1883,127311,127312,14,7,13,000,2016,11,12,5,3,1,5,0,0,1,1,0,0,0,0,"734380,768799999960000","5692000,149799999800000",12.364613223,51.330909043,0,0.0,0,Mitte,,,,,,,,,,
1884,127313,127314,14,7,13,000,2016,11,16,3,3,5,2,1,0,1,1,0,0,0,0,"736728,204700000000000","5692718,706399999600000",12.39872553,51.336386855,3,3.0,3,Südost,,,,,,,,,,
1885,127315,127316,14,7,13,000,2016,12,19,2,3,4,2,1,0,0,1,0,0,0,1,"738845,170000000040000","5689156,303000000300000",12.426674683,51.303525971,3,3.0,3,Südost,,,,,,,,,,
1886,127317,127318,14,7,13,000,2016,12,06,6,3,2,2,1,1,0,1,0,0,0,0,"732610,721299999980000","5692396,467199999800000",12.339508849,51.335193257,7,7.0,7,Alt-West,,,,,,,,,,
1887,127319,127320,14,7,13,000,2016,12,11,2,2,4,2,0,0,1,1,0,0,0,0,"735589,508999999960000","5692244,133999999600000",12.382094028,51.332599791,0,0.0,0,Mitte,,,,,,,,,,
1888,127323,127324,14,7,13,000,2016,12,13,6,3,4,2,0,0,1,1,0,0,0,0,"740537,045799999960000","5689129,326299999800000",12.450882501,51.302571635,3,3.0,3,Südost,,,,,,,,,,
1889,127328,127329,14,7,13,000,2016,11,07,3,3,3,2,0,0,1,1,0,0,0,0,"734057,687200000040000","5693025,316200000200000",12.360657379,51.340244486,0,0.0,0,Mitte,,,,,,,,,,
1890,127329,127330,14,7,13,000,2016,12,17,2,3,0,1,1,2,0,0,0,1,0,0,"734651,150400000040000","5696517,870400000400000",12.371465735,51.371350404,9,9.0,9,Nord,,,,,,,,,,
1891,127336,127337,14,7,13,000,2016,11,15,7,3,2,6,0,0,0,1,0,0,0,0,"736973,432599999940000","5693015,742399999900000",12.402437229,51.338950956,2,2.0,2,Ost,,,,,,,,,,
1892,127338,127339,14,7,13,000,2016,12,11,2,3,4,2,0,0,1,1,0,0,0,0,"735399,243200000030000","5690887,807000000000000",12.378471958,51.320503703,4,4.0,4,Süd,,,,,,,,,,
1893,127341,127342,14,7,13,000,2016,12,17,2,3,6,7,2,0,1,0,1,0,0,0,"734574,007300000060000","5693191,957700000100000",12.368166849,51.341527575,0,0.0,0,Mitte,,,,,,,,,,
1894,127347,127348,14,7,13,000,2016,11,10,7,3,3,6,0,0,1,1,0,0,0,0,"735970,731000000030000","5691622,010999999900000",12.387144614,51.326857425,0,0.0,0,Mitte,,,,,,,,,,
1895,127352,127353,14,7,13,000,2016,11,15,4,3,6,4,0,1,0,1,1,0,0,0,"737687,131700000030000","5692373,102000000000000",12.412236196,51.332884747,2,2.0,2,Ost,,,,,,,,,,
1896,127358,127359,14,7,13,000,2016,12,05,1,3,5,3,2,0,0,1,0,0,0,0,"735404,659699999960000","5691393,726900000100000",12.378883603,51.325042779,0,0.0,0,Mitte,,,,,,,,,,
1897,127361,127362,14,7,13,000,2016,11,18,7,2,6,4,1,0,0,1,1,0,0,0,"734786,870000000000000","5692624,875099999800000",12.370843792,51.336349361,0,0.0,0,Mitte,,,,,,,,,,
1898,127369,127370,14,7,13,000,2016,11,17,5,3,3,2,2,0,1,1,0,0,0,0,"734718,994799999990000","5690210,860899999700000",12.36828156,51.314708124,4,4.0,4,Süd,,,,,,,,,,
1899,127374,127375,14,7,13,000,2016,11,19,5,3,1,5,1,0,1,1,0,0,0,0,"734510,653000000050000","5694995,922600000200000",12.368447302,51.357746844,9,9.0,9,Nord,,,,,,,,,,
1900,127377,127378,14,7,13,000,2016,11,13,7,3,2,6,0,0,0,1,0,0,0,0,"738654,259100000020000","5689261,200699999900000",12.424011107,51.304547579,3,3.0,3,Südost,,,,,,,,,,
1901,127384,127385,14,7,13,000,2016,11,19,7,3,1,6,2,0,0,1,0,0,0,0,"735047,897600000030000","5691268,965599999800000",12.373690088,51.324070372,4,4.0,4,Süd,,,,,,,,,,
1902,127396,127397,14,7,13,000,2016,12,15,1,3,5,3,0,0,0,1,0,0,0,0,"734025,609100000000000","5695770,242800000100000",12.362002564,51.364897446,9,9.0,9,Nord,,,,,,,,,,
1903,127402,127403,14,7,13,000,2016,12,04,5,2,6,4,2,0,0,1,1,0,0,0,"737089,172999999950000","5691704,604700000000000",12.403223439,51.3271338,3,3.0,3,Südost,,,,,,,,,,
1904,127408,127409,14,7,13,000,2016,12,06,3,3,5,3,2,0,1,1,0,0,0,0,"732687,805799999970000","5691861,573900000200000",12.340264193,51.330360152,5,5.0,5,Südwest,,,,,,,,,,
1905,127411,127412,14,7,13,000,2016,12,15,3,3,6,2,0,0,0,1,1,0,0,0,"736088,708499999950000","5688053,259700000300000",12.386473282,51.294774329,4,4.0,4,Süd,,,,,,,,,,
1906,127418,127419,14,7,13,000,2016,12,18,6,3,5,3,2,1,1,0,0,0,0,1,"734176,708899999970000","5692176,400999999600000",12.361805121,51.332575206,0,0.0,0,Mitte,,,,,,,,,,
1907,127420,127421,14,7,13,000,2016,12,13,3,3,5,3,0,0,0,1,0,0,0,1,"731868,356299999980000","5690082,119099999800000",12.327364924,51.31472092,5,5.0,5,Südwest,,,,,,,,,,
1908,127421,127422,14,7,13,000,2016,11,15,5,3,2,2,0,0,0,1,0,0,0,0,"729979,234500000020000","5694282,652900000100000",12.303015546,51.353195787,7,7.0,7,Alt-West,,,,,,,,,,
1909,127433,127434,14,7,13,000,2016,12,20,6,3,5,3,2,1,0,1,0,0,0,0,"733871,372300000050000","5695332,123900000000000",12.35950283,51.361028197,9,9.0,9,Nord,,,,,,,,,,
1910,127434,127435,14,7,13,000,2016,12,07,3,3,2,6,0,0,0,1,0,0,0,0,"734494,515299999970000","5690898,460699999700000",12.365518316,51.320972885,4,4.0,4,Süd,,,,,,,,,,
1911,127443,127444,14,7,13,000,2016,12,09,5,3,5,3,0,1,1,1,0,0,0,0,"733758,820599999980000","5695444,000400000300000",12.357962554,51.362078769,9,9.0,9,Nord,,,,,,,,,,
1912,127448,127449,14,7,13,000,2016,12,18,6,3,5,2,2,0,1,1,0,0,0,0,"731126,728499999970000","5691671,143299999600000",12.317771686,51.329287117,7,7.0,7,Alt-West,,,,,,,,,,
1913,127452,127453,14,7,13,000,2016,11,14,6,3,5,3,0,0,1,1,0,0,0,0,"736571,618600000050000","5697169,643199999800000",12.399440821,51.376404176,1,1.0,1,Nordost,,,,,,,,,,
1914,127457,127458,14,7,13,000,2016,11,06,2,3,1,5,2,0,0,1,0,1,0,0,"729276,808800000000000","5690399,830699999800000",12.290446061,51.318622977,6,6.0,6,West,,,,,,,,,,
1915,127460,127461,14,7,13,000,2016,12,18,1,3,6,2,2,0,0,1,1,0,0,0,"732135,526700000050000","5692083,769700000100000",12.332495316,51.332580401,7,7.0,7,Alt-West,,,,,,,,,,
1916,127462,127463,14,7,13,000,2016,11,15,2,2,2,6,0,0,0,1,0,0,0,0,"735205,530999999960000","5694043,239000000100000",12.377780125,51.348908083,0,0.0,0,Mitte,,,,,,,,,,
1917,127465,127466,14,7,13,000,2016,12,16,1,2,6,4,2,0,0,1,1,0,0,0,"735675,341999999950000","5696276,707999999600000",12.38599392,51.368761655,9,9.0,9,Nord,,,,,,,,,,
1918,127467,127468,14,7,13,000,2016,11,13,2,3,3,6,0,0,0,1,0,0,0,0,"731279,557999999960000","5697155,486999999700000",12.323525764,51.378457025,8,8.0,8,Nordwest,,,,,,,,,,
1919,127472,127473,14,7,13,000,2016,11,16,2,3,6,4,2,0,0,1,1,0,0,0,"732441,107800000000000","5691689,015599999600000",12.336616712,51.328912004,5,5.0,5,Südwest,,,,,,,,,,
1920,127473,127474,14,7,13,000,2016,11,16,6,3,6,4,1,0,1,0,1,0,0,0,"735045,827799999970000","5690878,544999999900000",12.373403045,51.320566654,4,4.0,4,Süd,,,,,,,,,,
1921,127475,127476,14,7,13,000,2016,11,12,3,3,5,3,0,0,1,0,0,0,0,1,"731832,448899999960000","5691422,793700000300000",12.327722283,51.326770556,5,5.0,5,Südwest,,,,,,,,,,
1922,127482,127483,14,7,13,000,2016,12,01,5,3,5,3,2,1,0,1,0,0,0,0,"737135,415099999980000","5694425,375000000000000",12.405697356,51.351536399,1,1.0,1,Nordost,,,,,,,,,,
1923,127485,127486,14,7,13,000,2016,12,19,7,3,5,7,2,0,0,1,0,0,0,1,"735065,949299999980000","5690663,087100000100000",12.37354926,51.318624305,4,4.0,4,Süd,,,,,,,,,,
1924,127487,127488,14,7,13,000,2016,11,16,2,3,6,7,1,0,0,1,1,0,0,0,"735247,785400000050000","5692877,621899999700000",12.377615754,51.338427635,0,0.0,0,Mitte,,,,,,,,,,
1925,127488,127489,14,7,13,000,2016,11,10,6,3,5,3,0,0,1,1,0,0,0,0,"738866,135299999970000","5689632,191900000000000",12.427293418,51.307788722,3,3.0,3,Südost,,,,,,,,,,
1926,127493,127494,14,7,13,000,2016,12,07,5,3,5,3,1,1,1,1,0,0,0,0,"734633,547499999990000","5690883,457999999600000",12.367500167,51.320780903,4,4.0,4,Süd,,,,,,,,,,
1927,127495,127496,14,7,13,000,2016,11,10,6,3,5,3,0,0,1,1,0,0,0,0,"735544,450500000040000","5697396,589700000400000",12.384858956,51.378868252,9,9.0,9,Nord,,,,,,,,,,
1928,127499,127500,14,7,13,000,2016,11,10,2,3,2,6,0,0,0,1,0,0,0,0,"737187,963800000030000","5693900,127100000200000",12.40610065,51.346799819,2,2.0,2,Ost,,,,,,,,,,
1929,127507,127508,14,7,13,000,2016,12,18,4,3,5,3,2,1,0,1,0,0,0,0,"729100,747500000060000","5694615,341400000300000",12.290635083,51.356537155,7,7.0,7,Alt-West,,,,,,,,,,
1930,127509,127510,14,7,13,000,2016,12,00,5,3,5,3,2,1,0,1,0,0,0,0,"731922,859000000050000","5688236,319000000100000",12.326946016,51.298129241,5,5.0,5,Südwest,,,,,,,,,,
1931,127517,127518,14,7,13,000,2016,12,13,7,3,2,6,0,0,0,1,0,0,0,0,"733367,964500000000000","5691969,875799999600000",12.350080995,51.331053705,5,5.0,5,Südwest,,,,,,,,,,
1932,127520,127521,14,7,13,000,2016,12,19,4,2,5,3,2,0,1,0,0,0,0,1,"735975,456200000020000","5695491,116299999900000",12.389776379,51.36158545,9,9.0,9,Nord,,,,,,,,,,
1933,127521,127522,14,7,13,000,2016,11,18,4,3,5,3,2,0,1,1,0,0,0,0,"735174,254399999980000","5693485,868200000400000",12.376963636,51.343917877,0,0.0,0,Mitte,,,,,,,,,,
1934,127529,127530,14,7,13,000,2016,12,16,4,3,4,6,2,0,1,0,0,0,0,0,"735666,633700000010000","5692885,516400000100000",12.383623425,51.338325078,0,0.0,0,Mitte,,,,,,,,,,
1935,127530,127531,14,7,13,000,2016,12,06,7,2,0,1,2,0,1,0,0,0,0,0,"735412,413999999990000","5690419,496199999900000",12.378351482,51.316294526,4,4.0,4,Süd,,,,,,,,,,
1936,127540,127541,14,7,13,000,2016,11,17,3,3,5,3,2,0,0,1,0,0,0,0,"736683,310999999990000","5693861,241999999600000",12.398841517,51.346661103,2,2.0,2,Ost,,,,,,,,,,
1937,127542,127543,14,7,13,000,2016,12,10,4,3,2,6,0,0,1,0,0,0,0,1,"735872,941100000050000","5693485,699799999600000",12.38697746,51.343626942,0,0.0,0,Mitte,,,,,,,,,,
1938,127545,127546,14,7,13,000,2016,12,18,7,3,6,7,2,0,0,1,1,0,0,0,"738876,407899999990000","5693557,877100000200000",12.430071195,51.343020909,2,2.0,2,Ost,,,,,,,,,,
1939,127550,127551,14,7,13,000,2016,12,14,4,2,8,1,0,0,0,1,0,0,0,0,"739310,181600000010000","5697070,448099999700000",12.438650424,51.374366471,1,1.0,1,Nordost,,,,,,,,,,
1940,127551,127552,14,7,13,000,2016,11,13,4,3,5,3,0,0,1,0,0,0,0,1,"737490,429800000040000","5693300,832399999700000",12.410036213,51.34129426,2,2.0,2,Ost,,,,,,,,,,
1941,127553,127554,14,7,13,000,2016,12,17,4,2,5,3,2,0,1,1,0,0,0,0,"736758,353400000020000","5699845,337799999900000",12.403902634,51.40034347,9,9.0,9,Nord,,,,,,,,,,
1942,127554,127555,14,7,13,000,2016,11,18,4,3,1,7,2,0,0,1,0,0,0,0,"733996,357100000020000","5695515,323599999800000",12.361415399,51.362621225,9,9.0,9,Nord,,,,,,,,,,
1943,127558,127559,14,7,13,000,2016,11,17,3,3,3,6,2,0,1,1,0,0,0,0,"735005,902200000010000","5691918,574900000400000",12.373516747,51.329918872,0,0.0,0,Mitte,,,,,,,,,,
1944,127562,127563,14,7,13,000,2016,11,13,3,3,1,5,0,0,1,0,0,0,0,1,"732485,344099999990000","5691818,748700000300000",12.337335186,51.330058505,5,5.0,5,Südwest,,,,,,,,,,
1945,127565,127566,14,7,13,000,2016,11,09,4,3,2,6,0,0,0,1,0,1,0,0,"731081,585399999980000","5693987,900500000500000",12.318627951,51.350102725,7,7.0,7,Alt-West,,,,,,,,,,
1946,127571,127572,14,7,13,000,2016,11,10,3,3,6,4,0,0,0,1,1,0,0,0,"740170,562599999950000","5693909,081000000200000",12.448855037,51.345628033,2,2.0,2,Ost,,,,,,,,,,
1947,127572,127573,14,7,13,000,2016,11,01,1,3,1,1,2,1,1,1,0,0,0,0,"737875,959999999960000","5692722,685800000100000",12.41517525,51.335943673,2,2.0,2,Ost,,,,,,,,,,
1948,127580,127581,14,7,13,000,2016,12,22,7,3,5,3,2,0,0,1,0,0,0,0,"735119,183500000040000","5693980,549900000000000",12.376500999,51.348381085,0,0.0,0,Mitte,,,,,,,,,,
1949,127584,127585,14,7,13,000,2016,11,13,3,2,5,2,0,0,1,0,0,0,0,1,"741844,363400000030000","5695462,908699999600000",12.473899393,51.358864773,2,2.0,2,Ost,,,,,,,,,,
1950,127593,127594,14,7,13,000,2016,12,10,2,3,2,6,0,1,0,1,0,0,0,0,"729078,471099999970000","5690866,887000000100000",12.287904743,51.322895706,6,6.0,6,West,,,,,,,,,,
1951,127596,127597,14,7,13,000,2016,12,07,2,3,6,2,0,0,0,1,1,0,0,0,"735312,390999999950000","5689751,403400000200000",12.37647803,51.310338831,4,4.0,4,Süd,,,,,,,,,,