UNFALL_ID,FID_left,OBJECTID,ULAND,UREGBEZ,UKREIS,UGEMEINDE,UJAHR,UMONAT,USTUNDE,UWOCHENTAG,UKATEGORIE,UART,UTYP1,ULICHTVERH,IstStrasse,IstRad,IstPKW,IstFuss,IstKrad,IstGkfz,IstSonstig,LINREFX,LINREFY,XGCSWGS84,YGCSWGS84,index_right,FID_right,SBZ,Name,UIDENTSTLA,LICHT,STRZUSTAND,FID,OBJECTID_1,IstSonstige,UIDENTSTLAE,OID_,IstStrassenzustand,PLST
1952,127597,127598,14,7,13,000,2016,12,11,6,3,2,6,0,0,0,1,0,0,0,0,"732859,315799999980000","5690558,417700000100000",12.341870503,51.318591942,5,5.0,5,Südwest,,,,,,,,,,
1953,127598,127599,14,7,13,000,2016,11,11,3,3,1,5,0,0,1,1,0,0,0,0,"735036,803700000050000","5691222,083399999900000",12.373500242,51.323654122,4,4.0,4,Süd,,,,,,,,,,
1954,127602,127603,14,7,13,000,2016,12,00,7,3,9,1,2,2,0,0,0,0,0,1,"740974,579099999970000","5687936,261400000200000",12.456342158,51.291678092,3,3.0,3,Südost,,,,,,,,,,
1955,127605,127606,14,7,13,000,2016,12,17,5,3,6,2,2,1,0,0,1,0,1,0,"734795,821000000000000","5692483,376699999900000",12.370878806,51.335075518,0,0.0,0,Mitte,,,,,,,,,,
1956,127614,127615,14,7,13,000,2016,12,17,2,3,0,7,2,0,0,1,0,0,0,0,"735183,735400000010000","5688966,597099999900000",12.37411816,51.303347248,4,4.0,4,Süd,,,,,,,,,,
1957,127620,127621,14,7,13,000,2016,12,16,3,3,3,2,2,0,1,1,0,0,0,0,"732948,365499999960000","5691088,915400000300000",12.343492754,51.323317607,5,5.0,5,Südwest,,,,,,,,,,
1958,127642,127643,14,7,13,000,2016,12,14,3,2,5,3,0,0,0,1,0,0,0,0,"739920,417999999950000","5693960,330400000300000",12.445304465,51.346193647,2,2.0,2,Ost,,,,,,,,,,
1959,127649,127650,14,7,13,000,2016,12,07,3,3,2,6,1,0,0,1,0,0,0,0,"738213,581699999980000","5694635,454900000200000",12.421292827,51.352971245,1,1.0,1,Nordost,,,,,,,,,,
1960,127653,127654,14,7,13,000,2016,12,16,3,3,2,6,1,1,0,1,0,0,0,0,"733129,595300000040000","5694141,590699999600000",12.348086977,51.350646101,0,0.0,0,Mitte,,,,,,,,,,
1961,127657,127658,14,7,13,000,2016,12,18,4,3,3,2,0,1,1,1,0,0,0,0,"734770,864199999950000","5693726,795400000200000",12.371340822,51.346247244,0,0.0,0,Mitte,,,,,,,,,,
1962,127660,127661,14,7,13,000,2016,12,19,2,3,5,3,2,0,0,1,0,0,0,0,"737184,967399999960000","5693840,985600000200000",12.406018303,51.346270211,2,2.0,2,Ost,,,,,,,,,,
1963,127666,127667,14,7,13,000,2016,12,21,2,3,0,7,2,0,1,1,0,0,0,0,"735537,118000000020000","5692915,139999999700000",12.381786948,51.338644646,0,0.0,0,Mitte,,,,,,,,,,
1964,127673,127674,14,7,13,000,2016,12,18,6,3,2,6,2,0,1,1,0,0,0,0,"735051,598800000040000","5691097,394100000200000",12.373629993,51.322528749,4,4.0,4,Süd,,,,,,,,,,
1965,127674,127675,14,7,13,000,2016,12,07,2,3,5,3,2,1,1,1,0,0,0,0,"735883,783900000040000","5692599,278199999600000",12.386545812,51.335665699,0,0.0,0,Mitte,,,,,,,,,,
1966,127679,127680,14,7,13,000,2016,12,04,5,3,5,3,2,0,1,1,0,0,0,0,"737374,250899999980000","5693158,176799999500000",12.408276135,51.340062288,2,2.0,2,Ost,,,,,,,,,,
1967,127681,127682,14,7,13,000,2016,12,07,2,3,5,3,0,1,0,1,0,0,0,0,"737406,506999999980000","5693749,980000000400000",12.409132927,51.345360873,2,2.0,2,Ost,,,,,,,,,,
1968,127684,127685,14,7,13,000,2016,12,12,4,3,5,3,0,0,1,1,0,0,0,0,"735169,888400000050000","5693584,531600000300000",12.376966221,51.344805319,0,0.0,0,Mitte,,,,,,,,,,
1969,127685,127686,14,7,13,000,2016,12,11,6,3,6,2,0,0,0,1,1,0,0,0,"735970,690999999990000","5696574,661999999500000",12.390427028,51.371313533,9,9.0,9,Nord,,,,,,,,,,
1970,127687,127688,14,7,13,000,2016,12,19,4,3,5,3,2,0,0,1,0,0,0,0,"731773,145499999980000","5690161,143899999600000",12.32605245,51.315469094,5,5.0,5,Südwest,,,,,,,,,,
1971,127688,127689,14,7,13,000,2016,12,00,6,3,5,3,2,0,1,1,0,0,0,0,"734478,499900000050000","5693077,531700000200000",12.366722698,51.34053983,0,0.0,0,Mitte,,,,,,,,,,
1972,127689,127690,14,7,13,000,2016,12,17,2,3,5,2,2,0,1,1,0,0,0,0,"735543,436600000020000","5692463,159599999900000",12.38157865,51.334584914,0,0.0,0,Mitte,,,,,,,,,,
1973,127691,127692,14,7,13,000,2016,12,17,5,3,0,7,2,0,0,1,1,0,0,0,"728271,065999999990000","5690907,709300000200000",12.276362777,51.323586682,6,6.0,6,West,,,,,,,,,,
1974,127693,127694,14,7,13,000,2016,12,07,4,3,3,6,1,0,0,1,0,0,0,0,"735151,805399999950000","5693640,467199999800000",12.376743981,51.345314895,0,0.0,0,Mitte,,,,,,,,,,
1975,127694,127695,14,7,13,000,2016,12,19,2,2,4,2,2,0,1,1,0,0,0,0,"742271,999900000050000","5694562,864000000100000",12.479417161,51.3506044,2,2.0,2,Ost,,,,,,,,,,
1976,127697,127698,14,7,13,000,2016,12,09,4,3,5,2,0,1,0,1,0,0,0,1,"743686,221999999950000","5693013,689000000200000",12.498627025,51.336095769,2,2.0,2,Ost,,,,,,,,,,
1977,127698,127699,14,7,13,000,2016,12,12,6,3,2,2,0,0,0,1,0,0,0,0,"739811,082500000020000","5694824,781800000000000",12.444319806,51.353998835,2,2.0,2,Ost,,,,,,,,,,
1978,127703,127704,14,7,13,000,2016,12,07,4,3,6,2,2,1,0,1,1,0,0,0,"731833,113099999960000","5691429,814600000200000",12.327736367,51.326833311,5,5.0,5,Südwest,,,,,,,,,,
1979,127708,127709,14,7,13,000,2016,12,10,2,2,6,4,0,1,0,1,1,0,0,0,"736692,376200000060000","5689655,850399999900000",12.396178707,51.308909009,4,4.0,4,Süd,,,,,,,,,,
1980,127711,127712,14,7,13,000,2016,12,12,4,3,5,3,0,0,0,1,0,0,0,1,"734874,202000000050000","5694490,373999999800000",12.373325829,51.353058722,0,0.0,0,Mitte,,,,,,,,,,
1981,127718,127719,14,7,13,000,2016,12,14,4,3,4,1,0,0,0,1,0,0,0,0,"740296,579000000030000","5701210,625000000000000",12.455598068,51.411110328,9,9.0,9,Nord,,,,,,,,,,
1982,127721,127722,14,7,13,000,2016,12,08,2,3,0,5,1,1,1,0,0,0,0,1,"734844,531500000040000","5692658,811700000400000",12.371692474,51.336630182,0,0.0,0,Mitte,,,,,,,,,,
1983,127723,127724,14,7,13,000,2016,12,16,4,3,3,2,0,0,1,1,0,0,0,0,"735115,969300000000000","5689400,006799999600000",12.373433284,51.307265708,4,4.0,4,Süd,,,,,,,,,,
1984,127725,127726,14,7,13,000,2016,12,09,2,3,5,3,0,1,1,1,0,0,0,0,"733249,023599999960000","5691689,913800000200000",12.348193449,51.328589376,5,5.0,5,Südwest,,,,,,,,,,
1985,127727,127728,14,7,13,000,2016,12,07,4,3,6,6,2,0,0,1,1,0,0,0,"730770,045700000020000","5689521,778099999800000",12.311269738,51.310137136,5,5.0,5,Südwest,,,,,,,,,,
1986,127751,127752,14,7,13,000,2016,12,15,6,3,3,6,0,0,0,1,0,1,0,0,"734796,455199999970000","5692417,415699999800000",12.370844423,51.334483163,0,0.0,0,Mitte,,,,,,,,,,
1987,127754,127755,14,7,13,000,2016,12,16,4,2,6,1,2,1,0,1,1,0,0,0,"737446,271100000010000","5696967,667799999900000",12.411850419,51.374226233,1,1.0,1,Nordost,,,,,,,,,,
1988,127758,127759,14,7,13,000,2016,12,12,6,2,1,1,0,0,0,1,0,0,0,0,"740974,650900000010000","5689731,155899999700000",12.457554742,51.30778842,3,3.0,3,Südost,,,,,,,,,,
1989,127762,127763,14,7,13,000,2016,12,17,2,3,0,2,2,0,1,1,0,0,0,0,"736236,844000000040000","5693697,804999999700000",12.392333757,51.345379759,0,0.0,0,Mitte,,,,,,,,,,
1990,127764,127765,14,7,13,000,2016,12,14,6,3,2,6,0,0,0,1,0,0,0,0,"735321,590899999950000","5692627,148400000300000",12.378507989,51.336148765,0,0.0,0,Mitte,,,,,,,,,,
1991,127767,127768,14,7,13,000,2016,12,13,6,2,1,5,0,0,1,1,0,0,0,0,"734836,477500000040000","5693054,645399999800000",12.371838024,51.340186667,0,0.0,0,Mitte,,,,,,,,,,
1992,127769,127770,14,7,13,000,2016,12,11,4,3,3,6,0,1,0,1,0,1,0,0,"739920,305300000010000","5693957,761699999700000",12.445301119,51.346170638,2,2.0,2,Ost,,,,,,,,,,
1993,127780,127781,14,7,13,000,2016,12,15,4,3,5,3,0,1,0,1,0,0,0,0,"742285,124500000030000","5694030,411500000400000",12.479242912,51.345819848,2,2.0,2,Ost,,,,,,,,,,
1994,127784,127785,14,7,13,000,2016,12,16,2,3,4,2,2,1,1,1,0,0,0,0,"737387,415999999970000","5691589,217000000200000",12.407419508,51.325973702,3,3.0,3,Südost,,,,,,,,,,
1995,127785,127786,14,7,13,000,2016,12,15,4,2,5,3,0,1,1,1,0,0,0,0,"729610,868000000020000","5694199,566100000400000",12.297680793,51.352598846,7,7.0,7,Alt-West,,,,,,,,,,
1996,127791,127792,14,7,13,000,2016,12,08,2,2,5,3,0,1,1,0,0,0,0,1,"733397,785200000040000","5692071,195500000400000",12.35057466,51.331950977,5,5.0,5,Südwest,,,,,,,,,,
1997,127793,127794,14,7,13,000,2016,12,08,4,3,5,3,0,1,0,1,0,0,0,0,"739002,664499999960000","5692201,065499999600000",12.430970344,51.330789326,2,2.0,2,Ost,,,,,,,,,,
1998,127798,127799,14,7,13,000,2016,12,18,5,2,6,7,2,0,0,1,0,0,0,1,"727779,209200000040000","5689136,782900000000000",12.26818451,51.307885548,6,6.0,6,West,,,,,,,,,,
1999,127801,127802,14,7,13,000,2016,12,18,5,3,5,3,2,0,1,1,0,0,0,0,"735332,764300000040000","5692188,911100000100000",12.378378643,51.332210375,0,0.0,0,Mitte,,,,,,,,,,
2000,127807,127808,14,7,13,000,2016,12,12,4,2,0,7,0,0,0,0,1,0,0,1,"735728,212399999960000","5689103,058799999800000",12.382005168,51.304347023,4,4.0,4,Süd,,,,,,,,,,
2001,127812,127813,14,7,13,000,2016,12,17,5,3,5,3,1,0,0,1,0,0,0,0,"734624,609500000020000","5694792,732699999600000",12.369947122,51.355875896,9,9.0,9,Nord,,,,,,,,,,
2002,127818,127819,14,7,13,000,2016,12,09,2,2,6,4,0,0,0,0,1,0,0,1,"735003,925999999980000","5691772,116399999700000",12.373391856,51.328605019,0,0.0,0,Mitte,,,,,,,,,,
2003,127825,127826,14,7,13,000,2016,12,14,5,2,3,2,0,0,0,1,0,0,0,1,"740915,625800000040000","5695193,116899999800000",12.460402329,51.356837738,2,2.0,2,Ost,,,,,,,,,,
2004,127830,127831,14,7,13,000,2016,12,14,7,3,2,6,0,0,0,1,0,0,0,0,"734578,742899999950000","5691400,037200000100000",12.367054961,51.325440553,4,4.0,4,Süd,,,,,,,,,,
2005,127834,127835,14,7,13,000,2016,12,14,3,3,5,3,0,0,0,1,0,0,0,0,"737406,506999999980000","5693749,980000000400000",12.409132927,51.345360873,2,2.0,2,Ost,,,,,,,,,,
2006,127839,127840,14,7,13,000,2016,12,11,3,3,5,7,0,0,1,0,0,0,1,0,"737847,029699999960000","5691584,064700000000000",12.414000729,51.325735497,3,3.0,3,Südost,,,,,,,,,,
2007,127849,127850,14,7,13,000,2016,12,19,3,3,5,3,2,0,1,1,0,0,0,0,"736343,258599999940000","5692762,807300000500000",12.393238501,51.336942816,0,0.0,0,Mitte,,,,,,,,,,
2008,127852,127853,14,7,13,000,2016,12,10,3,3,5,3,0,0,0,1,0,0,0,0,"736469,253000000030000","5693785,740000000200000",12.395723235,51.346072461,2,2.0,2,Ost,,,,,,,,,,
2009,127856,127857,14,7,13,000,2016,12,21,3,2,4,2,1,1,0,0,0,1,0,1,"731389,264500000050000","5696695,025100000200000",12.324799637,51.374278874,8,8.0,8,Nordwest,,,,,,,,,,
2010,127864,127865,14,7,13,000,2016,12,16,3,2,6,4,2,0,0,1,1,0,0,0,"732180,003400000050000","5696295,315100000200000",12.335879951,51.370368101,8,8.0,8,Nordwest,,,,,,,,,,
2011,127867,127868,14,7,13,000,2016,12,20,3,3,2,6,2,1,0,1,0,0,0,0,"736703,026700000050000","5689600,922600000200000",12.396294799,51.308411537,4,4.0,4,Süd,,,,,,,,,,
2012,127877,127878,14,7,13,000,2016,12,14,7,3,2,6,0,0,0,1,0,0,0,0,"733158,728400000020000","5690590,510700000500000",12.346180633,51.318757435,5,5.0,5,Südwest,,,,,,,,,,
2013,127882,127883,14,7,13,000,2016,12,18,7,3,2,6,2,0,0,1,0,0,0,0,"728936,982500000040000","5690774,233099999800000",12.285818082,51.322120881,6,6.0,6,West,,,,,,,,,,
2014,127898,127899,14,7,13,000,2016,12,13,6,3,6,2,0,0,0,1,1,0,0,0,"736237,059499999970000","5694036,949799999600000",12.392561881,51.348423898,0,0.0,0,Mitte,,,,,,,,,,
2015,127899,127900,14,7,13,000,2016,12,05,5,2,9,1,2,2,0,1,0,0,0,0,"728960,941800000030000","5690791,772800000400000",12.286172614,51.322268698,6,6.0,6,West,,,,,,,,,,
2016,,60305,14,7,13,000,2017,01,17,5,3,4,6,,,0,1,0,0,,1,"728434,642200000000000","5693260,324400000300000",12.280214878000038,51.34464102900006,7,,7,Alt-West,14170126144200907890,1,1,7.0,,,,,,
2017,,60315,14,7,13,000,2017,01,13,4,3,4,2,,,0,1,0,0,,0,"742268,094799999960000","5694721,739199999700000",12.479469325000025,51.352032027000064,2,,2,Ost,14170125144200918620,0,1,2.0,,,,,,
2018,,60338,14,7,13,000,2017,01,22,2,3,6,4,,,0,0,1,0,,1,"735417,111799999960000","5693518,373100000400000",12.380465901000036,51.34410914700004,0,,0,Mitte,14170123148410897180,2,2,0.0,,,,,,
2019,,60363,14,7,13,000,2017,01,04,6,3,9,7,,,0,0,0,0,,1,"736320,723000000000000","5693614,261900000300000",12.393480534000048,51.34459500200006,0,,0,Mitte,14170120148410897010,2,0,0.0,,,,,,
2020,,60364,14,7,13,000,2017,01,08,6,2,2,6,,,0,0,0,0,,1,"739504,288900000040000","5698695,739199999700000",12.442529680000064,51.388872734000074,1,,1,Nordost,14170120144310911540,0,0,1.0,,,,,,
2021,,60365,14,7,13,000,2017,01,14,6,3,2,6,,,0,1,0,0,,0,"736046,004800000000000","5693813,668399999800000",12.389675293000039,51.34649903900004,0,,0,Mitte,14170120144200941810,0,1,0.0,,,,,,
2022,,60366,14,7,13,000,2017,01,20,6,2,4,2,,,0,1,0,0,,0,"735096,669600000020000","5697039,240899999600000",12.378199823000045,51.375846151000076,9,,9,Nord,14170120144200895220,2,1,9.0,,,,,,
2023,,60390,14,7,13,000,2017,01,11,4,3,5,2,,,0,1,0,0,,0,"736533,799400000020000","5696116,297199999900000",12.398197590000052,51.36696499400006,9,,9,Nord,14170118148423914890,0,1,9.0,,,,,,
2024,,60411,14,7,13,000,2017,01,11,2,3,3,2,,,0,1,0,0,,1,"736170,933599999990000","5693931,621000000300000",12.391544170000031,51.34750592100005,0,,0,Mitte,14170116148410896680,0,0,0.0,,,,,,
2025,,60412,14,7,13,000,2017,01,23,2,2,8,1,,,0,1,0,0,,0,"730265,792900000000000","5701194,649000000200000",12.31160393600004,51.415128037000045,8,,8,Nordwest,14170116144310894370,2,1,8.0,,,,,,
2026,,60459,14,7,13,000,2017,01,14,5,2,6,2,,,0,1,1,0,,0,"740915,176400000000000","5696367,377299999800000",12.46119116400007,51.36737753300008,2,,2,Ost,14170112144200895430,0,1,2.0,,,,,,
2027,,60472,14,7,13,000,2017,01,16,4,3,5,3,,,0,1,0,0,,1,"735291,317400000060000","5690263,277800000300000",12.376513834000036,51.31494232700004,4,,4,Süd,14170111148210876520,1,1,4.0,,,,,,
2028,,60473,14,7,13,000,2017,01,20,4,3,2,6,,,0,1,0,0,,0,"740148,093100000060000","5697914,129900000100000",12.45123706000004,51.381585348000044,1,,1,Nordost,14170111144310863810,2,1,1.0,,,,,,
2029,,60494,14,7,13,000,2017,01,08,3,3,5,3,,,1,1,0,0,,0,"733560,760299999970000","5693075,450100000000000",12.353568394000035,51.34089884100007,0,,0,Mitte,14170110144200867390,0,2,0.0,,,,,,
2030,,60508,14,7,13,000,2017,01,06,2,3,4,2,,,0,1,0,0,,0,"734773,663999999990000","5693525,939000000200000",12.371248513000069,51.34444312200003,0,,0,Mitte,14170109148410863930,2,1,0.0,,,,,,
2031,,60539,14,7,13,000,2017,01,16,6,3,5,2,,,0,1,0,0,,0,"735176,835500000040000","5697039,169400000000000",12.379349561000026,51.375812318000044,9,,9,Nord,14170106144200860900,1,2,9.0,,,,,,
2032,,60652,14,7,13,000,2017,02,18,2,3,2,6,,,0,1,0,0,,0,"739344,088100000050000","5695170,785899999600000",12.437858232000053,51.35730132800006,2,,2,Ost,14170220148210023220,2,1,2.0,,,,,,
2033,,60653,14,7,13,000,2017,02,15,2,3,2,1,,,0,1,0,0,,0,"735103,210199999970000","5697039,226200000400000",12.378293622000058,51.37584331100004,9,,9,Nord,14170220144200022240,0,1,9.0,,,,,,
2034,,60675,14,7,13,000,2017,02,14,2,3,1,2,,,0,1,0,0,,1,"737748,946000000000000","5690338,184999999600000",12.411764841000036,51.314593417000026,3,,3,Südost,14170227148210998510,0,0,3.0,,,,,,
2035,,60678,14,7,13,000,2017,02,10,2,2,3,2,,,0,0,0,0,,1,"737278,547600000050000","5690911,718899999700000",12.405408887000021,51.31993782300003,0,,0,Mitte,14170227144200004710,0,0,0.0,,,,,,
2036,,60683,14,7,13,000,2017,02,23,6,2,4,2,,,0,1,0,0,,0,"739891,851000000020000","5694466,239699999800000",12.445235943000057,51.35074658900004,2,,2,Ost,14170217148220981690,2,1,2.0,,,,,,
2037,,60684,14,7,13,000,2017,02,22,6,2,8,1,,,0,1,0,0,,0,"741855,209099999980000","5694643,464399999900000",12.473497958000053,51.35150530700008,2,,2,Ost,14170217148210986420,2,1,2.0,,,,,,
2038,,60703,14,7,13,000,2017,02,22,5,3,2,6,,,0,0,0,0,,1,"731946,842399999960000","5701171,769500000400000",12.335721386000046,51.414237623000076,8,,8,Nordwest,14170216144310974340,2,1,8.0,,,,,,
2039,,60708,14,7,13,000,2017,02,15,5,3,6,4,,,0,0,1,0,,1,"735379,257800000020000","5693540,963800000000000",12.379938286000026,51.34432760000004,0,,0,Mitte,14170216144200004470,0,0,0.0,,,,,,
2040,,60719,14,7,13,000,2017,03,21,4,3,0,3,,,1,1,0,0,,0,"728897,175300000000000","5698651,385099999600000",12.290315386000032,51.39285113300008,8,,8,Nordwest,14170301143212059930,2,0,8.0,,,,,,
2041,,60721,14,7,13,000,2017,02,01,4,3,2,6,,,0,1,0,0,,0,"736997,084500000000000","5691377,771200000300000",12.401686786000027,51.32423846800003,3,,3,Südost,14170215148410990810,2,0,3.0,,,,,,
2042,,60724,14,7,13,000,2017,02,10,4,2,2,6,,,0,1,0,0,,1,"740115,847599999980000","5697954,925499999900000",12.450802122000027,51.38196514900005,1,,1,Nordost,14170215144310984310,0,0,1.0,,,,,,
2043,,60746,14,7,13,000,2017,03,17,5,3,5,3,,,0,1,0,0,,0,"728119,633999999960000","5691044,406999999700000",12.274280569000041,51.32487459400005,6,,6,West,14170302148310072510,0,0,6.0,,,,,,
2044,,60753,14,7,13,000,2017,02,22,3,3,8,1,,,0,1,0,0,,0,"729412,568600000000000","5698051,497100000300000",12.29732329500007,51.38725785200006,8,,8,Nordwest,14170214148110978660,2,1,8.0,,,,,,
2045,,60776,14,7,13,000,2017,02,20,1,3,5,3,,,0,1,0,0,,0,"735854,224999999980000","5693713,273000000000000",12.386859953000055,51.34567746000005,0,,0,Mitte,14170226144200072620,1,0,0.0,,,,,,
2046,,60783,14,7,13,000,2017,02,13,2,2,8,1,,,0,1,0,0,,0,"728806,169499999960000","5684119,661700000100000",12.27968050000004,51.26243350500005,5,,5,Südwest,14170213144310068090,0,0,5.0,,,,,,
2047,,60784,14,7,13,000,2017,02,16,2,3,5,3,,,1,1,0,0,,0,"736068,053399999980000","5700924,254499999800000",12.394714649000036,51.410315523000065,9,,9,Nord,14170213144200984250,0,0,9.0,,,,,,
2048,,60831,14,7,13,000,2017,02,07,6,3,2,6,,,0,1,0,0,,1,"736639,047900000010000","5695714,834599999700000",12.399439682000036,51.36331759600006,9,,9,Nord,14170210148110973610,0,0,9.0,,,,,,
2049,,60844,14,7,13,000,2017,03,06,4,3,5,3,,,1,1,0,0,,0,"736065,067900000020000","5693821,754300000100000",12.389953890000072,51.34656370500005,0,,0,Mitte,14170301148410004290,2,1,0.0,,,,,,
2050,,60859,14,7,13,000,2017,02,22,5,2,5,3,,,0,1,0,0,,0,"737761,136999999990000","5690343,621000000300000",12.411943076000057,51.314637118000064,3,,3,Südost,14170209144200112210,2,0,3.0,,,,,,
2051,,60886,14,7,13,000,2017,02,16,3,3,2,6,,,0,1,0,0,,0,"735035,946899999980000","5693528,438600000000000",12.375009421000073,51.34435719500004,0,,0,Mitte,14170207148410962760,0,0,0.0,,,,,,
2052,,60887,14,7,13,000,2017,02,05,3,2,4,2,,,0,1,0,0,,0,"736145,300000000050000","5701507,224999999600000",12.396211522000044,51.415516145000026,9,,9,Nord,14170207144200962560,2,1,9.0,,,,,,
2053,,60909,14,7,13,000,2017,02,08,2,2,9,1,,,0,1,0,1,,0,"736502,596299999980000","5694624,666100000000000",12.396758524000063,51.35358891700008,1,,1,Nordost,14170206144200024670,0,1,1.0,,,,,,
2054,,60918,14,7,13,000,2017,02,10,1,3,5,2,,,0,1,0,0,,0,"727279,876999999980000","5690036,370000000100000",12.261605692000046,51.31616111100004,6,,6,West,14170205144200936470,0,1,6.0,,,,,,
2055,,60925,14,7,13,000,2017,02,16,6,3,2,6,,,0,1,0,0,,0,"735850,427000000030000","5693710,812400000200000",12.386803887000042,51.345656948000055,0,,0,Mitte,14170224144200997590,0,1,0.0,,,,,,
2056,,60930,14,7,13,000,2017,03,09,4,3,2,6,,,0,1,0,0,,1,"736454,265699999990000","5696406,287700000200000",12.39724994900007,51.36960109100005,9,,9,Nord,14170301144200022450,0,1,9.0,,,,,,
2057,,60962,14,7,13,000,2017,02,16,5,3,6,2,,,0,1,1,0,,0,"738696,366999999970000","5689273,400000000400000",12.424622237000051,51.304639429000076,3,,3,Südost,14170202144200953650,1,0,3.0,,,,,,
2058,,60992,14,7,13,000,2017,01,06,3,3,5,3,,,0,1,0,0,,1,"740795,414699999960000","5686765,696100000300000",12.452988437000045,51.28124719900006,3,,3,Südost,14170131144200918760,2,1,3.0,,,,,,
2059,,60993,14,7,13,000,2017,01,18,3,2,4,2,,,0,1,0,0,,0,"734726,273000000040000","5690203,144000000300000",12.368380732000048,51.31463585200004,4,,4,Süd,14170131144200023140,2,0,4.0,,,,,,
2060,,61018,14,7,13,000,2017,02,15,3,3,6,4,,,0,0,1,0,,1,"735453,585899999950000","5693496,673299999900000",12.380974323000032,51.34389925900007,0,,0,Mitte,14170228144200003610,0,0,0.0,,,,,,
2061,,61025,14,7,13,000,2017,01,08,2,3,0,2,,,1,0,0,0,,1,"735094,839200000050000","5697039,248399999900000",12.378173575000062,51.37584697600005,9,,9,Nord,14170130148110927240,0,1,9.0,,,,,,
2062,,61026,14,7,13,000,2017,01,08,2,3,3,6,,,0,1,0,0,,0,"736485,852599999980000","5694622,376299999700000",12.396516975000054,51.35357533000007,1,,1,Nordost,14170130148110927130,0,1,1.0,,,,,,
2063,,61080,14,7,13,000,2017,03,17,1,3,3,6,,,0,1,0,1,,0,"735211,166600000000000","5693559,341000000000000",12.377541218000033,51.34456212400005,0,,0,Mitte,14170326144200079450,0,0,0.0,,,,,,
2064,,61088,14,7,13,000,2017,04,05,7,2,5,3,,,1,1,0,0,,0,"735293,862199999970000","5690251,044400000000000",12.376542215000029,51.314831463000075,4,,4,Süd,14170401144200097440,2,0,4.0,,,,,,
2065,,61116,14,7,13,000,2017,03,10,7,3,2,6,,,0,1,0,0,,0,"733746,603899999990000","5700875,464700000400000",12.361361534000025,51.41083897500005,8,,8,Nordwest,14170325144320144290,0,0,8.0,,,,,,
2066,,61118,14,7,13,000,2017,03,11,7,2,2,6,,,0,1,0,0,,0,"734985,326899999990000","5700583,585799999500000",12.37894828800006,51.40770718500005,9,,9,Nord,14170325144310072300,0,0,9.0,,,,,,
2067,,61119,14,7,13,000,2017,03,10,7,2,2,6,,,0,1,0,0,,0,"735639,064600000040000","5700422,742300000000000",12.388224186000059,51.40599225600005,9,,9,Nord,14170325144200192870,0,0,9.0,,,,,,
2068,,61141,14,7,13,000,2017,04,06,2,3,2,2,,,0,1,0,0,,1,"741295,754800000000000","5696609,962600000200000",12.466812746000073,51.36939332900005,2,,2,Ost,14170410144310161390,0,0,2.0,,,,,,
2069,,61165,14,7,13,000,2017,04,14,5,3,2,6,,,0,1,0,0,,0,"734465,208199999990000","5697039,127999999600000",12.36914289400005,51.37610618800005,9,,9,Nord,14170406148110112540,0,0,9.0,,,,,,
2070,,61174,14,7,13,000,2017,03,16,5,3,4,2,,,0,1,0,0,,0,"728309,635899999990000","5690593,378800000100000",12.276714106000043,51.32074937100003,6,,6,West,14170323144200068010,0,0,6.0,,,,,,
2071,,61175,14,7,13,000,2017,03,07,5,2,2,6,,,0,1,0,1,,0,"734746,779100000040000","5693486,727400000200000",12.370837325000025,51.344102245000045,0,,0,Mitte,14170323144200067810,0,1,0.0,,,,,,
2072,,61186,14,7,13,000,2017,03,20,4,2,5,3,,,1,1,0,0,,0,"738572,966600000040000","5694526,427799999700000",12.426371433000043,51.35184190000007,1,,1,Nordost,14170322144200078621,1,0,1.0,,,,,,
2073,,61187,14,7,13,000,2017,03,13,4,2,2,6,,,0,0,0,1,,1,"727525,049899999980000","5690105,616000000400000",12.26516212100006,51.31668479600006,6,,6,West,14170322144200072610,0,0,6.0,,,,,,
2074,,61192,14,7,13,000,2017,04,13,1,3,8,1,,,0,1,0,0,,0,"735719,930599999960000","5686933,021800000200000",12.380454127000064,51.28487138400004,4,,4,Süd,14170409148210155300,0,0,4.0,,,,,,
2075,,61229,14,7,13,000,2017,03,16,3,3,2,6,,,0,1,0,0,,0,"735854,224999999980000","5693713,273000000000000",12.386859953000055,51.34567746000005,0,,0,Mitte,14170321148415097920,0,1,0.0,,,,,,
2076,,61232,14,7,13,000,2017,03,07,3,3,5,3,,,1,0,0,1,,0,"740380,213200000000000","5694443,523400000300000",12.452220620000048,51.35033638900006,2,,2,Ost,14170321144200060580,0,0,2.0,,,,,,
2077,,61252,14,7,13,000,2017,03,09,2,3,9,7,,,0,1,0,0,,0,"745103,793399999970000","5691456,551099999800000",12.517867317000025,51.32151127900005,2,,2,Ost,14170320144310059880,0,0,2.0,,,,,,
2078,,61308,14,7,13,000,2017,04,14,1,2,9,6,,,0,0,0,1,,0,"736333,408599999970000","5701672,993300000200000",12.399022241000068,51.416925727000034,9,,9,Nord,14170409149310140181,0,0,9.0,,,,,,
2079,,61314,14,7,13,000,2017,04,11,4,3,5,2,,,1,1,0,0,,0,"735182,452099999990000","5693524,509200000200000",12.377106652000066,51.34426134100005,0,,0,Mitte,14170405144200112250,0,0,0.0,,,,,,
2080,,61339,14,7,13,000,2017,03,14,6,3,4,2,,,0,1,0,1,,0,"735097,288599999970000","5697039,238300000300000",12.378208699000027,51.37584587100008,9,,9,Nord,14170317144200154710,0,0,9.0,,,,,,
2081,,61365,14,7,13,000,2017,03,16,5,3,2,6,,,0,1,0,0,,1,"741572,724000000050000","5684920,526999999800000",12.462866533000067,51.264356640000074,3,,3,Südost,14170316144310050680,0,0,3.0,,,,,,