UNFALL_ID,FID_left,OBJECTID,ULAND,UREGBEZ,UKREIS,UGEMEINDE,UJAHR,UMONAT,USTUNDE,UWOCHENTAG,UKATEGORIE,UART,UTYP1,ULICHTVERH,IstStrasse,IstRad,IstPKW,IstFuss,IstKrad,IstGkfz,IstSonstig,LINREFX,LINREFY,XGCSWGS84,YGCSWGS84,index_right,FID_right,SBZ,Name,UIDENTSTLA,LICHT,STRZUSTAND,FID,OBJECTID_1,IstSonstige,UIDENTSTLAE,OID_,IstStrassenzustand,PLST
2082,,61383,14,7,13,000,2017,03,16,5,3,3,2,,,1,1,0,0,,0,"736161,727300000030000","5693926,707000000400000",12.391408952000063,51.34746563700003,0,,0,Mitte,14170316144200050320,0,0,0.0,,,,,,
2083,,61397,14,7,13,000,2017,04,08,6,3,1,6,,,0,0,0,0,,1,"730305,772400000020000","5693041,625500000100000",12.30689413400006,51.341922898000064,7,,7,Alt-West,14170407144200107860,0,1,7.0,,,,,,
2084,,61406,14,7,13,000,2017,03,11,3,3,0,7,,,1,0,0,0,,0,"734465,697900000030000","5693409,488900000200000",12.366757778000022,51.34352490100008,0,,0,Mitte,14170328148410088650,0,0,0.0,,,,,,
2085,,61426,14,7,13,000,2017,03,17,3,3,2,6,,,0,1,0,0,,0,"736333,817099999990000","5694340,274799999800000",12.394150168000067,51.351106378000054,0,,0,Mitte,14170328144200088690,0,0,0.0,,,,,,
2086,,61427,14,7,13,000,2017,03,17,3,3,4,2,,,1,1,0,0,,0,"732078,222700000040000","5692452,113599999800000",12.331914101000052,51.335910323000064,7,,7,Alt-West,14170328144200076760,0,0,7.0,,,,,,
2087,,61456,14,7,13,000,2017,03,17,3,3,5,3,,,1,0,0,0,,1,"736399,222199999960000","5692333,907700000300000",12.393755879000025,51.333069669000054,0,,0,Mitte,14170314144200050220,0,0,0.0,,,,,,
2088,,61463,14,7,13,000,2017,03,15,5,3,4,2,,,0,1,0,0,,0,"734726,273000000040000","5690203,144000000300000",12.368380732000048,51.31463585200004,4,,4,Süd,14170330148210119790,0,0,4.0,,,,,,
2089,,61481,14,7,13,000,2017,03,06,2,3,2,6,,,0,1,0,0,,0,"736380,960500000040000","5702029,102099999800000",12.39994226500005,51.42010234500003,9,,9,Nord,14170313148110037020,1,0,9.0,,,,,,
2090,,61482,14,7,13,000,2017,04,19,6,3,5,3,,,1,1,0,0,,0,"733861,741400000060000","5693220,976900000100000",12.35797761300006,51.34208145800005,0,,0,Mitte,14170407144200109730,1,0,0.0,,,,,,
2091,,61483,14,7,30,270,2017,03,06,2,2,4,6,,,0,1,0,0,,0,"727994,519800000010000","5699773,203900000100000",12.278083428000059,51.40328520300005,8,,8,Nordwest,14170313144200082000,1,0,8.0,,,,,,
2092,,61492,14,7,13,000,2017,04,06,6,3,2,6,,,0,1,0,0,,1,"736337,510899999990000","5694253,856700000400000",12.394145738000077,51.35032913900005,0,,0,Mitte,14170407144200192840,2,0,0.0,,,,,,
2093,,61538,14,7,13,000,2017,03,15,6,3,1,6,,,0,1,0,0,,0,"735865,805199999940000","5699203,657399999900000",12.390668196000036,51.394955379000066,9,,9,Nord,14170310144200036750,0,0,9.0,,,,,,
2094,,61541,14,7,13,000,2017,03,22,6,3,1,2,,,1,0,0,0,,1,"734006,942400000060000","5693237,315299999900000",12.360069415000055,51.34216838100008,0,,0,Mitte,14170310144200025470,2,0,0.0,,,,,,
2095,,61543,14,7,13,000,2017,03,13,6,3,3,2,,,1,1,0,0,,0,"736478,983000000010000","5693023,552000000100000",12.395356561000028,51.33922688700005,2,,2,Ost,14170310143215038320,0,0,2.0,,,,,,
2096,,61544,14,7,13,000,2017,03,05,5,3,4,6,,,0,1,0,0,,0,"729679,413999999990000","5687336,224999999600000",12.294242105000023,51.29095818800005,5,,5,Südwest,14170330148323088380,2,0,5.0,,,,,,
2097,,61581,14,7,13,000,2017,03,12,2,2,6,2,,,0,1,1,0,,0,"727723,143000000040000","5693329,741999999600000",12.270060374000025,51.34554964400007,7,,7,Alt-West,14170327144200081950,0,0,7.0,,,,,,
2098,,61593,14,7,13,000,2017,03,15,5,3,5,3,,,0,1,0,0,,0,"729906,553100000020000","5692972,074900000400000",12.301127183000062,51.34146010100005,7,,7,Alt-West,14170309144200060710,0,0,7.0,,,,,,
2099,,61622,14,7,13,000,2017,03,21,4,3,5,3,,,1,1,0,0,,0,"737353,872300000050000","5690244,406000000400000",12.406043780000061,51.31391653800006,3,,3,Südost,14170308148210037300,2,1,3.0,,,,,,
2100,,61628,14,7,13,000,2017,03,11,4,3,4,6,,,1,0,0,0,,0,"736464,520999999950000","5694605,747999999700000",12.396200131000057,51.35343494700004,1,,1,Nordost,14170308144200109740,0,0,1.0,,,,,,
2101,,61645,14,7,13,000,2017,04,17,2,3,1,4,,,0,1,1,0,,0,"735451,455899999940000","5693451,823900000200000",12.380914139000026,51.34349756000006,0,,0,Mitte,14170410148410117610,0,0,0.0,,,,,,
2102,,61680,14,7,13,000,2017,03,17,2,3,5,3,,,0,1,0,0,,1,"728902,306699999960000","5698649,530799999800000",12.29038782200007,51.39283241700008,8,,8,Nordwest,14170306148110036600,0,0,8.0,,,,,,
2103,,61728,14,7,13,000,2017,03,16,7,3,2,6,,,0,1,0,0,,0,"741775,518099999990000","5686549,167700000100000",12.466869020000047,51.278888735000066,3,,3,Südost,14170304149210023590,0,0,3.0,,,,,,
2104,,61729,14,7,13,000,2017,03,10,7,2,6,1,,,0,1,1,0,,0,"733347,686699999960000","5693020,550599999700000",12.350478638000027,51.340493510000044,0,,0,Mitte,14170304144200025110,0,0,0.0,,,,,,
2105,,61731,14,7,13,000,2017,03,19,7,3,5,3,,,1,1,0,0,,0,"739181,205399999980000","5694474,365199999900000",12.435055104000071,51.35111898500003,2,,2,Ost,14170304144200022751,1,0,2.0,,,,,,
2106,,61751,14,7,13,000,2017,05,15,4,2,5,3,,,0,1,0,0,,0,"727198,564000000010000","5693382,097799999600000",12.262574058000041,51.34622954400004,7,,7,Alt-West,14170531144200432810,0,0,7.0,,,,,,
2107,,61769,14,7,13,000,2017,04,14,3,3,4,2,,,1,1,0,0,,0,"732514,481099999980000","5692413,569100000000000",12.33814084200003,51.335386130000074,7,,7,Alt-West,14170425148310168620,0,0,7.0,,,,,,
2108,,61776,14,7,13,000,2017,04,15,3,3,3,6,,,0,1,0,1,,0,"733376,108000000010000","5693032,168999999800000",12.350893584000062,51.34058614000003,0,,0,Mitte,14170425144200170890,0,0,0.0,,,,,,
2109,,61798,14,7,13,000,2017,05,07,5,2,5,2,,,1,1,0,0,,0,"733620,122600000000000","5696851,519200000000000",12.356898570000055,51.37477039200007,9,,9,Nord,14170504144200275200,0,0,9.0,,,,,,
2110,,61809,14,7,13,000,2017,05,10,3,3,8,1,,,0,1,0,0,,0,"735641,017400000010000","5693486,660400000400000",12.38365406500003,51.34373173100005,0,,0,Mitte,14170502148410175930,0,1,0.0,,,,,,
2111,,61814,14,7,13,000,2017,05,16,6,2,2,6,,,0,1,0,0,,0,"742721,402899999990000","5695588,090900000200000",12.48655775900005,51.359614401000044,2,,2,Ost,14170519144310214690,0,0,2.0,,,,,,
2112,,61819,14,7,13,000,2017,05,17,6,3,3,6,,,0,1,0,0,,0,"738062,334999999960000","5699557,843100000200000",12.422421487000065,51.39721739200007,1,,1,Nordost,14170519144200220280,0,0,1.0,,,,,,
2113,,61820,14,7,13,000,2017,05,08,6,3,2,6,,,0,1,0,0,,0,"740353,877800000020000","5696013,896800000200000",12.452903926000033,51.36444258800003,2,,2,Ost,14170519144100275160,0,0,2.0,,,,,,
2114,,61847,14,7,13,000,2017,06,16,6,3,5,2,,,1,1,0,0,,0,"732514,405400000050000","5692413,564700000000000",12.338139755000043,51.335386121000056,7,,7,Alt-West,14170602144200349660,0,0,7.0,,,,,,
2115,,61873,14,7,13,000,2017,05,08,5,3,7,5,,,1,1,0,0,,0,"734123,291300000040000","5693274,716300000400000",12.361761553000065,51.34245621500003,0,,0,Mitte,14170518662211237410,0,0,0.0,,,,,,
2116,,61880,14,7,13,000,2017,04,16,2,3,2,6,,,0,1,0,0,,0,"735181,659899999970000","5700556,608099999800000",12.381748274000074,51.407383666000044,9,,9,Nord,14170424144310154490,0,0,9.0,,,,,,
2117,,61887,14,7,13,000,2017,05,15,2,3,4,6,,,1,0,1,0,,0,"734890,700300000030000","5693527,662100000300000",12.372927115000039,51.34441025000007,0,,0,Mitte,14170522148410318710,0,0,0.0,,,,,,
2118,,61888,14,7,13,000,2017,05,09,5,3,5,3,,,1,1,0,0,,0,"735084,965500000050000","5693533,537700000200000",12.375715361000061,51.34438270000004,0,,0,Mitte,14170518148410224700,0,0,0.0,,,,,,
2119,,61889,14,7,13,000,2017,05,17,5,2,0,7,,,0,0,0,1,,0,"732798,661800000000000","5696859,106399999900000",12.345121574000075,51.375175813000055,8,,8,Nordwest,14170518148110246740,0,0,8.0,,,,,,
2120,,61893,14,7,13,000,2017,05,06,5,2,6,4,,,0,1,1,0,,0,"735436,442700000010000","5693460,411399999600000",12.380704641000023,51.34358086100008,0,,0,Mitte,14170518144200341150,0,0,0.0,,,,,,
2121,,61955,14,7,13,000,2017,04,16,1,3,6,4,,,0,0,1,0,,1,"734356,373000000020000","5693379,004900000100000",12.365170797000076,51.34329633600004,0,,0,Mitte,14170423144200141800,0,0,0.0,,,,,,
2122,,61975,14,7,13,000,2017,05,06,4,2,0,7,,,0,1,0,0,,1,"740071,739700000030000","5697978,664400000100000",12.450185503000057,51.382196871000076,1,,1,Nordost,14170517144310213320,0,0,1.0,,,,,,
2123,,61977,14,7,13,000,2017,05,10,4,3,2,6,,,0,1,0,0,,0,"736234,060900000040000","5693725,048200000100000",12.392311942000049,51.34562545600005,0,,0,Mitte,14170517144200275260,0,0,0.0,,,,,,
2124,,61978,14,7,13,000,2017,05,16,4,3,2,6,,,0,1,0,0,,0,"735391,942999999970000","5693486,621899999700000",12.380084176000025,51.34383455900007,0,,0,Mitte,14170517144200241040,0,0,0.0,,,,,,
2125,,61979,14,7,13,000,2017,05,10,2,2,3,7,,,1,0,0,0,,1,"734239,871599999950000","5693323,140499999700000",12.363464279000027,51.342842879000045,0,,0,Mitte,14170501148410172270,0,0,0.0,,,,,,
2126,,61980,14,7,13,000,2017,05,16,4,3,5,3,,,0,1,0,0,,0,"727750,361999999960000","5690169,173000000400000",12.268430471000045,51.31716524700005,6,,6,West,14170517144200240730,0,0,6.0,,,,,,
2127,,61986,14,7,13,000,2017,05,09,4,3,6,2,,,0,1,1,0,,0,"735424,514700000060000","5690257,889700000200000",12.378418141000054,51.31483888100007,4,,4,Süd,14170517144100255650,0,0,4.0,,,,,,
2128,,61991,14,7,13,000,2017,06,16,5,3,5,3,,,1,1,0,0,,0,"728893,580100000020000","5691754,856100000400000",12.285825983000052,51.330941592000045,6,,6,West,14170601148310309390,0,0,6.0,,,,,,
2129,,62037,14,7,13,000,2017,04,14,6,3,5,2,,,1,1,0,0,,0,"737158,090600000000000","5690250,873999999800000",12.403243921000069,51.31405620500004,4,,4,Süd,14170421148210155160,0,0,4.0,,,,,,
2130,,62052,14,7,13,000,2017,05,06,3,2,5,3,,,0,1,0,1,,0,"733006,292200000030000","5696870,841199999700000",12.34810727300004,51.37519600400003,8,,8,Nordwest,14170516144200230670,0,0,8.0,,,,,,
2131,,62054,14,7,13,000,2017,05,14,3,3,2,6,,,0,1,0,0,,0,"738845,277800000040000","5694748,190999999600000",12.43042365100007,51.353718050000055,2,,2,Ost,14170516144200212960,0,0,2.0,,,,,,
2132,,62076,14,7,13,000,2017,04,14,1,3,1,6,,,0,1,0,0,,0,"736143,754599999990000","5701498,665400000300000",12.396183638000025,51.415439957000046,9,,9,Nord,14170430149310163100,0,0,9.0,,,,,,
2133,,62078,14,7,13,000,2017,04,13,1,3,3,6,,,0,1,0,0,,1,"733185,261199999950000","5692931,908900000200000",12.348092723000036,51.33976443900008,0,,0,Mitte,14170430148410162040,0,0,0.0,,,,,,
2134,,62086,14,7,13,000,2017,04,13,6,3,3,2,,,1,0,0,0,,1,"733907,680199999940000","5696953,895800000100000",12.361090239000077,51.375571011000034,9,,9,Nord,14170421144200140860,0,0,9.0,,,,,,
2135,,62126,14,7,13,000,2017,05,09,2,3,3,2,,,1,1,0,0,,0,"734779,294299999950000","5693527,061999999900000",12.371329952000053,51.34445087800003,0,,0,Mitte,14170515144200275190,0,0,0.0,,,,,,
2136,,62155,14,7,13,000,2017,05,15,4,3,3,2,,,1,1,0,0,,0,"736205,371700000020000","5693815,409500000100000",12.39196068900003,51.34644847700008,0,,0,Mitte,14170524148410241940,0,0,0.0,,,,,,
2137,,62167,14,7,13,000,2017,04,15,5,3,2,6,,,0,1,0,0,,0,"738571,187799999960000","5694527,505900000200000",12.426346658000057,51.35185232400005,1,,1,Nordost,14170420144200142160,0,0,1.0,,,,,,
2138,,62195,14,7,13,000,2017,05,22,7,2,8,1,,,0,1,0,0,,0,"732601,864999999990000","5696684,957000000400000",12.34218498000007,51.373693176000074,8,,8,Nordwest,14170506144200192910,2,0,8.0,,,,,,
2139,,62224,14,7,13,000,2017,04,23,4,2,2,6,,,0,0,0,0,,1,"737902,418100000010000","5699601,468399999700000",12.420156134000024,51.39767602900008,1,,1,Nordost,14170419144310154500,2,0,1.0,,,,,,
2140,,62248,14,7,13,000,2017,05,14,6,3,4,2,,,0,1,0,0,,0,"727279,876999999980000","5690036,370000000100000",12.261605692000046,51.31616111100004,6,,6,West,14170526144200263440,0,0,6.0,,,,,,
2141,,62252,14,7,13,000,2017,05,18,2,3,8,7,,,0,1,0,0,,0,"739846,569499999980000","5698263,861200000200000",12.447148301000027,51.38485184900003,1,,1,Nordost,14170529144310272270,0,0,1.0,,,,,,
2142,,62286,14,7,13,000,2017,04,09,3,3,8,1,,,0,1,0,0,,0,"738026,185000000060000","5694422,561900000100000",12.418464153000059,51.351138838000054,1,,1,Nordost,14170418148410154860,0,1,1.0,,,,,,
2143,,62301,14,7,13,000,2017,04,13,6,3,2,6,,,0,1,0,0,,0,"739994,307000000030000","5687992,127999999600000",12.442346763000046,51.29259338700007,3,,3,Südost,14170428148210175570,0,0,3.0,,,,,,
2144,,62309,14,7,13,000,2017,04,16,3,3,2,6,,,0,1,0,0,,0,"737358,268000000040000","5690253,796000000100000",12.406112987000029,51.31399899000007,3,,3,Südost,14170418148210129080,0,1,3.0,,,,,,
2145,,62313,14,7,13,000,2017,04,12,3,3,3,6,,,0,1,0,0,,0,"740689,116500000000000","5694469,085000000000000",12.45666555500003,51.350435110000035,2,,2,Ost,14170418144200207810,0,1,2.0,,,,,,
2146,,62315,14,7,13,000,2017,04,10,3,3,5,2,,,0,1,0,0,,1,"740383,893599999950000","5694443,826399999700000",12.452273577000028,51.35033755200004,2,,2,Ost,14170418144200144390,0,1,2.0,,,,,,
2147,,62317,14,7,13,000,2017,04,16,3,2,3,6,,,0,1,0,0,,0,"732008,481900000010000","5699397,238599999800000",12.335445867000033,51.39828312100008,8,,8,Nordwest,14170418144200136370,0,0,8.0,,,,,,
2148,,62325,14,7,13,000,2017,05,19,3,2,8,1,,,0,1,0,0,,0,"727618,771500000030000","5685543,611100000300000",12.263596514000028,51.275692234000076,5,,5,Südwest,14170530144200271630,0,1,5.0,,,,,,
2149,,62346,14,7,13,000,2017,05,23,6,2,5,3,,,1,1,0,0,,0,"735365,813399999980000","5693502,250300000400000",12.379720002000056,51.34398566200008,0,,0,Mitte,14170512148410237340,2,1,0.0,,,,,,
2150,,62347,14,7,13,000,2017,05,17,6,3,2,6,,,0,1,0,0,,0,"738604,164800000030000","5694512,801000000000000",12.426809504000062,51.35170649300005,2,,2,Ost,14170505148110189750,0,0,2.0,,,,,,
2151,,62348,14,7,13,000,2017,05,08,6,3,2,2,,,0,1,0,0,,0,"735723,165000000040000","5690283,552000000100000",12.382712817000026,51.31494562300003,4,,4,Süd,14170512148220219740,0,0,4.0,,,,,,
2152,,62352,14,7,13,000,2017,05,22,6,3,4,2,,,0,1,0,0,,0,"736669,915900000020000","5695572,203200000300000",12.399787377000052,51.36202446600004,9,,9,Nord,14170512144200201310,2,1,9.0,,,,,,
2153,,62365,14,7,13,000,2017,05,14,4,2,4,2,,,0,1,0,0,,0,"728899,729000000050000","5698639,018000000200000",12.290344057000027,51.39273908300004,8,,8,Nordwest,14170531144200525620,0,0,8.0,,,,,,
2154,,62373,14,7,13,000,2017,05,16,4,3,5,3,,,0,0,0,0,,1,"730306,756000000050000","5688550,980000000400000",12.304007444000035,51.30160985100008,5,,5,Südwest,14170524144200263210,0,0,5.0,,,,,,
2155,,62392,14,7,13,000,2017,04,15,2,3,9,1,,,0,1,0,0,,0,"743023,240100000050000","5695362,829199999600000",12.490730984000038,51.35746362000003,2,,2,Ost,14170417144310139650,0,1,2.0,,,,,,
2156,,62425,14,7,13,000,2017,05,13,5,3,2,6,,,0,0,0,1,,1,"736331,312799999960000","5694367,785299999600000",12.39413253600003,51.35135435800004,1,,1,Nordost,14170511148410207290,0,0,1.0,,,,,,
2157,,62456,14,7,13,000,2017,04,21,1,3,8,1,,,0,1,0,0,,0,"727022,341000000010000","5690023,360999999600000",12.257908028000031,51.316147115000035,6,,6,West,14170416148320128650,2,1,6.0,,,,,,
2158,,62460,14,7,13,000,2017,04,09,1,3,3,2,,,1,1,0,0,,0,"735421,294600000020000","5690268,972199999700000",12.378379332000065,51.31493969400003,4,,4,Süd,14170416148210144550,0,0,4.0,,,,,,
2159,,62465,14,7,13,000,2017,05,19,5,3,4,2,,,0,1,0,0,,0,"727200,868000000020000","5693381,875000000000000",12.262606944000026,51.346226623000064,7,,7,Alt-West,14170525148310246430,0,0,7.0,,,,,,
2160,,62497,14,7,13,000,2017,05,12,4,3,4,6,,,1,0,0,0,,0,"735731,323600000000000","5693562,830199999700000",12.384998800000062,51.34437801800004,0,,0,Mitte,14170531148410271280,0,0,0.0,,,,,,
2161,,62503,14,7,13,000,2017,05,15,3,3,5,3,,,0,1,0,0,,0,"728176,481400000050000","5690317,900100000200000",12.274630134000063,51.31832972400008,6,,6,West,14170523148310237300,0,0,6.0,,,,,,
2162,,62539,14,7,13,000,2017,05,06,4,3,3,2,,,1,1,0,0,,0,"733561,356299999980000","5693075,691499999700000",12.353577094000059,51.340900763000036,0,,0,Mitte,14170510148410205660,0,0,0.0,,,,,,
2163,,62543,14,7,13,000,2017,04,11,6,3,2,6,,,0,1,0,0,,0,"731297,365899999980000","5697262,414900000200000",12.323850801000049,51.37940963900007,8,,8,Nordwest,14170414148110136460,0,0,8.0,,,,,,
2164,,62552,14,7,13,000,2017,05,09,4,2,5,3,,,1,1,0,0,,0,"734325,808100000020000","5693359,501400000400000",12.364719888000025,51.34313386100007,0,,0,Mitte,14170510148410205640,0,0,0.0,,,,,,
2165,,62557,14,7,13,000,2017,05,19,4,2,5,2,,,0,1,0,0,,0,"735177,195900000050000","5693551,876400000400000",12.377049391000071,51.34450917200007,0,,0,Mitte,14170510144200377260,0,0,0.0,,,,,,
2166,,62561,14,7,13,000,2017,05,06,4,3,5,3,,,1,1,0,0,,0,"732965,989700000030000","5692858,629900000100000",12.344902238000032,51.339196515000026,7,,7,Alt-West,14170510144200292540,0,0,7.0,,,,,,
2167,,62588,14,7,13,000,2017,05,16,3,3,2,2,,,0,1,0,0,,0,"735095,491900000020000","5697039,245699999900000",12.37818293500004,51.37584668100004,9,,9,Nord,14170509148110207010,0,0,9.0,,,,,,
2168,,62607,14,7,13,000,2017,04,11,5,3,2,6,,,0,1,0,0,,0,"736997,209999999960000","5691377,571399999800000",12.401688451000041,51.32423662200006,3,,3,Südost,14170427148410172570,0,0,3.0,,,,,,
2169,,62652,14,7,13,000,2017,05,08,4,3,2,6,,,0,1,0,0,,1,"727483,015900000000000","5693352,995000000100000",12.266633072000047,51.345854528000075,7,,7,Alt-West,14170503144200180360,0,0,7.0,,,,,,
2170,,62656,14,7,13,000,2017,05,18,2,2,4,2,,,1,1,0,0,,0,"734690,180999999980000","5693505,367600000500000",12.370038402000034,51.34429293200003,0,,0,Mitte,14170508148410202260,0,0,0.0,,,,,,
2171,,62658,14,7,13,000,2017,05,06,2,3,6,4,,,0,0,1,0,,1,"732336,000400000020000","5692428,483699999700000",12.335592839000071,51.33559295400005,7,,7,Alt-West,14170508148123205450,0,0,7.0,,,,,,
2172,,62659,14,7,13,000,2017,05,18,2,3,2,6,,,0,1,0,0,,0,"736145,300000000050000","5701507,224999999600000",12.396211522000044,51.415516145000026,9,,9,Nord,14170508148110207680,0,1,9.0,,,,,,
2173,,62674,14,7,13,000,2017,04,15,5,3,3,6,,,1,0,0,0,,0,"740148,916399999990000","5695842,621100000100000",12.449849562000054,51.362991951000026,2,,2,Ost,14170413148110128500,0,0,2.0,,,,,,
2174,,62694,14,7,13,000,2017,04,18,5,3,4,2,,,0,1,0,0,,0,"737351,352500000040000","5690244,141800000300000",12.406007513000077,51.313915217000044,3,,3,Südost,14170413144200125090,0,1,3.0,,,,,,
2175,,62716,14,7,13,000,2017,05,17,1,3,3,6,,,0,1,0,1,,0,"735422,038799999980000","5693515,429399999800000",12.380534572000045,51.34408068300007,0,,0,Mitte,14170507148410205680,0,0,0.0,,,,,,
2176,,62719,14,7,13,000,2017,05,16,1,2,2,6,,,0,1,0,1,,0,"735637,244700000040000","5693473,944500000200000",12.38359157900004,51.343619154000066,0,,0,Mitte,14170507144200189460,0,0,0.0,,,,,,
2177,,62781,14,7,13,000,2017,06,13,4,3,4,2,,,0,0,0,0,,1,"736426,161500000050000","5692745,534900000300000",12.394415052000056,51.336753317000046,3,,3,Südost,14170614144200330320,0,0,3.0,,,,,,
2178,,62783,14,7,13,000,2017,06,15,4,3,4,6,,,1,1,0,0,,0,"733432,770600000050000","5693055,514800000000000",12.351720972000066,51.34077244700006,0,,0,Mitte,14170614144200314350,0,0,0.0,,,,,,
2179,,62807,14,7,13,000,2017,06,13,5,3,1,6,,,0,1,0,0,,1,"736475,480499999950000","5696291,584099999600000",12.39747789200004,51.36856266700005,9,,9,Nord,14170615144200314320,0,0,9.0,,,,,,
2180,,62828,14,7,13,000,2017,06,15,2,2,6,4,,,0,1,1,0,,0,"735308,256399999950000","5697043,053799999900000",12.381237041000077,51.37579274900003,9,,9,Nord,14170612144200373600,0,0,9.0,,,,,,
2181,,62831,14,7,13,000,2017,06,20,2,2,0,1,,,1,0,0,0,,0,"729220,548399999970000","5693184,726099999600000",12.291431500000044,51.34364606100007,7,,7,Alt-West,14170612144200314371,0,0,7.0,,,,,,
2182,,62859,14,7,13,000,2017,06,15,1,3,6,4,,,1,0,1,0,,0,"731382,364399999960000","5692758,436400000000000",12.322140793000074,51.338943673000074,7,,7,Alt-West,14170611148310309330,0,0,7.0,,,,,,
2183,,62862,14,7,30,070,2017,06,18,1,3,2,6,,,0,1,0,0,,0,"736571,609199999950000","5702610,544200000400000",12.403067274000023,51.42524184700005,9,,9,Nord,14170611144200314360,0,0,9.0,,,,,,
2184,,62882,14,7,13,000,2017,06,10,7,3,2,6,,,0,1,0,0,,0,"729707,221499999990000","5693137,281399999700000",12.298376727000061,51.34302373200006,7,,7,Alt-West,14170610148310315160,0,0,7.0,,,,,,
2185,,62923,14,7,13,000,2017,06,17,5,3,5,2,,,0,1,0,0,,0,"740891,047999999950000","5696352,697999999900000",12.46083525000006,51.36725601000006,2,,2,Ost,14170608144200366660,0,0,2.0,,,,,,
2186,,62979,14,7,13,000,2017,06,00,3,3,5,3,,,0,1,0,0,,0,"736426,310599999970000","5692746,289900000200000",12.394417690000068,51.33676003200003,3,,3,Südost,14170606148410330830,2,0,3.0,,,,,,
2187,,62981,14,7,13,000,2017,06,20,3,2,9,1,,,0,1,0,0,,0,"743002,617199999980000","5695379,195399999600000",12.490446529000053,51.357619329000045,2,,2,Ost,14170606144310290580,0,1,2.0,,,,,,
2188,,63038,14,7,13,000,2017,06,10,5,3,2,6,,,0,1,0,0,,1,"736643,841000000010000","5695662,554999999700000",12.399473625000041,51.36284633300005,9,,9,Nord,14170615148110339430,0,0,9.0,,,,,,
2189,,63070,14,7,13,000,2017,06,18,4,3,5,3,,,0,1,0,1,,0,"736434,672000000020000","5693429,192400000100000",12.394990836000034,51.34288641200004,0,,0,Mitte,14170628148410386640,0,0,0.0,,,,,,
2190,,63071,14,7,13,000,2017,06,14,4,3,5,3,,,1,1,0,0,,0,"734945,251000000050000","5693528,536000000300000",12.37370955800003,51.34439555500006,0,,0,Mitte,14170628148310373970,0,0,0.0,,,,,,
2191,,63072,14,7,13,000,2017,06,07,4,3,2,6,,,0,1,0,0,,0,"727619,604700000030000","5685561,107200000400000",12.263619580000068,51.27584897200006,5,,5,Südwest,14170628148310357810,0,0,5.0,,,,,,
2192,,63073,14,7,13,000,2017,06,16,4,3,2,6,,,0,1,0,0,,0,"736334,526500000040000","5694338,732900000200000",12.394159313000046,51.35109224300004,0,,0,Mitte,14170628148110386440,0,0,0.0,,,,,,
2193,,63095,14,7,13,000,2017,06,08,3,3,5,3,,,1,0,0,0,,1,"734148,224999999980000","5693285,206600000200000",12.362125810000066,51.34254011400003,0,,0,Mitte,14170627148410337430,0,0,0.0,,,,,,
2194,,63116,14,7,13,000,2017,06,13,2,3,5,3,,,1,1,0,0,,0,"734892,567000000040000","5697038,922000000300000",12.375272247000055,51.375927742000044,9,,9,Nord,14170626144320366750,0,0,9.0,,,,,,
2195,,63142,14,7,13,000,2017,06,19,1,3,2,6,,,0,1,0,0,,0,"740908,970399999990000","5696375,706399999600000",12.461107820000052,51.367454922000036,2,,2,Ost,14170625148110342690,0,0,2.0,,,,,,
2196,,63201,14,7,13,000,2017,06,20,5,2,9,1,,,0,0,0,0,,1,"743329,171500000050000","5695098,494400000200000",12.494935787000031,51.35496025400005,2,,2,Ost,14170629144320359930,1,1,2.0,,,,,,
2197,,63226,14,7,13,000,2017,06,09,5,3,2,2,,,0,1,0,0,,0,"732155,448399999990000","5692471,400200000000000",12.333033374000024,51.33605193500006,7,,7,Alt-West,14170622148310325850,0,0,7.0,,,,,,
2198,,63243,14,7,13,000,2017,06,08,6,3,3,6,,,0,1,0,0,,1,"732806,580599999990000","5692736,666799999800000",12.342537926000034,51.33816697700007,7,,7,Alt-West,14170630148310360100,0,0,7.0,,,,,,
2199,,63260,14,7,13,000,2017,07,14,7,3,5,3,,,1,1,0,0,,0,"735719,271700000040000","5690283,426900000300000",12.382656969000038,51.314946113000076,4,,4,Süd,14170701148410389080,0,0,4.0,,,,,,
2200,,63264,14,7,13,000,2017,06,19,4,2,5,2,,,1,1,0,0,,0,"732078,125600000030000","5692452,090099999700000",12.331912694000039,51.335910152000054,7,,7,Alt-West,14170621144200389050,0,0,7.0,,,,,,
2201,,63313,14,7,13,000,2017,06,16,3,2,2,6,,,0,1,0,0,,0,"739732,834599999940000","5695479,650999999600000",12.443639349000023,51.35990975200008,2,,2,Ost,14170620144200418390,0,0,2.0,,,,,,
2202,,63336,14,7,13,000,2017,07,23,6,3,5,3,,,0,1,0,0,,0,"735029,978200000010000","5702116,544599999700000",12.38060507800003,51.421448833000056,9,,9,Nord,14170707148110398690,2,0,9.0,,,,,,