UNFALL_ID,FID_left,OBJECTID,ULAND,UREGBEZ,UKREIS,UGEMEINDE,UJAHR,UMONAT,USTUNDE,UWOCHENTAG,UKATEGORIE,UART,UTYP1,ULICHTVERH,IstStrasse,IstRad,IstPKW,IstFuss,IstKrad,IstGkfz,IstSonstig,LINREFX,LINREFY,XGCSWGS84,YGCSWGS84,index_right,FID_right,SBZ,Name,UIDENTSTLA,LICHT,STRZUSTAND,FID,OBJECTID_1,IstSonstige,UIDENTSTLAE,OID_,IstStrassenzustand,PLST
2203,,63338,14,7,13,000,2017,07,16,6,2,5,3,,,1,0,0,1,,0,"736333,403199999940000","5701672,969100000300000",12.39902214700004,51.416925512000034,9,,9,Nord,14170707144200379680,0,0,9.0,,,,,,
2204,,63387,14,7,13,000,2017,07,18,5,3,0,4,,,1,0,1,0,,0,"735504,587599999970000","5693466,542200000000000",12.381685380000022,51.34360767100003,0,,0,Mitte,14170706148121384520,0,0,0.0,,,,,,
2205,,63389,14,7,13,000,2017,06,07,2,2,3,6,,,0,1,0,0,,1,"738062,460500000040000","5699557,795900000300000",12.422423256000059,51.39721691600005,1,,1,Nordost,14170619144310342660,0,0,1.0,,,,,,
2206,,63422,14,7,13,000,2017,07,18,4,3,5,2,,,0,1,0,0,,0,"735177,953600000010000","5693552,040799999600000",12.37706036000003,51.34451033400006,0,,0,Mitte,14170705148410384980,0,0,0.0,,,,,,
2207,,63465,14,7,13,000,2017,07,13,3,3,5,3,,,1,0,0,0,,1,"733373,593499999960000","5692999,558500000300000",12.350836178000066,51.340294441000026,0,,0,Mitte,14170704148410367470,0,0,0.0,,,,,,
2208,,63466,14,7,13,000,2017,07,10,3,3,2,2,,,0,1,0,0,,0,"727751,381999999980000","5699061,993999999900000",12.274137377000045,51.39699819400005,8,,8,Nordwest,14170704148110384430,0,0,8.0,,,,,,
2209,,63493,14,7,13,000,2017,07,04,2,2,4,6,,,0,1,0,0,,0,"735536,044699999970000","5687363,427299999600000",12.378105707000032,51.28881093000007,4,,4,Süd,14170703144200384360,1,0,4.0,,,,,,
2210,,63496,14,7,13,000,2017,07,11,2,2,5,3,,,0,1,0,0,,0,"730306,756000000050000","5688550,980000000400000",12.304007444000035,51.30160985100008,5,,5,Südwest,14170703144200377950,0,0,5.0,,,,,,
2211,,63497,14,7,13,000,2017,06,19,7,3,5,2,,,1,1,0,0,,0,"727283,609199999950000","5690037,422600000200000",12.261659829000052,51.31616907000006,6,,6,West,14170617148310363770,0,0,6.0,,,,,,
2212,,63505,14,7,13,000,2017,06,09,7,3,5,3,,,1,1,0,0,,0,"732962,951899999990000","5692857,423299999900000",12.344857912000066,51.33918692800006,7,,7,Alt-West,14170617144200313400,0,0,7.0,,,,,,
2213,,63523,14,7,13,000,2017,06,23,6,3,6,4,,,0,1,1,0,,0,"735380,003999999960000","5693540,518899999600000",12.379948687000024,51.34432329800006,0,,0,Mitte,14170616148410363820,2,0,0.0,,,,,,
2214,,63542,14,7,13,000,2017,07,12,1,2,5,3,,,0,1,0,0,,0,"729679,413999999990000","5687336,224999999600000",12.294242105000023,51.29095818800005,5,,5,Südwest,14170702144200349820,0,0,5.0,,,,,,
2215,,63575,14,7,13,000,2017,07,20,2,3,0,1,,,1,0,0,0,,0,"735181,511199999950000","5693552,812900000300000",12.37711186000007,51.34451579300003,0,,0,Mitte,14170724148410431240,0,1,0.0,,,,,,
2216,,63576,14,7,13,000,2017,07,15,2,3,3,2,,,1,0,0,0,,1,"729947,981799999950000","5693107,468000000300000",12.301808404000042,51.342658777000054,7,,7,Alt-West,14170724148310436990,0,1,7.0,,,,,,
2217,,63577,14,7,13,000,2017,07,15,2,3,5,3,,,1,1,0,0,,0,"737354,283999999990000","5690244,449099999900000",12.406049705000044,51.31391675300006,3,,3,Südost,14170724148210450000,0,1,3.0,,,,,,
2218,,63584,14,7,13,000,2017,07,09,2,2,5,2,,,0,1,0,0,,0,"728899,729000000050000","5698639,018000000200000",12.290344057000027,51.39273908300004,8,,8,Nordwest,14170724144200539780,0,0,8.0,,,,,,
2219,,63613,14,7,13,000,2017,08,07,2,3,4,6,,,1,1,0,0,,0,"738229,635899999990000","5692400,977599999900000",12.42002814500006,51.33290799900004,2,,2,Ost,14170807148210454290,0,0,2.0,,,,,,
2220,,63651,14,7,13,000,2017,07,17,7,3,2,6,,,0,1,0,0,,0,"735912,086699999990000","5693750,646300000100000",12.387714050000056,51.34598892500003,0,,0,Mitte,14170722148410450610,0,0,0.0,,,,,,
2221,,63652,14,7,13,000,2017,07,11,7,3,2,6,,,0,1,0,0,,0,"732805,497600000000000","5696859,424599999600000",12.34521982700005,51.37517586700005,8,,8,Nordwest,14170722148110424530,0,0,8.0,,,,,,
2222,,63701,14,7,13,000,2017,07,17,6,2,5,3,,,1,1,0,0,,0,"739301,319699999990000","5695134,945399999600000",12.437221004000037,51.35699764300006,2,,2,Ost,14170721144200545310,0,0,2.0,,,,,,
2223,,63738,14,7,13,000,2017,08,15,6,3,5,3,,,0,1,0,0,,0,"734018,337700000030000","5700451,689799999800000",12.364982381000061,51.40692297800007,9,,9,Nord,14170804148110455880,0,0,9.0,,,,,,
2224,,63762,14,7,13,000,2017,08,06,6,3,2,2,,,1,0,0,0,,1,"727281,150799999940000","5690036,729199999900000",12.261624169000072,51.31616382700008,6,,6,West,14170804144200473070,0,0,6.0,,,,,,
2225,,63815,14,7,13,000,2017,08,14,5,3,5,3,,,1,1,0,0,,0,"732962,854000000050000","5692857,384399999900000",12.344856484000047,51.33918661900003,7,,7,Alt-West,14170803144200488580,0,0,7.0,,,,,,
2226,,63816,14,7,13,000,2017,08,18,5,2,5,3,,,0,1,0,0,,1,"735854,224999999980000","5693713,273000000000000",12.386859953000055,51.34567746000005,0,,0,Mitte,14170803144200459850,0,0,0.0,,,,,,
2227,,63817,14,7,13,000,2017,08,18,5,3,5,3,,,1,1,0,0,,0,"731841,924200000010000","5692530,492700000300000",12.32857875600007,51.33671029300007,7,,7,Alt-West,14170803144200459840,0,0,7.0,,,,,,
2228,,63836,14,7,13,000,2017,07,10,3,3,5,3,,,1,1,0,0,,0,"728308,640000000010000","5690595,466000000000000",12.276701175000028,51.32076850800007,6,,6,West,14170718148310407200,0,0,6.0,,,,,,
2229,,63837,14,7,13,000,2017,07,08,3,3,0,3,,,1,1,0,0,,0,"732805,248000000020000","5692786,001000000200000",12.342551072000049,51.338610379000045,7,,7,Alt-West,14170718148121409010,0,0,7.0,,,,,,
2230,,63881,14,7,13,000,2017,07,08,2,3,5,3,,,0,1,0,0,,0,"730177,632300000060000","5693074,701899999800000",12.30507887400006,51.34227171300006,7,,7,Alt-West,14170717148310407010,0,1,7.0,,,,,,
2231,,63883,14,7,13,000,2017,07,12,2,2,3,6,,,0,1,0,0,,1,"732931,648500000010000","5696866,396400000000000",12.347033758000066,51.37518672400006,8,,8,Nordwest,14170717144200401080,0,0,8.0,,,,,,
2232,,63888,14,7,13,000,2017,07,14,2,3,4,6,,,0,1,0,0,,0,"727295,761500000020000","5693372,243499999900000",12.263961093000034,51.34610222600003,7,,7,Alt-West,14170731148310479660,0,0,7.0,,,,,,
2233,,63892,14,7,13,000,2017,08,16,4,3,5,3,,,1,1,0,0,,0,"728894,263000000040000","5691755,371700000000000",12.28583610000004,51.33094594600004,6,,6,West,14170802148310450480,0,0,6.0,,,,,,
2234,,63932,14,7,13,000,2017,08,13,3,3,5,3,,,1,1,0,0,,0,"735732,380400000020000","5693564,057000000000000",12.385014759000057,51.34438859200003,0,,0,Mitte,14170801148410450810,0,0,0.0,,,,,,
2235,,63933,14,7,13,000,2017,08,07,3,3,5,3,,,0,1,0,1,,0,"728687,079099999970000","5693235,707999999600000",12.283817556000031,51.344318559000044,7,,7,Alt-West,14170801148310530560,0,1,7.0,,,,,,
2236,,63940,14,7,13,000,2017,07,05,2,3,3,2,,,1,1,0,0,,0,"730080,573500000060000","5693096,097900000400000",12.303701536000062,51.34250306900003,7,,7,Alt-West,14170731144200512540,0,0,7.0,,,,,,
2237,,63946,14,7,13,000,2017,07,15,7,2,9,6,,,0,0,0,1,,1,"735795,883099999980000","5700417,972299999600000",12.390471649000062,51.405884283000034,9,,9,Nord,14170715144310400520,0,0,9.0,,,,,,
2238,,63949,14,7,13,000,2017,07,09,2,3,5,3,,,1,1,0,0,,0,"732728,369500000030000","5692446,092600000100000",12.341227218000029,51.33559059900006,7,,7,Alt-West,14170731144200450420,0,0,7.0,,,,,,
2239,,64003,14,7,13,000,2017,07,15,5,3,1,6,,,0,1,0,0,,1,"735108,129100000020000","5697039,221400000200000",12.378364169000065,51.37584123200003,9,,9,Nord,14170713148110390810,0,0,9.0,,,,,,
2240,,64016,14,7,13,000,2017,07,12,4,3,7,7,,,1,0,0,0,,0,"737324,240600000020000","5690878,277700000400000",12.406041170000037,51.319618597000044,3,,3,Südost,14170712148410397040,0,1,3.0,,,,,,
2241,,64018,14,7,13,000,2017,07,20,4,3,5,3,,,0,1,0,0,,0,"734945,485699999960000","5690232,978099999900000",12.37154029800007,51.31481320800003,4,,4,Süd,14170712144200390450,1,1,4.0,,,,,,
2242,,64027,14,7,13,000,2017,07,11,1,3,5,2,,,1,0,0,0,,1,"736470,749199999960000","5692256,315000000400000",12.394729294000058,51.33234345000005,0,,0,Mitte,14170730148410455690,0,0,0.0,,,,,,
2243,,64028,14,7,13,000,2017,07,12,1,3,2,2,,,0,1,0,0,,0,"739891,806199999990000","5694466,251500000200000",12.445235309000054,51.35074671400008,2,,2,Ost,14170730148210450120,0,0,2.0,,,,,,
2244,,64068,14,7,13,000,2017,07,08,3,3,2,6,,,0,1,0,0,,0,"732070,299899999980000","5692450,196999999700000",12.331799312000044,51.33589635100003,7,,7,Alt-West,14170711148310377390,0,0,7.0,,,,,,
2245,,64069,14,7,13,000,2017,07,20,3,3,4,6,,,1,0,0,0,,0,"736397,918799999980000","5694509,716300000400000",12.395181580000042,51.35260065700004,1,,1,Nordost,14170711148110459940,0,0,1.0,,,,,,
2246,,64070,14,7,13,000,2017,07,23,3,3,6,4,,,0,0,1,0,,1,"735390,149699999950000","5693534,469600000400000",12.380090104000033,51.34426479700005,0,,0,Mitte,14170711144200418400,2,0,0.0,,,,,,
2247,,64094,14,7,13,000,2017,07,18,6,3,3,2,,,0,1,0,1,,0,"736984,513999999970000","5691373,097000000100000",12.40150359200004,51.324201748000064,3,,3,Südost,14170728144200441680,0,0,3.0,,,,,,
2248,,64096,14,7,13,000,2017,07,18,6,3,3,2,,,1,0,0,0,,1,"736416,675599999960000","5692744,469700000200000",12.394278411000073,51.33674769900006,0,,0,Mitte,14170728144200432850,0,0,0.0,,,,,,
2249,,64118,14,7,13,000,2017,07,09,2,3,5,3,,,1,1,0,0,,0,"737352,860600000010000","5690244,299900000000000",12.406029219000061,51.313916007000046,3,,3,Südost,14170710148220398340,0,1,3.0,,,,,,
2250,,64128,14,7,13,000,2017,07,17,5,3,2,6,,,0,1,0,1,,0,"733913,717100000010000","5693221,294200000400000",12.358722754000041,51.34206292700003,0,,0,Mitte,14170727144200432840,0,0,0.0,,,,,,
2251,,64142,14,7,13,000,2017,07,16,4,2,9,1,,,0,1,0,0,,0,"742960,099000000050000","5695411,291100000000000",12.489858937000065,51.35792557500008,2,,2,Ost,14170726144310528190,0,1,2.0,,,,,,
2252,,64211,14,7,13,000,2017,07,12,7,3,2,6,,,0,1,0,0,,1,"735862,869500000030000","5693718,856499999800000",12.38698755400003,51.345723992000046,0,,0,Mitte,14170708148410377440,0,1,0.0,,,,,,
2253,,64255,14,7,13,000,2017,09,08,6,3,0,7,,,0,0,0,0,,1,"729335,898900000030000","5687113,236100000300000",12.289180686000066,51.289094773000045,5,,5,Südwest,14170915148310579471,0,0,5.0,,,,,,
2254,,64275,14,7,13,000,2017,09,13,1,2,2,6,,,0,0,0,1,,0,"736869,100600000010000","5694390,636500000000000",12.401856719000023,51.35133562400006,1,,1,Nordost,14170903144200557680,0,0,1.0,,,,,,
2255,,64298,14,7,13,000,2017,08,09,2,3,4,6,,,1,0,0,0,,0,"734443,438300000040000","5693401,051000000000000",12.366433184000073,51.34345833800006,0,,0,Mitte,14170821148410529280,0,0,0.0,,,,,,
2256,,64300,14,7,13,000,2017,08,14,2,3,5,3,,,0,1,0,0,,0,"735969,579999999960000","5697123,904000000100000",12.390775689000066,51.376244083000074,9,,9,Nord,14170821148110536980,0,0,9.0,,,,,,
2257,,64301,14,7,30,270,2017,08,08,2,3,2,6,,,0,0,0,0,,1,"729895,833100000050000","5701196,717899999600000",12.306294168000022,51.41529670300008,8,,8,Nordwest,14170821144310534640,0,0,8.0,,,,,,
2258,,64302,14,7,30,270,2017,08,08,2,3,2,6,,,0,1,0,0,,1,"730263,614799999980000","5701194,690899999800000",12.311572694000063,51.41512929800007,8,,8,Nordwest,14170821144310506930,0,0,8.0,,,,,,
2259,,64303,14,7,13,000,2017,08,07,2,3,2,6,,,0,1,0,0,,1,"732279,728800000040000","5692447,797100000100000",12.334799022000027,51.33578931100004,7,,7,Alt-West,14170821144200509580,0,0,7.0,,,,,,
2260,,64304,14,7,13,000,2017,08,09,2,3,5,3,,,1,1,0,0,,0,"735177,407600000040000","5693551,922299999700000",12.377052456000058,51.34450949600006,0,,0,Mitte,14170821144200509520,0,0,0.0,,,,,,
2261,,64317,14,7,13,000,2017,09,13,5,3,2,6,,,0,1,0,0,,0,"736217,580500000040000","5693799,342100000000000",12.392125020000037,51.346299180000074,0,,0,Mitte,14170914148410623440,0,1,0.0,,,,,,
2262,,64385,14,7,13,000,2017,08,22,1,3,5,3,,,0,0,0,1,,1,"735855,354500000020000","5693714,002600000200000",12.38687662600006,51.34568354000004,0,,0,Mitte,14170820148410579730,2,0,0.0,,,,,,
2263,,64386,14,7,13,000,2017,08,14,1,3,5,3,,,0,1,0,0,,0,"736162,076000000000000","5694404,025999999600000",12.391730618000054,51.35175000000004,1,,1,Nordost,14170820148110554830,0,0,1.0,,,,,,
2264,,64410,14,7,13,000,2017,08,13,1,3,5,3,,,1,1,0,0,,0,"732964,170399999940000","5692857,907300000100000",12.344875692000073,51.33919077300004,7,,7,Alt-West,14170820144200539710,0,0,7.0,,,,,,
2265,,64439,14,7,13,000,2017,09,20,4,2,6,4,,,1,0,1,0,,0,"731575,350699999950000","5692695,912100000300000",12.32486599400005,51.33830384600003,7,,7,Alt-West,14170913148310646590,0,0,7.0,,,,,,
2266,,64448,14,7,13,000,2017,09,04,3,3,5,3,,,0,1,0,1,,0,"727956,706499999970000","5699601,440399999700000",12.277430375000051,51.401758450000045,8,,8,Nordwest,14170905144200580440,2,0,8.0,,,,,,
2267,,64554,14,7,13,000,2017,09,11,5,1,3,2,,,1,0,0,0,,1,"731839,321899999980000","5692532,711199999800000",12.328542906000052,51.33673126900004,7,,7,Alt-West,14170914144200586040,0,1,7.0,,,,,,
2268,,64561,14,7,13,000,2017,08,12,4,3,5,3,,,1,1,0,0,,0,"728186,495299999950000","5690855,751100000000000",12.27511781000004,51.32315416100005,6,,6,West,14170830148313564810,0,0,6.0,,,,,,
2269,,64562,14,7,13,000,2017,08,23,4,3,5,2,,,0,1,0,1,,0,"736637,801499999940000","5695730,920300000300000",12.399432512000033,51.36346250200006,9,,9,Nord,14170830148110600610,2,0,9.0,,,,,,
2270,,64563,14,7,13,000,2017,08,15,4,3,6,4,,,0,0,1,0,,1,"728223,729700000030000","5690336,280299999800000",12.275318783000046,51.318475782000064,6,,6,West,14170830144200656390,0,0,6.0,,,,,,
2271,,64566,14,7,13,000,2017,08,13,4,2,5,3,,,0,1,0,0,,1,"732229,795999999970000","5699196,167999999600000",12.338490229000058,51.39638766100006,8,,8,Nordwest,14170830144200539730,0,0,8.0,,,,,,
2272,,64567,14,7,13,000,2017,08,11,4,3,4,2,,,0,1,0,0,,0,"738864,430999999980000","5694486,868999999900000",12.43052282900004,51.35136442000004,2,,2,Ost,14170830144200539490,0,0,2.0,,,,,,
2273,,64576,14,7,13,000,2017,09,12,3,3,2,2,,,0,1,0,0,,0,"732512,135299999970000","5692413,434500000400000",12.338107138000055,51.33538588000005,7,,7,Alt-West,14170912144200575320,0,0,7.0,,,,,,
2274,,64652,14,7,13,000,2017,08,17,4,3,3,6,,,0,1,0,0,,0,"734694,238299999970000","5697039,407800000200000",12.37242800200005,51.37601409800004,9,,9,Nord,14170816148110499640,0,0,9.0,,,,,,
2275,,64671,14,7,13,000,2017,09,15,4,3,2,6,,,0,1,0,1,,0,"735577,028900000030000","5693418,199900000400000",12.382691660000035,51.34314372600005,0,,0,Mitte,14170906143215563960,0,1,0.0,,,,,,
2276,,64704,14,7,13,000,2017,09,17,2,3,4,2,,,0,1,0,1,,0,"727200,868000000020000","5693381,875000000000000",12.262606944000026,51.346226623000064,7,,7,Alt-West,14170911148310581110,0,0,7.0,,,,,,
2277,,64706,14,7,13,000,2017,08,19,3,3,5,3,,,1,1,0,0,,0,"732619,176199999990000","5692410,346800000400000",12.339639074000047,51.33531439200004,7,,7,Alt-West,14170815144200620320,0,0,7.0,,,,,,
2278,,64728,14,7,13,000,2017,08,12,2,3,5,3,,,1,1,0,0,,0,"741227,791300000040000","5694506,152300000200000",12.464411705000032,51.35053947000006,2,,2,Ost,14170828148210558200,0,0,2.0,,,,,,
2279,,64758,14,7,13,000,2017,08,18,2,3,5,3,,,0,1,0,0,,1,"740757,405700000000000","5694463,351499999900000",12.457640498000046,51.35035472900006,2,,2,Ost,14170828144200560880,0,0,2.0,,,,,,
2280,,64759,14,7,13,000,2017,08,16,2,2,4,2,,,1,1,0,0,,0,"736453,069499999980000","5692997,314000000200000",12.39496777900007,51.33900214500005,0,,0,Mitte,14170828144200545280,0,0,0.0,,,,,,
2281,,64778,14,7,13,000,2017,09,13,6,3,1,5,,,1,1,0,0,,0,"734156,127899999960000","5693288,715099999700000",12.362241385000061,51.342568354000036,0,,0,Mitte,14170915148410582700,0,0,0.0,,,,,,
2282,,64788,14,7,13,000,2017,08,16,2,3,5,3,,,0,1,0,0,,1,"730054,536199999970000","5687513,086400000400000",12.299726758000077,51.29239451900003,5,,5,Südwest,14170814148310507100,0,0,5.0,,,,,,
2283,,64794,14,7,13,000,2017,08,10,2,3,2,6,,,0,0,0,0,,1,"739199,696400000020000","5695049,787399999800000",12.435706904000028,51.35627606600008,1,,1,Nordost,14170814144200489430,0,0,1.0,,,,,,
2284,,64824,14,7,13,000,2017,08,19,1,2,5,3,,,1,1,0,0,,0,"736065,029499999950000","5693821,634200000200000",12.389953260000027,51.34656264200004,0,,0,Mitte,14170813148410507700,0,0,0.0,,,,,,
2285,,64825,14,7,13,000,2017,08,10,1,3,3,1,,,0,1,0,0,,0,"743055,452900000030000","5695337,265200000300000",12.49117529700004,51.35722040100006,2,,2,Ost,14170813144310509640,0,1,2.0,,,,,,
2286,,64881,14,7,13,000,2017,08,12,6,3,3,2,,,1,1,0,0,,0,"736639,962100000000000","5692106,039500000000000",12.397054104000063,51.33092417900008,3,,3,Südost,14170811148410489630,0,0,3.0,,,,,,
2287,,64882,14,7,13,000,2017,08,08,6,3,5,2,,,1,1,0,0,,0,"735956,004100000020000","5693790,773699999800000",12.388370116000033,51.346330892000026,0,,0,Mitte,14170811148410478750,0,1,0.0,,,,,,
2288,,64908,14,7,13,000,2017,08,13,6,2,5,2,,,1,1,0,0,,0,"733560,641100000010000","5693075,401800000100000",12.353566654000076,51.34089845600005,0,,0,Mitte,14170811144200477880,0,0,0.0,,,,,,
2289,,64928,14,7,13,000,2017,09,04,2,1,2,6,,,0,0,0,0,,1,"735653,349500000010000","5700354,786700000100000",12.38838406800005,51.40537634400005,9,,9,Nord,14170911144200568790,2,0,9.0,,,,,,
2290,,64960,14,7,13,000,2017,08,05,6,2,5,3,,,0,1,0,0,,1,"732592,519500000050000","5698947,409000000000000",12.343532172000039,51.394006112000056,8,,8,Nordwest,14170825144200621570,0,0,8.0,,,,,,
2291,,65002,14,7,13,000,2017,08,14,5,3,4,6,,,1,0,0,0,,0,"735093,748099999970000","5693535,041100000000000",12.375842233000071,51.34439256400003,0,,0,Mitte,14170824148410535370,0,0,0.0,,,,,,
2292,,65024,14,7,13,000,2017,09,08,6,2,3,6,,,1,1,0,0,,0,"735116,825100000020000","5690241,886599999900000",12.374000369000044,51.31482242100003,4,,4,Süd,14170915144100614610,0,0,4.0,,,,,,
2293,,65050,14,7,13,000,2017,08,05,4,3,2,6,,,0,1,0,1,,0,"727729,849300000000000","5699059,035899999600000",12.273826470000074,51.39698028000004,8,,8,Nordwest,14170823148110522820,0,0,8.0,,,,,,
2294,,65051,14,7,13,000,2017,08,12,4,3,5,3,,,1,0,0,0,,1,"735443,998200000030000","5693456,089700000400000",12.380810073000077,51.34353893900004,0,,0,Mitte,14170823144200554640,0,0,0.0,,,,,,
2295,,65052,14,7,13,000,2017,08,11,4,2,5,3,,,0,1,0,1,,0,"740793,393000000040000","5686765,034000000000000",12.452959056000054,51.28124211000005,3,,3,Südost,14170809144200539510,0,0,3.0,,,,,,
2296,,65054,14,7,13,000,2017,08,18,4,3,3,2,,,1,1,0,0,,0,"728185,125000000000000","5690858,929999999700000",12.27510021200004,51.32318324900007,6,,6,West,14170823144200554590,0,0,6.0,,,,,,
2297,,65107,14,7,13,000,2017,08,12,3,3,5,3,,,1,1,0,0,,0,"730892,414699999960000","5697445,614699999800000",12.318160995000028,51.38121899500004,8,,8,Nordwest,14170808148110478700,0,0,8.0,,,,,,
2298,,65110,14,7,13,000,2017,08,08,3,2,7,7,,,0,1,0,0,,0,"731829,764300000040000","5701171,813699999800000",12.334040731000073,51.41428588900004,8,,8,Nordwest,14170808144310478680,0,0,8.0,,,,,,
2299,,65121,14,7,13,000,2017,08,23,3,2,5,3,,,0,1,0,0,,0,"736426,590500000050000","5692747,706299999700000",12.394422641000062,51.33677263000004,3,,3,Südost,14170808144200488560,2,0,3.0,,,,,,
2300,,65132,14,7,13,000,2017,11,13,3,2,3,6,,,0,1,0,0,,0,"735641,760400000030000","5693488,899299999700000",12.383666196000036,51.34375152100006,0,,0,Mitte,14171121144200918600,0,1,0.0,,,,,,
2301,,65163,14,7,13,000,2017,11,06,5,3,5,2,,,0,1,0,0,,0,"736677,478499999970000","5695554,580299999600000",12.399884084000064,51.361863131000064,1,,1,Nordost,14171116148110775410,1,0,1.0,,,,,,
2302,,65166,14,7,13,000,2017,11,15,6,3,3,6,,,0,1,0,0,,0,"741406,307599999940000","5696695,047199999900000",12.468455754000047,51.37011003100008,1,,1,Nordost,14171117144000802810,0,0,1.0,,,,,,
2303,,65167,14,7,13,000,2017,11,10,4,3,4,2,,,0,1,0,0,,0,"729945,812999999970000","5693107,654000000100000",12.301777438000045,51.34266132400006,7,,7,Alt-West,14171108144100758660,0,0,7.0,,,,,,
2304,,65193,14,7,13,000,2017,11,15,1,3,1,5,,,1,1,0,0,,0,"734154,852300000030000","5693288,148799999600000",12.362222730000042,51.342563796000036,0,,0,Mitte,14171112144200760950,0,1,0.0,,,,,,
2305,,65197,14,7,13,000,2017,10,07,3,3,5,3,,,0,1,0,0,,0,"735178,659600000010000","5693552,194000000100000",12.377070580000066,51.344511417000035,0,,0,Mitte,14171010148410695500,1,1,0.0,,,,,,
2306,,65211,14,7,13,000,2017,10,22,6,3,5,3,,,0,1,0,0,,0,"736426,372300000050000","5692746,601800000300000",12.39441878100007,51.33676280600008,3,,3,Südost,14171013148410669330,2,0,3.0,,,,,,
2307,,65228,14,7,13,000,2017,10,09,3,3,2,6,,,0,1,0,0,,1,"737157,756599999960000","5694288,981499999800000",12.405926736000026,51.350302802000044,1,,1,Nordost,14171017148110672690,0,0,1.0,,,,,,
2308,,65232,14,7,13,000,2017,11,20,1,3,9,1,,,0,1,0,0,,0,"737738,790200000050000","5699701,772199999500000",12.41787544400006,51.39864491600008,1,,1,Nordost,14171119144310801810,2,1,1.0,,,,,,
2309,,65250,14,7,13,000,2017,10,14,7,3,5,2,,,1,1,0,0,,0,"736162,076000000000000","5694404,025999999600000",12.391730618000054,51.35175000000004,1,,1,Nordost,14171014144200708211,0,0,1.0,,,,,,
2310,,65265,14,7,13,000,2017,11,17,2,2,6,2,,,0,1,1,0,,0,"735093,684600000040000","5697039,253200000200000",12.37815701900007,51.37584749700005,9,,9,Nord,14171127144200809620,2,1,9.0,,,,,,
2311,,65279,14,7,13,000,2017,09,09,7,3,2,6,,,0,1,0,0,,0,"738113,481000000030000","5699728,034000000000000",12.423269520000076,51.39872353800007,1,,1,Nordost,14170930144310645860,0,0,1.0,,,,,,
2312,,65308,14,7,30,270,2017,10,08,2,3,1,6,,,0,1,0,0,,1,"729895,813599999990000","5701198,813400000300000",12.306295246000047,51.41531552200007,8,,8,Nordwest,14171016144310690950,0,0,8.0,,,,,,
2313,,65309,14,7,13,000,2017,11,13,7,3,3,5,,,1,1,0,0,,0,"734219,694200000030000","5693315,157700000300000",12.363169836000054,51.342779533000055,0,,0,Mitte,14171111148110789650,0,1,0.0,,,,,,
2314,,65321,14,7,13,000,2017,11,19,4,3,2,6,,,0,1,0,0,,0,"735176,545000000040000","5693551,735100000200000",12.377039969000066,51.344508173000065,0,,0,Mitte,14171108148410761060,2,0,0.0,,,,,,
2315,,65345,14,7,13,000,2017,10,10,3,3,3,6,,,0,1,0,0,,1,"737399,384700000050000","5690766,387699999800000",12.407043092000038,51.31858291800006,3,,3,Südost,14171017144200672980,0,0,3.0,,,,,,
2316,,65355,14,7,13,000,2017,10,11,2,3,5,3,,,1,1,0,0,,0,"732963,387400000010000","5692857,596300000300000",12.344864267000048,51.33918830300007,7,,7,Alt-West,14171030148410760970,0,0,7.0,,,,,,
2317,,65399,14,7,13,000,2017,11,07,5,3,6,2,,,0,1,1,0,,0,"737160,792600000040000","5691112,788599999600000",12.403855814000053,51.32179173800006,3,,3,Südost,14171116148410907960,1,0,3.0,,,,,,
2318,,65411,14,7,13,000,2017,09,09,6,3,1,2,,,0,1,0,0,,1,"736066,255299999960000","5693825,467100000000000",12.389973371000053,51.34659653800003,0,,0,Mitte,14170929148410646830,0,0,0.0,,,,,,
2319,,65412,14,7,13,000,2017,09,16,6,3,2,2,,,0,1,0,0,,0,"740038,859500000020000","5694416,484400000400000",12.447309569000026,51.35023794300008,2,,2,Ost,14170929148410646440,0,0,2.0,,,,,,
2320,,65420,14,7,13,000,2017,09,10,6,2,2,2,,,0,1,0,0,,0,"735182,462599999970000","5693524,511699999700000",12.37710680400005,51.34426135900003,0,,0,Mitte,14170929144200624950,0,0,0.0,,,,,,
2321,,65422,14,7,13,000,2017,11,13,6,3,5,2,,,1,0,0,0,,1,"736157,287200000020000","5693922,525700000100000",12.391342536000025,51.34742994900006,0,,0,Mitte,14171117144200789580,0,0,0.0,,,,,,
2322,,65439,14,7,13,000,2017,10,16,2,3,3,2,,,1,1,0,0,,0,"739053,126799999970000","5694921,976200000400000",12.433519873000023,51.355190529000026,2,,2,Ost,14171016144200672680,0,0,2.0,,,,,,
2323,,65452,14,7,13,000,2017,11,15,1,3,6,3,,,0,1,1,0,,0,"735158,221800000060000","5693518,694199999800000",12.376755525000021,51.34421916500003,0,,0,Mitte,14171119148410816240,0,1,0.0,,,,,,