UNFALL_ID,FID_left,OBJECTID,ULAND,UREGBEZ,UKREIS,UGEMEINDE,UJAHR,UMONAT,USTUNDE,UWOCHENTAG,UKATEGORIE,UART,UTYP1,ULICHTVERH,IstStrasse,IstRad,IstPKW,IstFuss,IstKrad,IstGkfz,IstSonstig,LINREFX,LINREFY,XGCSWGS84,YGCSWGS84,index_right,FID_right,SBZ,Name,UIDENTSTLA,LICHT,STRZUSTAND,FID,OBJECTID_1,IstSonstige,UIDENTSTLAE,OID_,IstStrassenzustand,PLST
2445,,67210,14,7,13,000,2017,12,18,4,3,2,6,,,0,1,0,0,,0,"735962,358600000040000","5697123,145700000200000",12.390671612000062,51.37624027700008,9,,9,Nord,14171220148110902160,2,0,9.0,,,,,,
2446,,67220,14,7,13,000,2017,12,17,1,3,1,1,,,0,1,0,0,,0,"737417,430100000000000","5690744,646900000100000",12.407287105000023,51.318380243000036,3,,3,Südost,14171203148410847280,2,1,3.0,,,,,,
2447,,67221,14,7,13,000,2017,12,17,1,3,3,2,,,0,1,0,0,,0,"735550,561600000020000","5690263,160699999900000",12.38022705800006,51.314834044000065,4,,4,Süd,14171203144200841710,2,2,4.0,,,,,,
2448,,67231,14,7,13,000,2017,12,19,4,3,5,3,,,0,1,0,0,,0,"743389,233000000010000","5695195,838000000500000",12.495863303000021,51.35580821600007,2,,2,Ost,14171220144200071410,2,1,2.0,,,,,,
2449,,67244,14,7,13,000,2017,12,22,7,2,5,3,,,1,1,0,0,,0,"736426,456699999980000","5692747,029000000100000",12.394420274000026,51.336766606000026,3,,3,Südost,14171202144200847200,2,0,3.0,,,,,,
2450,,67285,14,7,13,000,2017,12,06,6,3,6,4,,,0,1,1,0,,0,"735388,459400000050000","5693535,477500000000000",12.380066544000044,51.34427454400003,0,,0,Mitte,14171201148410826890,2,1,0.0,,,,,,
2451,,67286,14,7,13,000,2017,12,06,6,3,3,6,,,0,1,0,0,,1,"735080,107199999970000","5700578,330799999600000",12.380305142000054,51.40762074600008,9,,9,Nord,14171201144310837490,2,2,9.0,,,,,,
2452,,67331,14,7,13,000,2017,12,12,2,2,4,2,,,0,1,0,0,,0,"742257,371099999990000","5694719,722099999900000",12.479314242000044,51.35201849300006,2,,2,Ost,14171218144200886200,0,0,2.0,,,,,,
2453,,67363,14,7,13,000,2017,11,07,5,3,6,4,,,0,1,1,0,,0,"741353,434699999980000","5686911,257799999800000",12.461073063000072,51.28231763900004,3,,3,Südost,14171130148210833200,0,0,3.0,,,,,,
2454,,67419,14,7,13,000,2017,11,16,4,3,2,6,,,0,1,0,0,,1,"731141,208400000000000","5700374,558799999800000",12.323636735000036,51.407410199000026,8,,8,Nordwest,14171129144200819810,1,0,8.0,,,,,,
2455,,158681,14,7,13,000,2017,01,06,3,3,6,4,,,0,1,1,0,,0,"735761,395699999990000","5693475,751699999900000",12.385372159000042,51.343583909000074,0,,0,Mitte,14170103148410841320,2,1,0.0,,,,,,
2456,,158682,14,7,13,000,2017,01,11,3,3,5,3,,,1,1,0,0,,0,"727210,545599999950000","5693564,957200000100000",12.262862518000077,51.34786635300003,7,,7,Alt-West,14170103148313895900,0,1,7.0,,,,,,
2457,,158685,14,7,13,000,2017,01,19,3,3,1,5,,,1,1,0,0,,0,"735062,024800000010000","5690744,758200000000000",12.37354687900006,51.31935903900006,4,,4,Süd,14170103144200837750,1,1,4.0,,,,,,
2458,,158694,14,7,13,000,2017,01,08,2,3,2,6,,,0,1,0,0,,0,"733460,081899999990000","5695497,140900000000000",12.353713928000047,51.362678610000046,9,,9,Nord,14170102144200846380,0,2,9.0,,,,,,
2459,,158695,14,7,13,000,2017,01,16,2,3,0,1,,,1,0,0,0,,0,"739911,120000000000000","5693142,307699999800000",12.444620118000046,51.338855239000054,2,,2,Ost,14170102144200838560,1,2,2.0,,,,,,
2460,,158702,14,7,13,000,2017,01,01,1,2,8,1,,,0,1,0,0,,1,"734942,617899999950000","5695273,239699999800000",12.374823511000045,51.36005771600003,9,,9,Nord,14170101144200004690,2,0,9.0,,,,,,
2461,,158949,14,7,13,000,2017,01,07,3,3,5,3,,,0,1,0,0,,1,"736916,195799999990000","5693172,517099999800000",12.401721266000038,51.340382032000036,2,,2,Ost,14170131148410925330,1,1,2.0,,,,,,
2462,,158950,14,7,13,000,2017,01,10,3,3,5,3,,,0,1,0,0,,1,"732323,027200000010000","5690631,355999999700000",12.334235505000038,51.31946588500006,5,,5,Südwest,14170131148310978780,0,1,5.0,,,,,,
2463,,158951,14,7,13,000,2017,01,15,3,3,2,2,,,0,1,0,0,,0,"732610,307500000000000","5692303,850399999900000",12.339442449000046,51.33436203300005,7,,7,Alt-West,14170131148310922110,0,1,7.0,,,,,,
2464,,158952,14,7,13,000,2017,01,18,3,3,8,1,,,0,1,0,0,,0,"739377,345800000010000","5687392,019600000200000",12.433112313000038,51.28746648600003,3,,3,Südost,14170131148220918700,2,1,3.0,,,,,,
2465,,158953,14,7,13,000,2017,01,18,3,3,2,6,,,0,1,0,0,,0,"730760,256999999980000","5696291,546900000400000",12.315515884000035,51.37091282800003,8,,8,Nordwest,14170131145200962950,2,2,8.0,,,,,,
2466,,158954,14,7,13,000,2017,01,16,3,2,5,3,,,0,1,0,1,,0,"731774,915700000010000","5691018,167100000200000",12.32663486000007,51.32316173500004,5,,5,Südwest,14170131144200922160,0,1,5.0,,,,,,
2467,,158963,14,7,13,000,2017,01,15,2,3,0,5,,,1,1,0,0,,0,"737183,044499999960000","5693747,436400000000000",12.405928424000024,51.34543130900005,2,,2,Ost,14170130148410962430,0,1,2.0,,,,,,
2468,,158964,14,7,13,000,2017,01,11,2,2,3,2,,,1,0,0,0,,1,"736590,451600000030000","5693783,835599999900000",12.397459110000057,51.34600494400007,2,,2,Ost,14170130148410941500,0,1,2.0,,,,,,
2469,,158965,14,7,13,000,2017,01,06,2,3,5,2,,,0,1,0,0,,1,"740593,357599999990000","5700200,469600000400000",12.459172586000022,51.40191790500006,1,,1,Nordost,14170130148110945280,2,0,1.0,,,,,,
2470,,158977,14,7,13,000,2017,01,17,1,3,5,3,,,0,1,0,0,,0,"739916,308700000050000","5694544,900200000000000",12.44563953200003,51.35144229900004,2,,2,Ost,14170129145200918850,2,0,2.0,,,,,,
2471,,158980,14,7,13,000,2017,01,16,7,2,6,4,,,0,0,1,0,,1,"735550,809000000010000","5692968,872999999700000",12.382018687000027,51.339121299000055,0,,0,Mitte,14170128144200925430,1,0,0.0,,,,,,
2472,,158990,14,7,13,000,2017,01,21,6,3,3,5,,,1,1,0,0,,0,"734323,519199999980000","5695883,455699999800000",12.366348993000031,51.36579089900005,9,,9,Nord,14170127148110915310,2,0,9.0,,,,,,
2473,,158991,14,7,13,000,2017,01,16,6,2,6,4,,,0,1,1,0,,0,"740171,912600000040000","5689261,167100000200000",12.445742979000045,51.30390913300005,3,,3,Südost,14170127144200918870,0,1,3.0,,,,,,
2474,,158996,14,7,13,000,2017,01,11,5,3,5,3,,,1,0,0,0,,1,"733852,367600000000000","5693450,081500000300000",12.357993718000046,51.34414187500005,0,,0,Mitte,14170126662218912230,0,0,0.0,,,,,,
2475,,159000,14,7,13,000,2017,01,08,5,3,6,4,,,0,0,1,0,,1,"735059,332000000050000","5690445,627000000300000",12.373311135000051,51.31667502700003,4,,4,Süd,14170126148421903730,0,0,4.0,,,,,,
2476,,159001,14,7,13,000,2017,01,15,5,3,0,7,,,1,1,0,0,,0,"735162,725199999990000","5693393,618300000200000",12.37673747100007,51.34309457900008,0,,0,Mitte,14170126148420925410,0,0,0.0,,,,,,
2477,,159002,14,7,13,000,2017,01,23,5,3,8,1,,,0,1,0,0,,0,"736394,456000000010000","5695219,048000000400000",12.395603163000033,51.358969165000076,9,,9,Nord,14170126144200912330,2,0,9.0,,,,,,
2478,,159003,14,7,13,000,2017,01,11,5,2,3,2,,,1,1,0,0,,0,"736772,342100000010000","5692024,735299999800000",12.398896860000036,51.33013929300006,3,,3,Südost,14170126144200912310,0,0,3.0,,,,,,
2479,,159009,14,7,13,000,2017,01,10,4,3,2,6,,,0,1,0,0,,0,"734841,433399999980000","5691788,823699999600000",12.371074681000039,51.32882209400003,0,,0,Mitte,14170125148410941530,0,1,0.0,,,,,,
2480,,159010,14,7,13,000,2017,01,19,4,3,2,6,,,0,1,0,1,,0,"728459,467999999990000","5689501,219999999700000",12.278161128000022,51.310884619000035,6,,6,West,14170125148310907540,2,1,6.0,,,,,,
2481,,159015,14,7,13,000,2017,01,11,3,3,2,2,,,0,1,0,0,,0,"734189,724500000010000","5692886,017300000400000",12.362458108000055,51.338939710000034,0,,0,Mitte,14170124662221912170,0,2,0.0,,,,,,
2482,,159017,14,7,13,000,2017,01,10,3,3,6,4,,,0,0,1,0,,1,"729035,337500000020000","5690833,819699999900000",12.287265508000075,51.322616219000054,6,,6,West,14170124148321907670,0,1,6.0,,,,,,
2483,,159018,14,7,13,000,2017,01,20,3,3,5,2,,,0,1,0,0,,0,"732335,950700000040000","5696217,405000000300000",12.338065553000035,51.369604964000075,8,,8,Nordwest,14170124145200915430,2,2,8.0,,,,,,
2484,,159019,14,7,13,000,2017,01,09,3,3,1,1,,,0,1,0,0,,1,"734609,497800000010000","5692808,514299999900000",12.368422925000061,51.33807098300008,0,,0,Mitte,14170124144200911960,0,2,0.0,,,,,,
2485,,159029,14,7,13,000,2017,01,08,2,3,5,3,,,0,1,0,0,,0,"742139,202200000060000","5692840,401899999900000",12.47634256400005,51.335201194000035,2,,2,Ost,14170123148210904030,0,2,2.0,,,,,,
2486,,159030,14,7,13,000,2017,01,16,2,3,0,1,,,0,0,0,1,,0,"737498,405400000050000","5697058,915500000100000",12.412659073000043,51.37502347100008,1,,1,Nordost,14170123148120915020,0,1,1.0,,,,,,
2487,,159031,14,7,13,000,2017,01,07,2,3,2,6,,,0,1,0,0,,0,"736123,902600000030000","5695573,309100000200000",12.391959352000072,51.362261559000046,9,,9,Nord,14170123148110915070,1,2,9.0,,,,,,
2488,,159032,14,7,13,000,2017,01,15,2,2,5,2,,,0,1,0,0,,0,"735739,208699999960000","5695364,434600000300000",12.386305113000049,51.36054639000008,9,,9,Nord,14170123144200915270,0,0,9.0,,,,,,
2489,,159033,14,7,13,000,2017,01,21,2,3,5,3,,,0,1,0,0,,0,"734977,557999999960000","5696036,123999999800000",12.375828458000058,51.36689116400004,9,,9,Nord,14170123144200895320,1,1,9.0,,,,,,
2490,,159042,14,7,13,000,2017,01,01,1,3,3,6,,,0,1,0,0,,0,"735762,247600000000000","5692887,699400000300000",12.384995091000064,51.33830504100007,0,,0,Mitte,14170122148410925180,2,1,0.0,,,,,,
2491,,159043,14,7,13,000,2017,01,15,1,3,2,6,,,0,1,0,0,,0,"733391,661399999980000","5693501,532999999800000",12.351424114000054,51.34479303900008,0,,0,Mitte,14170122148410897120,0,0,0.0,,,,,,
2492,,159049,14,7,13,000,2017,01,09,7,3,2,2,,,0,1,0,0,,0,"736065,133000000030000","5693821,957899999800000",12.389954958000033,51.34656550500006,0,,0,Mitte,14170121148410897050,0,0,0.0,,,,,,
2493,,159050,14,7,13,000,2017,01,15,7,3,3,6,,,1,1,0,0,,0,"738234,677499999990000","5692403,547500000300000",12.420102102000044,51.33292895500006,2,,2,Ost,14170121148210895830,0,1,2.0,,,,,,
2494,,159051,14,7,13,000,2017,01,15,7,2,8,1,,,0,1,0,0,,0,"739639,029499999950000","5692335,628300000000000",12.440178433000028,51.331729402000065,2,,2,Ost,14170121144200895800,0,0,2.0,,,,,,
2495,,159057,14,7,13,000,2017,01,19,6,3,2,2,,,0,1,0,0,,0,"736839,668599999980000","5695882,025299999900000",12.402427575000047,51.36473472100005,1,,1,Nordost,14170120144200895230,2,1,1.0,,,,,,
2496,,159063,14,7,13,000,2017,01,12,5,3,6,4,,,0,1,1,0,,0,"730920,526900000060000","5691779,221599999800000",12.314887063000072,51.33034107100008,7,,7,Alt-West,14170119144200997730,0,0,7.0,,,,,,
2497,,159064,14,7,13,000,2017,01,19,5,3,3,2,,,1,1,0,0,,0,"734744,267200000000000","5690902,770300000000000",12.369099001000052,51.32090859400006,4,,4,Süd,14170119144200903980,2,1,4.0,,,,,,
2498,,159065,14,7,13,000,2017,01,10,5,3,5,3,,,0,1,0,0,,0,"732057,994900000050000","5692938,025500000500000",12.33194078300005,51.34028049300008,7,,7,Alt-West,14170119144200896230,0,0,7.0,,,,,,
2499,,159066,14,7,13,000,2017,01,17,5,3,5,3,,,0,1,0,0,,0,"739759,484999999990000","5688233,365600000100000",12.439147079000065,51.294857585000045,3,,3,Südost,14170119144200895700,2,2,3.0,,,,,,
2500,,159080,14,7,13,000,2017,01,08,4,3,5,3,,,0,1,0,0,,1,"736523,635499999970000","5699827,051099999800000",12.400522269000021,51.40027721400003,9,,9,Nord,14170118148110894960,0,1,9.0,,,,,,
2501,,159087,14,7,13,000,2017,01,17,3,2,6,4,,,0,1,1,0,,0,"737422,108099999950000","5697076,047700000000000",12.411576274000026,51.37520914900006,1,,1,Nordost,14170117144200989780,2,1,1.0,,,,,,
2502,,159097,14,7,13,000,2017,01,09,1,3,8,1,,,0,1,0,0,,0,"737777,006399999950000","5690339,024199999900000",12.41216730900004,51.314589228000045,3,,3,Südost,14170115148210895520,0,1,3.0,,,,,,
2503,,159101,14,7,13,000,2017,01,20,7,3,1,1,,,0,1,0,0,,0,"737786,042000000020000","5691448,170699999700000",12.413036345000023,51.324541201000045,3,,3,Südost,14170114144200895490,2,2,3.0,,,,,,
2504,,159107,14,7,13,000,2017,01,17,6,3,2,6,,,0,1,0,0,,0,"735547,621900000030000","5692911,949799999600000",12.381935369000075,51.33861165900004,0,,0,Mitte,14170113144200942170,2,1,0.0,,,,,,
2505,,159108,14,7,13,000,2017,01,21,6,3,5,2,,,0,1,0,0,,0,"734785,626500000010000","5692497,857400000100000",12.370742262000022,51.33520971100006,0,,0,Mitte,14170113144200877350,2,1,0.0,,,,,,
2506,,159109,14,7,13,000,2017,01,17,6,3,2,6,,,0,1,0,0,,0,"732934,033999999990000","5691046,791799999800000",12.34325990800005,51.32294534400006,5,,5,Südwest,14170113144200876250,2,1,5.0,,,,,,
2507,,159120,14,7,13,000,2017,01,17,5,3,2,6,,,0,1,0,0,,1,"735037,643000000040000","5691567,233000000000000",12.373739841000031,51.326751976000025,0,,0,Mitte,14170112148210870810,1,0,0.0,,,,,,
2508,,159126,14,7,13,000,2017,01,07,4,3,5,2,,,0,1,0,0,,1,"734005,667000000020000","5695599,555999999900000",12.36160430600006,51.36337349900003,9,,9,Nord,14170111144200927380,2,0,9.0,,,,,,
2509,,159127,14,7,13,000,2017,01,16,4,3,5,3,,,0,1,0,0,,0,"736082,317999999970000","5692628,802100000000000",12.38941034800007,51.33584833500004,0,,0,Mitte,14170111144200896560,1,1,0.0,,,,,,
2510,,159133,14,7,13,000,2017,01,07,3,3,6,2,,,0,1,1,0,,0,"729837,925500000010000","5694448,757299999700000",12.301096929000039,51.35474406900005,7,,7,Alt-West,14170110148320868700,1,0,7.0,,,,,,
2511,,159134,14,7,13,000,2017,01,12,3,3,2,6,,,0,1,0,0,,0,"735650,820599999980000","5696613,828200000300000",12.385865714000033,51.371797892000075,9,,9,Nord,14170110144200955930,0,1,9.0,,,,,,
2512,,159135,14,7,13,000,2017,01,12,3,3,0,3,,,0,1,0,0,,1,"736509,993600000050000","5693465,159900000300000",12.396094236000067,51.343177936000075,0,,0,Mitte,14170110144200863800,0,0,0.0,,,,,,
2513,,159136,14,7,13,000,2017,01,18,3,2,6,2,,,0,1,1,0,,0,"736747,572000000040000","5689060,222000000100000",12.39657403900003,51.303539569000066,4,,4,Süd,14170110144200863760,2,2,4.0,,,,,,
2514,,159149,14,7,13,000,2017,01,17,2,2,6,2,,,0,1,1,0,,0,"735856,689800000050000","5692451,582899999800000",12.38605977900005,51.33435118300008,0,,0,Mitte,14170109144200853720,2,1,0.0,,,,,,
2515,,159150,14,7,13,000,2017,01,16,2,2,4,6,,,0,1,0,0,,1,"740844,141700000040000","5693944,018000000200000",12.458532388000037,51.34565667500004,2,,2,Ost,14170109144200000190,0,1,2.0,,,,,,
2516,,159156,14,7,13,000,2017,01,00,1,3,9,1,,,0,1,0,0,,0,"740523,914699999960000","5687416,944799999700000",12.449541103000058,51.28720730800006,3,,3,Südost,14170108148210868690,2,2,3.0,,,,,,
2517,,159157,14,7,13,000,2017,01,09,1,3,9,1,,,0,1,0,0,,0,"731820,932299999990000","5689250,677500000200000",12.326145336000025,51.30727650800003,5,,5,Südwest,14170108144200840920,0,2,5.0,,,,,,
2518,,159158,14,7,13,000,2017,01,23,7,3,2,6,,,0,1,0,0,,0,"737074,314299999970000","5692966,396900000100000",12.403850090000049,51.338465978000045,3,,3,Südost,14170107148410842120,2,2,3.0,,,,,,
2519,,159159,14,7,13,000,2017,01,14,7,3,0,7,,,0,0,0,0,,1,"736746,107100000020000","5688813,269100000200000",12.396389266000028,51.30132347500006,4,,4,Süd,14170107148210863880,0,0,4.0,,,,,,
2520,,159167,14,7,13,000,2017,01,16,6,3,5,3,,,0,1,0,0,,0,"739646,706400000020000","5691406,301199999600000",12.439663586000052,51.323384737000026,2,,2,Ost,14170106148210863890,1,2,2.0,,,,,,
2521,,159168,14,7,13,000,2017,01,12,6,3,4,1,,,0,1,0,0,,0,"727420,205800000000000","5688242,677799999700000",12.262472744000036,51.30000230500008,6,,6,West,14170106144200860910,0,2,6.0,,,,,,
2522,,159169,14,7,13,000,2017,01,14,6,3,5,3,,,1,1,0,0,,0,"733704,511999999990000","5697348,756500000100000",12.35843589600006,51.379199103000076,9,,9,Nord,14170106144200841200,0,2,9.0,,,,,,
2523,,159180,14,7,13,000,2017,01,18,5,3,5,3,,,1,1,0,0,,0,"735060,595300000040000","5690779,976499999900000",12.373549617000037,51.31967576300008,4,,4,Süd,14170105148410871390,2,0,4.0,,,,,,
2524,,159181,14,7,13,000,2017,01,07,5,3,3,5,,,1,0,0,0,,1,"735055,783199999950000","5690547,047899999700000",12.373327148000044,51.31758688800005,4,,4,Süd,14170105148210867570,0,1,4.0,,,,,,
2525,,159182,14,7,13,000,2017,01,17,5,3,6,2,,,0,1,1,0,,0,"737505,179899999990000","5697075,554800000000000",12.412767350000024,51.375169991000064,1,,1,Nordost,14170105148110841210,2,2,1.0,,,,,,
2526,,159183,14,7,13,000,2017,01,14,5,2,6,4,,,0,0,1,0,,1,"736524,364100000010000","5692235,390399999900000",12.395483639000076,51.33213333500004,3,,3,Südost,14170105144200896450,0,0,3.0,,,,,,
2527,,159184,14,7,13,000,2017,01,22,5,3,5,3,,,0,1,0,0,,0,"730722,376900000030000","5693726,401899999900000",12.313309037000067,51.34790118900003,7,,7,Alt-West,14170105144200853730,2,2,7.0,,,,,,
2528,,159185,14,7,13,000,2017,01,06,5,3,0,1,,,1,0,1,0,,0,"735760,863299999970000","5693287,063500000200000",12.385239609000052,51.34189041500008,0,,0,Mitte,14170105143219896430,1,2,0.0,,,,,,
2529,,159192,14,7,13,000,2017,01,23,4,2,8,1,,,0,1,0,0,,0,"737379,825500000040000","5692884,564600000200000",12.408173679000072,51.337604002000035,3,,3,Südost,14170104144320864830,2,2,3.0,,,,,,
2530,,159195,14,7,13,000,2017,02,10,4,3,5,3,,,0,1,0,0,,0,"729707,753799999950000","5690340,816599999600000",12.296581738000043,51.31791941100005,6,,6,West,14170201148310955580,0,1,6.0,,,,,,
2531,,159203,14,7,13,000,2017,02,07,5,3,6,4,,,0,1,1,0,,0,"736467,520499999980000","5694660,544200000400000",12.396279539000034,51.35392555800007,1,,1,Nordost,14170202148110945490,2,0,1.0,,,,,,
2532,,159204,14,7,13,000,2017,02,06,5,3,2,6,,,0,1,0,0,,0,"728020,357899999940000","5699583,586400000400000",12.278332437000074,51.40157259500006,8,,8,Nordwest,14170202148110955320,2,1,8.0,,,,,,
2533,,159206,14,7,13,000,2017,02,09,4,3,5,3,,,0,1,0,0,,0,"735641,079000000030000","5690359,222000000100000",12.381587048000029,51.31565885400005,4,,4,Süd,14170201144200931410,0,1,4.0,,,,,,
2534,,159207,14,7,13,000,2017,02,07,4,3,0,5,,,1,1,0,0,,0,"737191,033999999990000","5694511,436099999600000",12.406551981000064,51.35228568200006,1,,1,Nordost,14170201144200945530,0,0,1.0,,,,,,
2535,,159213,14,7,13,000,2017,02,19,5,3,4,2,,,1,1,0,0,,0,"733178,269100000030000","5695859,304200000100000",12.349910488000035,51.366045314000075,8,,8,Nordwest,14170202145200945070,2,0,8.0,,,,,,
2536,,159217,14,7,13,000,2017,02,16,5,3,6,2,,,0,1,1,0,,0,"734392,648500000010000","5696041,287300000000000",12.367444307000028,51.367179141000065,9,,9,Nord,14170202143212945550,0,1,9.0,,,,,,
2537,,159218,14,7,13,000,2017,03,11,5,3,5,5,,,0,1,0,0,,0,"738878,484900000040000","5696941,734899999600000",12.432372841000074,51.37339290300008,1,,1,Nordost,14170302148110004770,0,0,1.0,,,,,,
2538,,159219,14,7,13,000,2017,03,20,5,3,5,3,,,1,1,0,0,,0,"742271,032299999960000","5694562,796699999800000",12.47940324600006,51.35060420800005,2,,2,Ost,14170302144200076740,2,0,2.0,,,,,,
2539,,159221,14,7,13,000,2017,03,08,5,2,5,3,,,1,1,0,0,,0,"738825,300999999980000","5695758,216000000000000",12.430815254000038,51.36279224400005,1,,1,Nordost,14170302144200072400,0,1,1.0,,,,,,
2540,,159222,14,7,13,000,2017,03,03,5,2,4,6,,,0,1,0,0,,0,"731752,938599999990000","5693946,347900000400000",12.328224950000049,51.349456401000054,7,,7,Alt-West,14170302144200004700,2,1,7.0,,,,,,
2541,,159223,14,7,13,000,2017,03,14,5,3,2,6,,,0,1,0,0,,0,"737184,498700000000000","5694044,587799999900000",12.406147227000076,51.348097953000035,2,,2,Ost,14170302144200004660,0,0,2.0,,,,,,
2542,,159235,14,7,13,000,2017,03,10,4,3,2,2,,,0,1,0,0,,0,"737463,133599999940000","5693070,324799999600000",12.409491337000077,51.33923661500006,2,,2,Ost,14170301148210003960,0,1,2.0,,,,,,
2543,,159236,14,7,13,000,2017,03,06,4,2,6,2,,,0,1,1,0,,0,"730732,174499999960000","5693730,521599999600000",12.31345215400006,51.34793419500005,7,,7,Alt-West,14170301144200003650,2,1,7.0,,,,,,
2544,,159237,14,7,13,000,2017,03,10,4,3,5,2,,,0,1,0,0,,0,"731433,224599999960000","5693320,367600000500000",12.323234888000059,51.34396734100005,7,,7,Alt-West,14170301144200003590,0,1,7.0,,,,,,
2545,,159247,14,7,13,000,2017,02,13,3,3,0,7,,,1,1,0,0,,0,"736158,307200000040000","5693166,571200000100000",12.390855801000043,51.34064392100004,0,,0,Mitte,14170228148421024850,0,0,0.0,,,,,,
2546,,159248,14,7,13,000,2017,02,15,3,3,3,2,,,1,1,0,0,,0,"733715,132800000020000","5692454,052400000400000",12.355373146000034,51.33525740700003,0,,0,Mitte,14170228148410005660,0,0,0.0,,,,,,
2547,,159249,14,7,13,000,2017,02,06,3,3,2,6,,,0,1,0,0,,0,"729997,312999999970000","5697071,752000000300000",12.305078516000037,51.378226135000034,8,,8,Nordwest,14170228148110022410,1,1,8.0,,,,,,
2548,,159250,14,7,13,000,2017,02,20,3,3,1,1,,,0,1,0,0,,0,"734052,730600000010000","5696685,309600000300000",12.362993807000066,51.37310030900005,9,,9,Nord,14170228144200006010,2,0,9.0,,,,,,
2549,,159251,14,7,13,000,2017,02,14,3,3,6,2,,,0,1,1,0,,0,"730478,562099999980000","5693852,022199999500000",12.309895321000056,51.34912777800008,7,,7,Alt-West,14170228144200003620,0,0,7.0,,,,,,
2550,,159256,14,7,13,000,2017,02,07,2,3,5,3,,,1,1,0,0,,0,"736153,010600000040000","5692936,979299999800000",12.390627668000036,51.338585254000066,0,,0,Mitte,14170227148410024820,0,0,0.0,,,,,,
2551,,159259,14,7,13,000,2017,02,05,2,3,6,4,,,0,1,1,0,,0,"735102,291800000010000","5697013,868800000300000",12.378263678000053,51.37561607600003,9,,9,Nord,14170227144200004670,2,0,9.0,,,,,,
2552,,159275,14,7,13,000,2017,02,08,7,3,5,3,,,1,1,0,0,,0,"736574,721099999970000","5691291,333100000400000",12.395578561000036,51.32363835700005,0,,0,Mitte,14170225148410989210,0,0,0.0,,,,,,
2553,,159276,14,7,13,000,2017,02,00,7,3,5,3,,,1,1,0,0,,0,"739105,897800000040000","5699447,436700000400000",12.437320611000075,51.395787693000045,1,,1,Nordost,14170225148110005170,2,0,1.0,,,,,,
2554,,159278,14,7,13,000,2017,02,12,6,3,5,3,,,1,1,0,0,,0,"734409,999700000040000","5692648,686800000300000",12.365458749000027,51.33671856600006,0,,0,Mitte,14170224148410982090,0,1,0.0,,,,,,
2555,,159279,14,7,13,000,2017,02,18,6,3,6,4,,,0,1,1,0,,0,"732445,659699999960000","5692603,502500000400000",12.337278525000045,51.33711924000005,7,,7,Alt-West,14170224148110023970,2,1,7.0,,,,,,
2556,,159280,14,7,13,000,2017,02,15,6,3,5,3,,,1,1,0,0,,0,"742266,485899999970000","5694598,009100000400000",12.479362048000041,51.35092219000006,2,,2,Ost,14170224144200992790,0,1,2.0,,,,,,
2557,,159282,14,7,13,000,2017,02,15,6,3,1,7,,,0,1,0,1,,0,"737555,249500000030000","5693649,475800000100000",12.411197738000055,51.34439661600004,2,,2,Ost,14170224144200024780,0,1,2.0,,,,,,
2558,,159287,14,7,13,000,2017,02,20,5,3,6,2,,,0,1,1,0,,0,"737374,891500000030000","5693152,803700000000000",12.40828173400007,51.34001379100005,2,,2,Ost,14170223144200079510,2,0,2.0,,,,,,
2559,,159288,14,7,13,000,2017,02,18,5,3,5,3,,,0,1,0,0,,0,"727257,222700000040000","5689153,293899999900000",12.260718576000045,51.30824239300006,6,,6,West,14170223144200037650,2,0,6.0,,,,,,
2560,,159301,14,7,13,000,2017,02,17,3,3,0,5,,,1,1,0,0,,0,"732325,670700000020000","5690638,977400000200000",12.334278340000026,51.31953322100003,5,,5,Südwest,14170221148310975750,1,0,5.0,,,,,,
2561,,159302,14,7,13,000,2017,02,13,3,3,5,3,,,1,1,0,0,,0,"730179,930199999940000","5689969,983900000300000",12.303106626000044,51.314399637000065,5,,5,Südwest,14170221144200421660,0,0,5.0,,,,,,
2562,,159307,14,7,13,000,2017,02,14,2,3,3,2,,,1,1,0,0,,0,"734791,485600000010000","5691428,795099999800000",12.370121864000055,51.325610941000036,0,,0,Mitte,14170220148410024760,0,1,0.0,,,,,,
2563,,159309,14,7,13,000,2017,02,14,2,3,2,2,,,0,1,0,0,,0,"732229,402000000000000","5698980,552000000100000",12.33834353800006,51.394452321000074,8,,8,Nordwest,14170220144200978470,0,1,8.0,,,,,,
2564,,159315,14,7,13,000,2017,02,09,1,3,5,3,,,1,1,0,0,,0,"731017,825900000050000","5693986,247899999800000",12.31771285900004,51.35011380600008,7,,7,Alt-West,14170219148310978630,0,0,7.0,,,,,,
2565,,159316,14,7,13,000,2017,02,20,1,2,8,1,,,0,1,0,0,,0,"730733,932999999960000","5693732,680100000500000",12.313478761000056,51.34795285700005,7,,7,Alt-West,14170219144200978190,1,1,7.0,,,,,,