UNFALL_ID,FID_left,OBJECTID,ULAND,UREGBEZ,UKREIS,UGEMEINDE,UJAHR,UMONAT,USTUNDE,UWOCHENTAG,UKATEGORIE,UART,UTYP1,ULICHTVERH,IstStrasse,IstRad,IstPKW,IstFuss,IstKrad,IstGkfz,IstSonstig,LINREFX,LINREFY,XGCSWGS84,YGCSWGS84,index_right,FID_right,SBZ,Name,UIDENTSTLA,LICHT,STRZUSTAND,FID,OBJECTID_1,IstSonstige,UIDENTSTLAE,OID_,IstStrassenzustand,PLST
2566,,159317,14,7,13,000,2017,02,12,1,3,6,4,,,1,0,1,0,,0,"731525,687400000050000","5691815,504099999600000",12.323582105000071,51.33042078500006,7,,7,Alt-West,14170219144200978180,0,0,7.0,,,,,,
2567,,159323,14,7,13,000,2017,02,13,7,3,2,6,,,1,1,0,0,,0,"735398,772400000020000","5690912,226499999900000",12.37848133500006,51.32072309600005,4,,4,Süd,14170218148420986440,0,0,4.0,,,,,,
2568,,159331,14,7,13,000,2017,02,21,6,3,4,1,,,0,1,0,0,,0,"731696,063199999980000","5692812,615700000000000",12.326671915000077,51.33930230200008,7,,7,Alt-West,14170217148310981730,2,1,7.0,,,,,,
2569,,159332,14,7,13,000,2017,02,10,6,3,2,6,,,0,1,0,0,,0,"738334,804800000040000","5690884,321300000000000",12.420520989000067,51.319250501000056,3,,3,Südost,14170217148210986390,0,0,3.0,,,,,,
2570,,159333,14,7,13,000,2017,02,15,6,3,2,6,,,0,1,0,0,,0,"735406,387400000010000","5691402,955099999900000",12.378914449000035,51.32512490000005,0,,0,Mitte,14170217144200984280,0,1,0.0,,,,,,
2571,,159334,14,7,13,000,2017,02,14,6,3,5,3,,,0,1,0,0,,0,"741791,106099999980000","5686539,195600000200000",12.467085355000052,51.27879261600003,3,,3,Südost,14170217144200037170,0,1,3.0,,,,,,
2572,,159345,14,7,13,000,2017,02,11,5,3,5,3,,,0,1,0,0,,0,"737537,418100000010000","5693745,473500000300000",12.411006215000043,51.34526574300003,2,,2,Ost,14170216148410975080,0,0,2.0,,,,,,
2573,,159346,14,7,13,000,2017,02,06,5,3,8,1,,,0,0,0,1,,0,"729274,927299999980000","5691069,936300000200000",12.290850029000069,51.32463938200004,6,,6,West,14170216148310975020,1,1,6.0,,,,,,
2574,,159347,14,7,13,000,2017,02,10,5,3,0,3,,,1,1,0,0,,0,"728509,904800000020000","5694910,638700000000000",12.282353283000077,51.35942597600007,7,,7,Alt-West,14170216148310975000,0,0,7.0,,,,,,
2575,,159348,14,7,13,000,2017,02,10,5,3,5,3,,,1,1,0,0,,0,"734916,304600000030000","5689438,356900000000000",12.37059907400004,51.30769237900006,4,,4,Süd,14170216144200984210,0,0,4.0,,,,,,
2576,,159359,14,7,13,000,2017,02,18,4,2,5,3,,,1,1,0,0,,0,"736464,498900000010000","5699868,796500000200000",12.399701477000065,51.40067657000003,9,,9,Nord,14170215144200974330,1,0,9.0,,,,,,
2577,,159361,14,7,13,000,2017,02,09,4,2,0,1,,,0,0,0,0,,1,"734324,619500000030000","5692758,094999999700000",12.364307171000064,51.33773585100005,0,,0,Mitte,14170215144200177140,0,1,0.0,,,,,,
2578,,159362,14,7,13,000,2017,02,12,4,3,2,6,,,0,1,0,0,,1,"736367,140699999990000","5693790,276600000400000",12.39426266700002,51.34615564500007,0,,0,Mitte,14170215144200076700,0,0,0.0,,,,,,
2579,,159370,14,7,13,000,2017,02,08,3,2,5,3,,,0,1,0,0,,0,"742465,095199999980000","5692811,274000000200000",12.480992255000046,51.334800923000046,2,,2,Ost,14170214148210984520,0,0,2.0,,,,,,
2580,,159371,14,7,13,000,2017,02,07,3,3,5,3,,,0,1,0,0,,0,"733607,186800000020000","5694063,872999999700000",12.354882283000052,51.34975239000005,0,,0,Mitte,14170214144200984220,0,0,0.0,,,,,,
2581,,159372,14,7,13,000,2017,02,16,3,2,4,2,,,0,1,0,0,,0,"736466,321000000000000","5687480,991999999600000",12.391500712000038,51.28948084500007,4,,4,Süd,14170214144200971860,0,0,4.0,,,,,,
2582,,159373,14,7,13,000,2017,02,12,3,3,6,6,,,0,1,1,0,,0,"733268,011799999980000","5692086,998100000400000",12.348725442000045,51.332146066000064,5,,5,Südwest,14170214144200068020,0,0,5.0,,,,,,
2583,,159376,14,7,13,000,2017,02,08,2,3,5,3,,,1,1,0,0,,0,"731976,037699999990000","5693977,012099999900000",12.331443067000066,51.34964066600003,7,,7,Alt-West,14170213144200971900,0,0,7.0,,,,,,
2584,,159377,14,7,13,000,2017,02,19,2,2,6,4,,,0,0,1,0,,1,"736872,080500000040000","5693770,604399999600000",12.401486875000046,51.34576891100005,2,,2,Ost,14170213144200024720,2,0,2.0,,,,,,
2585,,159384,14,7,13,000,2017,02,07,1,2,9,1,,,0,1,0,0,,1,"736759,367699999940000","5692258,833900000000000",12.398866498000075,51.332245999000065,3,,3,Südost,14170212144200955310,0,0,3.0,,,,,,
2586,,159385,14,7,13,000,2017,02,00,7,3,8,1,,,0,1,0,0,,0,"733646,886500000020000","5692905,066100000400000",12.354690983000069,51.33933399800003,0,,0,Mitte,14170211148410950820,2,0,0.0,,,,,,
2587,,159389,14,7,13,000,2017,02,10,6,3,1,7,,,0,1,0,0,,0,"740802,171800000010000","5690356,019000000300000",12.455506553000077,51.31346995700005,3,,3,Südost,14170210148210971950,0,0,3.0,,,,,,
2588,,159390,14,7,13,000,2017,02,19,6,2,6,4,,,0,1,1,0,,0,"732272,012600000020000","5691215,660100000000000",12.333885352000038,51.324731873000076,5,,5,Südwest,14170210144200962310,1,0,5.0,,,,,,
2589,,159391,14,7,13,000,2017,02,23,6,2,3,6,,,1,1,0,0,,0,"734778,782000000010000","5692840,788900000000000",12.37087019300003,51.33829083000006,0,,0,Mitte,14170210144200950170,2,0,0.0,,,,,,
2590,,159404,14,7,13,000,2017,02,10,4,3,5,3,,,1,1,0,0,,0,"727035,772000000000000","5692880,836000000100000",12.259920818000069,51.34179455100008,7,,7,Alt-West,14170208144200955920,0,0,7.0,,,,,,
2591,,159410,14,7,13,000,2017,02,07,3,3,3,2,,,0,1,0,0,,1,"730801,832999999980000","5691702,540400000300000",12.31313659600005,51.329700880000075,7,,7,Alt-West,14170207148310963410,0,1,7.0,,,,,,
2592,,159411,14,7,13,000,2017,02,07,3,3,1,6,,,0,1,0,0,,0,"731923,910099999980000","5688235,867399999900000",12.326960773000053,51.298124759000075,5,,5,Südwest,14170207148310936620,1,1,5.0,,,,,,
2593,,159412,14,7,13,000,2017,02,20,3,3,3,6,,,1,0,0,0,,0,"734179,068699999950000","5692173,451799999900000",12.361836997000069,51.33254776100006,0,,0,Mitte,14170207145200024680,2,0,0.0,,,,,,
2594,,159413,14,7,13,000,2017,02,18,3,3,5,3,,,1,1,0,0,,0,"732550,829000000030000","5692616,781000000400000",12.33879438300005,51.33719544100006,7,,7,Alt-West,14170207144200957060,1,0,7.0,,,,,,
2595,,159414,14,7,13,000,2017,02,00,3,3,0,7,,,0,1,0,0,,0,"733208,510699999980000","5690757,071300000000000",12.347002709000037,51.32023219300004,5,,5,Südwest,14170207144200936530,2,2,5.0,,,,,,
2596,,159415,14,7,13,000,2017,02,06,3,3,5,3,,,1,0,0,0,,1,"735065,489100000010000","5690672,663999999900000",12.373548981000056,51.31871046100008,4,,4,Süd,14170207144200931520,0,0,4.0,,,,,,
2597,,159419,14,7,13,000,2017,02,07,2,3,6,4,,,0,1,1,0,,0,"736703,267600000020000","5697354,952700000300000",12.401452404000054,51.37801267000003,1,,1,Nordost,14170206148121945260,1,1,1.0,,,,,,
2598,,159420,14,7,13,000,2017,02,12,2,3,6,4,,,0,1,1,0,,0,"737503,833499999950000","5695345,406600000300000",12.41159250800007,51.359640787000046,1,,1,Nordost,14170206144200945240,0,1,1.0,,,,,,
2599,,159421,14,7,13,000,2017,02,16,2,3,5,3,,,0,1,0,0,,1,"728868,073500000060000","5691002,297700000000000",12.284977224000045,51.32419598700005,6,,6,West,14170206144200936520,0,1,6.0,,,,,,
2600,,159427,14,7,13,000,2017,02,16,1,3,6,7,,,0,0,1,0,,1,"735470,239799999980000","5697584,797399999600000",12.383919233000029,51.38058842200007,9,,9,Nord,14170205148110945040,1,0,9.0,,,,,,
2601,,159444,14,7,13,000,2017,02,06,4,3,5,3,,,1,1,0,0,,0,"735594,762800000030000","5693122,439100000100000",12.382750170000065,51.340481545000046,0,,0,Mitte,14170201148410941480,2,0,0.0,,,,,,
2602,,159446,14,7,13,000,2017,02,07,5,3,5,3,,,0,1,0,0,,0,"727242,755299999960000","5693206,224000000400000",12.26309529100007,51.344632997000076,7,,7,Alt-West,14170202144200936660,0,1,7.0,,,,,,
2603,,159449,14,7,13,000,2017,03,16,5,3,3,2,,,1,1,0,0,,0,"734191,091999999950000","5692884,765999999800000",12.362476883000056,51.33892791400007,0,,0,Mitte,14170323148410112980,0,0,0.0,,,,,,
2604,,159450,14,7,13,000,2017,03,06,5,3,4,2,,,0,1,0,0,,0,"738360,367399999990000","5690895,509600000500000",12.420894634000035,51.31934022100006,3,,3,Südost,14170323148210060660,0,1,3.0,,,,,,
2605,,159451,14,7,13,000,2017,03,09,5,3,5,3,,,1,1,0,0,,0,"735643,755000000000000","5692428,938799999700000",12.382993542000065,51.334236184000076,0,,0,Mitte,14170323144200118890,0,1,0.0,,,,,,
2606,,159452,14,7,13,000,2017,03,10,5,3,0,5,,,1,1,0,0,,0,"733891,320599999980000","5695628,773400000300000",12.359983912000075,51.36368285100008,9,,9,Nord,14170323144200116210,0,0,9.0,,,,,,
2607,,159453,14,7,13,000,2017,03,19,5,2,0,5,,,1,1,0,0,,0,"735044,450700000040000","5690940,571999999700000",12.373424206000038,51.32112400300008,4,,4,Süd,14170323144200077060,1,0,4.0,,,,,,
2608,,159454,14,7,13,000,2017,03,18,5,3,0,7,,,0,1,0,0,,0,"736558,140800000050000","5692238,198200000500000",12.39596947800004,51.332144492000054,3,,3,Südost,14170323144200072570,1,0,3.0,,,,,,
2609,,159455,14,7,13,000,2017,03,15,5,3,3,7,,,1,1,0,0,,0,"733026,989999999990000","5698130,638700000000000",12.349230324000075,51.38649613600006,8,,8,Nordwest,14170323143212076370,0,0,8.0,,,,,,
2610,,159468,14,7,13,000,2017,03,20,6,3,5,3,,,1,1,0,0,,0,"736852,140999999950000","5693047,371000000300000",12.40072006400004,51.339285389000054,3,,3,Südost,14170324144200081920,2,0,3.0,,,,,,
2611,,159469,14,7,13,000,2017,03,16,6,2,4,2,,,0,1,0,1,,0,"743010,457799999970000","5691494,581899999600000",12.487908523000044,51.32275044900007,2,,2,Ost,14170324144200072280,0,0,2.0,,,,,,
2612,,159470,14,7,13,000,2017,03,16,6,2,4,2,,,1,1,0,0,,0,"743209,823800000010000","5694191,483699999700000",12.492605291000075,51.34687070100006,2,,2,Ost,14170324144200067830,0,0,2.0,,,,,,
2613,,159471,14,7,13,000,2017,03,19,6,3,6,2,,,0,1,1,0,,0,"742290,916699999940000","5694031,220499999800000",12.479326474000061,51.345824641000036,2,,2,Ost,14170324144200067820,2,0,2.0,,,,,,
2614,,159478,14,7,13,000,2017,03,19,4,3,5,3,,,0,1,0,0,,0,"734607,223299999950000","5692452,545800000400000",12.368155899000044,51.334876595000026,0,,0,Mitte,14170322144200061350,1,0,0.0,,,,,,
2615,,159479,14,7,13,000,2017,03,11,4,2,5,3,,,1,0,0,0,,0,"733829,613400000030000","5697132,774299999700000",12.360088229000041,51.37720885200008,9,,9,Nord,14170322144200060220,0,0,9.0,,,,,,
2616,,159485,14,7,13,000,2017,03,19,5,3,2,6,,,0,1,0,0,,0,"739994,307000000030000","5687992,127999999600000",12.442346763000046,51.29259338700007,3,,3,Südost,14170323149210060670,1,0,3.0,,,,,,
2617,,159496,14,7,13,000,2017,03,13,3,3,2,6,,,0,0,0,1,,1,"735474,994199999960000","5697573,239500000100000",12.383979771000043,51.38048270500008,9,,9,Nord,14170321144200079470,0,0,9.0,,,,,,
2618,,159497,14,7,13,000,2017,03,10,3,3,2,6,,,0,1,0,1,,0,"735253,162000000010000","5688912,312900000300000",12.375076571000022,51.30283129000003,4,,4,Süd,14170321144200068000,0,0,4.0,,,,,,
2619,,159509,14,7,13,000,2017,03,14,2,3,2,6,,,0,1,0,0,,1,"731511,790999999970000","5693257,187099999700000",12.324319936000052,51.34336819500004,7,,7,Alt-West,14170320148310060850,0,0,7.0,,,,,,
2620,,159510,14,7,13,000,2017,03,17,2,3,5,2,,,1,1,0,0,,0,"733048,037099999960000","5691451,780000000300000",12.34515794500004,51.326534104000075,5,,5,Südwest,14170320148310060810,0,0,5.0,,,,,,
2621,,159511,14,7,13,000,2017,03,13,2,3,0,1,,,1,0,0,0,,0,"734650,219599999950000","5691383,860200000000000",12.368068359000063,51.32526586600005,0,,0,Mitte,14170320148210060500,0,0,0.0,,,,,,
2622,,159512,14,7,13,000,2017,03,14,2,2,5,3,,,0,1,0,0,,0,"729937,523799999970000","5694332,775600000300000",12.302449940000031,51.35366261400003,7,,7,Alt-West,14170320144200072630,0,0,7.0,,,,,,
2623,,159513,14,7,13,000,2017,03,13,2,2,1,6,,,0,1,0,0,,0,"731969,565100000010000","5693978,230000000400000",12.331351075000043,51.34965424000006,7,,7,Alt-West,14170320144200060860,0,0,7.0,,,,,,
2624,,159514,14,7,13,000,2017,03,12,2,2,6,4,,,0,1,1,0,,0,"733897,196000000000000","5692625,334499999900000",12.358094609000034,51.33672008000008,0,,0,Mitte,14170320144200050510,0,0,0.0,,,,,,
2625,,159517,14,7,13,000,2017,03,17,2,3,2,6,,,0,1,0,0,,0,"734055,164100000050000","5692305,665500000100000",12.360148378000076,51.33378557900005,0,,0,Mitte,14170320144100061210,0,0,0.0,,,,,,
2626,,159530,14,7,13,000,2017,03,18,1,3,3,2,,,1,1,0,0,,0,"734796,015099999960000","5692484,379499999800000",12.370882248000044,51.33508443900007,0,,0,Mitte,14170319148410077500,2,0,0.0,,,,,,
2627,,159533,14,7,13,000,2017,03,22,7,3,4,2,,,0,1,0,0,,0,"730723,697799999970000","5693725,459800000300000",12.313327361000063,51.34789219600003,7,,7,Alt-West,14170318144200473050,2,1,7.0,,,,,,
2628,,159542,14,7,13,000,2017,03,12,6,3,5,3,,,0,1,0,0,,1,"728649,634599999990000","5689575,705299999600000",12.280932766000035,51.311476937000066,6,,6,West,14170317144200171710,0,0,6.0,,,,,,
2629,,159543,14,7,13,000,2017,03,18,6,3,6,4,,,0,1,1,0,,0,"738882,810999999990000","5692224,786999999500000",12.429269014000056,51.33105259200005,2,,2,Ost,14170317144200049570,0,1,2.0,,,,,,
2630,,159556,14,7,13,000,2017,03,08,5,3,5,3,,,1,1,0,0,,0,"734743,957100000000000","5690558,384300000000000",12.368867847000047,51.31781735800007,4,,4,Süd,14170316148210060410,0,0,4.0,,,,,,
2631,,159557,14,7,13,000,2017,03,15,5,3,5,3,,,1,1,0,0,,0,"734703,949299999980000","5693184,803500000400000",12.37002446300005,51.34140973600006,0,,0,Mitte,14170316148210050360,0,0,0.0,,,,,,
2632,,159558,14,7,13,000,2017,03,17,5,3,1,5,,,1,1,0,0,,0,"731257,691899999980000","5692841,308100000000000",12.320407806000048,51.339738315000034,7,,7,Alt-West,14170316144320144400,1,0,7.0,,,,,,
2633,,159559,14,7,13,000,2017,03,12,5,2,6,2,,,0,1,1,0,,0,"738436,782000000010000","5690929,492999999800000",12.42201194300003,51.31961324200006,3,,3,Südost,14170316144200119260,0,0,3.0,,,,,,
2634,,159560,14,7,13,000,2017,03,17,5,3,3,6,,,1,1,0,0,,0,"736665,135600000040000","5693779,085199999600000",12.398526395000033,51.34593121900008,2,,2,Ost,14170316144200050380,0,0,2.0,,,,,,
2635,,159561,14,7,13,000,2017,03,09,5,3,5,3,,,1,1,0,0,,0,"739940,838800000030000","5694098,518500000200000",12.445690271000046,51.34742536300007,2,,2,Ost,14170316144200049530,0,0,2.0,,,,,,
2636,,159571,14,7,13,000,2017,03,09,4,2,5,3,,,1,1,0,0,,0,"737991,180700000030000","5697542,437599999800000",12.420050097000058,51.37915723300006,1,,1,Nordost,14170315144200087510,0,0,1.0,,,,,,
2637,,159579,14,7,13,000,2017,03,13,3,3,1,5,,,1,1,0,0,,0,"733857,007400000000000","5695339,799100000400000",12.359301908000077,51.361103005000075,9,,9,Nord,14170314148313080400,0,0,9.0,,,,,,
2638,,159580,14,7,13,000,2017,03,16,3,3,2,6,,,1,1,0,0,,0,"728872,311899999970000","5698572,761400000200000",12.289907938000056,51.39215535000005,8,,8,Nordwest,14170314148110049000,0,0,8.0,,,,,,
2639,,159582,14,7,13,000,2017,03,12,2,3,5,3,,,0,1,0,0,,0,"735279,393000000040000","5690883,204599999800000",12.376752027000066,51.320511957000065,4,,4,Süd,14170313148410049340,0,0,4.0,,,,,,
2640,,159583,14,7,13,000,2017,03,07,2,3,5,3,,,0,1,0,0,,0,"729707,840800000010000","5690340,750400000300000",12.296582942000043,51.31791878100006,6,,6,West,14170313148310037840,0,0,6.0,,,,,,
2641,,159584,14,7,13,000,2017,03,15,2,3,5,3,,,1,1,0,0,,0,"733615,492800000010000","5696851,884999999800000",12.35683240700007,51.37477558000006,9,,9,Nord,14170313144200076680,0,0,9.0,,,,,,
2642,,159585,14,7,13,000,2017,03,12,2,3,2,2,,,0,1,0,0,,0,"730637,059099999950000","5691654,130099999700000",12.310744194000051,51.32933313400008,7,,7,Alt-West,14170313144200049770,0,0,7.0,,,,,,
2643,,159586,14,7,13,000,2017,03,14,2,2,6,3,,,0,1,1,0,,0,"734787,855300000050000","5693014,076100000200000",12.37111444900006,51.33984257900005,0,,0,Mitte,14170313144200038500,0,0,0.0,,,,,,
2644,,159587,14,7,13,000,2017,03,07,2,2,5,2,,,0,0,0,0,,1,"734005,647299999950000","5695600,561599999700000",12.361604685000032,51.36338253400004,9,,9,Nord,14170313144200037050,0,0,9.0,,,,,,
2645,,159599,14,7,13,000,2017,03,16,2,3,5,3,,,1,1,0,0,,0,"737535,187500000000000","5693747,150700000100000",12.410975363000034,51.34528173000007,2,,2,Ost,14170313      255800,0,0,2.0,,,,,,
2646,,159602,14,7,13,000,2017,03,18,1,2,5,3,,,1,1,0,0,,0,"736173,282800000040000","5691042,824500000100000",12.389662893000036,51.32157445300004,0,,0,Mitte,14170312144200050160,0,0,0.0,,,,,,
2647,,159604,14,7,13,000,2017,03,02,7,3,0,1,,,1,0,0,0,,0,"736013,422799999940000","5692483,461799999700000",12.388326800000073,51.334572319000074,0,,0,Mitte,14170311148410025480,2,0,0.0,,,,,,
2648,,159605,14,7,13,000,2017,03,14,7,3,9,1,,,0,1,0,0,,0,"740288,379599999990000","5698178,109199999800000",12.453427754000074,51.38389536200003,1,,1,Nordost,14170311144200128820,0,0,1.0,,,,,,
2649,,159606,14,7,13,000,2017,03,08,7,3,1,7,,,1,1,0,0,,0,"735390,585300000040000","5691221,785799999700000",12.37856842900004,51.32350519800008,4,,4,Süd,14170311144200023910,0,0,4.0,,,,,,
2650,,159607,14,7,13,000,2017,03,14,6,3,1,6,,,0,1,0,0,,0,"735892,931699999960000","5694559,303000000300000",12.387975377000032,51.35325556200007,9,,9,Nord,14170310149310036800,0,0,9.0,,,,,,
2651,,159608,14,7,13,000,2017,03,18,6,3,6,6,,,1,0,1,0,,0,"736676,888599999950000","5693030,096400000200000",12.39819706700007,51.33920329700004,3,,3,Südost,14170310148410065470,1,0,3.0,,,,,,
2652,,159609,14,7,13,000,2017,03,06,6,3,5,3,,,1,1,0,0,,0,"735924,302499999990000","5692736,344499999700000",12.387217213000042,51.33687923400004,0,,0,Mitte,14170310144200079530,0,1,0.0,,,,,,
2653,,159611,14,7,13,000,2017,03,13,6,3,5,3,,,0,1,0,0,,0,"739141,713400000010000","5696096,592100000000000",12.435579379000046,51.36569634400007,1,,1,Nordost,14170310144200036840,0,0,1.0,,,,,,
2654,,159625,14,7,13,000,2017,03,14,5,3,3,3,,,1,0,0,0,,1,"740827,959599999940000","5696553,572399999900000",12.46006668800004,51.369085710000036,2,,2,Ost,14170309148110037330,0,0,2.0,,,,,,
2655,,159626,14,7,13,000,2017,03,12,5,3,3,2,,,1,1,0,0,,0,"736210,500000000000000","5692517,947999999900000",12.39117368500007,51.33480006100007,0,,0,Mitte,14170309144200155590,0,0,0.0,,,,,,
2656,,159627,14,7,13,000,2017,03,10,5,3,3,7,,,0,1,0,0,,0,"729980,522000000000000","5694281,110000000300000",12.303033008000057,51.35318141500005,7,,7,Alt-West,14170309144200060700,0,0,7.0,,,,,,
2657,,159628,14,7,13,000,2017,03,11,5,3,4,7,,,1,0,1,0,,0,"737385,295399999940000","5691584,509300000000000",12.407385992000059,51.32593233100005,3,,3,Südost,14170309144200038110,0,0,3.0,,,,,,
2658,,159637,14,7,13,000,2017,03,06,4,3,5,6,,,1,1,0,0,,0,"735399,424499999960000","5690881,970200000300000",12.378470701000026,51.320451235000064,4,,4,Süd,14170308148224023880,1,1,4.0,,,,,,
2659,,159638,14,7,13,000,2017,03,15,4,3,3,5,,,1,1,0,0,,0,"737579,299400000020000","5694746,467699999900000",12.412274558000036,51.35423317200008,1,,1,Nordost,14170308148110023070,0,0,1.0,,,,,,
2660,,159639,14,7,13,000,2017,03,13,4,2,6,4,,,0,1,1,0,,0,"737800,534600000010000","5693761,157599999600000",12.414787807000039,51.34529653300007,2,,2,Ost,14170308144200025380,0,0,2.0,,,,,,
2661,,159640,14,7,13,000,2017,03,20,4,3,5,3,,,0,1,0,0,,0,"732391,907299999960000","5691545,411299999800000",12.335818103000065,51.32764300700006,5,,5,Südwest,14170308144200024480,2,1,5.0,,,,,,
2662,,159641,14,7,13,000,2017,03,14,4,3,5,2,,,1,1,0,0,,0,"739234,633799999950000","5699126,701600000300000",12.438951597000028,51.39285462400005,1,,1,Nordost,14170308144200023050,0,0,1.0,,,,,,
2663,,159642,14,7,13,000,2017,03,19,4,3,5,3,,,0,1,0,0,,0,"737593,248499999990000","5694757,397400000100000",12.41248181900005,51.354325446000075,1,,1,Nordost,14170308144200023040,2,1,1.0,,,,,,
2664,,159655,14,7,13,000,2017,03,16,3,2,5,3,,,1,0,0,0,,1,"729483,373999999950000","5689827,361999999700000",12.293036959000062,51.313400579000074,6,,6,West,14170307144200205250,0,0,6.0,,,,,,
2665,,159667,14,7,13,000,2017,03,09,2,3,5,3,,,0,1,0,1,,0,"738836,379399999980000","5689336,476800000300000",12.426669379000032,51.305146887000035,3,,3,Südost,14170306148210037240,0,1,3.0,,,,,,
2666,,159669,14,7,13,000,2017,03,18,2,2,6,4,,,0,0,1,0,,1,"737381,202300000000000","5692677,733300000400000",12.408055585000056,51.335746897000035,2,,2,Ost,14170306144200025200,2,0,2.0,,,,,,
2667,,159670,14,7,13,000,2017,03,08,2,3,5,3,,,1,1,0,0,,0,"735429,314400000030000","5691558,350900000000000",12.379345553000064,51.32651030000005,0,,0,Mitte,14170306144200025170,0,1,0.0,,,,,,
2668,,159671,14,7,13,000,2017,03,16,2,3,5,3,,,0,1,0,0,,0,"740195,290500000000000","5691724,851900000100000",12.447736797000061,51.326012640000044,2,,2,Ost,14170306144200023730,0,0,2.0,,,,,,
2669,,159680,14,7,13,000,2017,03,10,1,3,6,4,,,0,1,1,0,,0,"731980,393099999990000","5693190,572700000400000",12.330993087000024,51.34257921400007,7,,7,Alt-West,14170305148110024310,0,0,7.0,,,,,,
2670,,159681,14,7,13,000,2017,03,10,1,3,6,2,,,0,1,1,0,,0,"734618,603800000040000","5690201,901200000200000",12.36683769800004,51.31466909000005,4,,4,Süd,14170305144200023660,0,0,4.0,,,,,,
2671,,159687,14,7,13,000,2017,03,13,7,3,1,5,,,1,1,0,0,,1,"737143,747300000050000","5693759,820899999700000",12.405373438000026,51.34555886600003,2,,2,Ost,14170304148410025050,0,0,2.0,,,,,,
2672,,159688,14,7,13,000,2017,03,05,7,3,5,3,,,0,1,0,1,,0,"735706,536199999970000","5690913,012000000100000",12.382890671000041,51.320602749000045,4,,4,Süd,14170304148210023600,2,0,4.0,,,,,,
2673,,159689,14,7,13,000,2017,03,15,7,3,4,6,,,1,0,0,1,,0,"734500,323699999950000","5691050,361600000400000",12.365701432000037,51.32233402700007,4,,4,Süd,14170304148210023550,0,0,4.0,,,,,,
2674,,159690,14,7,13,000,2017,03,21,7,3,2,6,,,0,1,0,0,,0,"731049,546899999960000","5693658,850999999800000",12.317955097000038,51.347161914000026,7,,7,Alt-West,14170304144200024240,2,0,7.0,,,,,,
2675,,159691,14,7,13,000,2017,03,08,7,3,2,6,,,0,1,0,0,,1,"736019,252100000040000","5688281,904000000100000",12.38562999100003,51.296855503000074,4,,4,Süd,14170304144200023490,0,0,4.0,,,,,,
2676,,159699,14,7,13,000,2017,03,19,6,3,3,3,,,1,1,0,0,,0,"735278,725800000010000","5690905,373900000000000",12.376757097000052,51.320711233000054,4,,4,Süd,14170303148210049260,2,0,4.0,,,,,,
2677,,159700,14,7,13,000,2017,03,17,6,3,2,6,,,0,1,0,0,,0,"735081,929699999980000","5690057,785199999800000",12.373379209000063,51.31318426400003,4,,4,Süd,14170303148210023400,2,0,4.0,,,,,,
2678,,159701,14,7,13,000,2017,03,17,6,2,8,1,,,0,0,0,1,,0,"739538,389300000040000","5696431,121500000400000",12.441492444000062,51.36853187200006,1,,1,Nordost,14170303144200022680,1,0,1.0,,,,,,
2679,,159714,14,7,13,000,2017,03,18,5,3,8,1,,,0,1,0,0,,0,"729735,661599999990000","5689859,661700000100000",12.296671606000075,51.31358876200005,6,,6,West,14170302148310005250,2,0,6.0,,,,,,
2680,,159715,14,7,13,000,2017,04,09,2,3,5,3,,,1,0,0,0,,1,"735081,396300000020000","5690118,810800000100000",12.373411786000077,51.31373227500006,4,,4,Süd,14170410148210117040,0,0,4.0,,,,,,
2681,,159716,14,7,13,000,2017,04,22,2,3,4,2,,,0,1,0,0,,0,"734578,704600000060000","5691403,137099999900000",12.367056452000043,51.32546839500003,0,,0,Mitte,14170410144200205240,2,0,0.0,,,,,,
2682,,159717,14,7,13,000,2017,04,07,2,2,6,4,,,0,1,1,0,,0,"737940,121200000050000","5695228,788800000200000",12.41776955000006,51.35841151800008,1,,1,Nordost,14170410144200115650,0,0,1.0,,,,,,
2683,,159736,14,7,13,000,2017,04,12,2,3,6,6,,,0,0,1,0,,1,"732195,863400000030000","5690658,626600000100000",12.332431558000053,51.31976258900005,5,,5,Südwest,14170410148310110590,0,0,5.0,,,,,,
2684,,159745,14,7,13,000,2017,04,13,1,2,5,3,,,0,1,0,1,,0,"732421,747600000000000","5691633,516300000300000",12.336303115000021,51.32842171200008,5,,5,Südwest,14170409144200102740,0,0,5.0,,,,,,
2685,,159751,14,7,13,000,2017,04,02,7,3,6,4,,,0,1,1,0,,0,"734414,441299999950000","5695542,707200000100000",12.367428199000074,51.36269469800004,9,,9,Nord,14170408148110116330,2,0,9.0,,,,,,
2686,,159752,14,7,13,000,2017,04,18,7,3,5,7,,,1,1,0,0,,0,"736109,968400000010000","5695568,581899999600000",12.39175642400005,51.36222491700005,9,,9,Nord,14170408148110103280,0,0,9.0,,,,,,