UNFALL_ID,FID_left,OBJECTID,ULAND,UREGBEZ,UKREIS,UGEMEINDE,UJAHR,UMONAT,USTUNDE,UWOCHENTAG,UKATEGORIE,UART,UTYP1,ULICHTVERH,IstStrasse,IstRad,IstPKW,IstFuss,IstKrad,IstGkfz,IstSonstig,LINREFX,LINREFY,XGCSWGS84,YGCSWGS84,index_right,FID_right,SBZ,Name,UIDENTSTLA,LICHT,STRZUSTAND,FID,OBJECTID_1,IstSonstige,UIDENTSTLAE,OID_,IstStrassenzustand,PLST
2687,,159753,14,7,13,000,2017,04,12,7,3,2,6,,,0,1,0,0,,0,"734932,224099999990000","5693883,517099999800000",12.37375707700005,51.34758737800007,0,,0,Mitte,14170408144320139810,0,0,0.0,,,,,,
2688,,159755,14,7,13,000,2017,04,15,7,3,5,3,,,1,1,0,0,,0,"738793,743000000020000","5696434,784300000400000",12.430817062000074,51.36887825300005,1,,1,Nordost,14170408144200102780,0,0,1.0,,,,,,
2689,,159764,14,7,13,000,2017,04,10,6,3,6,2,,,0,1,1,0,,0,"732460,302400000040000","5691745,728099999900000",12.336928735000072,51.32941325300004,5,,5,Südwest,14170407148320103110,0,1,5.0,,,,,,
2690,,159765,14,7,13,000,2017,04,16,6,3,5,3,,,1,1,0,0,,0,"736732,566600000020000","5689353,899899999600000",12.396553969000024,51.30618192500003,4,,4,Süd,14170407148210110220,0,0,4.0,,,,,,
2691,,159767,14,7,13,000,2017,04,16,6,3,5,3,,,0,1,0,0,,0,"731812,196400000020000","5691274,967400000400000",12.327335967000067,51.325451799000064,5,,5,Südwest,14170407144200102770,0,0,5.0,,,,,,
2692,,159781,14,7,13,000,2017,04,14,5,3,6,4,,,1,0,1,0,,0,"736720,954700000000000","5693994,973000000200000",12.399469990000057,51.347845816000074,2,,2,Ost,14170406148410215370,0,0,2.0,,,,,,
2693,,159782,14,7,13,000,2017,04,17,5,3,6,4,,,1,0,1,0,,0,"735008,921100000040000","5691975,140999999800000",12.373597306000022,51.33042538400008,0,,0,Mitte,14170406148410110680,0,0,0.0,,,,,,
2694,,159783,14,7,13,000,2017,04,13,5,3,0,1,,,1,1,0,0,,0,"734639,947999999970000","5693067,179999999700000",12.36902970400007,51.340380312000036,0,,0,Mitte,14170406148410108870,0,0,0.0,,,,,,
2695,,159784,14,7,13,000,2017,04,08,5,2,6,4,,,1,0,1,0,,0,"731769,825799999990000","5690127,803500000400000",12.325983232000056,51.31517115400004,5,,5,Südwest,14170406148310117060,0,0,5.0,,,,,,
2696,,159785,14,7,13,000,2017,04,09,5,3,5,3,,,1,1,0,0,,0,"739896,553100000020000","5692403,038400000000000",12.443913573000032,51.332225907000065,2,,2,Ost,14170406144200195800,0,0,2.0,,,,,,
2697,,159786,14,7,13,000,2017,04,11,5,3,4,6,,,0,1,0,0,,0,"730455,872899999960000","5701039,033099999700000",12.314231565000057,51.41365389400005,8,,8,Nordwest,14170406144200154720,0,0,8.0,,,,,,
2698,,159787,14,7,13,000,2017,04,17,5,2,1,5,,,1,1,0,0,,0,"731983,925599999960000","5688613,302000000100000",12.328065413000047,51.30148849100004,5,,5,Südwest,14170406144200112260,0,0,5.0,,,,,,
2699,,159788,14,7,13,000,2017,04,15,5,3,5,3,,,1,1,0,0,,0,"734084,202099999990000","5695132,144000000300000",12.362422839000033,51.35914545000003,9,,9,Nord,14170406143212103210,0,0,9.0,,,,,,
2700,,159799,14,7,13,000,2017,04,10,4,3,3,2,,,1,1,0,0,,0,"737234,854999999980000","5692692,534000000000000",12.405968336000058,51.335940814000026,3,,3,Südost,14170405148410129300,0,0,3.0,,,,,,
2701,,159800,14,7,13,000,2017,04,18,4,3,5,2,,,1,1,0,0,,0,"735398,770000000020000","5690910,770899999900000",12.378480339000077,51.32071003100003,4,,4,Süd,14170405144320205300,0,0,4.0,,,,,,
2702,,159801,14,7,13,000,2017,04,08,4,3,1,2,,,0,1,1,0,,0,"738222,908700000030000","5695129,103600000000000",12.421756991000052,51.35739828000004,1,,1,Nordost,14170405143215097240,0,0,1.0,,,,,,
2703,,159810,14,7,13,000,2017,04,14,3,3,3,6,,,1,1,0,0,,0,"734058,443899999950000","5692302,460099999800000",12.360193271000071,51.33375545600006,0,,0,Mitte,14170404148410103620,0,0,0.0,,,,,,
2704,,159811,14,7,13,000,2017,04,10,3,3,2,2,,,0,1,0,0,,0,"730637,944900000000000","5691404,735500000400000",12.310595496000076,51.32709396700005,7,,7,Alt-West,14170404148310097840,0,0,7.0,,,,,,
2705,,159812,14,7,13,000,2017,04,08,3,3,3,2,,,1,1,0,0,,0,"734778,878400000050000","5692842,256500000100000",12.37087254200003,51.33830396400003,0,,0,Mitte,14170404144200112240,0,0,0.0,,,,,,
2706,,159813,14,7,13,000,2017,04,11,3,3,4,2,,,0,1,0,0,,0,"736333,168399999970000","5695247,328900000100000",12.394743265000045,51.35924851000004,9,,9,Nord,14170404144200097190,0,0,9.0,,,,,,
2707,,159814,14,7,13,000,2017,04,19,3,3,5,3,,,0,1,0,1,,0,"732881,787900000000000","5695953,037800000000000",12.345720334000077,51.36700833300006,8,,8,Nordwest,14170404144200097180,0,0,8.0,,,,,,
2708,,159815,14,7,13,000,2017,04,20,3,3,0,1,,,0,0,0,1,,0,"734817,400799999940000","5694103,766400000100000",12.37225649900006,51.34961185800006,0,,0,Mitte,14170404144100107820,2,0,0.0,,,,,,
2709,,159827,14,7,13,000,2017,04,17,2,3,2,6,,,0,1,0,0,,1,"735404,537699999990000","5690904,981300000100000",12.378559142000029,51.32065567600006,4,,4,Süd,14170403148310144610,0,0,4.0,,,,,,
2710,,159828,14,7,13,000,2017,04,08,2,3,1,5,,,1,1,0,0,,0,"732878,742500000050000","5691266,380300000300000",12.342611216000023,51.32493915400005,5,,5,Südwest,14170403148310097810,0,0,5.0,,,,,,
2711,,159829,14,7,13,000,2017,04,14,2,2,3,6,,,1,0,0,0,,1,"737177,783300000010000","5693758,586600000000000",12.40586044500003,51.34553358900007,2,,2,Ost,14170403144200174850,0,0,2.0,,,,,,
2712,,159830,14,7,13,000,2017,04,16,2,3,5,3,,,0,1,0,0,,0,"738542,616999999970000","5691147,956000000200000",12.42367411400005,51.32152979800003,3,,3,Südost,14170403144200155120,0,0,3.0,,,,,,
2713,,159831,14,7,13,000,2017,04,16,2,2,5,2,,,1,1,0,0,,0,"735664,756799999970000","5696070,156299999900000",12.385705237000025,51.36691199300003,9,,9,Nord,14170403144200097100,0,0,9.0,,,,,,
2714,,159851,14,7,13,000,2017,04,11,7,3,3,2,,,1,1,0,0,,0,"734994,945599999980000","5692261,092299999700000",12.373585637000076,51.33299796800003,0,,0,Mitte,14170401148410103340,0,0,0.0,,,,,,
2715,,159852,14,7,13,000,2017,04,20,7,3,1,7,,,0,1,1,0,,0,"735037,903000000050000","5691564,737499999800000",12.373741920000043,51.32672946800005,0,,0,Mitte,14170401148410098110,1,1,0.0,,,,,,
2716,,159853,14,7,13,000,2017,04,07,7,3,0,1,,,0,0,0,1,,0,"738865,283199999950000","5691171,179499999600000",12.428311834000056,51.32160289400008,3,,3,Südost,14170401148210108250,0,0,3.0,,,,,,
2717,,159854,14,7,13,000,2017,04,14,7,3,2,6,,,1,1,0,0,,0,"740668,894800000010000","5689409,212799999900000",12.452959125000064,51.30502809800004,3,,3,Südost,14170401148210097490,0,0,3.0,,,,,,
2718,,159855,14,7,13,000,2017,04,08,7,3,6,4,,,0,1,1,0,,0,"733991,359500000020000","5695477,905799999800000",12.361319125000023,51.36228740400003,9,,9,Nord,14170401148110096990,0,0,9.0,,,,,,
2719,,159856,14,7,13,000,2017,04,15,7,2,6,4,,,0,1,1,0,,0,"730058,577000000050000","5690060,162999999700000",12.301426465000077,51.31525824700003,6,,6,West,14170401144200097710,0,0,6.0,,,,,,
2720,,159857,14,7,13,000,2017,04,12,7,3,2,6,,,0,1,0,0,,1,"733507,747199999980000","5693206,752500000400000",12.352894700000036,51.342099258000076,0,,0,Mitte,14170401144100112020,0,0,0.0,,,,,,
2721,,159860,14,7,13,000,2017,03,16,6,3,6,4,,,0,1,1,0,,0,"737806,773700000020000","5692137,923100000200000",12.413793554000051,51.33072377000008,3,,3,Südost,14170331148410088980,0,0,3.0,,,,,,
2722,,159861,14,7,13,000,2017,03,10,6,3,2,6,,,0,1,0,0,,0,"733314,825399999970000","5693705,627500000400000",12.350456543000064,51.34665664600004,0,,0,Mitte,14170331148410088970,0,0,0.0,,,,,,
2723,,159862,14,7,13,000,2017,03,20,6,3,2,7,,,0,1,0,0,,0,"738709,796500000050000","5689282,366200000000000",12.424820540000042,51.30471427800006,3,,3,Südost,14170331148210088210,2,0,3.0,,,,,,
2724,,159863,14,7,13,000,2017,03,16,6,3,0,5,,,1,1,0,0,,0,"732542,556400000000000","5691987,223000000200000",12.338264915000025,51.331547466000075,5,,5,Südwest,14170331144200160760,0,0,5.0,,,,,,
2725,,159866,14,7,13,000,2017,03,07,6,3,3,2,,,1,1,0,0,,0,"733672,362899999950000","5697375,987800000200000",12.357992658000057,51.37945677500005,9,,9,Nord,14170331144200096920,0,0,9.0,,,,,,
2726,,159867,14,7,13,000,2017,03,12,6,3,2,6,,,1,0,0,1,,0,"735284,372500000060000","5692733,001199999800000",12.378044556000077,51.337114334000034,0,,0,Mitte,14170331144200088920,0,0,0.0,,,,,,
2727,,159868,14,7,13,000,2017,03,08,6,3,2,6,,,0,1,0,0,,0,"731323,623400000040000","5693989,157800000200000",12.322098474000029,51.35001556600008,7,,7,Alt-West,14170331144200088470,0,0,7.0,,,,,,
2728,,159887,14,7,13,000,2017,03,13,5,3,2,3,,,0,1,0,0,,0,"734557,556800000020000","5691372,674499999700000",12.366733422000038,51.32520366700004,4,,4,Süd,14170330148410113240,0,0,4.0,,,,,,
2729,,159888,14,7,13,000,2017,03,07,5,3,4,6,,,0,1,0,0,,1,"739905,845800000010000","5692432,075600000100000",12.444066269000075,51.33248261800003,2,,2,Ost,14170330148210088130,0,0,2.0,,,,,,
2730,,159889,14,7,13,000,2017,03,10,5,3,5,3,,,1,1,0,0,,0,"736755,852199999960000","5688652,722699999800000",12.396422328000028,51.29987832200004,4,,4,Süd,14170330148210088080,0,0,4.0,,,,,,
2731,,159890,14,7,13,000,2017,03,13,5,2,6,4,,,0,0,1,0,,1,"734266,058399999980000","5695523,676699999700000",12.365288053000029,51.36258507100007,9,,9,Nord,14170330144200206930,0,0,9.0,,,,,,
2732,,159891,14,7,13,000,2017,03,15,5,2,6,4,,,0,1,1,0,,0,"733913,734199999950000","5696965,880400000100000",12.361184957000035,51.37567609600006,9,,9,Nord,14170330144200139610,0,0,9.0,,,,,,
2733,,159892,14,7,13,000,2017,03,10,5,2,5,3,,,1,1,0,0,,0,"740805,711099999960000","5694642,724899999800000",12.45845423000003,51.35194424600007,2,,2,Ost,14170330144200097370,0,0,2.0,,,,,,
2734,,159893,14,7,13,000,2017,03,16,5,3,2,6,,,0,1,0,0,,0,"736798,980400000000000","5693042,086600000000000",12.399954715000035,51.33926009500004,3,,3,Südost,14170330144200088860,0,0,3.0,,,,,,
2735,,159894,14,7,13,000,2017,03,10,5,3,6,4,,,1,0,1,0,,0,"737768,536300000040000","5693736,720099999600000",12.414312873000029,51.34509056500008,2,,2,Ost,14170330144200088850,0,0,2.0,,,,,,
2736,,159895,14,7,13,000,2017,03,13,5,2,5,3,,,1,1,0,0,,0,"732892,635000000010000","5690905,675699999600000",12.34257462000005,51.32169553600005,5,,5,Südwest,14170330144200088410,0,0,5.0,,,,,,
2737,,159911,14,7,13,000,2017,03,09,4,2,1,5,,,1,1,0,0,,0,"735337,052600000050000","5693027,135099999600000",12.378993818000026,51.33973278000008,0,,0,Mitte,14170329148415098030,0,0,0.0,,,,,,
2738,,159912,14,7,13,000,2017,03,11,4,3,3,2,,,1,1,0,0,,0,"731888,230100000040000","5692403,801799999500000",12.329159902000072,51.33555413700003,7,,7,Alt-West,14170329148310080380,0,0,7.0,,,,,,
2739,,159914,14,7,13,000,2017,03,18,4,3,0,5,,,1,1,0,0,,0,"737249,871399999950000","5691283,697399999900000",12.405245628000046,51.323288700000035,3,,3,Südost,14170329144200224950,0,0,3.0,,,,,,
2740,,159915,14,7,13,000,2017,03,10,4,2,6,4,,,0,0,1,0,,1,"734750,657600000040000","5693483,956000000200000",12.370891087000075,51.34407576600006,0,,0,Mitte,14170329144200174840,0,0,0.0,,,,,,
2741,,159917,14,7,13,000,2017,03,10,4,3,5,3,,,0,1,0,0,,0,"734282,127499999940000","5693503,103099999900000",12.364188313000056,51.34444089600004,0,,0,Mitte,14170329144200088740,0,0,0.0,,,,,,
2742,,159925,14,7,13,000,2017,03,14,3,3,8,1,,,0,1,0,0,,0,"734153,108400000030000","5693803,217100000000000",12.362536452000029,51.34718801000008,0,,0,Mitte,14170328148410082150,0,0,0.0,,,,,,
2743,,159926,14,7,13,000,2017,03,13,3,3,5,3,,,1,1,0,0,,0,"737531,289100000050000","5693647,224600000300000",12.41085282900002,51.344386419000045,2,,2,Ost,14170328148410082140,0,0,2.0,,,,,,
2744,,159927,14,7,13,000,2017,03,16,3,3,5,3,,,1,1,0,0,,0,"735483,698699999950000","5697592,226900000100000",12.384117211000046,51.38064953000003,9,,9,Nord,14170328148110087620,0,0,9.0,,,,,,
2745,,159928,14,7,13,000,2017,03,15,3,3,5,2,,,1,1,0,0,,0,"734776,554200000010000","5695548,031700000200000",12.37262389500006,51.36259298200008,9,,9,Nord,14170328144200118910,0,0,9.0,,,,,,
2746,,159929,14,7,13,000,2017,03,18,3,3,4,2,,,1,1,0,0,,0,"741075,432000000030000","5689641,600999999800000",12.458937441000046,51.30694194200004,3,,3,Südost,14170328144200108220,0,0,3.0,,,,,,
2747,,159930,14,7,13,000,2017,03,10,3,2,6,4,,,0,1,1,0,,0,"735153,872300000050000","5693738,482800000300000",12.376838341000052,51.346193861000074,0,,0,Mitte,14170328144200098020,0,0,0.0,,,,,,
2748,,159931,14,7,13,000,2017,03,07,3,3,3,2,,,0,1,0,1,,0,"735770,878299999980000","5692866,947999999900000",12.385105040000042,51.33811519300008,0,,0,Mitte,14170328144200079520,0,0,0.0,,,,,,
2749,,159949,14,7,13,000,2017,03,15,2,3,1,5,,,1,1,0,0,,0,"735323,390000000010000","5689549,395999999700000",12.376502325000047,51.30852098500003,4,,4,Süd,14170327148220097340,0,0,4.0,,,,,,
2750,,159950,14,7,13,000,2017,03,17,2,2,6,4,,,0,0,1,0,,1,"735834,953600000010000","5693458,180200000300000",12.386414783000077,51.343395677000046,0,,0,Mitte,14170327144200205160,0,0,0.0,,,,,,
2751,,159951,14,7,13,000,2017,03,16,2,3,0,5,,,1,1,0,0,,0,"731347,003099999970000","5696711,136699999700000",12.324203973000067,51.37444072000005,8,,8,Nordwest,14170327144200087590,0,0,8.0,,,,,,
2752,,159952,14,7,13,000,2017,03,08,2,3,5,3,,,1,1,0,0,,0,"731832,464700000010000","5691422,960799999500000",12.327722618000053,51.326772050000045,5,,5,Südwest,14170327144200081960,0,0,5.0,,,,,,
2753,,159953,14,7,13,000,2017,03,16,2,2,6,4,,,0,1,1,0,,0,"737287,598499999960000","5696683,633999999600000",12.409385210000039,51.371743062000064,1,,1,Nordost,14170327144200076670,0,0,1.0,,,,,,
2754,,159954,14,7,13,000,2017,03,17,2,3,4,2,,,1,1,0,0,,0,"738333,801699999950000","5690886,014899999800000",12.420507753000038,51.319266123000034,3,,3,Südost,14170327144200064960,0,0,3.0,,,,,,
2755,,159955,14,7,13,000,2017,03,10,2,3,6,2,,,0,1,1,0,,0,"738010,391300000020000","5692042,194799999700000",12.416647040000043,51.32977935400004,3,,3,Südost,14170327143215081090,0,0,3.0,,,,,,
2756,,159966,14,7,13,000,2017,03,15,1,3,2,6,,,0,1,0,0,,0,"735116,594000000040000","5693979,385700000500000",12.376463112000067,51.348371705000034,0,,0,Mitte,14170326144200097980,0,0,0.0,,,,,,
2757,,159967,14,7,13,000,2017,03,20,1,2,3,6,,,1,0,0,0,,1,"735105,203899999960000","5694072,859500000300000",12.376361579000047,51.34921546900006,0,,0,Mitte,14170326144200097970,2,0,0.0,,,,,,
2758,,159975,14,7,13,000,2017,03,19,7,3,5,3,,,0,1,0,0,,0,"740802,808700000050000","5694633,013399999600000",12.458406057000047,51.35185830900008,2,,2,Ost,14170325148210077390,2,0,2.0,,,,,,
2759,,159976,14,7,13,000,2017,03,14,7,3,5,2,,,1,1,0,0,,0,"738165,621500000010000","5689970,133200000000000",12.417487119000043,51.311115577000066,3,,3,Südost,14170325148210077050,0,0,3.0,,,,,,
2760,,159977,14,7,13,000,2017,03,17,7,3,2,6,,,0,1,0,0,,0,"737383,381999999980000","5699075,659000000000000",12.412356983000052,51.39317375600007,1,,1,Nordost,14170325148110079920,1,0,1.0,,,,,,
2761,,159978,14,7,13,000,2017,03,12,7,2,0,7,,,1,0,0,0,,0,"734942,932200000040000","5698640,558799999800000",12.377053751000062,51.39028365300004,9,,9,Nord,14170325148110065750,0,0,9.0,,,,,,
2762,,159979,14,7,13,000,2017,03,18,7,3,6,4,,,1,0,1,0,,0,"735072,255699999980000","5689943,758299999900000",12.37316550600002,51.31216470500004,4,,4,Süd,14170325144200112670,0,0,4.0,,,,,,
2763,,159980,14,7,13,000,2017,03,11,7,3,5,3,,,1,1,0,0,,0,"735162,575399999970000","5693731,328499999800000",12.37695836000006,51.34612604200004,0,,0,Mitte,14170325144200088600,0,0,0.0,,,,,,
2764,,159985,14,7,13,000,2017,03,07,6,3,2,6,,,0,1,0,0,,0,"737999,826299999960000","5695105,501100000000000",12.418543047000071,51.35727989500003,1,,1,Nordost,14170324144200192850,0,0,1.0,,,,,,
2765,,159986,14,7,13,000,2017,03,23,6,2,2,6,,,1,1,0,0,,0,"733446,417800000050000","5697605,739900000400000",12.354902633000052,51.38161207400003,8,,8,Nordwest,14170324144200174830,2,0,8.0,,,,,,
2766,,159987,14,7,13,000,2017,03,16,6,3,5,3,,,1,1,0,0,,0,"735594,712599999970000","5693122,443500000100000",12.38274945300003,51.340481605000036,0,,0,Mitte,14170324144200081930,0,0,0.0,,,,,,
2767,,159991,14,7,13,000,2017,05,19,3,3,1,5,,,1,1,0,0,,0,"733705,799600000030000","5692445,249300000300000",12.35523362400005,51.33518222100008,0,,0,Mitte,14170502148420172351,1,0,0.0,,,,,,
2768,,159992,14,7,13,000,2017,05,07,3,3,5,3,,,1,1,0,0,,0,"735883,669299999950000","5692598,793399999800000",12.386543849000077,51.335661395000045,0,,0,Mitte,14170502148410171030,0,1,0.0,,,,,,
2769,,159993,14,7,13,000,2017,05,10,3,2,2,2,,,1,1,0,0,,0,"735183,660299999990000","5688966,019999999600000",12.374116705000063,51.303342099000076,4,,4,Süd,14170502148223175680,0,1,4.0,,,,,,
2770,,159994,14,7,13,000,2017,05,09,3,3,4,2,,,0,1,0,0,,0,"739001,841600000040000","5692201,015900000000000",12.430958520000047,51.330789226000036,2,,2,Ost,14170502148210182630,0,1,2.0,,,,,,
2771,,159995,14,7,13,000,2017,05,13,3,3,5,2,,,1,0,0,0,,1,"732266,570700000040000","5691974,807900000400000",12.33430211600006,51.33154878100004,5,,5,Südwest,14170502144200411860,0,0,5.0,,,,,,
2772,,159996,14,7,13,000,2017,05,16,3,3,5,3,,,0,1,0,0,,0,"735307,677799999950000","5689757,685600000400000",12.376414670000031,51.310397170000044,4,,4,Süd,14170502144200275430,0,0,4.0,,,,,,
2773,,159997,14,7,13,000,2017,05,05,3,2,5,3,,,1,1,0,0,,0,"732739,780700000000000","5692087,471400000200000",12.341156481000041,51.33236670100007,7,,7,Alt-West,14170502144200224980,1,1,7.0,,,,,,
2774,,159998,14,7,13,000,2017,05,16,3,2,5,2,,,1,1,0,0,,0,"738236,525600000050000","5692404,873499999800000",12.420129469000074,51.33294008300004,2,,2,Ost,14170502144200212920,0,0,2.0,,,,,,
2775,,159999,14,7,13,000,2017,05,20,3,3,8,1,,,0,1,0,0,,0,"733570,516199999950000","5692167,424300000100000",12.353112846000045,51.33274387900008,0,,0,Mitte,14170502144200181420,2,0,0.0,,,,,,
2776,,160008,14,7,13,000,2017,05,11,2,3,5,2,,,0,1,0,0,,1,"734052,428700000050000","5696685,867200000200000",12.362989844000026,51.37310543800004,9,,9,Nord,14170501148110169580,0,0,9.0,,,,,,
2777,,160015,14,7,13,000,2017,04,15,1,3,5,3,,,1,1,0,0,,0,"736608,990400000010000","5692400,413700000400000",12.396805804000053,51.33357941600008,3,,3,Südost,14170430148410170260,0,0,3.0,,,,,,
2778,,160016,14,7,13,000,2017,04,09,1,3,4,7,,,1,1,0,0,,0,"734528,595899999960000","5692684,141699999600000",12.367181638000034,51.33698793000008,0,,0,Mitte,14170430148410170230,0,0,0.0,,,,,,
2779,,160017,14,7,13,000,2017,04,22,1,2,1,5,,,1,1,0,0,,0,"738040,493600000050000","5692382,936599999700000",12.41730595000007,51.33282525100003,2,,2,Ost,14170430144200275450,2,0,2.0,,,,,,
2780,,160018,14,7,13,000,2017,04,18,1,3,3,2,,,1,1,0,0,,0,"738670,136799999980000","5689255,775500000500000",12.424234843000022,51.30449222800007,3,,3,Südost,14170430144000182620,0,0,3.0,,,,,,
2781,,160028,14,7,13,000,2017,04,17,7,3,5,3,,,1,1,0,0,,0,"742237,624599999980000","5693543,931699999600000",12.478231229000073,51.34147374400004,2,,2,Ost,14170429148210207790,0,0,2.0,,,,,,
2782,,160029,14,7,13,000,2017,04,15,7,2,6,4,,,0,1,1,0,,0,"732401,012600000020000","5692039,110799999900000",12.336270523000053,51.33207109700004,5,,5,Südwest,14170429144200192890,0,0,5.0,,,,,,
2783,,160030,14,7,13,000,2017,04,09,7,3,4,2,,,1,1,0,0,,0,"742677,193699999950000","5693360,910299999600000",12.484405672000037,51.33964364000008,2,,2,Ost,14170429143213171200,0,0,2.0,,,,,,
2784,,160039,14,7,13,000,2017,04,20,6,3,0,1,,,1,0,0,0,,0,"735557,631599999960000","5692944,818699999700000",12.382100554000033,51.33890255400007,0,,0,Mitte,14170428141200205050,1,0,0.0,,,,,,
2785,,160051,14,7,13,000,2017,04,06,5,3,2,6,,,1,0,0,0,,0,"735892,908000000050000","5688757,401300000000000",12.38413520000006,51.30117607500006,4,,4,Süd,14170427148210175600,0,0,4.0,,,,,,
2786,,160052,14,7,13,000,2017,04,18,5,3,5,3,,,1,1,0,0,,0,"735773,706099999950000","5691894,528300000400000",12.384502077000036,51.32938530800004,0,,0,Mitte,14170427148210161950,0,0,0.0,,,,,,
2787,,160053,14,7,13,000,2017,04,13,5,3,2,6,,,0,1,0,0,,0,"731006,408300000010000","5693982,315999999600000",12.317546631000027,51.350083150000046,7,,7,Alt-West,14170427144200160780,0,0,7.0,,,,,,
2788,,160054,14,7,13,000,2017,04,14,5,2,5,3,,,0,1,0,0,,0,"736804,561600000020000","5695801,614699999800000",12.401870647000067,51.36402758300005,1,,1,Nordost,14170427144200154650,0,0,1.0,,,,,,
2789,,160064,14,7,13,000,2017,04,10,4,3,5,3,,,1,1,0,0,,0,"733642,861999999960000","5692913,866000000400000",12.354639078000048,51.339414644000044,0,,0,Mitte,14170426148410155930,0,0,0.0,,,,,,
2790,,160065,14,7,13,000,2017,04,17,4,3,3,2,,,1,1,0,0,,0,"734744,434099999950000","5690909,284699999700000",12.369105680000075,51.32096700100004,4,,4,Süd,14170426148210161920,0,0,4.0,,,,,,
2791,,160066,14,7,13,000,2017,04,09,4,3,5,2,,,0,1,0,0,,0,"736698,008400000050000","5689804,350499999700000",12.396357885000043,51.31023963500007,4,,4,Süd,14170426144200246210,0,0,4.0,,,,,,
2792,,160067,14,7,13,000,2017,04,12,4,3,4,2,,,0,1,0,1,,0,"732335,457100000000000","5696217,660199999800000",12.338058641000032,51.36960745700003,8,,8,Nordwest,14170426144200195790,0,0,8.0,,,,,,
2793,,160068,14,7,13,000,2017,04,05,4,3,4,2,,,1,1,0,0,,0,"730181,202999999980000","5689969,053000000300000",12.303124257000036,51.31439076500004,5,,5,Südwest,14170426144200162490,1,0,5.0,,,,,,
2794,,160070,14,7,13,000,2017,04,14,4,3,6,2,,,0,1,1,0,,0,"734867,774899999960000","5694507,254700000400000",12.373244833000058,51.35321290500008,0,,0,Mitte,14170426144200155840,0,0,0.0,,,,,,
2795,,160080,14,7,13,000,2017,04,15,3,3,5,3,,,0,1,0,0,,0,"735293,126000000050000","5691713,125500000100000",12.377496529000041,51.32795595300007,0,,0,Mitte,14170425149110193730,0,0,0.0,,,,,,
2796,,160081,14,7,13,000,2017,04,20,3,3,0,7,,,0,1,0,0,,0,"731608,023200000050000","5690701,707899999800000",12.324038228000063,51.32038888500006,5,,5,Südwest,14170425144200160990,2,0,5.0,,,,,,
2797,,160093,14,7,13,000,2017,04,19,2,3,2,6,,,1,1,0,0,,0,"735335,784499999950000","5692443,566100000400000",12.378590117000044,51.33449499500006,0,,0,Mitte,14170424148410169210,0,0,0.0,,,,,,
2798,,160094,14,7,13,000,2017,04,17,2,3,1,3,,,1,1,0,0,,0,"736317,515400000030000","5687509,742300000000000",12.389389507000033,51.28980066500003,4,,4,Süd,14170424148210190310,0,0,4.0,,,,,,
2799,,160096,14,7,13,000,2017,04,17,2,3,2,6,,,0,1,0,0,,0,"737439,277099999950000","5693007,415799999600000",12.409107522000056,51.338681902000076,2,,2,Ost,14170424144200195780,0,0,2.0,,,,,,
2800,,160097,14,7,13,000,2017,04,08,2,3,5,3,,,1,0,0,0,,0,"734633,528999999980000","5690882,478600000000000",12.367499257000077,51.320772119000026,4,,4,Süd,14170424144200155110,0,0,4.0,,,,,,
2801,,160110,14,7,13,000,2017,04,19,1,3,2,6,,,0,1,0,0,,0,"737927,747300000050000","5695256,930599999600000",12.417610971000045,51.35866929800005,1,,1,Nordost,14170423148110154960,0,0,1.0,,,,,,
2802,,160116,14,7,13,000,2017,04,11,7,2,1,5,,,0,1,0,0,,0,"740047,714700000010000","5693940,608500000100000",12.447115623000059,51.34596289600006,2,,2,Ost,14170422144200155050,0,0,2.0,,,,,,
2803,,160121,14,7,13,000,2017,04,14,6,3,3,6,,,0,1,1,0,,0,"735528,314099999960000","5692933,390700000300000",12.38167284800005,51.33881211600004,0,,0,Mitte,14170421148423205100,0,0,0.0,,,,,,
2804,,160122,14,7,13,000,2017,04,17,6,3,5,3,,,0,1,0,0,,0,"735442,533999999990000","5691683,446000000500000",12.379617584000073,51.32762772500007,0,,0,Mitte,14170421144200205170,0,0,0.0,,,,,,
2805,,160123,14,7,13,000,2017,04,16,6,3,5,3,,,0,1,0,0,,0,"735231,414499999960000","5697908,105299999900000",12.38070756600007,51.38358950200006,9,,9,Nord,14170421144200167140,0,0,9.0,,,,,,
2806,,160137,14,7,13,000,2017,04,15,5,3,6,4,,,1,0,1,0,,0,"735100,029199999990000","5692404,623399999900000",12.375186115000076,51.33424293200005,0,,0,Mitte,14170420148423145010,0,0,0.0,,,,,,
2807,,160138,14,7,13,000,2017,04,07,5,3,2,6,,,0,1,0,0,,0,"733535,709900000020000","5694189,408599999700000",12.353940039000065,51.35090863500005,0,,0,Mitte,14170420148410142920,0,0,0.0,,,,,,