UNFALL_ID,FID_left,OBJECTID,ULAND,UREGBEZ,UKREIS,UGEMEINDE,UJAHR,UMONAT,USTUNDE,UWOCHENTAG,UKATEGORIE,UART,UTYP1,ULICHTVERH,IstStrasse,IstRad,IstPKW,IstFuss,IstKrad,IstGkfz,IstSonstig,LINREFX,LINREFY,XGCSWGS84,YGCSWGS84,index_right,FID_right,SBZ,Name,UIDENTSTLA,LICHT,STRZUSTAND,FID,OBJECTID_1,IstSonstige,UIDENTSTLAE,OID_,IstStrassenzustand,PLST
2929,,160541,14,7,13,000,2017,05,17,4,2,3,2,,,1,0,0,0,,1,"736374,200300000030000","5694473,976800000300000",12.394817838000051,51.352289718000065,1,,1,Nordost,14170531144200255070,0,0,1.0,,,,,,
2930,,160542,14,7,13,000,2017,05,17,4,3,4,2,,,0,1,0,0,,0,"742154,574799999940000","5693355,838000000500000",12.476913210000077,51.33982090000006,2,,2,Ost,14170531144100271070,0,0,2.0,,,,,,
2931,,160560,14,7,13,000,2017,05,17,3,3,4,2,,,1,1,0,0,,0,"731161,103000000000000","5691921,554899999900000",12.318426673000033,51.331521069000075,7,,7,Alt-West,14170530148310303770,0,1,7.0,,,,,,
2932,,160561,14,7,13,000,2017,05,19,3,3,5,3,,,0,1,0,0,,1,"731197,485100000050000","5691880,250799999600000",12.318921216000035,51.33113550000007,7,,7,Alt-West,14170530148310263220,0,1,7.0,,,,,,
2933,,160562,14,7,13,000,2017,05,10,3,3,3,2,,,1,0,0,0,,1,"742511,079999999960000","5686440,926000000000000",12.477322146000063,51.27760468100007,3,,3,Südost,14170530148213255790,0,0,3.0,,,,,,
2934,,160563,14,7,13,000,2017,05,11,3,3,5,3,,,1,1,0,0,,0,"734754,850699999950000","5687103,457000000400000",12.366751617000034,51.28679975500006,4,,4,Süd,14170530148210291820,0,0,4.0,,,,,,
2935,,160564,14,7,13,000,2017,05,18,3,3,6,2,,,0,1,1,0,,0,"735689,846000000020000","5695833,468000000300000",12.385908149000045,51.36477701800004,9,,9,Nord,14170530148110255230,0,1,9.0,,,,,,
2936,,160565,14,7,13,000,2017,05,07,3,3,0,5,,,1,1,0,0,,0,"735202,696499999960000","5691969,734799999700000",12.37637023800005,51.33029676700005,0,,0,Mitte,14170530144320384320,0,0,0.0,,,,,,
2937,,160566,14,7,13,000,2017,05,12,3,3,5,2,,,1,1,0,0,,0,"737285,445100000010000","5694417,880099999700000",12.407842973000072,51.351406515000065,1,,1,Nordost,14170530144200370070,0,0,1.0,,,,,,
2938,,160586,14,7,13,000,2017,05,17,2,3,5,3,,,1,1,0,0,,0,"734908,173700000040000","5690883,393699999900000",12.371434285000078,51.32066702100008,4,,4,Süd,14170529148415255500,0,0,4.0,,,,,,
2939,,160587,14,7,13,000,2017,05,13,2,3,3,5,,,1,1,0,0,,0,"736103,706400000020000","5693620,078200000300000",12.390373971000031,51.344737372000054,0,,0,Mitte,14170529148410256070,0,0,0.0,,,,,,
2940,,160589,14,7,13,000,2017,05,20,2,3,1,5,,,1,1,0,0,,0,"732449,082999999980000","5691712,357900000200000",12.336746210000058,51.32911828300007,5,,5,Südwest,14170529148310275920,1,0,5.0,,,,,,
2941,,160590,14,7,13,000,2017,05,06,2,3,2,6,,,1,1,0,0,,0,"736769,842399999960000","5686731,202700000300000",12.39534885300003,51.282624474000045,4,,4,Süd,14170529148210255780,0,0,4.0,,,,,,
2942,,160591,14,7,13,000,2017,05,22,2,3,5,3,,,1,1,0,0,,0,"731536,532000000010000","5698651,820000000300000",12.328187114000059,51.39178448100006,8,,8,Nordwest,14170529148121291330,2,0,8.0,,,,,,
2943,,160592,14,7,13,000,2017,05,11,2,3,5,3,,,0,1,0,1,,0,"735014,391999999990000","5698940,866999999600000",12.378277737000076,51.39294971400005,9,,9,Nord,14170529148110272520,0,0,9.0,,,,,,
2944,,160593,14,7,13,000,2017,05,20,2,3,5,3,,,0,1,0,0,,0,"735265,981999999960000","5691395,643000000200000",12.37689806700007,51.32511734000008,4,,4,Süd,14170529145200292120,0,0,4.0,,,,,,
2945,,160594,14,7,13,000,2017,05,11,2,3,2,6,,,0,1,0,0,,0,"732909,631100000000000","5694186,694000000100000",12.344963262000022,51.35114114800007,0,,0,Mitte,14170529144200586080,0,0,0.0,,,,,,
2946,,160595,14,7,13,000,2017,05,18,2,3,5,3,,,1,1,0,0,,0,"734206,860299999940000","5692176,607400000100000",12.362237306000054,51.33256464500005,0,,0,Mitte,14170529144200275250,0,0,0.0,,,,,,
2947,,160597,14,7,13,000,2017,05,06,2,3,2,6,,,0,1,0,0,,0,"740024,718800000030000","5694378,064100000100000",12.447080976000052,51.349899065000045,2,,2,Ost,14170529143213255720,0,0,2.0,,,,,,
2948,,160623,14,7,13,000,2017,05,15,7,3,5,3,,,0,1,0,0,,0,"736324,753999999960000","5687463,036399999600000",12.389462232000028,51.289378416000034,4,,4,Süd,14170527148210367000,0,0,4.0,,,,,,
2949,,160624,14,7,13,000,2017,05,13,7,3,0,6,,,1,1,0,0,,0,"737860,435300000010000","5697863,173800000000000",12.418389512000033,51.382090909000055,1,,1,Nordost,14170527148121272600,0,0,1.0,,,,,,
2950,,160625,14,7,13,000,2017,05,11,7,3,5,3,,,0,1,0,1,,0,"734099,038999999990000","5693665,135999999900000",12.361670636000042,51.345970796000074,0,,0,Mitte,14170527144320364110,0,0,0.0,,,,,,
2951,,160627,14,7,13,000,2017,05,21,7,3,6,7,,,0,1,0,0,,1,"733892,670900000030000","5693349,974399999700000",12.358505630000025,51.34322668400006,0,,0,Mitte,14170527144200313410,2,0,0.0,,,,,,
2952,,160638,14,7,13,000,2017,05,14,6,2,3,2,,,0,1,0,1,,0,"736223,019500000050000","5691916,578400000000000",12.390954416000056,51.32939683300003,0,,0,Mitte,14170526144200271610,0,0,0.0,,,,,,
2953,,160639,14,7,13,000,2017,05,20,6,3,4,2,,,0,1,0,0,,0,"730305,680000000050000","5688551,055300000100000",12.303992083000026,51.30161096200004,5,,5,Südwest,14170526144200263430,1,0,5.0,,,,,,
2954,,160641,14,7,13,000,2017,05,16,6,3,1,5,,,1,0,0,0,,1,"734514,900999999950000","5693135,598799999800000",12.36728262400004,51.34104605400006,0,,0,Mitte,14170526144200256240,0,0,0.0,,,,,,
2955,,160642,14,7,13,000,2017,05,17,6,3,5,3,,,1,0,0,0,,1,"729486,797499999990000","5700949,172199999900000",12.300261847000058,51.41324017000005,8,,8,Nordwest,14170526144200254850,0,0,8.0,,,,,,
2956,,160649,14,7,13,000,2017,05,10,5,3,6,4,,,0,1,1,0,,0,"737800,913700000030000","5693761,543999999800000",12.41479349900004,51.34529984300008,2,,2,Ost,14170525148410240390,0,0,2.0,,,,,,
2957,,160650,14,7,13,000,2017,05,22,5,3,5,3,,,1,1,0,0,,0,"736423,545599999950000","5691200,237499999800000",12.393352400000026,51.322883500000046,0,,0,Mitte,14170525148220256260,2,0,0.0,,,,,,
2958,,160651,14,7,13,000,2017,05,14,5,3,4,7,,,1,0,0,0,,1,"735260,600499999940000","5693833,228299999600000",12.378430717000072,51.34700017200004,0,,0,Mitte,14170525144200246200,0,0,0.0,,,,,,
2959,,160669,14,7,13,000,2017,05,18,4,3,3,2,,,1,1,0,0,,0,"738864,175099999990000","5694482,774500000300000",12.43051641300002,51.35132777600006,2,,2,Ost,14170524148410246480,0,0,2.0,,,,,,
2960,,160670,14,7,13,000,2017,05,18,4,3,5,3,,,1,1,0,0,,0,"736262,658999999990000","5688514,285000000100000",12.389268819000051,51.29884050000004,4,,4,Süd,14170524148410242620,0,0,4.0,,,,,,
2961,,160671,14,7,13,000,2017,05,14,4,3,0,7,,,1,0,0,0,,0,"732575,400400000040000","5692082,622399999800000",12.33879781500002,51.33239041000007,7,,7,Alt-West,14170524148310241890,0,0,7.0,,,,,,
2962,,160672,14,7,13,000,2017,05,10,4,3,5,3,,,0,1,0,0,,1,"740793,393000000040000","5686765,034000000000000",12.452959056000054,51.28124211000005,3,,3,Südost,14170524148210343370,0,0,3.0,,,,,,
2963,,160673,14,7,13,000,2017,05,09,4,3,4,2,,,0,1,0,0,,0,"739494,834999999960000","5691859,810999999800000",12.437792671000068,51.32751929500006,2,,2,Ost,14170524148210246370,0,0,2.0,,,,,,
2964,,160674,14,7,13,000,2017,05,23,4,3,6,4,,,0,1,1,0,,0,"738711,689400000030000","5689283,629900000100000",12.424848491000034,51.304724828000076,3,,3,Südost,14170524144200271670,2,0,3.0,,,,,,
2965,,160675,14,7,13,000,2017,05,14,4,2,5,3,,,0,1,0,0,,0,"731780,167200000030000","5691739,971900000200000",12.327179461000071,51.32963911100006,5,,5,Südwest,14170524144200245530,0,0,5.0,,,,,,
2966,,160676,14,7,13,000,2017,05,16,4,3,5,3,,,1,1,0,0,,0,"734850,616999999970000","5691914,469999999700000",12.371289062000073,51.32994615600006,0,,0,Mitte,14170524143219271060,0,0,0.0,,,,,,
2967,,160695,14,7,13,000,2017,05,17,3,3,4,2,,,1,1,0,0,,0,"733641,216999999950000","5693977,916299999700000",12.355313681000041,51.34896681100008,0,,0,Mitte,14170523148410264200,0,0,0.0,,,,,,
2968,,160696,14,7,13,000,2017,05,11,3,2,0,7,,,1,1,0,0,,0,"737236,891799999980000","5692231,940399999700000",12.405690839000044,51.33180563600007,3,,3,Südost,14170523148410240410,0,0,3.0,,,,,,
2969,,160697,14,7,13,000,2017,05,16,3,3,4,6,,,1,1,0,0,,0,"731481,430599999960000","5688726,762799999700000",12.320943159000024,51.30271151800008,5,,5,Südwest,14170523148310303480,0,0,5.0,,,,,,
2970,,160698,14,7,13,000,2017,05,17,3,3,2,6,,,1,1,0,0,,0,"731724,031100000020000","5690258,427799999700000",12.325412117000042,51.316362397000034,5,,5,Südwest,14170523148310242530,0,0,5.0,,,,,,
2971,,160699,14,7,13,000,2017,05,14,3,3,2,6,,,1,1,0,0,,0,"732569,781800000000000","5691515,469700000200000",12.338347175000024,51.327301540000065,5,,5,Südwest,14170523148310237290,0,0,5.0,,,,,,
2972,,160700,14,7,13,000,2017,05,15,3,3,2,6,,,0,1,0,0,,0,"739932,100199999990000","5693205,046299999600000",12.444963026000039,51.33940951100004,2,,2,Ost,14170523148210240300,0,0,2.0,,,,,,
2973,,160701,14,7,13,000,2017,05,07,3,3,3,2,,,1,1,0,0,,0,"731373,213100000050000","5691606,975999999800000",12.321261880000066,51.328610895000054,7,,7,Alt-West,14170523144200263420,0,0,7.0,,,,,,
2974,,160702,14,7,13,000,2017,05,17,3,3,0,1,,,1,0,0,0,,0,"736652,249599999980000","5687797,212200000000000",12.394371877000026,51.292242111000064,4,,4,Süd,14170523144200255740,0,0,4.0,,,,,,
2975,,160703,14,7,13,000,2017,05,19,3,3,1,5,,,1,1,0,0,,0,"735037,190500000030000","5691203,054600000400000",12.373493238000037,51.32348315200005,4,,4,Süd,14170523144200255660,0,0,4.0,,,,,,
2976,,160704,14,7,13,000,2017,05,17,3,3,3,2,,,1,1,0,0,,0,"730302,101700000000000","5693549,664599999800000",12.30717011300004,51.34648504200004,7,,7,Alt-West,14170523144200241070,0,0,7.0,,,,,,
2977,,160705,14,7,13,000,2017,05,10,3,3,2,6,,,0,1,0,0,,0,"741610,024800000010000","5693941,761699999700000",12.469507356000065,51.34531147000007,2,,2,Ost,14170523144200240720,0,0,2.0,,,,,,
2978,,160706,14,7,13,000,2017,05,11,3,3,2,2,,,1,1,0,0,,0,"737374,731000000030000","5692664,259700000300000",12.407953877000068,51.335628658000076,3,,3,Südost,14170523144200237020,0,0,3.0,,,,,,
2979,,160735,14,7,13,000,2017,05,17,2,2,8,1,,,0,0,0,1,,0,"727935,026100000020000","5682565,579099999700000",12.266225661000021,51.24883066500007,5,,5,Südwest,14170522148310237220,0,0,5.0,,,,,,
2980,,160736,14,7,13,000,2017,05,13,2,3,5,2,,,1,1,0,0,,0,"737469,974500000010000","5690709,338800000000000",12.40801625000006,51.318041391000065,3,,3,Südost,14170522148220255410,0,0,3.0,,,,,,
2981,,160737,14,7,13,000,2017,05,08,2,3,5,3,,,1,0,0,0,,1,"735144,264899999950000","5689217,104799999900000",12.373717992000024,51.30561221500005,4,,4,Süd,14170522148210237000,0,0,4.0,,,,,,
2982,,160738,14,7,13,000,2017,05,10,2,3,5,3,,,1,1,0,0,,0,"734571,790299999990000","5694870,093200000000000",12.369240878000028,51.35659211800004,9,,9,Nord,14170522148110241130,0,0,9.0,,,,,,
2983,,160739,14,7,13,000,2017,05,15,2,3,5,2,,,0,0,0,1,,1,"734463,085399999980000","5699394,316300000100000",12.370667033000075,51.39724803100006,9,,9,Nord,14170522148110236640,0,0,9.0,,,,,,
2984,,160740,14,7,13,000,2017,05,15,2,3,5,3,,,0,1,0,1,,0,"734715,106400000050000","5690348,732300000300000",12.368316593000031,51.31594732500008,4,,4,Süd,14170522144200343971,0,0,4.0,,,,,,
2985,,160741,14,7,13,000,2017,05,12,2,3,5,3,,,0,1,0,0,,0,"735663,780000000030000","5689082,151999999800000",12.38106867600004,51.30418602800006,4,,4,Süd,14170522144200275230,0,0,4.0,,,,,,
2986,,160753,14,7,13,000,2017,05,20,1,2,6,4,,,0,0,1,0,,1,"741415,275999999950000","5688372,801000000000000",12.46294587500006,51.295409703000075,3,,3,Südost,14170521144200221960,0,0,3.0,,,,,,
2987,,160760,14,7,13,000,2017,05,21,7,3,1,7,,,0,1,0,0,,0,"734460,937700000010000","5692085,159599999900000",12.365817876000051,51.331639092000046,0,,0,Mitte,14170520148410215350,2,0,0.0,,,,,,
2988,,160762,14,7,13,000,2017,05,15,7,3,5,2,,,1,1,0,0,,0,"738164,789499999960000","5689969,343700000100000",12.41747467600004,51.31110883900004,3,,3,Südost,14170520144200241050,0,0,3.0,,,,,,
2989,,160774,14,7,13,000,2017,05,17,6,3,3,5,,,1,1,0,0,,0,"736089,400400000040000","5692513,120600000000000",12.389435178000042,51.334807011000066,0,,0,Mitte,14170519148410224710,0,0,0.0,,,,,,
2990,,160775,14,7,13,000,2017,05,11,6,3,3,6,,,1,1,0,0,,0,"735701,083499999950000","5695689,074900000400000",12.385973596000042,51.363476251000066,9,,9,Nord,14170519148410224610,0,0,9.0,,,,,,
2991,,160776,14,7,13,000,2017,05,21,6,3,5,2,,,0,0,0,0,,1,"730023,763999999970000","5689921,898000000000000",12.30083860700006,51.31403110200006,6,,6,West,14170519148310237180,2,1,6.0,,,,,,
2992,,160777,14,7,13,000,2017,05,15,6,3,4,2,,,1,1,0,0,,0,"732905,847500000030000","5691691,553899999700000",12.343277379000028,51.32874470500008,5,,5,Südwest,14170519148310224580,0,0,5.0,,,,,,
2993,,160779,14,7,13,000,2017,05,15,6,3,4,6,,,1,0,0,0,,0,"738874,431100000050000","5692724,471099999700000",12.429483944000026,51.33554120900004,2,,2,Ost,14170519144200572940,0,0,2.0,,,,,,
2994,,160780,14,7,13,000,2017,05,14,6,3,3,2,,,0,1,0,0,,1,"735045,718400000010000","5691285,124800000300000",12.373669522000057,51.324216324000076,4,,4,Süd,14170519144200221970,0,0,4.0,,,,,,
2995,,160781,14,7,13,000,2017,05,13,6,3,5,3,,,0,1,0,0,,0,"735738,911800000000000","5692768,762900000400000",12.384581959000059,51.33724710800004,0,,0,Mitte,14170519144200214660,0,0,0.0,,,,,,
2996,,160801,14,7,13,000,2017,05,15,5,2,3,2,,,1,1,0,0,,0,"734785,447999999970000","5692625,201000000400000",12.370823629000029,51.33635287300007,0,,0,Mitte,14170518148410240360,0,0,0.0,,,,,,
2997,,160802,14,7,13,000,2017,05,10,5,3,3,2,,,1,1,0,0,,0,"731213,949999999950000","5688472,561999999900000",12.316948000000025,51.300538249000056,5,,5,Südwest,14170518148310241910,0,0,5.0,,,,,,
2998,,160803,14,7,13,000,2017,05,07,5,3,6,4,,,0,1,1,0,,0,"737791,969900000030000","5693078,934899999800000",12.414209518000064,51.33917648900007,2,,2,Ost,14170518148210236880,0,0,2.0,,,,,,
2999,,160805,14,7,13,000,2017,05,18,5,3,4,2,,,1,1,0,0,,0,"738188,924000000000000","5692414,271999999900000",12.419453689000022,51.33304437900006,2,,2,Ost,14170518145200222580,0,0,2.0,,,,,,
3000,,160806,14,7,13,000,2017,05,14,5,3,5,3,,,1,1,0,0,,0,"731639,328800000020000","5696527,311300000200000",12.328276981000045,51.37267141600006,8,,8,Nordwest,14170518144200370010,0,0,8.0,,,,,,
3001,,160807,14,7,13,000,2017,05,16,5,3,5,3,,,1,1,0,0,,0,"735598,007199999990000","5689200,231300000100000",12.380204745000071,51.30527317200006,4,,4,Süd,14170518144200255580,0,0,4.0,,,,,,
3002,,160808,14,7,13,000,2017,05,12,5,2,5,3,,,1,1,0,0,,0,"734288,728299999960000","5698408,015700000300000",12.367514335000067,51.38846666500007,9,,9,Nord,14170518144200246710,0,0,9.0,,,,,,
3003,,160809,14,7,13,000,2017,05,17,5,3,5,3,,,1,0,0,1,,0,"733716,014100000030000","5692756,989900000400000",12.35558452600003,51.337976378000064,0,,0,Mitte,14170518144200237420,0,0,0.0,,,,,,
3004,,160848,14,7,13,000,2017,06,16,3,3,5,3,,,0,1,0,0,,0,"730421,642100000060000","5690953,192699999500000",12.307204342000034,51.32312811600008,7,,7,Alt-West,14170613148310309680,0,0,7.0,,,,,,
3005,,160851,14,7,13,000,2017,06,08,3,3,5,2,,,1,1,0,0,,0,"732741,453100000040000","5692084,237499999800000",12.341178334000062,51.332336987000076,7,,7,Alt-West,14170613144200368900,0,0,7.0,,,,,,
3006,,160852,14,7,13,000,2017,06,18,3,3,1,5,,,1,1,0,0,,0,"735317,613099999960000","5693447,772099999700000",12.378993164000065,51.343516599000054,0,,0,Mitte,14170613144200356710,0,0,0.0,,,,,,
3007,,160853,14,7,13,000,2017,06,10,3,3,2,6,,,0,1,0,0,,0,"728173,997199999980000","5689349,076000000400000",12.273974789000022,51.309633276000056,6,,6,West,14170613144200341130,0,0,6.0,,,,,,
3008,,160854,14,7,13,000,2017,06,06,3,2,6,4,,,0,1,1,0,,0,"731317,411500000050000","5696725,709900000100000",12.323789026000043,51.37458359400006,8,,8,Nordwest,14170613144200291090,0,0,8.0,,,,,,
3009,,160855,14,7,13,000,2017,06,16,3,3,6,4,,,1,0,1,0,,0,"735272,763400000050000","5693358,302199999800000",12.37829124500007,51.34273204800007,0,,0,Mitte,14170613144000315480,0,0,0.0,,,,,,
3010,,160871,14,7,13,000,2017,06,18,2,3,2,2,,,0,1,0,0,,0,"736972,714500000000000","5693016,088800000000000",12.402427169000077,51.33895436500006,2,,2,Ost,14170612148410360250,0,0,2.0,,,,,,
3011,,160872,14,7,13,000,2017,06,06,2,3,6,4,,,0,1,1,0,,0,"736545,183300000030000","5693017,136599999900000",12.39630100900007,51.33914176800005,3,,3,Südost,14170612148410292300,0,0,3.0,,,,,,
3012,,160873,14,7,13,000,2017,06,11,2,3,6,4,,,0,1,0,0,,1,"731297,498900000010000","5692404,546799999700000",12.320694721000052,51.33580137800004,7,,7,Alt-West,14170612148320334580,0,0,7.0,,,,,,
3013,,160874,14,7,13,000,2017,06,16,2,3,5,3,,,1,1,0,0,,0,"737248,788100000010000","5693109,705600000000000",12.40644584200004,51.33967956500004,2,,2,Ost,14170612144310292220,0,0,2.0,,,,,,
3014,,160875,14,7,13,000,2017,06,16,2,2,6,4,,,0,0,1,1,,0,"736339,526300000030000","5695733,542500000400000",12.395157451000046,51.36361019000003,9,,9,Nord,14170612144200359380,0,0,9.0,,,,,,
3015,,160876,14,7,13,000,2017,06,15,2,3,2,6,,,0,1,0,1,,0,"735683,822799999970000","5696163,651999999800000",12.386040603000026,51.367743321000034,9,,9,Nord,14170612144200356720,0,0,9.0,,,,,,
3016,,160891,14,7,13,000,2017,06,18,1,3,3,2,,,1,1,0,0,,0,"730304,065399999960000","5693551,715300000300000",12.30719958800006,51.34650265500005,7,,7,Alt-West,14170611148410318140,0,0,7.0,,,,,,
3017,,160892,14,7,13,000,2017,06,17,1,2,5,3,,,1,1,0,0,,0,"727228,513000000040000","5693208,350999999800000",12.262892492000049,51.34465778500004,7,,7,Alt-West,14170611148310303600,0,0,7.0,,,,,,
3018,,160901,14,7,13,000,2017,06,09,7,3,5,3,,,0,1,0,0,,0,"733212,996000000040000","5693923,597000000100000",12.34913971900005,51.34865505100004,0,,0,Mitte,14170610148410315240,0,0,0.0,,,,,,
3019,,160902,14,7,13,000,2017,06,18,7,3,4,6,,,0,1,0,1,,0,"736267,307500000000000","5688577,498999999800000",12.389377214000035,51.299405998000054,4,,4,Süd,14170610148210314790,0,0,4.0,,,,,,
3020,,160903,14,7,13,000,2017,06,10,7,2,6,4,,,0,0,1,0,,1,"729776,385299999970000","5691142,288900000000000",12.298081454000055,51.32508659800004,6,,6,West,14170610144200309300,0,0,6.0,,,,,,
3021,,160904,14,7,13,000,2017,06,14,7,3,5,3,,,0,1,0,0,,0,"740661,640999999950000","5689406,252999999600000",12.45285326000004,51.30500459800004,3,,3,Südost,14170610144200291480,0,0,3.0,,,,,,
3022,,160905,14,7,13,000,2017,06,15,7,3,6,4,,,0,1,1,0,,0,"737770,986500000000000","5698216,338700000200000",12.417342822000023,51.38529834700006,1,,1,Nordost,14170610144200290970,0,0,1.0,,,,,,
3023,,160906,14,7,13,000,2017,06,20,7,3,5,3,,,0,1,0,0,,0,"737997,153599999960000","5695111,183400000400000",12.418508531000043,51.35733201800008,1,,1,Nordost,14170610144200290840,0,0,1.0,,,,,,
3024,,160924,14,7,13,000,2017,06,08,6,3,5,3,,,0,1,0,1,,0,"738704,718499999960000","5691059,969899999900000",12.425937302000023,51.32067206500005,3,,3,Südost,14170609148210306800,0,0,3.0,,,,,,
3025,,160926,14,7,13,000,2017,06,07,6,3,5,2,,,0,1,0,0,,0,"740994,984999999990000","5696234,657999999800000",12.462245575000054,51.36615246000008,2,,2,Ost,14170609144200292000,0,0,2.0,,,,,,
3026,,160945,14,7,13,000,2017,06,06,5,3,3,7,,,1,1,0,0,,0,"734633,461299999970000","5690878,908900000200000",12.367495938000047,51.32074010300005,4,,4,Süd,14170608148210291640,0,0,4.0,,,,,,
3027,,160948,14,7,13,000,2017,06,16,5,2,4,2,,,1,1,0,0,,0,"737279,137899999970000","5693754,539699999600000",12.407310432000031,51.34545497300007,2,,2,Ost,14170608144200292521,0,0,2.0,,,,,,
3028,,160971,14,7,13,000,2017,06,12,4,3,2,2,,,0,1,0,0,,0,"736085,734999999990000","5692631,626299999700000",12.389461185000073,51.33587226800006,0,,0,Mitte,14170607148410292430,0,0,0.0,,,,,,
3029,,160972,14,7,13,000,2017,06,17,4,3,5,3,,,1,1,0,0,,0,"734701,011599999970000","5693382,109899999600000",12.370112395000035,51.34318205000005,0,,0,Mitte,14170607148410292340,0,0,0.0,,,,,,
3030,,160974,14,7,13,000,2017,06,17,4,3,5,3,,,0,1,0,0,,0,"730304,577399999950000","5693552,250000000000000",12.307207273000074,51.34650724800008,7,,7,Alt-West,14170607148210303850,0,0,7.0,,,,,,
3031,,160975,14,7,13,000,2017,06,19,4,3,5,3,,,0,1,0,1,,0,"733656,475600000010000","5695712,892000000000000",12.356671709000068,51.36453456900006,9,,9,Nord,14170607148110343220,0,0,9.0,,,,,,
3032,,160978,14,7,13,000,2017,06,11,4,3,5,3,,,1,1,0,0,,0,"734177,004599999990000","5692176,031499999600000",12.361809115000028,51.33257176800004,0,,0,Mitte,14170607144200292660,0,0,0.0,,,,,,
3033,,160979,14,7,13,000,2017,06,17,4,3,5,3,,,0,1,0,1,,0,"736191,574600000050000","5691878,140999999800000",12.390478402000042,51.32906486600007,0,,0,Mitte,14170607144200292530,0,0,0.0,,,,,,
3034,,160980,14,7,13,000,2017,06,18,4,3,5,3,,,1,1,0,0,,0,"733900,120699999970000","5695033,063500000200000",12.359718409000038,51.35833185600006,9,,9,Nord,14170607144200291220,0,0,9.0,,,,,,
3035,,160997,14,7,13,000,2017,06,16,3,3,6,4,,,0,1,1,0,,0,"733647,848200000010000","5693961,257600000100000",12.355397802000027,51.34881454900005,0,,0,Mitte,14170606148410292410,0,1,0.0,,,,,,
3036,,160998,14,7,13,000,2017,06,16,3,3,2,6,,,0,1,0,0,,0,"735073,406899999940000","5689894,943799999500000",12.373149829000056,51.31172605000006,4,,4,Süd,14170606148410291870,0,1,4.0,,,,,,
3037,,160999,14,7,13,000,2017,06,08,3,3,5,3,,,0,1,0,0,,1,"729755,654499999950000","5689856,241299999900000",12.296955788000048,51.313549987000044,6,,6,West,14170606148310303860,0,0,6.0,,,,,,
3038,,161000,14,7,13,000,2017,06,17,3,3,0,7,,,1,0,0,0,,0,"731760,030200000040000","5689905,685100000400000",12.325698594000073,51.31318121800007,5,,5,Südwest,14170606148310303820,0,0,5.0,,,,,,
3039,,161001,14,7,13,000,2017,06,09,3,3,1,1,,,0,1,0,0,,1,"743260,045300000000000","5694523,258700000100000",12.493551758000024,51.34982697400005,2,,2,Ost,14170606148210291930,0,0,2.0,,,,,,
3040,,161002,14,7,13,000,2017,06,07,3,3,3,2,,,1,0,0,0,,1,"735408,690999999990000","5695551,200100000000000",12.381689832000063,51.36235987200007,9,,9,Nord,14170606148110267430,0,0,9.0,,,,,,
3041,,161003,14,7,13,000,2017,06,23,3,3,0,1,,,0,0,0,1,,0,"735629,988000000010000","5695932,485000000300000",12.385115446000043,51.365690646000076,9,,9,Nord,14170606145200366740,2,0,9.0,,,,,,
3042,,161004,14,7,13,000,2017,06,13,3,3,3,2,,,1,1,0,0,,0,"735085,731200000040000","5689887,586000000100000",12.373321497000063,51.31165491400003,4,,4,Süd,14170606144200292641,0,0,4.0,,,,,,
3043,,161005,14,7,13,000,2017,06,16,3,2,3,2,,,0,1,0,0,,1,"734850,424000000000000","5694203,877000000300000",12.372795919000055,51.350496846000055,0,,0,Mitte,14170606144200292510,0,0,0.0,,,,,,
3044,,161007,14,7,13,000,2017,06,09,3,3,0,1,,,1,0,0,0,,0,"727246,925399999950000","5693205,641900000200000",12.263154695000026,51.34462610500003,7,,7,Alt-West,14170606144100303620,0,0,7.0,,,,,,
3045,,161008,14,7,13,000,2017,06,12,3,3,2,6,,,0,1,0,0,,0,"736632,973600000030000","5687094,835000000000000",12.393630629000029,51.285945395000056,4,,4,Süd,14170606144000291460,0,0,4.0,,,,,,
3046,,161027,14,7,13,000,2017,06,14,2,3,2,2,,,1,1,0,0,,0,"727393,601000000020000","5697707,718000000300000",12.268135741000037,51.38498399400004,8,,8,Nordwest,14170605144200269541,0,0,8.0,,,,,,
3047,,161034,14,7,13,000,2017,06,14,1,3,0,1,,,0,0,0,1,,0,"731107,728600000030000","5693468,441300000100000",12.318665504000023,51.345428981000055,7,,7,Alt-West,14170604148220273310,0,1,7.0,,,,,,
3048,,161044,14,7,13,000,2017,06,18,7,3,1,5,,,0,1,0,0,,0,"734390,915000000040000","5691546,386300000400000",12.364460177000069,51.32683166500004,0,,0,Mitte,14170603148410271290,0,1,0.0,,,,,,
3049,,161045,14,7,13,000,2017,06,10,7,3,1,7,,,0,1,0,0,,1,"737280,422200000030000","5693758,111800000100000",12.40733122000006,51.34548650000005,2,,2,Ost,14170603148410271260,0,0,2.0,,,,,,