UNFALL_ID,FID_left,OBJECTID,ULAND,UREGBEZ,UKREIS,UGEMEINDE,UJAHR,UMONAT,USTUNDE,UWOCHENTAG,UKATEGORIE,UART,UTYP1,ULICHTVERH,IstStrasse,IstRad,IstPKW,IstFuss,IstKrad,IstGkfz,IstSonstig,LINREFX,LINREFY,XGCSWGS84,YGCSWGS84,index_right,FID_right,SBZ,Name,UIDENTSTLA,LICHT,STRZUSTAND,FID,OBJECTID_1,IstSonstige,UIDENTSTLAE,OID_,IstStrassenzustand,PLST
3050,,161046,14,7,13,000,2017,06,13,7,3,0,1,,,1,0,0,0,,0,"730945,610499999950000","5693740,534799999600000",12.316518208000048,51.34793741300007,7,,7,Alt-West,14170603148310273350,0,0,7.0,,,,,,
3051,,161053,14,7,13,000,2017,06,11,6,3,2,6,,,1,1,0,0,,0,"737373,866500000000000","5692662,469100000300000",12.40794029600005,51.33561294700007,3,,3,Südost,14170602148410292180,0,0,3.0,,,,,,
3052,,161054,14,7,13,000,2017,06,17,6,3,3,7,,,1,1,0,0,,0,"734813,532800000040000","5692329,401300000000000",12.371031135000067,51.33368606000005,0,,0,Mitte,14170602148410270170,0,0,0.0,,,,,,
3053,,161055,14,7,13,000,2017,06,07,6,3,5,3,,,1,1,0,0,,0,"734524,312099999980000","5691868,682400000300000",12.366583498000068,51.32966976800003,0,,0,Mitte,14170602144200316550,0,0,0.0,,,,,,
3054,,161056,14,7,13,000,2017,06,13,6,3,4,6,,,1,1,0,0,,0,"735535,206299999960000","5692261,180800000200000",12.381327191000025,51.33277529800006,0,,0,Mitte,14170602143215349640,0,1,0.0,,,,,,
3055,,161080,14,7,13,000,2017,06,14,5,3,2,6,,,0,1,0,0,,0,"735307,097700000040000","5695226,896900000100000",12.38001863900007,51.35949091700007,0,,0,Mitte,14170601148410270150,0,0,0.0,,,,,,
3056,,161081,14,7,13,000,2017,06,15,5,3,5,3,,,0,1,0,0,,0,"731961,522299999950000","5690844,509100000400000",12.329195363000053,51.32152679500007,5,,5,Südwest,14170601144200279770,0,0,5.0,,,,,,
3057,,161082,14,7,13,000,2017,06,17,5,3,4,2,,,1,1,0,0,,0,"731774,851299999980000","5691017,758299999900000",12.326633671000025,51.32315809100004,5,,5,Südwest,14170601144200279760,0,0,5.0,,,,,,
3058,,161083,14,7,13,000,2017,06,10,5,3,5,3,,,0,1,0,0,,0,"731562,870499999960000","5692982,643400000400000",12.324873550000063,51.34088286400004,7,,7,Alt-West,14170601144200275390,0,0,7.0,,,,,,
3059,,161109,14,7,13,000,2017,05,17,4,3,6,6,,,1,0,1,0,,0,"735069,736099999980000","5692564,810999999800000",12.374857719000033,51.335693356000036,0,,0,Mitte,14170531148415256360,0,0,0.0,,,,,,
3060,,161110,14,7,13,000,2017,05,20,4,3,2,6,,,0,1,0,0,,0,"735354,634599999990000","5693555,650700000100000",12.379595077000033,51.34446962800007,0,,0,Mitte,14170531148410256340,1,0,0.0,,,,,,
3061,,161111,14,7,13,000,2017,05,06,4,3,2,1,,,1,1,0,0,,0,"737175,136100000000000","5693758,682000000000000",12.40582256700003,51.34553555000008,2,,2,Ost,14170531148410255820,0,0,2.0,,,,,,
3062,,161112,14,7,13,000,2017,05,18,4,3,6,4,,,1,0,1,0,,0,"735722,099900000030000","5689115,998999999800000",12.381926183000076,51.304465709000056,4,,4,Süd,14170531148224273620,0,0,4.0,,,,,,
3063,,161113,14,7,13,000,2017,05,11,4,3,5,3,,,1,1,0,0,,0,"734463,731700000000000","5691194,568300000400000",12.365272051000034,51.32364357500006,4,,4,Süd,14170531148210270600,0,0,4.0,,,,,,
3064,,161114,14,7,13,000,2017,05,12,4,3,3,6,,,1,1,0,0,,0,"734841,994300000020000","5692096,745299999600000",12.37128563500005,51.33158589400006,0,,0,Mitte,14170531144200275400,0,0,0.0,,,,,,
3065,,161115,14,7,13,000,2017,05,15,4,2,5,3,,,0,1,0,0,,0,"735430,064499999980000","5699083,433799999800000",12.384336275000067,51.39405715400005,9,,9,Nord,14170531144200255080,0,0,9.0,,,,,,
3066,,161122,14,7,13,000,2017,06,18,2,3,5,3,,,1,1,0,0,,0,"729929,767600000020000","5693258,038200000300000",12.30164455800002,51.344017816000076,7,,7,Alt-West,14170626144200370040,0,0,7.0,,,,,,
3067,,161124,14,7,13,000,2017,06,15,2,3,6,7,,,0,1,1,0,,0,"737561,554000000000000","5692607,672000000300000",12.410593234000032,51.33504272000005,2,,2,Ost,14170626144200356700,0,0,2.0,,,,,,
3068,,161135,14,7,13,000,2017,06,07,2,3,5,5,,,1,1,0,0,,0,"735032,421899999960000","5690894,116000000400000",12.373221264000051,51.320711963000065,4,,4,Süd,14170626144200342640,0,0,4.0,,,,,,
3069,,161136,14,7,13,000,2017,06,18,2,3,1,5,,,1,1,0,0,,0,"735454,885600000040000","5690035,736999999700000",12.378706519000048,51.312832194000066,4,,4,Süd,14170626144200336490,0,0,4.0,,,,,,
3070,,161137,14,7,13,000,2017,06,13,2,3,4,2,,,0,0,0,0,,1,"727954,970100000040000","5699604,695200000000000",12.277407544000027,51.40178836700005,8,,8,Nordwest,14170626144200336460,0,0,8.0,,,,,,
3071,,161148,14,7,13,000,2017,06,15,1,3,6,7,,,0,1,1,0,,0,"734937,133099999980000","5693017,400299999900000",12.37325600500003,51.33981076400005,0,,0,Mitte,14170625148410385030,0,0,0.0,,,,,,
3072,,161149,14,7,13,000,2017,06,05,1,3,3,6,,,1,1,0,0,,0,"733507,748999999950000","5694240,066999999800000",12.353572449000069,51.35137486000008,0,,0,Mitte,14170625148410360230,0,0,0.0,,,,,,
3073,,161150,14,7,13,000,2017,06,13,1,3,6,4,,,0,1,1,0,,0,"727911,199600000050000","5689085,443199999600000",12.270042211000032,51.307371826000065,6,,6,West,14170625148310339840,0,0,6.0,,,,,,
3074,,161152,14,7,13,000,2017,06,11,1,2,5,3,,,0,1,0,0,,0,"737885,138500000000000","5690610,543600000400000",12.413897174000056,51.31698121200003,3,,3,Südost,14170625144200357720,0,0,3.0,,,,,,
3075,,161163,14,7,13,000,2017,06,16,7,3,6,4,,,0,1,1,0,,0,"742498,448300000050000","5694572,648000000000000",12.482669543000043,51.35059565700004,2,,2,Ost,14170624148210337150,0,0,2.0,,,,,,
3076,,161165,14,7,13,000,2017,06,08,7,3,5,3,,,1,1,0,0,,0,"732374,798300000020000","5692774,876000000200000",12.336374800000044,51.33868657100004,7,,7,Alt-West,14170624144200340910,0,0,7.0,,,,,,
3077,,161167,14,7,13,000,2017,06,11,7,2,5,3,,,1,1,0,0,,0,"736813,873400000040000","5692533,620500000200000",12.39983012700003,51.33468983300003,3,,3,Südost,14170624144200336650,0,0,3.0,,,,,,
3078,,161184,14,7,13,000,2017,06,03,6,3,6,2,,,0,1,1,0,,0,"733563,638000000040000","5693074,517799999600000",12.353609026000072,51.340889290000064,0,,0,Mitte,14170623148410373750,2,1,0.0,,,,,,
3079,,161185,14,7,13,000,2017,06,18,6,3,5,3,,,0,1,0,0,,0,"728952,263099999980000","5694822,664900000200000",12.28863954600007,51.35845816400007,7,,7,Alt-West,14170623148310352980,0,0,7.0,,,,,,
3080,,161186,14,7,13,000,2017,06,14,6,3,1,7,,,1,1,0,0,,0,"732891,198800000010000","5691677,166100000000000",12.343058084000063,51.32862154800006,5,,5,Südwest,14170623148310341830,0,0,5.0,,,,,,
3081,,161187,14,7,13,000,2017,06,15,6,2,5,3,,,0,1,0,0,,0,"737188,057900000010000","5693904,833900000000000",12.406105134000029,51.346842028000026,2,,2,Ost,14170623144200488540,0,0,2.0,,,,,,
3082,,161188,14,7,13,000,2017,06,23,6,2,6,4,,,0,1,1,0,,0,"735613,783999999990000","5693400,779000000100000",12.383206919000031,51.34297212200005,0,,0,Mitte,14170623144200340750,2,0,0.0,,,,,,
3083,,161189,14,7,13,000,2017,06,15,6,1,3,2,,,1,1,0,0,,0,"731287,443699999950000","5690690,493200000400000",12.31943829000005,51.320418604000054,7,,7,Alt-West,14170623144200338790,0,0,7.0,,,,,,
3084,,161202,14,7,13,000,2017,06,15,5,3,2,6,,,0,1,0,0,,1,"734805,606700000000000","5691662,927100000000000",12.370478412000068,51.327706781000074,0,,0,Mitte,14170622148410389070,0,0,0.0,,,,,,
3085,,161203,14,7,13,000,2017,06,18,5,2,4,2,,,0,1,0,1,,1,"737954,327999999980000","5693921,257000000200000",12.417099045000043,51.34666923200007,2,,2,Ost,14170622148410364091,1,1,2.0,,,,,,
3086,,161204,14,7,13,000,2017,06,07,5,3,6,7,,,0,1,1,0,,0,"736146,239900000040000","5692833,764100000300000",12.390462212000045,51.337661583000056,0,,0,Mitte,14170622148410341910,0,0,0.0,,,,,,
3087,,161205,14,7,13,000,2017,06,08,5,3,5,3,,,1,1,0,0,,0,"733253,959500000000000","5691733,219600000400000",12.348292514000036,51.32897609200006,5,,5,Südwest,14170622148410337440,0,0,5.0,,,,,,
3088,,161206,14,7,13,000,2017,06,16,5,3,5,2,,,1,1,0,0,,0,"738163,846800000060000","5689968,449000000000000",12.417460577000043,51.31110120200003,3,,3,Südost,14170622148210373950,0,0,3.0,,,,,,
3089,,161207,14,7,13,000,2017,06,13,5,2,5,3,,,0,1,0,1,,0,"736502,519500000050000","5687435,536000000300000",12.391988814000058,51.28905779200005,4,,4,Süd,14170622144200476850,0,0,4.0,,,,,,
3090,,161208,14,7,13,000,2017,06,10,5,2,0,1,,,1,0,0,0,,0,"735184,115299999950000","5688969,516499999900000",12.374125524000021,51.303373297000064,4,,4,Süd,14170622144200359290,0,0,4.0,,,,,,
3091,,161209,14,7,13,000,2017,06,23,5,3,6,4,,,0,1,1,0,,0,"735832,621000000040000","5693454,691999999800000",12.386379041000055,51.343365334000055,0,,0,Mitte,14170622144200342630,2,1,0.0,,,,,,
3092,,161210,14,7,13,000,2017,06,08,5,3,4,2,,,1,1,0,0,,0,"735782,217700000040000","5693208,473199999900000",12.385493626000027,51.341176113000074,0,,0,Mitte,14170622144200341140,0,0,0.0,,,,,,
3093,,161211,14,7,13,000,2017,06,10,5,3,3,6,,,1,1,0,0,,0,"732715,904400000000000","5696024,274799999800000",12.34338813000005,51.36771577800005,8,,8,Nordwest,14170622144200340770,0,0,8.0,,,,,,
3094,,161212,14,7,13,000,2017,06,08,5,2,4,6,,,1,0,0,0,,0,"732342,158999999990000","5688323,152999999900000",12.333006496000053,51.29873782000004,5,,5,Südwest,14170622144100369980,0,0,5.0,,,,,,
3095,,161231,14,7,13,000,2017,06,11,4,3,5,3,,,1,1,0,0,,0,"735105,227700000050000","5694884,465099999700000",12.376898058000052,51.35650069700006,0,,0,Mitte,14170621148410397050,0,0,0.0,,,,,,
3096,,161232,14,7,13,000,2017,06,15,4,3,1,5,,,1,1,0,0,,0,"735572,370000000000000","5692150,795699999700000",12.381786735000048,51.33176905600004,0,,0,Mitte,14170621148410339870,0,0,0.0,,,,,,
3097,,161233,14,7,13,000,2017,06,10,4,3,5,3,,,1,0,0,0,,1,"734052,751700000020000","5692308,201700000100000",12.360115475000043,51.33380933800004,0,,0,Mitte,14170621148410325910,0,0,0.0,,,,,,
3098,,161234,14,7,13,000,2017,06,13,4,3,5,5,,,0,1,0,0,,0,"733107,140000000010000","5695881,562699999700000",12.348905090000073,51.36627430900006,8,,8,Nordwest,14170621148410325900,0,0,8.0,,,,,,
3099,,161235,14,7,13,000,2017,06,13,4,3,6,4,,,0,1,1,0,,0,"728994,993400000040000","5694632,211400000400000",12.289129654000021,51.356731223000054,7,,7,Alt-West,14170621148323353040,0,0,7.0,,,,,,
3100,,161236,14,7,13,000,2017,06,09,4,3,5,3,,,1,1,0,0,,0,"738800,802200000030000","5691161,124400000100000",12.427381414000024,51.32153970400003,3,,3,Südost,14170621148220337160,0,0,3.0,,,,,,
3101,,161237,14,7,13,000,2017,06,14,4,3,5,3,,,1,1,0,0,,0,"736288,629300000030000","5697165,887900000400000",12.395379554000044,51.376488280000046,9,,9,Nord,14170621148110373790,0,0,9.0,,,,,,
3102,,161238,14,7,13,000,2017,06,12,4,3,1,5,,,1,1,0,0,,0,"733251,019300000040000","5692015,736999999700000",12.34843530300003,51.33151335000008,5,,5,Südwest,14170621144320528200,0,0,5.0,,,,,,
3103,,161239,14,7,13,000,2017,06,08,4,2,5,2,,,1,0,0,0,,1,"737182,270200000030000","5693716,717100000000000",12.405896863000066,51.34515589400007,2,,2,Ost,14170621144200593790,0,0,2.0,,,,,,
3104,,161241,14,7,13,000,2017,06,21,4,2,3,6,,,1,0,0,0,,0,"735110,503400000050000","5694336,667600000300000",12.376611792000062,51.35158130600007,0,,0,Mitte,14170621143212366380,1,0,0.0,,,,,,
3105,,161263,14,7,13,000,2017,06,11,3,3,5,2,,,1,1,0,0,,0,"734807,733899999990000","5691557,524100000000000",12.370439453000074,51.32675976100006,0,,0,Mitte,14170620148410364080,0,0,0.0,,,,,,
3106,,161264,14,7,13,000,2017,06,20,3,3,3,2,,,1,1,0,0,,0,"736279,458199999990000","5691253,534799999600000",12.39132354800006,51.32342176100008,0,,0,Mitte,14170620148410342320,0,0,0.0,,,,,,
3107,,161265,14,7,13,000,2017,06,12,3,3,3,2,,,1,1,0,0,,0,"735023,784199999990000","5691652,768600000100000",12.373597682000025,51.32752550200007,0,,0,Mitte,14170620148410334700,0,0,0.0,,,,,,
3108,,161266,14,7,13,000,2017,06,16,3,3,5,3,,,1,1,0,0,,0,"735595,018799999960000","5693122,416500000300000",12.382753824000076,51.34048123600007,0,,0,Mitte,14170620148410330790,0,0,0.0,,,,,,
3109,,161267,14,7,13,000,2017,06,15,3,3,3,2,,,1,1,0,0,,0,"736307,974099999990000","5692445,853400000400000",12.392522629000041,51.334112435000065,0,,0,Mitte,14170620148410330780,0,0,0.0,,,,,,
3110,,161268,14,7,13,000,2017,06,08,3,3,4,2,,,1,1,0,0,,0,"735466,108099999950000","5694269,903400000200000",12.381665207000026,51.35083481300006,0,,0,Mitte,14170620144200336500,0,0,0.0,,,,,,
3111,,161269,14,7,13,000,2017,06,10,3,2,5,3,,,0,1,0,1,,0,"735267,521799999990000","5691395,586699999900000",12.376920091000045,51.325116198000046,4,,4,Süd,14170620144200330280,0,0,4.0,,,,,,
3112,,161300,14,7,13,000,2017,06,11,2,3,0,3,,,1,1,0,0,,0,"737690,132800000020000","5693644,186900000100000",12.413127389000067,51.34429277000004,2,,2,Ost,14170619148410319570,0,0,2.0,,,,,,
3113,,161301,14,7,13,000,2017,06,19,2,3,3,2,,,1,1,0,0,,0,"737504,569400000040000","5697072,978299999600000",12.412756872000045,51.375147120000065,1,,1,Nordost,14170619148110370110,0,0,1.0,,,,,,
3114,,161328,14,7,13,000,2017,06,13,1,3,8,1,,,0,1,0,0,,0,"736836,627600000010000","5692266,535600000100000",12.399978648000058,51.33228296600004,3,,3,Südost,14170618148410373870,0,0,3.0,,,,,,
3115,,161329,14,7,13,000,2017,06,05,1,3,0,1,,,1,0,0,0,,0,"732584,159600000010000","5691554,895300000000000",12.338578908000045,51.32764957400008,5,,5,Südwest,14170618148221357770,1,0,5.0,,,,,,
3116,,161330,14,7,13,000,2017,06,13,1,3,5,3,,,1,0,0,0,,0,"736651,452000000050000","5692726,142000000000000",12.397630605000074,51.33648554100006,3,,3,Südost,14170618144200359370,0,0,3.0,,,,,,
3117,,161341,14,7,13,000,2017,06,19,7,3,3,2,,,0,1,0,1,,0,"738225,514199999980000","5690687,256799999600000",12.418823833000033,51.31752741500003,3,,3,Südost,14170617144200319050,0,0,3.0,,,,,,
3118,,161355,14,7,13,000,2017,06,17,6,3,5,3,,,0,1,0,0,,0,"734559,466800000050000","5691755,701399999700000",12.367012847000069,51.32864110500003,0,,0,Mitte,14170616148415309750,0,0,0.0,,,,,,
3119,,161356,14,7,13,000,2017,06,07,6,3,5,3,,,1,1,0,0,,0,"736376,527099999950000","5693005,456299999700000",12.393876265000074,51.33910705300008,0,,0,Mitte,14170616148410350630,0,0,0.0,,,,,,
3120,,161357,14,7,13,000,2017,06,12,6,3,5,3,,,1,1,0,0,,0,"734175,404899999960000","5693121,907800000200000",12.362407985000061,51.34106307300004,0,,0,Mitte,14170616148410344810,0,1,0.0,,,,,,
3121,,161358,14,7,13,000,2017,06,06,6,3,5,3,,,1,0,0,0,,0,"734829,542699999990000","5689594,564700000000000",12.369459323000058,51.30913036800007,4,,4,Süd,14170616148210366990,0,0,4.0,,,,,,
3122,,161359,14,7,13,000,2017,06,11,6,3,5,3,,,1,1,0,0,,0,"739939,662800000050000","5698065,627500000400000",12.448349784000072,51.383033245000036,1,,1,Nordost,14170616144200449530,0,0,1.0,,,,,,
3123,,161360,14,7,13,000,2017,06,11,6,3,2,6,,,0,1,0,0,,0,"739946,069499999980000","5698067,762699999800000",12.448443122000072,51.38304970300004,1,,1,Nordost,14170616144200388610,0,0,1.0,,,,,,
3124,,161361,14,7,13,000,2017,06,13,6,3,9,1,,,0,1,0,0,,0,"739117,356499999990000","5691349,100200000200000",12.432042077000062,51.32309401400005,3,,3,Südost,14170616144200316540,0,0,3.0,,,,,,
3125,,161363,14,7,13,000,2017,06,12,6,3,5,3,,,0,1,0,1,,0,"739333,932000000030000","5695955,063099999900000",12.43824027100004,51.36434507600006,1,,1,Nordost,14170616144100336300,0,0,1.0,,,,,,
3126,,161381,14,7,13,000,2017,06,17,5,3,5,3,,,1,1,0,0,,0,"733775,276199999960000","5693331,856399999900000",12.356811152000034,51.34311232700003,0,,0,Mitte,14170615144320990360,0,0,0.0,,,,,,
3127,,161382,14,7,13,000,2017,06,07,5,2,5,3,,,1,1,0,0,,0,"732961,428300000030000","5692858,125199999700000",12.34483653600006,51.33919385300004,7,,7,Alt-West,14170615144200319070,0,0,7.0,,,,,,
3128,,161384,14,7,13,000,2017,06,12,5,3,2,6,,,1,0,0,0,,1,"733081,563700000060000","5691580,981499999800000",12.34572279300005,51.32768016600005,5,,5,Südwest,14170615143215333770,0,0,5.0,,,,,,
3129,,161410,14,7,13,000,2017,06,08,4,3,2,6,,,0,1,0,0,,1,"735830,782299999960000","5693452,016900000200000",12.386350916000026,51.34334208400003,0,,0,Mitte,14170614148410318720,0,0,0.0,,,,,,
3130,,161411,14,7,13,000,2017,06,10,4,3,5,3,,,1,1,0,0,,0,"736539,764300000040000","5690723,571200000100000",12.394701113000053,51.31855654200007,0,,0,Mitte,14170614148410306920,0,0,0.0,,,,,,
3131,,161412,14,7,13,000,2017,06,16,4,3,4,2,,,0,1,0,0,,0,"734645,269300000040000","5691485,710199999600000",12.368064481000033,51.32618215900004,0,,0,Mitte,14170614148310309660,0,0,0.0,,,,,,
3132,,161413,14,7,13,000,2017,06,07,4,2,5,3,,,1,1,0,0,,0,"735106,465800000010000","5694797,303799999900000",12.376858219000042,51.35571779700007,0,,0,Mitte,14170614148110317310,0,0,0.0,,,,,,
3133,,161414,14,7,13,000,2017,06,07,4,2,4,2,,,1,1,0,0,,0,"736850,373400000040000","5693047,198499999900000",12.400694618000045,51.33928457700006,3,,3,Südost,14170614144200436210,0,0,3.0,,,,,,
3134,,161416,14,7,13,000,2017,06,18,4,3,5,2,,,1,1,0,0,,0,"734296,026100000020000","5690915,245299999600000",12.362685852000027,51.32120531500004,4,,4,Süd,14170614144200314330,0,0,4.0,,,,,,
3135,,161417,14,7,13,000,2017,06,19,4,2,5,3,,,1,1,0,0,,0,"734604,467900000050000","5692453,946499999600000",12.368117336000068,51.334890304000055,0,,0,Mitte,14170614144200314310,0,0,0.0,,,,,,
3136,,161418,14,7,13,000,2017,06,11,4,2,5,3,,,0,1,0,1,,0,"743738,976400000040000","5694415,792100000200000",12.500342524000075,51.348657296000056,2,,2,Ost,14170614144200306760,0,0,2.0,,,,,,
3137,,161426,14,7,13,000,2017,06,11,2,3,8,1,,,0,1,0,0,,0,"730851,855899999970000","5698492,565600000300000",12.318259569000077,51.39063377200006,8,,8,Nordwest,14170626144200525660,0,1,8.0,,,,,,
3138,,161442,14,7,13,000,2017,07,13,3,3,3,2,,,1,1,0,0,,0,"731781,753000000030000","5691740,730600000400000",12.327202678000049,51.329645276000065,5,,5,Südwest,14170718148415409100,0,0,5.0,,,,,,
3139,,161443,14,7,13,000,2017,07,13,3,3,3,2,,,1,1,0,0,,0,"730302,792099999960000","5693550,385599999700000",12.307180476000042,51.34649123400004,7,,7,Alt-West,14170718148310409080,0,0,7.0,,,,,,
3140,,161444,14,7,13,000,2017,07,07,3,3,3,2,,,1,1,0,0,,0,"734732,279100000040000","5690883,140200000300000",12.36891434100005,51.32073733100003,4,,4,Süd,14170718148210424940,0,0,4.0,,,,,,
3141,,161445,14,7,13,000,2017,07,07,3,3,2,6,,,0,1,0,0,,1,"743211,628499999990000","5694192,001100000000000",12.492631509000034,51.346874573000036,2,,2,Ost,14170718148210412050,0,0,2.0,,,,,,
3142,,161446,14,7,13,000,2017,07,07,3,3,5,3,,,0,1,0,1,,0,"736684,630099999950000","5697154,867999999800000",12.401051841000026,51.376224465000064,1,,1,Nordost,14170718148110411980,0,0,1.0,,,,,,
3143,,161448,14,7,13,000,2017,07,12,3,2,4,2,,,1,1,0,0,,0,"734794,233699999980000","5692475,175200000400000",12.370850655000027,51.33500255300004,0,,0,Mitte,14170718144200408731,0,0,0.0,,,,,,
3144,,161462,14,7,13,000,2017,07,10,2,3,5,3,,,0,1,0,0,,0,"727586,613600000040000","5693244,984299999700000",12.268049086000076,51.34484341800004,7,,7,Alt-West,14170717144200406870,0,0,7.0,,,,,,
3145,,161476,14,7,13,000,2017,07,19,1,2,0,6,,,1,1,0,0,,0,"737775,738099999960000","5695326,227099999800000",12.415477979000059,51.35935492400006,1,,1,Nordost,14170716148410412560,0,0,1.0,,,,,,
3146,,161483,14,7,13,000,2017,07,23,7,3,1,1,,,1,1,0,0,,0,"737581,146900000050000","5692698,182699999800000",12.410934347000023,51.33584696300005,2,,2,Ost,14170715149210409330,2,0,2.0,,,,,,
3147,,161484,14,7,13,000,2017,07,17,7,3,1,1,,,1,0,0,0,,1,"735478,093800000030000","5693386,184999999600000",12.381252520000032,51.34289733400004,0,,0,Mitte,14170715148410400150,0,0,0.0,,,,,,
3148,,161485,14,7,13,000,2017,07,11,7,3,1,6,,,0,1,0,0,,0,"729941,276599999980000","5694339,417999999600000",12.302508035000074,51.35372072500007,7,,7,Alt-West,14170715148310397000,0,0,7.0,,,,,,
3149,,161486,14,7,13,000,2017,07,09,7,2,6,7,,,0,1,1,0,,0,"740813,820199999960000","5690340,495600000000000",12.45566290100004,51.31332569700004,3,,3,Südost,14170715144200400501,0,0,3.0,,,,,,
3150,,161492,14,7,13,000,2017,07,14,6,3,5,3,,,1,1,0,0,,0,"735762,447000000040000","5693470,978000000100000",12.385384066000029,51.34354062300008,0,,0,Mitte,14170714148410409810,0,0,0.0,,,,,,
3151,,161493,14,7,13,000,2017,07,15,6,2,6,4,,,0,1,1,0,,0,"730301,727199999960000","5694029,962600000200000",12.307475472000021,51.350796814000034,7,,7,Alt-West,14170714144200477860,0,0,7.0,,,,,,
3152,,161494,14,7,13,000,2017,07,19,6,3,5,3,,,1,1,0,0,,0,"734799,111999999960000","5696052,661000000300000",12.373280488000034,51.36711338600003,9,,9,Nord,14170714144200393970,0,0,9.0,,,,,,
3153,,161502,14,7,13,000,2017,07,15,5,3,5,3,,,0,1,0,0,,0,"735263,110200000000000","5695213,943799999500000",12.379379405000066,51.35939285900008,0,,0,Mitte,14170713148410401910,0,0,0.0,,,,,,
3154,,161503,14,7,13,000,2017,07,23,5,3,1,1,,,1,1,0,0,,0,"731594,283900000040000","5690442,612800000200000",12.32367312100007,51.31806861500007,5,,5,Südwest,14170713148320407030,2,0,5.0,,,,,,
3155,,161504,14,7,13,000,2017,07,09,5,3,3,2,,,1,0,0,0,,1,"732303,202999999980000","5690626,254900000100000",12.333948187000033,51.31942818600004,5,,5,Südwest,14170713148310390920,0,0,5.0,,,,,,
3156,,161505,14,7,13,000,2017,07,16,5,2,3,2,,,1,1,0,0,,0,"735658,930999999980000","5696435,098899999600000",12.385863560000075,51.37019021500004,9,,9,Nord,14170713148210394120,0,0,9.0,,,,,,
3157,,161506,14,7,13,000,2017,07,22,5,3,2,6,,,0,1,0,0,,0,"730301,793500000030000","5693549,342799999800000",12.307165487000077,51.34648227800005,7,,7,Alt-West,14170713144200476800,2,0,7.0,,,,,,
3158,,161507,14,7,13,000,2017,07,14,5,2,5,3,,,1,0,0,0,,1,"735053,314200000020000","5691038,612599999600000",12.37361581500005,51.32200039400004,4,,4,Süd,14170713144200418440,0,0,4.0,,,,,,
3159,,161509,14,7,13,000,2017,07,07,5,3,5,3,,,0,1,0,0,,0,"734017,340699999940000","5700445,994900000300000",12.364964315000066,51.406872270000065,9,,9,Nord,14170713144200390430,0,0,9.0,,,,,,
3160,,161517,14,7,13,000,2017,07,12,4,3,0,7,,,0,0,0,0,,1,"735604,898700000020000","5695864,670199999600000",12.38471075800004,51.36509233000004,9,,9,Nord,14170712148410412590,0,0,9.0,,,,,,
3161,,161518,14,7,13,000,2017,07,17,4,3,3,6,,,1,0,0,0,,1,"741983,725800000010000","5693115,916600000100000",12.474301973000024,51.337740229000076,2,,2,Ost,14170712148220412200,0,1,2.0,,,,,,
3162,,161519,14,7,13,000,2017,07,21,4,3,6,2,,,0,1,1,0,,0,"734639,254300000030000","5695408,313400000300000",12.370563051000033,51.36139553500004,9,,9,Nord,14170712148110398730,2,1,9.0,,,,,,
3163,,161520,14,7,13,000,2017,07,09,4,3,3,2,,,1,1,0,0,,0,"735972,302200000030000","5695489,389700000200000",12.38973001200003,51.36157126200004,9,,9,Nord,14170712144320554820,0,0,9.0,,,,,,
3164,,161521,14,7,13,000,2017,07,08,4,3,5,3,,,1,1,0,0,,0,"735096,010400000030000","5694518,690700000200000",12.376524269000072,51.353221200000064,0,,0,Mitte,14170712144200476860,0,0,0.0,,,,,,
3165,,161522,14,7,13,000,2017,07,15,4,3,1,5,,,0,1,0,1,,0,"731005,844700000020000","5685540,882500000300000",12.312072167000053,51.27430498800004,5,,5,Südwest,14170712144200398390,0,1,5.0,,,,,,
3166,,161523,14,7,13,000,2017,07,20,4,3,5,3,,,1,1,0,0,,0,"735169,841099999960000","5693584,604199999900000",12.376965591000044,51.344805990000054,0,,0,Mitte,14170712144200396410,0,1,0.0,,,,,,
3167,,161524,14,7,13,000,2017,07,15,4,3,5,3,,,0,1,0,0,,1,"737560,819200000030000","5690734,506000000100000",12.409334283000021,51.31822937900006,3,,3,Südost,14170712144200389040,0,1,3.0,,,,,,
3168,,161529,14,7,13,000,2017,07,14,3,3,8,1,,,0,0,0,1,,0,"734867,280999999960000","5692529,948900000200000",12.371933527000067,51.335464063000074,0,,0,Mitte,14170711148410377460,0,1,0.0,,,,,,
3169,,161530,14,7,13,000,2017,07,14,3,3,1,5,,,0,1,0,0,,0,"737016,197900000030000","5696197,799700000300000",12.40516923000007,51.367495510000026,1,,1,Nordost,14170711144200377970,0,1,1.0,,,,,,
3170,,161541,14,7,13,000,2017,07,11,2,3,0,6,,,0,1,0,0,,1,"732512,172600000050000","5691897,820600000200000",12.337771200000077,51.33075734600004,5,,5,Südwest,14170710148310407210,0,0,5.0,,,,,,