UNFALL_ID,FID_left,OBJECTID,ULAND,UREGBEZ,UKREIS,UGEMEINDE,UJAHR,UMONAT,USTUNDE,UWOCHENTAG,UKATEGORIE,UART,UTYP1,ULICHTVERH,IstStrasse,IstRad,IstPKW,IstFuss,IstKrad,IstGkfz,IstSonstig,LINREFX,LINREFY,XGCSWGS84,YGCSWGS84,index_right,FID_right,SBZ,Name,UIDENTSTLA,LICHT,STRZUSTAND,FID,OBJECTID_1,IstSonstige,UIDENTSTLAE,OID_,IstStrassenzustand,PLST
3292,,161954,14,7,13,000,2017,07,21,7,3,5,3,,,1,0,0,0,,1,"737194,512100000050000","5693481,070600000200000",12.405915353000069,51.34303560700005,2,,2,Ost,14170722144200414000,1,0,2.0,,,,,,
3293,,161955,14,7,13,000,2017,07,13,7,3,2,6,,,1,1,0,0,,0,"735053,378400000050000","5691036,752600000200000",12.373615508000057,51.321983671000055,4,,4,Süd,14170722144200413990,0,0,4.0,,,,,,
3294,,161968,14,7,13,000,2017,07,17,6,3,6,4,,,0,1,1,0,,0,"730064,672099999970000","5690056,116499999500000",12.301511166000068,51.31521945700007,6,,6,West,14170721148310436980,0,0,6.0,,,,,,
3295,,161969,14,7,13,000,2017,07,18,6,2,1,6,,,1,1,0,0,,0,"736765,484000000050000","5692132,405700000000000",12.39887013300006,51.33110861400007,3,,3,Südost,14170721148210415450,0,0,3.0,,,,,,
3296,,161970,14,7,13,000,2017,07,09,6,3,6,4,,,0,1,1,0,,0,"735559,317000000040000","5692914,300599999700000",12.382104525000045,51.338627916000064,0,,0,Mitte,14170721144200476870,0,0,0.0,,,,,,
3297,,161971,14,7,13,000,2017,07,08,6,3,0,7,,,1,0,0,0,,0,"736877,979599999960000","5691682,252000000300000",12.400182806000032,51.32702113300007,3,,3,Südost,14170721144200421820,0,0,3.0,,,,,,
3298,,161972,14,7,13,000,2017,07,16,6,3,6,4,,,0,1,1,0,,0,"732861,209500000000000","5690559,052400000400000",12.34189804600004,51.318596865000075,5,,5,Südwest,14170721144200421680,0,0,5.0,,,,,,
3299,,161973,14,7,13,000,2017,07,18,6,2,6,2,,,1,0,1,0,,0,"734283,339799999960000","5695504,890999999800000",12.365523472000064,51.36240931700007,9,,9,Nord,14170721144100429280,0,0,9.0,,,,,,
3300,,161979,14,7,13,000,2017,07,11,4,3,2,6,,,0,1,0,0,,0,"737386,758000000030000","5696861,064899999600000",12.410925718000044,51.37329424500007,1,,1,Nordost,14170719144200411870,0,0,1.0,,,,,,
3301,,161982,14,7,13,000,2017,07,08,5,3,6,4,,,1,1,1,0,,0,"735625,806499999950000","5692364,598600000100000",12.382693799000037,51.333666083000026,0,,0,Mitte,14170720148410425510,0,0,0.0,,,,,,
3302,,161987,14,7,13,000,2017,08,07,3,3,6,2,,,0,1,1,0,,0,"737130,003900000010000","5691843,264600000300000",12.403900675000045,51.32836141000007,3,,3,Südost,14170815144200489440,0,0,3.0,,,,,,
3303,,161988,14,7,13,000,2017,08,17,3,3,2,6,,,1,1,0,0,,0,"734732,220300000040000","5690880,541100000000000",12.368911788000048,51.32071402400004,4,,4,Süd,14170815144200488550,0,0,4.0,,,,,,
3304,,161999,14,7,13,000,2017,08,19,2,3,0,7,,,1,0,0,0,,0,"735321,590600000000000","5692627,149100000000000",12.378507985000056,51.33614877100007,0,,0,Mitte,14170814148410492400,0,0,0.0,,,,,,
3305,,162000,14,7,13,000,2017,08,14,2,2,6,4,,,0,1,1,0,,0,"738188,924000000000000","5692414,271999999900000",12.419453689000022,51.33304437900006,2,,2,Ost,14170814144200614620,0,0,2.0,,,,,,
3306,,162006,14,7,13,000,2017,08,18,3,3,5,3,,,1,1,0,0,,0,"734832,060000000060000","5692905,490000000200000",12.37167637400006,51.338849614000026,0,,0,Mitte,14170815148410507210,0,0,0.0,,,,,,
3307,,162007,14,7,13,000,2017,08,07,3,3,3,6,,,1,1,0,0,,0,"739358,827399999950000","5693474,496899999700000",12.436928937000062,51.34206962900004,2,,2,Ost,14170815148210564580,0,0,2.0,,,,,,
3308,,162008,14,7,13,000,2017,08,18,3,3,9,1,,,0,1,0,0,,0,"730134,967999999990000","5685625,330400000300000",12.299662494000074,51.27541539100008,5,,5,Südwest,14170815148210514950,0,0,5.0,,,,,,
3309,,162009,14,7,13,000,2017,08,14,3,3,6,4,,,1,0,1,0,,0,"734881,761000000060000","5698776,599999999600000",12.376266099000077,51.391530112000055,9,,9,Nord,14170815148110489760,0,0,9.0,,,,,,
3310,,162010,14,7,13,000,2017,08,17,3,3,3,2,,,1,1,0,0,,0,"734728,304400000020000","5690887,180200000300000",12.36886006100002,51.32077523500004,4,,4,Süd,14170815144200539520,0,0,4.0,,,,,,
3311,,162011,14,7,13,000,2017,08,13,3,3,2,6,,,0,1,0,0,,0,"734671,483600000040000","5693207,911200000000000",12.369574392000061,51.341630559000066,0,,0,Mitte,14170815144200514220,0,0,0.0,,,,,,
3312,,162012,14,7,13,000,2017,08,15,2,3,5,2,,,1,0,0,0,,0,"735460,957999999980000","5693291,018000000200000",12.380944002000035,51.34205018200004,0,,0,Mitte,14170814144200509570,0,0,0.0,,,,,,
3313,,162013,14,7,13,000,2017,08,06,2,3,0,7,,,1,0,0,0,,0,"740970,306600000010000","5694401,563799999700000",12.460650265000027,51.34970994100007,2,,2,Ost,14170814143219506850,0,0,2.0,,,,,,
3314,,162026,14,7,13,000,2017,08,12,1,3,2,6,,,0,1,0,0,,0,"735099,356299999980000","5694219,539400000100000",12.376374634000058,51.350534535000065,0,,0,Mitte,14170813148410507980,0,1,0.0,,,,,,
3315,,162027,14,7,13,000,2017,08,18,1,3,4,2,,,1,1,0,0,,0,"734851,490899999980000","5692098,350399999900000",12.371422768000059,51.331596381000054,0,,0,Mitte,14170813148410478740,0,0,0.0,,,,,,
3316,,162036,14,7,13,000,2017,08,20,7,2,6,4,,,0,0,1,0,,1,"732717,077099999990000","5692713,226400000000000",12.341239905000066,51.337993194000035,7,,7,Alt-West,14170812144200593830,1,1,7.0,,,,,,
3317,,162037,14,7,13,000,2017,08,09,7,2,1,5,,,1,1,0,0,,0,"730522,849500000010000","5690064,438000000100000",12.308079804000045,51.31510876400006,5,,5,Südwest,14170812144200478380,0,0,5.0,,,,,,
3318,,162049,14,7,13,000,2017,08,05,6,3,5,3,,,0,1,0,0,,0,"732034,546500000050000","5690703,680999999900000",12.330149885000026,51.32023283500007,5,,5,Südwest,14170811148310489360,1,1,5.0,,,,,,
3319,,162050,14,7,13,000,2017,08,18,6,3,3,6,,,1,1,0,0,,0,"733089,545000000040000","5690605,245000000100000",12.345199195000077,51.318918041000074,5,,5,Südwest,14170811148310484150,0,1,5.0,,,,,,
3320,,162051,14,7,13,000,2017,08,16,6,3,2,6,,,0,1,0,1,,0,"737341,189000000010000","5694478,700500000300000",12.408682590000069,51.35192916800003,1,,1,Nordost,14170811148110483820,0,0,1.0,,,,,,
3321,,162052,14,7,13,000,2017,08,15,6,3,3,2,,,1,1,0,0,,0,"737109,280999999960000","5693761,238199999600000",12.404880386000059,51.345585963000076,2,,2,Ost,14170811144200488610,0,1,2.0,,,,,,
3322,,162053,14,7,13,000,2017,08,15,6,3,5,2,,,0,1,0,0,,0,"738794,247800000010000","5696080,021200000300000",12.430586077000044,51.36569375800008,1,,1,Nordost,14170811144200487620,0,0,1.0,,,,,,
3323,,162055,14,7,13,000,2017,08,00,6,3,8,1,,,1,0,0,0,,0,"731943,391599999970000","5692420,056599999800000",12.329960989000028,51.33567755900003,7,,7,Alt-West,14170811143219496140,2,0,7.0,,,,,,
3324,,162075,14,7,13,000,2017,08,13,5,3,4,2,,,1,1,0,0,,0,"735497,706299999960000","5692042,650899999800000",12.380645425000068,51.33082923000006,0,,0,Mitte,14170810148410529250,0,1,0.0,,,,,,
3325,,162076,14,7,13,000,2017,08,17,5,3,5,3,,,0,1,0,0,,0,"735264,107899999940000","5695218,568099999800000",12.37939676700006,51.35943395500004,0,,0,Mitte,14170810148410492410,0,0,0.0,,,,,,
3326,,162077,14,7,13,000,2017,08,16,5,3,2,6,,,0,1,0,1,,0,"738854,572700000020000","5689155,014600000300000",12.426808461000064,51.30351046200008,3,,3,Südost,14170810148410478981,0,1,3.0,,,,,,
3327,,162078,14,7,13,000,2017,08,13,5,3,6,4,,,0,1,1,0,,1,"736606,146300000020000","5699758,826299999800000",12.401660810000067,51.39963042800008,9,,9,Nord,14170810144200607030,0,0,9.0,,,,,,
3328,,162079,14,7,13,000,2017,08,10,5,3,2,6,,,0,1,0,0,,0,"735620,815500000030000","5696900,695399999600000",12.38562554300006,51.374385321000034,9,,9,Nord,14170810144200539660,0,1,9.0,,,,,,
3329,,162080,14,7,13,000,2017,08,16,5,3,3,3,,,1,1,0,0,,0,"728596,743699999990000","5694743,356300000100000",12.283490968000024,51.35788932600008,7,,7,Alt-West,14170810144200489710,0,0,7.0,,,,,,
3330,,162081,14,7,13,000,2017,08,13,5,2,8,1,,,0,1,0,0,,0,"736644,046800000010000","5688563,593999999600000",12.39476234500006,51.29912475400005,4,,4,Süd,14170810144200486380,0,0,4.0,,,,,,
3331,,162101,14,7,13,000,2017,08,17,4,3,1,1,,,1,1,0,0,,0,"736621,350699999950000","5690995,826700000100000",12.396050456000069,51.32096644400008,0,,0,Mitte,14170809148410707522,0,0,0.0,,,,,,
3332,,162102,14,7,13,000,2017,08,18,4,3,2,6,,,0,1,0,0,,0,"734834,055399999950000","5692219,176300000400000",12.371252567000056,51.33268816200007,0,,0,Mitte,14170809148410492420,0,0,0.0,,,,,,
3333,,162103,14,7,13,000,2017,08,20,4,3,0,1,,,0,0,0,1,,0,"736680,188899999950000","5693780,196300000000000",12.39874289200003,51.34593492600004,2,,2,Ost,14170809148410479030,0,0,2.0,,,,,,
3334,,162104,14,7,13,000,2017,08,17,4,3,4,2,,,1,1,0,0,,0,"737596,201000000000000","5693454,561999999900000",12.411654615000032,51.342629954000074,2,,2,Ost,14170809148410479020,0,0,2.0,,,,,,
3335,,162107,14,7,13,000,2017,08,17,4,3,5,3,,,1,1,0,0,,0,"742236,540999999970000","5693544,727199999600000",12.47821624200003,51.341481345000034,2,,2,Ost,14170809148210477030,0,0,2.0,,,,,,
3336,,162108,14,7,13,000,2017,08,09,4,2,6,2,,,0,1,1,0,,0,"738386,581499999970000","5690907,167600000300000",12.421277927000062,51.319433882000055,3,,3,Südost,14170809144200705691,0,0,3.0,,,,,,
3337,,162109,14,7,13,000,2017,08,20,4,2,3,5,,,0,1,0,1,,0,"735059,391100000010000","5693188,106900000000000",12.375120796000033,51.34129256400007,0,,0,Mitte,14170809144200525650,1,0,0.0,,,,,,
3338,,162110,14,7,13,000,2017,08,15,4,3,5,3,,,0,1,0,0,,0,"729255,242199999980000","5690683,554300000000000",12.290319517000057,51.321178701000065,6,,6,West,14170809144200488590,0,0,6.0,,,,,,
3339,,162111,14,7,13,000,2017,08,18,4,2,6,4,,,0,1,1,0,,0,"737182,038599999970000","5693657,827200000200000",12.405854317000035,51.344627391000074,2,,2,Ost,14170809144200479310,0,0,2.0,,,,,,
3340,,162112,14,7,13,000,2017,08,12,4,2,3,6,,,1,0,0,0,,1,"731833,334900000020000","5689414,654199999800000",12.326429505000021,51.30874345400008,5,,5,Südwest,14170809144200476880,0,0,5.0,,,,,,
3341,,162113,14,7,13,000,2017,08,10,4,3,5,3,,,1,1,0,0,,0,"735913,869900000050000","5688678,884600000500000",12.384383467000077,51.30046259900007,4,,4,Süd,14170809144200475770,0,0,4.0,,,,,,
3342,,162114,14,7,13,000,2017,08,16,4,3,5,2,,,1,1,0,0,,0,"740234,546899999960000","5693904,398199999700000",12.449768906000031,51.34555897000007,2,,2,Ost,14170809144000477840,0,0,2.0,,,,,,
3343,,162137,14,7,13,000,2017,08,21,3,3,5,4,,,1,0,1,0,,0,"735915,479700000030000","5692869,733599999900000",12.387179121000031,51.33808022900007,0,,0,Mitte,14170808148410490810,1,0,0.0,,,,,,
3344,,162138,14,7,13,000,2017,08,18,3,3,4,2,,,0,1,0,0,,0,"728909,287699999990000","5689666,165799999600000",12.284710051000047,51.31218466100006,6,,6,West,14170808148320530580,0,0,6.0,,,,,,
3345,,162139,14,7,13,000,2017,08,06,3,3,5,3,,,1,1,0,0,,0,"733064,140200000020000","5691843,541100000000000",12.345644851000031,51.33004421100003,5,,5,Südwest,14170808148310467070,0,0,5.0,,,,,,
3346,,162141,14,7,13,000,2017,08,18,3,3,2,6,,,0,0,0,1,,1,"739233,621099999990000","5688756,275500000500000",12.431968910000023,51.29977229100007,3,,3,Südost,14170808148210473840,0,0,3.0,,,,,,
3347,,162142,14,7,13,000,2017,08,22,3,3,5,3,,,0,1,0,0,,0,"729179,607500000040000","5700557,995900000400000",12.295599237000033,51.40985280400008,8,,8,Nordwest,14170808148110473450,2,0,8.0,,,,,,
3348,,162143,14,7,13,000,2017,08,01,3,3,0,1,,,0,1,0,0,,0,"730932,636000000060000","5691283,567400000100000",12.314739417000055,51.32588670100006,7,,7,Alt-West,14170808144200557691,2,0,7.0,,,,,,
3349,,162144,14,7,13,000,2017,08,16,3,3,5,3,,,1,0,0,0,,1,"729945,215899999950000","5693117,068400000200000",12.301774959000056,51.34274607800006,7,,7,Alt-West,14170808144200485180,0,0,7.0,,,,,,
3350,,162145,14,7,13,000,2017,08,07,3,2,1,7,,,0,1,0,0,,1,"737962,655400000050000","5693735,514000000400000",12.417094261000045,51.34499852500005,2,,2,Ost,14170808144200483570,0,0,2.0,,,,,,
3351,,162146,14,7,13,000,2017,08,10,3,3,5,3,,,1,1,0,0,,0,"728897,279699999960000","5691756,326899999800000",12.285879942000065,51.33095330700007,6,,6,West,14170808144200476820,0,0,6.0,,,,,,
3352,,162147,14,7,13,000,2017,08,09,3,2,6,4,,,0,0,1,0,,1,"734409,326400000020000","5692975,657399999900000",12.36566427300005,51.33965388000007,0,,0,Mitte,14170808144200476810,0,0,0.0,,,,,,
3353,,162168,14,7,13,000,2017,08,18,2,3,0,7,,,0,0,0,1,,0,"733999,245699999970000","5695595,036299999800000",12.36150925800007,51.36333557300003,9,,9,Nord,14170807148410478940,0,0,9.0,,,,,,
3354,,162169,14,7,13,000,2017,08,08,2,3,3,2,,,0,1,0,0,,1,"734406,304899999990000","5692970,915199999700000",12.365617849000046,51.339612557000066,0,,0,Mitte,14170807148410455680,0,0,0.0,,,,,,
3355,,162170,14,7,13,000,2017,08,09,2,3,6,2,,,0,1,1,0,,0,"735274,324900000010000","5690900,809200000000000",12.376691041000072,51.32067207800003,4,,4,Süd,14170807148210473830,0,0,4.0,,,,,,
3356,,162171,14,7,13,000,2017,08,08,2,3,5,3,,,1,1,0,0,,0,"737018,477300000030000","5695735,593799999900000",12.404893883000057,51.36334577800005,1,,1,Nordost,14170807148121454280,0,0,1.0,,,,,,
3357,,162172,14,7,13,000,2017,08,17,2,3,6,4,,,0,1,1,0,,0,"741535,995000000000000","5686726,311999999900000",12.463560898000026,51.280580282000074,3,,3,Südost,14170807144200628900,0,0,3.0,,,,,,
3358,,162173,14,7,13,000,2017,08,16,2,2,5,3,,,1,1,0,0,,0,"731596,541399999990000","5690699,057400000300000",12.323872017000042,51.320369765000066,5,,5,Südwest,14170807144200483600,0,0,5.0,,,,,,
3359,,162174,14,7,13,000,2017,08,07,2,3,5,7,,,1,1,0,0,,0,"734819,575599999980000","5695595,029799999700000",12.373271784000053,51.36299707500007,9,,9,Nord,14170807144200473400,0,0,9.0,,,,,,
3360,,162175,14,7,13,000,2017,08,14,2,2,3,6,,,1,1,0,0,,0,"739690,862399999980000","5692206,110799999900000",12.440833972000064,51.330545045000065,2,,2,Ost,14170807144200473060,0,0,2.0,,,,,,
3361,,162199,14,7,13,000,2017,08,15,1,3,5,3,,,1,1,0,0,,0,"732822,161700000060000","5694161,170699999700000",12.343692660000045,51.35094786900004,0,,0,Mitte,14170806148410493930,0,0,0.0,,,,,,
3362,,162200,14,7,13,000,2017,08,12,1,3,5,3,,,0,1,0,0,,1,"736452,207900000040000","5693494,165599999900000",12.395285304000026,51.34346233000008,0,,0,Mitte,14170806148410476030,0,0,0.0,,,,,,
3363,,162201,14,7,13,000,2017,08,19,1,3,5,2,,,1,1,0,0,,0,"731549,362199999970000","5692159,436599999700000",12.324144842000067,51.33349857600007,7,,7,Alt-West,14170806148310476010,0,0,7.0,,,,,,
3364,,162202,14,7,13,000,2017,08,13,1,3,5,3,,,1,1,0,0,,0,"735965,720500000050000","5688506,804399999800000",12.385012173000064,51.29889646600003,4,,4,Süd,14170806148210478630,0,0,4.0,,,,,,
3365,,162204,14,7,13,000,2017,08,00,1,3,0,7,,,0,1,0,0,,1,"732159,123799999940000","5690966,102300000400000",12.332105442000056,51.32253772300004,5,,5,Südwest,14170806144200512560,2,0,5.0,,,,,,
3366,,162205,14,7,13,000,2017,08,12,1,1,8,1,,,0,1,0,0,,0,"737397,180100000000000","5692880,903699999700000",12.408419934000051,51.33756389700005,2,,2,Ost,14170806144200454050,0,0,2.0,,,,,,
3367,,162216,14,7,13,000,2017,08,10,7,3,6,7,,,0,1,1,0,,0,"734761,683399999980000","5696679,550400000100000",12.373157683000045,51.37275602400007,9,,9,Nord,14170805148110461440,0,0,9.0,,,,,,
3368,,162218,14,7,13,000,2017,08,07,7,3,4,6,,,0,0,0,0,,1,"728389,527099999950000","5701006,852199999600000",12.284547014000054,51.41420089700006,8,,8,Nordwest,14170805144200464030,0,0,8.0,,,,,,
3369,,162231,14,7,13,000,2017,08,07,6,3,3,6,,,0,1,0,0,,0,"735568,169299999950000","5692911,107099999700000",12.382229274000053,51.33859558300003,0,,0,Mitte,14170804148423456170,0,0,0.0,,,,,,
3370,,162232,14,7,13,000,2017,08,15,6,3,5,3,,,1,1,0,0,,0,"735989,929000000000000","5693216,872000000400000",12.38847603000005,51.341165337000064,0,,0,Mitte,14170804148410479000,0,0,0.0,,,,,,
3371,,162233,14,7,13,000,2017,08,22,6,3,2,6,,,0,1,0,0,,0,"734792,266900000050000","5692508,347400000300000",12.370844332000047,51.33530113300003,0,,0,Mitte,14170804148410478970,2,0,0.0,,,,,,
3372,,162234,14,7,13,000,2017,08,08,6,3,3,2,,,1,0,0,0,,0,"735667,484999999990000","5692501,375500000100000",12.383381497000073,51.33487656500006,0,,0,Mitte,14170804148410476470,0,0,0.0,,,,,,
3373,,162235,14,7,13,000,2017,08,14,6,3,3,6,,,0,1,0,1,,0,"734780,214999999970000","5691666,275000000400000",12.370116814000028,51.32774731300003,0,,0,Mitte,14170804148210475870,0,0,0.0,,,,,,
3374,,162236,14,7,13,000,2017,08,16,6,3,2,6,,,0,1,0,0,,0,"736483,185500000020000","5692227,701799999900000",12.394888501000025,51.33208144200006,0,,0,Mitte,14170804144200476900,0,0,0.0,,,,,,
3375,,162237,14,7,13,000,2017,08,18,6,3,6,7,,,0,1,1,0,,0,"737013,267299999950000","5693765,238199999600000",12.403506908000054,51.345661902000074,2,,2,Ost,14170804144200473810,0,0,2.0,,,,,,
3376,,162238,14,7,13,000,2017,08,15,6,3,2,6,,,0,1,0,1,,0,"738189,789899999970000","5692416,793600000400000",12.419467782000027,51.333066650000035,2,,2,Ost,14170804144200473110,0,0,2.0,,,,,,
3377,,162263,14,7,13,000,2017,08,08,3,2,5,3,,,0,1,0,1,,0,"736250,332000000050000","5692967,139000000400000",12.392042360000062,51.33881555100004,0,,0,Mitte,14170829148410694860,0,0,0.0,,,,,,
3378,,162264,14,7,13,000,2017,08,13,3,3,2,6,,,0,1,0,0,,1,"735261,346400000040000","5692269,977800000500000",12.377408822000064,51.33296760200005,0,,0,Mitte,14170829148410541650,0,0,0.0,,,,,,
3379,,162266,14,7,13,000,2017,08,09,3,3,5,3,,,0,1,0,0,,0,"737885,305500000020000","5690610,484899999600000",12.41389952700007,51.31698061600008,3,,3,Südost,14170829144200646380,0,0,3.0,,,,,,
3380,,162267,14,7,13,000,2017,08,17,3,3,5,3,,,1,1,0,0,,0,"738392,432500000000000","5694366,019999999600000",12.423676151000052,51.35047784200003,2,,2,Ost,14170829144200547160,0,0,2.0,,,,,,
3381,,162268,14,7,13,000,2017,08,16,3,2,5,3,,,1,1,0,0,,0,"735885,371300000000000","5694573,987400000000000",12.387876728000037,51.353390510000054,9,,9,Nord,14170829144200536690,0,0,9.0,,,,,,
3382,,162269,14,7,13,000,2017,08,09,3,2,5,3,,,1,1,0,0,,0,"735114,529300000050000","5688744,331799999800000",12.372980719000054,51.30138067900003,4,,4,Süd,14170829144200525610,0,0,4.0,,,,,,
3383,,162276,14,7,13,000,2017,08,12,2,3,5,3,,,1,1,0,0,,0,"736879,398000000040000","5691682,734600000100000",12.40020344800007,51.32702487500006,3,,3,Südost,14170828148310582690,0,0,3.0,,,,,,
3384,,162278,14,7,13,000,2017,08,07,2,3,5,3,,,1,1,0,0,,0,"739505,783900000040000","5689422,452600000400000",12.436312748000034,51.305637397000055,3,,3,Südost,14170828148210526870,0,0,3.0,,,,,,
3385,,162279,14,7,13,000,2017,08,16,2,3,5,3,,,1,0,0,0,,1,"728824,854399999950000","5700997,035299999600000",12.290790184000059,51.41393729400005,8,,8,Nordwest,14170828144320549100,0,0,8.0,,,,,,
3386,,162280,14,7,13,000,2017,08,14,2,2,1,5,,,1,1,0,0,,0,"734998,613000000010000","5692301,076100000200000",12.373664559000076,51.33335536300007,0,,0,Mitte,14170828144200707541,0,0,0.0,,,,,,
3387,,162281,14,7,13,000,2017,08,07,2,3,5,3,,,0,1,0,0,,0,"731059,258799999950000","5691177,435899999900000",12.316484861000049,51.324882555000045,7,,7,Alt-West,14170828144200646570,0,0,7.0,,,,,,
3388,,162282,14,7,13,000,2017,08,08,2,3,5,3,,,0,1,0,0,,0,"732965,451200000010000","5692080,938000000100000",12.344385959000022,51.33221566800006,5,,5,Südwest,14170828144200576580,0,0,5.0,,,,,,
3389,,162283,14,7,13,000,2017,08,19,2,3,4,2,,,1,1,0,0,,0,"730304,667400000030000","5688551,126199999800000",12.303977628000041,51.30161200800006,5,,5,Südwest,14170828144200561090,1,0,5.0,,,,,,
3390,,162284,14,7,13,000,2017,08,14,2,3,3,6,,,0,1,0,0,,1,"729830,334500000000000","5693122,076299999800000",12.30013155100005,51.34283748300004,7,,7,Alt-West,14170828144200545260,0,0,7.0,,,,,,
3391,,162285,14,7,13,000,2017,08,11,2,2,5,3,,,0,1,0,1,,0,"730468,699999999950000","5694455,046000000100000",12.310144424000043,51.35454508600003,7,,7,Alt-West,14170828144200539760,0,0,7.0,,,,,,
3392,,162286,14,7,13,000,2017,08,15,2,3,3,5,,,1,1,0,0,,0,"734244,625299999960000","5695157,632100000000000",12.36473969900004,51.35930813600004,9,,9,Nord,14170828144200539720,0,0,9.0,,,,,,
3393,,162302,14,7,13,000,2017,08,11,1,3,1,6,,,0,1,0,1,,0,"735013,386100000000000","5692378,161700000100000",12.373927094000067,51.33404120900008,0,,0,Mitte,14170827144200522630,0,0,0.0,,,,,,
3394,,162318,14,7,13,000,2017,08,12,7,2,5,3,,,1,1,1,0,,0,"735025,844599999950000","5692567,196899999900000",12.374230323000063,51.335732912000026,0,,0,Mitte,14170826148410547960,0,0,0.0,,,,,,
3395,,162319,14,7,13,000,2017,08,20,7,2,6,1,,,0,1,1,0,,0,"735148,916800000010000","5693375,523400000300000",12.376527615000043,51.34293786400008,0,,0,Mitte,14170826144200626480,1,0,0.0,,,,,,
3396,,162320,14,7,13,000,2017,08,11,7,3,2,6,,,0,1,0,0,,0,"732846,280700000000000","5692082,389399999800000",12.342679256000054,51.33227749300005,5,,5,Südwest,14170826144200531650,0,0,5.0,,,,,,
3397,,162321,14,7,13,000,2017,08,18,7,2,5,3,,,1,1,0,0,,0,"731895,744199999960000","5689081,641499999900000",12.327106941000068,51.305728628000054,5,,5,Südwest,14170826144200531640,0,0,5.0,,,,,,
3398,,162322,14,7,13,000,2017,08,20,7,3,5,3,,,0,1,0,0,,1,"737638,418100000010000","5692162,725999999800000",12.41139789500005,51.33101675900008,3,,3,Südost,14170826144200530010,1,0,3.0,,,,,,
3399,,162323,14,7,13,000,2017,08,14,7,2,1,7,,,1,1,0,0,,0,"737424,663900000040000","5697116,864900000400000",12.41164019300004,51.37557445500005,1,,1,Nordost,14170826144200529090,0,0,1.0,,,,,,
3400,,162333,14,7,13,000,2017,08,17,6,3,3,6,,,1,1,0,0,,0,"736729,335300000040000","5693776,176400000200000",12.399444631000051,51.345878381000034,2,,2,Ost,14170825148410535170,0,0,2.0,,,,,,
3401,,162334,14,7,13,000,2017,08,13,6,3,5,5,,,0,1,0,0,,0,"731975,874199999960000","5688451,602800000500000",12.327845035000053,51.300040221000074,5,,5,Südwest,14170825144200607050,0,0,5.0,,,,,,
3402,,162335,14,7,13,000,2017,08,15,6,2,5,2,,,1,0,0,0,,1,"731611,675200000060000","5691659,386699999700000",12.324712777000059,51.328984339000044,5,,5,Südwest,14170825144200534560,0,0,5.0,,,,,,
3403,,162336,14,7,13,000,2017,08,06,6,2,4,2,,,0,1,0,1,,0,"739926,355699999960000","5693560,694199999800000",12.445120293000059,51.342604126000026,2,,2,Ost,14170825144200534540,1,0,2.0,,,,,,
3404,,162337,14,7,13,000,2017,08,19,6,2,1,1,,,1,1,0,0,,0,"736732,293900000050000","5689209,147599999800000",12.396454043000062,51.30488271100006,4,,4,Süd,14170825144200530020,1,0,4.0,,,,,,
3405,,162338,14,7,13,000,2017,08,22,6,3,4,2,,,1,0,0,0,,0,"731270,388000000040000","5693462,647400000100000",12.320993289000057,51.34531082600006,7,,7,Alt-West,14170825144200524240,2,0,7.0,,,,,,
3406,,162361,14,7,13,000,2017,08,15,5,3,2,2,,,0,1,0,0,,1,"729784,575300000030000","5694056,231200000300000",12.300078603000031,51.35124192500007,7,,7,Alt-West,14170824148310515260,0,0,7.0,,,,,,
3407,,162363,14,7,13,000,2017,08,14,5,3,6,4,,,0,1,1,0,,0,"737769,271300000020000","5690348,284199999600000",12.412062692000063,51.31467557700006,3,,3,Südost,14170824144200646370,0,0,3.0,,,,,,
3408,,162364,14,7,13,000,2017,08,15,5,3,5,3,,,1,1,0,0,,0,"733921,448500000060000","5696953,625000000000000",12.361287536000077,51.37556290900005,9,,9,Nord,14170824144200607060,0,0,9.0,,,,,,
3409,,162365,14,7,13,000,2017,08,12,5,2,5,3,,,1,1,0,0,,0,"731709,986900000020000","5692457,393899999600000",12.32664040000003,51.336107870000035,7,,7,Alt-West,14170824144200514510,0,0,7.0,,,,,,
3410,,162376,14,7,13,000,2017,08,15,4,3,4,2,,,1,1,0,0,,0,"736708,437999999970000","5693777,078999999900000",12.399145712000063,51.34589518400003,2,,2,Ost,14170823148410512880,0,0,2.0,,,,,,
3411,,162377,14,7,13,000,2017,08,11,4,3,5,3,,,1,1,0,0,,0,"731664,105100000040000","5692611,601300000200000",12.326083156000038,51.33751085400007,7,,7,Alt-West,14170823148310604800,0,0,7.0,,,,,,