UNFALL_ID,FID_left,OBJECTID,ULAND,UREGBEZ,UKREIS,UGEMEINDE,UJAHR,UMONAT,USTUNDE,UWOCHENTAG,UKATEGORIE,UART,UTYP1,ULICHTVERH,IstStrasse,IstRad,IstPKW,IstFuss,IstKrad,IstGkfz,IstSonstig,LINREFX,LINREFY,XGCSWGS84,YGCSWGS84,index_right,FID_right,SBZ,Name,UIDENTSTLA,LICHT,STRZUSTAND,FID,OBJECTID_1,IstSonstige,UIDENTSTLAE,OID_,IstStrassenzustand,PLST
3412,,162378,14,7,13,000,2017,08,14,4,3,2,6,,,0,1,0,0,,0,"731608,604999999980000","5688944,370000000100000",12.322905585000058,51.30461324000004,5,,5,Südwest,14170823148310541610,0,0,5.0,,,,,,
3413,,162379,14,7,13,000,2017,08,16,4,3,2,6,,,0,1,0,0,,0,"733391,112700000060000","5692148,079500000000000",12.350529407000067,51.33264387100007,5,,5,Südwest,14170823148210530520,0,0,5.0,,,,,,
3414,,162381,14,7,13,000,2017,08,18,4,3,2,2,,,0,1,0,0,,0,"738228,942000000040000","5696061,780399999600000",12.422468092000031,51.36576735600005,1,,1,Nordost,14170823148110529150,0,0,1.0,,,,,,
3415,,162382,14,7,13,000,2017,08,16,4,3,0,7,,,1,1,0,0,,0,"738273,766900000050000","5695100,743200000400000",12.42246711000007,51.35712239900005,1,,1,Nordost,14170823144320554530,0,0,1.0,,,,,,
3416,,162398,14,7,13,000,2017,08,19,3,3,5,3,,,0,1,0,0,,1,"730974,097100000010000","5693561,922600000200000",12.316810677000035,51.34632245800003,7,,7,Alt-West,14170822148310591940,2,0,7.0,,,,,,
3417,,162399,14,7,13,000,2017,08,18,3,3,3,2,,,1,1,0,0,,0,"734744,395900000000000","5690907,795099999800000",12.369104152000034,51.32095364600008,4,,4,Süd,14170822148310512850,0,0,4.0,,,,,,
3418,,162400,14,7,13,000,2017,08,19,3,3,0,3,,,1,1,0,0,,0,"735296,845399999990000","5695972,445899999700000",12.380364832000055,51.36618741900003,9,,9,Nord,14170822148110529140,0,0,9.0,,,,,,
3419,,162401,14,7,13,000,2017,08,17,3,3,5,3,,,1,0,0,0,,1,"736392,948199999980000","5692124,563000000100000",12.39352709700006,51.33119315600004,0,,0,Mitte,14170822144200534610,0,0,0.0,,,,,,
3420,,162402,14,7,13,000,2017,08,19,3,3,3,6,,,1,1,0,0,,0,"731228,863999999940000","5696572,916899999600000",12.322419598000067,51.37324806100003,8,,8,Nordwest,14170822144200514550,2,0,8.0,,,,,,
3421,,162403,14,7,13,000,2017,08,08,3,3,5,3,,,1,1,0,0,,0,"738550,769699999950000","5689485,665799999600000",12.422679214000027,51.306605741000055,3,,3,Südost,14170822144200509750,0,0,3.0,,,,,,
3422,,162419,14,7,13,000,2017,08,09,2,3,6,4,,,0,1,1,0,,0,"740914,075399999970000","5695188,482800000300000",12.46037696600007,51.356796802000076,2,,2,Ost,14170821148210507460,0,0,2.0,,,,,,
3423,,162420,14,7,13,000,2017,08,18,2,2,3,2,,,1,1,0,0,,0,"733388,872199999980000","5692140,156800000000000",12.35049211200004,51.33257367200008,5,,5,Südwest,14170821144200512570,0,0,5.0,,,,,,
3424,,162421,14,7,13,000,2017,08,15,2,3,1,5,,,1,1,0,0,,0,"736652,685500000020000","5690984,118300000200000",12.396491562000051,51.32084831700007,0,,0,Mitte,14170821144200506880,0,0,0.0,,,,,,
3425,,162437,14,7,13,000,2017,08,21,1,2,0,1,,,1,0,0,0,,0,"728952,074400000040000","5690768,920199999600000",12.286030894000021,51.32206711400005,6,,6,West,14170820148310499890,2,0,6.0,,,,,,
3426,,162438,14,7,13,000,2017,08,20,1,2,6,4,,,1,0,1,0,,0,"735391,176899999960000","5689182,784799999600000",12.377231308000034,51.30520211400005,4,,4,Süd,14170820148210514910,0,0,4.0,,,,,,
3427,,162439,14,7,13,000,2017,08,20,1,2,5,3,,,0,1,0,1,,0,"734948,616000000040000","5695265,503999999700000",12.374904402000027,51.35998579800008,9,,9,Nord,14170820148110507390,1,0,9.0,,,,,,
3428,,162440,14,7,13,000,2017,08,23,1,3,5,3,,,0,1,0,0,,0,"737190,570799999990000","5691153,657499999700000",12.404309585000021,51.32214617000005,3,,3,Südost,14170820144200561140,2,1,3.0,,,,,,
3429,,162441,14,7,13,000,2017,08,18,1,3,5,3,,,0,1,0,0,,0,"731779,515000000010000","5691739,659900000300000",12.327169913000034,51.32963657600004,5,,5,Südwest,14170820144200539770,0,0,5.0,,,,,,
3430,,162460,14,7,13,000,2017,08,11,6,3,5,5,,,1,1,0,0,,0,"736047,660000000030000","5691717,170300000300000",12.388309808000031,51.32767968600007,0,,0,Mitte,14170818148421510040,0,0,0.0,,,,,,
3431,,162461,14,7,13,000,2017,08,00,6,3,5,3,,,1,1,0,0,,0,"734891,813500000050000","5694338,627500000400000",12.373478151000029,51.351689313000065,0,,0,Mitte,14170818148410509930,2,1,0.0,,,,,,
3432,,162462,14,7,13,000,2017,08,11,6,3,6,4,,,1,0,1,0,,0,"734708,952099999990000","5693036,937500000000000",12.369998716000055,51.34008036500006,0,,0,Mitte,14170818148410505500,0,0,0.0,,,,,,
3433,,162463,14,7,13,000,2017,08,07,6,3,2,6,,,0,1,0,0,,0,"732651,638099999980000","5692655,586199999800000",12.340264431000037,51.337502552000046,7,,7,Alt-West,14170818148310506680,0,0,7.0,,,,,,
3434,,162464,14,7,13,000,2017,08,15,6,3,6,4,,,0,1,1,0,,0,"737699,650799999940000","5692463,466699999800000",12.412475862000065,51.33369063200007,2,,2,Ost,14170818144200541300,0,0,2.0,,,,,,
3435,,162465,14,7,13,000,2017,08,15,6,3,1,7,,,1,1,0,0,,0,"734997,628000000030000","5692289,341000000000000",12.373642705000066,51.33325043100007,0,,0,Mitte,14170818144200509510,0,0,0.0,,,,,,
3436,,162466,14,7,13,000,2017,08,21,6,2,5,3,,,0,1,0,0,,0,"737776,420200000050000","5693737,361200000200000",12.414426296000045,51.34509302200007,2,,2,Ost,14170818144200504490,2,0,2.0,,,,,,
3437,,162467,14,7,13,000,2017,08,17,6,2,4,2,,,1,1,0,0,,0,"735587,623299999980000","5692244,724499999500000",12.38206739800006,51.332605873000034,0,,0,Mitte,14170818144200499580,0,0,0.0,,,,,,
3438,,162468,14,7,13,000,2017,08,19,6,3,4,6,,,1,1,0,0,,0,"735184,824400000040000","5693384,033800000300000",12.377047875000073,51.34299940500006,0,,0,Mitte,14170818144200499570,2,1,0.0,,,,,,
3439,,162487,14,7,13,000,2017,08,14,5,3,3,1,,,1,1,0,0,,0,"736072,425000000050000","5688100,095999999900000",12.386271111000042,51.29520149700005,4,,4,Süd,14170817144200505990,0,0,4.0,,,,,,
3440,,162488,14,7,13,000,2017,08,11,5,3,3,2,,,1,0,0,0,,1,"734725,870299999950000","5690900,425200000400000",12.368833911000024,51.32089513200003,4,,4,Süd,14170817144200505480,0,0,4.0,,,,,,
3441,,162504,14,7,13,000,2017,08,17,4,3,1,5,,,1,1,0,0,,0,"733920,113900000000000","5696779,249900000200000",12.361153639000065,51.373998192000045,9,,9,Nord,14170816148410535320,0,0,9.0,,,,,,
3442,,162505,14,7,13,000,2017,08,10,4,3,6,4,,,0,0,1,1,,0,"738031,033999999990000","5693727,676900000300000",12.418069049000053,51.34489955600003,2,,2,Ost,14170816148410489620,0,1,2.0,,,,,,
3443,,162506,14,7,13,000,2017,08,14,4,3,5,3,,,1,1,0,0,,0,"733746,153799999970000","5695561,754700000400000",12.35785831100003,51.36314100000004,9,,9,Nord,14170816148110493570,0,0,9.0,,,,,,
3444,,162507,14,7,13,000,2017,08,18,4,3,5,2,,,0,1,0,0,,0,"735705,957199999950000","5690898,759800000100000",12.382872955000039,51.32047505600008,4,,4,Süd,14170816144200496310,0,0,4.0,,,,,,
3445,,162508,14,7,13,000,2017,08,09,4,2,5,3,,,0,1,0,1,,0,"737991,253700000000000","5697542,087899999700000",12.420050910000043,51.379154063000044,1,,1,Nordost,14170816144200488600,0,1,1.0,,,,,,
3446,,162529,14,7,13,000,2017,09,13,4,3,5,3,,,1,1,0,0,,0,"737738,486500000000000","5693819,568900000300000",12.413937503000056,51.345846781000034,2,,2,Ost,14170913148410646690,0,0,2.0,,,,,,
3447,,162530,14,7,13,000,2017,09,15,4,2,5,3,,,1,1,0,0,,0,"732057,422999999950000","5692939,069000000100000",12.331933266000021,51.34029009400007,7,,7,Alt-West,14170913144200586050,0,0,7.0,,,,,,
3448,,162531,14,7,29,260,2017,09,07,4,3,1,6,,,0,1,0,0,,0,"734778,049899999980000","5687157,200899999600000",12.367119032000062,51.28727262800004,4,,4,Süd,14170913144200575330,0,0,4.0,,,,,,
3449,,162543,14,7,13,000,2017,09,09,3,3,5,3,,,0,1,0,0,,0,"738086,196000000000000","5697557,152999999900000",12.421422758000062,51.37924948700004,1,,1,Nordost,14170912148110606340,0,0,1.0,,,,,,
3450,,162544,14,7,13,000,2017,09,17,3,2,5,3,,,1,1,0,0,,0,"731475,594700000020000","5696646,538099999500000",12.326006285000062,51.37380843900007,8,,8,Nordwest,14170912148110580620,0,0,8.0,,,,,,
3451,,162545,14,7,13,000,2017,09,06,3,3,5,3,,,1,1,0,0,,0,"738825,189699999990000","5695760,646499999800000",12.430815290000055,51.36281410700008,1,,1,Nordost,14170912148110572980,1,0,1.0,,,,,,
3452,,162546,14,7,13,000,2017,09,15,3,3,6,2,,,0,1,1,0,,0,"738327,842300000020000","5690884,590900000200000",12.420421437000073,51.31925583700007,3,,3,Südost,14170912143219603330,0,0,3.0,,,,,,
3453,,162567,14,7,13,000,2017,09,06,2,3,6,3,,,0,1,1,0,,0,"736552,241900000020000","5690528,112800000200000",12.394750198000054,51.31679687900004,0,,0,Mitte,14170911148410569200,0,0,0.0,,,,,,
3454,,162568,14,7,13,000,2017,09,17,2,3,0,7,,,1,0,0,0,,0,"732436,179699999980000","5691674,699599999900000",12.336536763000026,51.32878550600003,5,,5,Südwest,14170911148310569100,0,0,5.0,,,,,,
3455,,162570,14,7,13,000,2017,09,07,2,3,5,3,,,0,1,0,1,,0,"735750,759199999970000","5696567,392099999800000",12.387268160000076,51.371339601000045,9,,9,Nord,14170911148110568900,0,0,9.0,,,,,,
3456,,162584,14,7,13,000,2017,09,13,1,3,5,3,,,0,1,0,0,,0,"734017,885800000050000","5700446,076100000200000",12.364972192000039,51.40687277400008,9,,9,Nord,14170910149310600440,0,0,9.0,,,,,,
3457,,162585,14,7,13,000,2017,09,14,1,2,6,1,,,0,1,1,0,,0,"734483,171300000050000","5699264,349600000300000",12.370869409000022,51.39607311100008,9,,9,Nord,14170910144200667320,0,0,9.0,,,,,,
3458,,162594,14,7,13,000,2017,09,06,7,3,5,3,,,0,1,0,0,,0,"737856,966000000010000","5690945,605000000400000",12.413717124000073,51.320000511000046,3,,3,Südost,14170909144200607040,1,0,3.0,,,,,,
3459,,162603,14,7,13,000,2017,09,16,6,3,5,3,,,0,1,0,0,,0,"729600,300799999970000","5688605,108400000300000",12.293925375000072,51.30238107000008,5,,5,Südwest,14170908148310564770,0,0,5.0,,,,,,
3460,,162604,14,7,13,000,2017,09,22,6,2,4,2,,,0,1,0,1,,0,"735629,988000000010000","5695932,485000000300000",12.385115446000043,51.365690646000076,9,,9,Nord,14170908148110564240,2,1,9.0,,,,,,
3461,,162605,14,7,13,000,2017,09,10,6,3,4,7,,,0,1,0,0,,0,"729877,326499999970000","5693723,732499999900000",12.301193560000058,51.34821957300005,7,,7,Alt-West,14170908144200706581,0,0,7.0,,,,,,
3462,,162606,14,7,13,000,2017,09,16,6,2,3,2,,,1,1,0,0,,0,"734757,923199999960000","5693802,669200000400000",12.371205362000069,51.34693366000005,0,,0,Mitte,14170908144200580410,0,0,0.0,,,,,,
3463,,162607,14,7,13,000,2017,09,12,6,1,8,1,,,0,0,0,1,,0,"735422,230899999970000","5692636,217500000300000",12.37995617100006,51.336188521000054,0,,0,Mitte,14170908144200571210,0,0,0.0,,,,,,
3464,,162621,14,7,13,000,2017,09,07,5,3,4,6,,,1,0,0,0,,0,"735603,596800000060000","5693366,781399999700000",12.383038421000037,51.34267117100006,0,,0,Mitte,14170907148410581330,0,0,0.0,,,,,,
3465,,162622,14,7,13,000,2017,09,15,5,3,0,5,,,1,1,0,0,,0,"734577,530999999960000","5694861,117999999800000",12.369317264000074,51.35650918300007,9,,9,Nord,14170907148410569260,0,0,9.0,,,,,,
3466,,162623,14,7,13,000,2017,09,09,5,3,0,7,,,1,0,0,0,,0,"737632,300200000060000","5693524,662899999900000",12.412218757000062,51.343244095000045,2,,2,Ost,14170907148410564850,0,0,2.0,,,,,,
3467,,162624,14,7,13,000,2017,09,08,5,3,5,3,,,1,1,0,0,,0,"734826,399500000060000","5694105,924100000400000",12.37238691400006,51.34962750900007,0,,0,Mitte,14170907148410555860,0,1,0.0,,,,,,
3468,,162625,14,7,13,000,2017,09,16,5,3,5,3,,,1,1,0,0,,0,"735016,237399999980000","5687714,289300000300000",12.370895244000053,51.29217511500008,4,,4,Süd,14170907148210564540,0,0,4.0,,,,,,
3469,,162626,14,7,13,000,2017,09,07,5,3,0,3,,,0,1,0,0,,1,"738715,755400000020000","5695296,373700000300000",12.428934709000032,51.358692862000055,1,,1,Nordost,14170907148110555600,0,0,1.0,,,,,,
3470,,162627,14,7,13,000,2017,09,17,5,3,2,6,,,0,1,0,0,,0,"733953,630600000030000","5695081,399799999800000",12.360517385000037,51.35874371800003,9,,9,Nord,14170907148110555520,1,0,9.0,,,,,,
3471,,162628,14,7,13,000,2017,09,08,5,2,5,3,,,1,1,0,0,,0,"736522,671199999980000","5693232,970800000200000",12.396121723000022,51.341088495000065,2,,2,Ost,14170907144200742710,0,1,2.0,,,,,,
3472,,162629,14,7,13,000,2017,09,17,5,3,0,7,,,1,0,0,0,,0,"734745,646399999970000","5694650,862200000300000",12.371588773000042,51.35455243300004,0,,0,Mitte,14170907144200580580,0,0,0.0,,,,,,
3473,,162630,14,7,13,000,2017,09,05,5,3,6,2,,,0,1,1,0,,0,"734835,611000000030000","5692208,229700000000000",12.371267643000067,51.33258925900003,0,,0,Mitte,14170907144200564170,2,0,0.0,,,,,,
3474,,162632,14,7,13,000,2017,09,09,5,3,3,2,,,0,1,0,0,,1,"728909,482100000020000","5689666,227099999800000",12.284712875000025,51.31218513300007,6,,6,West,14170907144200557750,0,0,6.0,,,,,,
3475,,162646,14,7,13,000,2017,09,13,4,3,0,7,,,1,0,0,0,,0,"734174,217399999960000","5692179,514800000000000",12.36177146600005,51.33260418300006,0,,0,Mitte,14170906148410596830,0,1,0.0,,,,,,
3476,,162647,14,7,13,000,2017,09,17,4,3,3,2,,,1,1,0,0,,0,"733733,331099999950000","5693753,440000000400000",12.35648671100006,51.34691392800005,0,,0,Mitte,14170906148410582350,0,0,0.0,,,,,,
3477,,162648,14,7,13,000,2017,09,09,4,3,5,3,,,0,1,0,1,,0,"735170,354799999970000","5690672,088700000200000",12.375050783000063,51.31866197100004,4,,4,Süd,14170906148210581640,0,0,4.0,,,,,,
3478,,162649,14,7,13,000,2017,09,16,4,3,4,6,,,1,0,0,0,,0,"736609,423300000020000","5695149,099899999800000",12.398638635000054,51.35825183700007,1,,1,Nordost,14170906148110571330,0,1,1.0,,,,,,
3479,,162650,14,7,13,000,2017,09,15,4,3,2,2,,,0,1,0,0,,0,"729294,148799999970000","5691003,878999999700000",12.291082943000049,51.32403862900003,6,,6,West,14170906144200564280,0,1,6.0,,,,,,
3480,,162651,14,7,13,000,2017,09,09,4,3,6,4,,,0,0,1,0,,1,"737120,390699999990000","5692943,868099999600000",12.404495392000058,51.338244547000045,3,,3,Südost,14170906144200560890,0,0,3.0,,,,,,
3481,,162652,14,7,13,000,2017,09,11,4,3,4,2,,,1,1,0,0,,0,"737573,925900000030000","5693390,523000000000000",12.411292653000032,51.34206444600005,2,,2,Ost,14170906144200557730,0,0,2.0,,,,,,
3482,,162671,14,7,13,000,2017,09,08,3,3,3,5,,,1,1,0,0,,0,"737342,712799999980000","5693752,256400000300000",12.408220107000034,51.345407941000076,2,,2,Ost,14170905148410558550,0,0,2.0,,,,,,
3483,,162672,14,7,13,000,2017,09,15,3,3,5,3,,,1,0,0,0,,0,"737806,250400000020000","5691305,664500000000000",12.413230792000036,51.323253615000056,3,,3,Südost,14170905148210558170,0,0,3.0,,,,,,
3484,,162673,14,7,13,000,2017,09,09,3,3,2,5,,,1,0,0,0,,1,"730948,229999999980000","5696832,160000000100000",12.318563004000055,51.37568942400003,8,,8,Nordwest,14170905148110554860,0,0,8.0,,,,,,
3485,,162674,14,7,13,000,2017,09,05,3,3,2,2,,,0,1,0,1,,0,"741231,346099999970000","5692651,400000000400000",12.46320630300005,51.33389058200004,2,,2,Ost,14170905144200672770,2,0,2.0,,,,,,
3486,,162675,14,7,13,000,2017,09,16,3,3,3,5,,,1,1,0,0,,0,"734264,312000000030000","5698336,476300000200000",12.367116857000042,51.38783457800008,9,,9,Nord,14170905144200564010,0,0,9.0,,,,,,
3487,,162676,14,7,13,000,2017,09,11,3,3,1,5,,,1,1,0,0,,0,"735698,435599999970000","5692650,614299999500000",12.383923745000061,51.33620335000006,0,,0,Mitte,14170905144200561130,0,0,0.0,,,,,,
3488,,162678,14,7,13,000,2017,09,17,3,3,5,3,,,0,1,0,1,,0,"736571,649300000050000","5697169,639899999800000",12.39944125900007,51.37640413300005,1,,1,Nordost,14170905144200554580,0,0,1.0,,,,,,
3489,,162692,14,7,13,000,2017,09,14,2,3,2,6,,,0,1,0,0,,1,"735170,259700000050000","5693583,961799999700000",12.376971167000022,51.34480005000006,0,,0,Mitte,14170904148410581350,0,0,0.0,,,,,,
3490,,162693,14,7,13,000,2017,09,17,2,3,0,7,,,0,0,1,0,,1,"734322,067300000000000","5695506,695600000200000",12.366079957000068,51.36240954600004,9,,9,Nord,14170904144320672650,0,0,9.0,,,,,,
3491,,162713,14,7,13,000,2017,09,19,1,3,5,3,,,1,1,0,0,,0,"736343,241200000050000","5692762,809999999600000",12.39323825300005,51.336942847000046,0,,0,Mitte,14170903148410565150,2,0,0.0,,,,,,
3492,,162714,14,7,13,000,2017,09,14,1,3,3,6,,,1,1,0,0,,0,"732036,452500000010000","5698786,560600000400000",12.335448127000063,51.39278984900005,8,,8,Nordwest,14170903148110547230,0,0,8.0,,,,,,
3493,,162715,14,7,13,000,2017,09,19,1,3,5,3,,,0,1,0,0,,0,"734957,378299999980000","5699311,637000000100000",12.377705070000047,51.39630144500006,9,,9,Nord,14170903144200561100,0,0,9.0,,,,,,
3494,,162719,14,7,13,000,2017,09,11,7,3,6,4,,,0,0,1,0,,1,"735586,878900000010000","5693107,865700000000000",12.382627542000023,51.34035399600003,0,,0,Mitte,14170902144200549070,0,0,0.0,,,,,,
3495,,162729,14,7,13,000,2017,09,05,6,3,2,6,,,0,1,0,0,,0,"734565,925000000050000","5694879,434500000400000",12.369162947000063,51.35667839000007,9,,9,Nord,14170901148410582340,2,0,9.0,,,,,,
3496,,162730,14,7,13,000,2017,09,14,6,3,5,3,,,1,1,0,0,,0,"736080,870400000010000","5692626,888700000000000",12.389388336000025,51.335831761000065,0,,0,Mitte,14170901148410558510,0,0,0.0,,,,,,
3497,,162731,14,7,13,000,2017,09,05,6,3,5,3,,,1,1,0,0,,0,"734643,555000000050000","5693490,314299999700000",12.369360198000038,51.34417705200008,0,,0,Mitte,14170901148310547930,1,0,0.0,,,,,,
3498,,162732,14,7,13,000,2017,09,11,6,3,5,3,,,1,1,0,0,,0,"727245,204900000010000","5693205,882100000000000",12.263130186000069,51.344628949000025,7,,7,Alt-West,14170901148310545650,0,0,7.0,,,,,,
3499,,162733,14,7,13,000,2017,09,09,6,3,6,7,,,0,1,1,0,,0,"735159,430900000040000","5691048,037300000000000",12.375142241000049,51.32204114800004,4,,4,Süd,14170901148221564570,0,0,4.0,,,,,,
3500,,162734,14,7,13,000,2017,09,14,6,3,5,3,,,1,1,0,0,,0,"735118,146700000040000","5693980,083700000300000",12.376485829000046,51.34837732900007,0,,0,Mitte,14170901144200646680,0,0,0.0,,,,,,
3501,,162736,14,7,13,000,2017,09,09,6,3,2,2,,,0,1,0,0,,0,"734006,142100000060000","5695596,249699999600000",12.361608943000022,51.36334362400004,9,,9,Nord,14170901144200541470,0,0,9.0,,,,,,
3502,,162737,14,7,13,000,2017,09,08,6,3,6,2,,,0,1,1,0,,0,"739035,404899999960000","5688231,282399999900000",12.428779355000074,51.295143229000075,3,,3,Südost,14170901144000554360,0,0,3.0,,,,,,
3503,,162751,14,7,13,000,2017,08,08,5,3,3,2,,,0,1,0,0,,1,"735499,209999999960000","5692033,406100000300000",12.38066086200007,51.33074562300004,0,,0,Mitte,14170831148415548190,0,0,0.0,,,,,,
3504,,162752,14,7,13,000,2017,08,08,5,2,5,3,,,1,1,0,0,,0,"737037,619700000040000","5691091,693799999500000",12.402077294000037,51.32165371200006,0,,0,Mitte,14170831148410555190,0,0,0.0,,,,,,
3505,,162753,14,7,13,000,2017,08,07,5,3,2,6,,,0,1,0,0,,1,"734307,767899999980000","5691813,191300000100000",12.36344428700005,51.32926088800008,0,,0,Mitte,14170831148410537320,0,0,0.0,,,,,,
3506,,162754,14,7,13,000,2017,08,17,5,3,3,6,,,1,0,0,1,,0,"737802,126599999960000","5691334,744500000000000",12.413191113000039,51.32351636100003,3,,3,Südost,14170831148110554840,0,1,3.0,,,,,,
3507,,162755,14,7,13,000,2017,08,01,5,2,6,4,,,0,1,1,0,,0,"737565,766999999990000","5691527,349000000400000",12.40993343100007,51.32534392700006,3,,3,Südost,14170831144200550810,2,0,3.0,,,,,,
3508,,162756,14,7,13,000,2017,08,11,5,3,5,3,,,0,1,0,0,,0,"731754,013400000050000","5690854,623200000300000",12.326229084000033,51.32170214200005,5,,5,Südwest,14170831144200541360,0,1,5.0,,,,,,
3509,,162757,14,7,13,000,2017,08,07,5,3,1,5,,,1,1,0,0,,0,"736306,974000000050000","5692785,628999999700000",12.392733673000066,51.33716274600005,0,,0,Mitte,14170831144200541330,0,0,0.0,,,,,,
3510,,162758,14,7,13,000,2017,08,09,5,3,5,3,,,1,1,0,0,,0,"734409,969599999950000","5692648,718700000100000",12.365458338000053,51.33671886500008,0,,0,Mitte,14170831144000547560,0,0,0.0,,,,,,
3511,,162777,14,7,13,000,2017,08,14,4,3,5,3,,,1,1,0,0,,0,"732056,349200000060000","5692940,666100000000000",12.331918917000053,51.34030486900008,7,,7,Alt-West,14170830149310539990,0,0,7.0,,,,,,
3512,,162778,14,7,13,000,2017,08,08,4,3,1,3,,,1,1,0,0,,0,"734085,948600000000000","5693427,630699999600000",12.361326862000055,51.343844224000065,0,,0,Mitte,14170830148410527730,0,0,0.0,,,,,,
3513,,162779,14,7,13,000,2017,08,18,4,3,0,3,,,1,0,0,0,,1,"731878,971999999950000","5698740,963999999700000",12.333158737000076,51.39244490300007,8,,8,Nordwest,14170830148123646140,0,0,8.0,,,,,,
3514,,162780,14,7,13,000,2017,08,08,4,3,5,3,,,1,1,0,0,,0,"740465,685999999990000","5694022,293600000400000",12.453161218000048,51.346519441000055,2,,2,Ost,14170830144200626470,0,0,2.0,,,,,,
3515,,162781,14,7,13,000,2017,08,13,4,2,4,2,,,0,1,0,0,,1,"736748,643900000020000","5688798,396300000100000",12.396415726000043,51.30118891800004,4,,4,Süd,14170830144200539700,0,0,4.0,,,,,,
3516,,162783,14,7,13,000,2017,08,19,4,3,5,6,,,1,1,0,0,,0,"734532,490699999970000","5693156,215800000400000",12.367548295000063,51.341223866000064,0,,0,Mitte,14170830144200536700,0,0,0.0,,,,,,
3517,,162808,14,7,13,000,2017,09,13,5,3,1,5,,,1,1,0,0,,0,"735154,975600000010000","5692792,935399999800000",12.376229796000075,51.33770584500007,0,,0,Mitte,14170928148223646820,0,0,0.0,,,,,,
3518,,162819,14,7,13,000,2017,09,07,5,3,5,3,,,0,1,0,0,,0,"739101,665900000020000","5693230,088100000300000",12.433079418000034,51.33998405500006,2,,2,Ost,14170928148210653500,1,0,2.0,,,,,,
3519,,162820,14,7,13,000,2017,09,06,5,2,6,4,,,0,1,1,0,,0,"738703,744799999990000","5697397,521200000300000",12.430172976000051,51.377557412000044,1,,1,Nordost,14170928144200708261,1,1,1.0,,,,,,
3520,,162821,14,7,13,000,2017,09,18,5,3,3,7,,,0,1,0,0,,1,"737256,117300000040000","5692933,999599999700000",12.406433840000034,51.33809935800008,3,,3,Südost,14170928144200646810,0,0,3.0,,,,,,
3521,,162834,14,7,13,000,2017,09,09,4,3,5,3,,,0,1,0,0,,1,"736363,714000000040000","5693572,622299999900000",12.394069066000043,51.344203366000045,0,,0,Mitte,14170927144200646790,0,0,0.0,,,,,,
3522,,162835,14,7,13,000,2017,09,19,4,3,6,4,,,0,1,1,0,,0,"734024,040900000020000","5695758,027300000200000",12.361972039000023,51.36478844000004,9,,9,Nord,14170927144200646260,1,0,9.0,,,,,,
3523,,162837,14,7,13,000,2017,09,07,4,2,4,6,,,0,1,0,1,,0,"736542,189800000050000","5696808,000400000300000",12.398778081000046,51.37317029600007,1,,1,Nordost,14170927144200628910,0,0,1.0,,,,,,
3524,,162838,14,7,13,000,2017,09,14,4,2,6,2,,,0,1,1,0,,1,"734964,575300000030000","5695237,491399999700000",12.375114720000056,51.35972774900006,0,,0,Mitte,14170927144200621600,0,0,0.0,,,,,,
3525,,162849,14,7,13,000,2017,09,19,3,3,5,2,,,1,1,0,0,,0,"734786,742699999940000","5692624,904299999600000",12.370841987000063,51.336349675000065,0,,0,Mitte,14170926148410646760,1,0,0.0,,,,,,
3526,,162850,14,7,13,000,2017,09,17,3,2,5,2,,,1,0,0,0,,1,"736258,078400000000000","5696280,916400000500000",12.394353245000048,51.368557371000065,9,,9,Nord,14170926144200744920,0,0,9.0,,,,,,
3527,,162851,14,7,13,000,2017,09,09,3,3,2,6,,,1,1,0,1,,0,"735039,679600000030000","5692544,625000000000000",12.374413688000061,51.33552458100007,0,,0,Mitte,14170926144200622840,0,0,0.0,,,,,,
3528,,162863,14,7,13,000,2017,09,07,2,3,5,3,,,1,1,0,0,,0,"743197,163799999980000","5694048,628899999900000",12.49232627400005,51.34559396000003,2,,2,Ost,14170925148210656920,0,1,2.0,,,,,,
3529,,162864,14,7,13,000,2017,09,17,2,3,4,2,,,0,1,0,0,,0,"734643,461099999960000","5691483,234000000200000",12.368036945000028,51.326160677000075,0,,0,Mitte,14170925144200653190,0,0,0.0,,,,,,
3530,,162865,14,7,13,000,2017,09,09,2,3,9,1,,,0,1,0,0,,0,"738036,202999999980000","5693616,853000000100000",12.418069048000064,51.34390264100006,2,,2,Ost,14170925144200621620,0,1,2.0,,,,,,
3531,,162866,14,7,13,000,2017,09,18,2,3,2,2,,,0,1,0,0,,0,"734556,797799999940000","5691371,521400000000000",12.366721789000053,51.32519362900007,4,,4,Süd,14170925144200620290,0,0,4.0,,,,,,
3532,,162880,14,7,13,000,2017,09,13,1,3,6,7,,,0,1,1,0,,0,"733899,300399999950000","5695654,307699999800000",12.36011512600004,51.36390877400004,9,,9,Nord,14170924662221622360,0,1,9.0,,,,,,