UNFALL_ID,FID_left,OBJECTID,ULAND,UREGBEZ,UKREIS,UGEMEINDE,UJAHR,UMONAT,USTUNDE,UWOCHENTAG,UKATEGORIE,UART,UTYP1,ULICHTVERH,IstStrasse,IstRad,IstPKW,IstFuss,IstKrad,IstGkfz,IstSonstig,LINREFX,LINREFY,XGCSWGS84,YGCSWGS84,index_right,FID_right,SBZ,Name,UIDENTSTLA,LICHT,STRZUSTAND,FID,OBJECTID_1,IstSonstige,UIDENTSTLAE,OID_,IstStrassenzustand,PLST
3775,,163687,14,7,13,000,2017,10,22,3,3,1,1,,,0,1,0,0,,0,"738906,379500000040000","5698017,972400000300000",12.433496365000053,51.38304122200003,1,,1,Nordost,14171017148110672660,2,0,1.0,,,,,,
3776,,163688,14,7,13,000,2017,10,08,3,3,5,2,,,1,1,0,0,,0,"735769,313899999950000","5692868,280600000200000",12.385083503000033,51.33812780300008,0,,0,Mitte,14171017144320707461,0,0,0.0,,,,,,
3777,,163690,14,7,13,000,2017,10,19,3,2,6,4,,,0,1,1,0,,0,"730671,483000000010000","5695514,449799999600000",12.313738597000054,51.36397297900004,7,,7,Alt-West,14171017144200791330,2,0,7.0,,,,,,
3778,,163691,14,7,13,000,2017,11,13,2,3,5,2,,,1,0,0,0,,1,"729937,283999999990000","5691200,989900000400000",12.300424657000065,51.32554855600006,6,,6,West,14171127148310811760,0,0,6.0,,,,,,
3779,,163693,14,7,13,000,2017,11,18,2,3,5,3,,,1,1,0,0,,0,"734177,139700000060000","5692175,862599999600000",12.361810940000055,51.33257019600006,0,,0,Mitte,14171127148223846550,2,1,0.0,,,,,,
3780,,163694,14,7,13,000,2017,11,19,2,3,2,2,,,0,1,0,0,,0,"735705,496799999960000","5690903,888799999800000",12.382869751000044,51.32052128600003,4,,4,Süd,14171127144200826780,2,1,4.0,,,,,,
3781,,163695,14,7,13,000,2017,11,14,2,3,5,3,,,1,0,0,0,,1,"740299,373000000020000","5698181,884999999800000",12.453587997000056,51.38392459900007,1,,1,Nordost,14171127144200809650,0,0,1.0,,,,,,
3782,,163702,14,7,13,000,2017,11,06,1,3,5,3,,,0,1,0,0,,1,"737248,366999999970000","5692229,235000000300000",12.40585345900007,51.33177656600003,3,,3,Südost,14171126144200811310,2,0,3.0,,,,,,
3783,,163708,14,7,13,000,2017,11,01,7,3,0,1,,,0,0,0,0,,1,"741609,376300000000000","5693968,295699999700000",12.46951606700003,51.34554990000004,2,,2,Ost,14171125149222816530,2,1,2.0,,,,,,
3784,,163709,14,7,13,000,2017,11,16,7,3,8,1,,,0,1,0,0,,0,"738018,098499999960000","5694418,794999999900000",12.418345720000048,51.35110841200003,1,,1,Nordost,14171125148410826900,2,1,1.0,,,,,,
3785,,163710,14,7,13,000,2017,11,17,7,3,6,4,,,0,1,1,0,,0,"733683,656199999970000","5692825,515900000000000",12.355165758000055,51.33860480300007,0,,0,Mitte,14171125148310852670,2,1,0.0,,,,,,
3786,,163711,14,7,13,000,2017,11,22,7,2,8,1,,,0,1,0,0,,0,"734897,253999999960000","5695312,457000000400000",12.37419899200006,51.36042849800003,9,,9,Nord,14171125148110833140,2,1,9.0,,,,,,
3787,,163712,14,7,13,000,2017,11,15,7,3,5,2,,,1,1,0,0,,0,"735121,640000000010000","5693981,654199999800000",12.376536940000051,51.34838998100008,0,,0,Mitte,14171125144200811320,0,1,0.0,,,,,,
3788,,163713,14,7,13,000,2017,11,00,7,3,5,3,,,0,1,0,0,,0,"736417,433300000030000","5692748,476599999700000",12.39429192800003,51.336783351000065,0,,0,Mitte,14171125144200807600,2,1,0.0,,,,,,
3789,,163714,14,7,13,000,2017,11,18,7,2,6,4,,,0,0,1,0,,1,"734792,981000000030000","5692612,533499999900000",12.370923231000063,51.33623605500003,0,,0,Mitte,14171125144200802480,2,1,0.0,,,,,,
3790,,163725,14,7,13,000,2017,11,09,6,3,0,7,,,0,1,0,1,,0,"737383,443399999990000","5693899,367499999700000",12.408901965000041,51.34671141100006,2,,2,Ost,14171124148410819840,0,0,2.0,,,,,,
3791,,163726,14,7,13,000,2017,11,21,6,3,5,3,,,0,1,0,0,,0,"735502,496200000050000","5692054,663700000400000",12.380721996000034,51.33093507800004,0,,0,Mitte,14171124148410812250,2,1,0.0,,,,,,
3792,,163727,14,7,13,000,2017,11,08,6,3,4,3,,,1,1,0,0,,0,"734281,890600000040000","5693503,847600000000000",12.364185408000026,51.34444767600007,0,,0,Mitte,14171124148410799830,0,0,0.0,,,,,,
3793,,163728,14,7,13,000,2017,11,10,6,3,5,3,,,1,1,0,0,,0,"733905,018599999950000","5690817,990100000100000",12.357020545000069,51.32049316200005,4,,4,Süd,14171124148310805520,0,0,4.0,,,,,,
3794,,163729,14,7,13,000,2017,11,17,6,3,2,6,,,0,1,0,0,,0,"737373,956699999980000","5692662,655799999800000",12.40794171300007,51.33561458500003,3,,3,Südost,14171124148210805240,2,1,3.0,,,,,,
3795,,163730,14,7,13,000,2017,11,06,6,3,5,3,,,1,1,0,0,,0,"737297,923500000030000","5695374,894999999600000",12.408660033000046,51.359991499000046,1,,1,Nordost,14171124148110804920,1,0,1.0,,,,,,
3796,,163732,14,7,13,000,2017,11,09,6,2,5,2,,,1,1,0,0,,0,"736501,043999999990000","5687438,262000000100000",12.391969496000058,51.28908287400003,4,,4,Süd,14171124144200809640,0,0,4.0,,,,,,
3797,,163733,14,7,13,000,2017,11,16,6,3,4,2,,,1,1,0,0,,0,"738337,924000000000000","5695141,686400000000000",12.423414296000033,51.357462998000074,1,,1,Nordost,14171124144200804640,2,1,1.0,,,,,,
3798,,163751,14,7,13,000,2017,11,08,5,3,5,2,,,1,1,0,0,,0,"735008,880600000030000","5691763,076100000200000",12.373456884000063,51.328521823000074,0,,0,Mitte,14171123148410816330,0,0,0.0,,,,,,
3799,,163752,14,7,13,000,2017,11,16,5,3,6,4,,,0,0,1,1,,0,"735105,990100000050000","5694827,856100000400000",12.37687158500006,51.35599224100008,0,,0,Mitte,14171123148410811810,1,0,0.0,,,,,,
3800,,163753,14,7,13,000,2017,11,18,5,2,6,4,,,0,1,1,0,,0,"734164,084999999960000","5696475,476700000500000",12.364452632000052,51.37117086400008,9,,9,Nord,14171123144200877270,2,0,9.0,,,,,,
3801,,163754,14,7,13,000,2017,11,15,5,3,5,3,,,1,1,0,0,,0,"736801,305000000050000","5693924,461000000100000",12.400574791000054,51.34717942900005,2,,2,Ost,14171123144200834020,0,0,2.0,,,,,,
3802,,163755,14,7,13,000,2017,11,11,5,3,5,3,,,0,1,0,0,,0,"738542,616999999970000","5691147,956000000200000",12.42367411400005,51.32152979800003,3,,3,Südost,14171123144200812550,0,0,3.0,,,,,,
3803,,163756,14,7,13,000,2017,11,11,5,3,5,3,,,1,1,0,0,,0,"734876,948699999950000","5694490,845900000100000",12.373365516000035,51.353061823000075,0,,0,Mitte,14171123144200809570,0,0,0.0,,,,,,
3804,,163764,14,7,13,000,2017,11,13,4,2,5,3,,,1,1,0,0,,0,"740801,532400000030000","5694628,743900000100000",12.458384874000046,51.351820529000065,2,,2,Ost,14171122144310809661,0,0,2.0,,,,,,
3805,,163775,14,7,13,000,2017,11,12,3,3,6,3,,,1,0,1,0,,0,"735045,368900000000000","5690907,200199999800000",12.37341536100007,51.32082406500007,4,,4,Süd,14171121148423794240,0,1,4.0,,,,,,
3806,,163776,14,7,13,000,2017,11,17,3,3,6,7,,,0,1,1,0,,0,"734824,895800000060000","5692538,029000000100000",12.37133147000003,51.33555409500008,0,,0,Mitte,14171121148421799840,0,0,0.0,,,,,,
3807,,163777,14,7,13,000,2017,11,12,3,3,1,5,,,1,1,0,0,,0,"731649,846999999950000","5691079,512400000400000",12.324882872000046,51.32376335600003,5,,5,Südwest,14171121148310792100,0,1,5.0,,,,,,
3808,,163778,14,7,13,000,2017,11,16,3,3,5,3,,,0,1,0,0,,0,"737068,028599999960000","5689053,263600000200000",12.401158262000024,51.30334377600008,4,,4,Süd,14171121148220839690,2,1,4.0,,,,,,
3809,,163779,14,7,13,000,2017,11,19,3,3,5,7,,,1,1,0,0,,0,"734820,883500000000000","5692994,902400000000000",12.37157515000007,51.33965683000008,0,,0,Mitte,14171121145200826740,1,1,0.0,,,,,,
3810,,163780,14,7,13,000,2017,11,18,3,3,5,3,,,1,1,0,0,,0,"732965,438599999990000","5692082,418899999900000",12.344386747000044,51.33222896700005,5,,5,Südwest,14171121144320959570,2,1,5.0,,,,,,
3811,,163781,14,7,13,000,2017,11,17,3,3,1,6,,,0,1,0,0,,0,"732947,484999999990000","5690583,230100000300000",12.343149757000049,51.31877859000008,5,,5,Südwest,14171121144200959580,2,1,5.0,,,,,,
3812,,163782,14,7,13,000,2017,11,17,3,3,6,2,,,0,1,1,0,,0,"736692,578300000050000","5689808,789200000500000",12.39628306000003,51.310281736000036,4,,4,Süd,14171121144200795780,2,1,4.0,,,,,,
3813,,163783,14,7,13,000,2017,11,20,3,3,5,3,,,1,1,0,0,,0,"734814,136999999990000","5692780,605999999700000",12.371337191000066,51.33773600600006,0,,0,Mitte,14171121144200795760,2,1,0.0,,,,,,
3814,,163803,14,7,13,000,2017,11,16,2,3,2,6,,,0,1,0,0,,0,"737193,895499999980000","5693490,051799999500000",12.405912498000077,51.34311648000005,2,,2,Ost,14171120148410799330,2,1,2.0,,,,,,
3815,,163804,14,7,13,000,2017,11,19,2,3,5,3,,,1,1,0,0,,0,"728720,679499999970000","5695025,465200000400000",12.28544936700007,51.36037199200007,7,,7,Alt-West,14171120148313811800,2,1,7.0,,,,,,
3816,,163806,14,7,13,000,2017,11,15,2,3,5,2,,,0,1,0,0,,1,"730543,239100000010000","5689688,814399999600000",12.30812910700007,51.31172852700007,5,,5,Südwest,14171120144200909650,0,1,5.0,,,,,,
3817,,163807,14,7,13,000,2017,11,13,2,3,6,4,,,0,1,1,0,,0,"735508,469599999950000","5692941,056200000500000",12.381393526000068,51.338889143000074,0,,0,Mitte,14171120144200795750,0,1,0.0,,,,,,
3818,,163809,14,7,13,000,2017,11,06,2,3,5,3,,,1,1,0,0,,0,"737358,493000000020000","5697862,436999999900000",12.411189148000062,51.38229434600004,1,,1,Nordost,14171120144200789550,1,1,1.0,,,,,,
3819,,163817,14,7,13,000,2017,11,22,1,3,5,3,,,0,1,0,0,,0,"737387,415999999970000","5691589,217000000200000",12.407419508000032,51.325973702000056,3,,3,Südost,14171119148410784700,2,1,3.0,,,,,,
3820,,163818,14,7,13,000,2017,11,11,1,3,3,6,,,0,1,0,0,,0,"738969,671699999950000","5689048,255699999600000",12.42838512000003,51.30250390800006,3,,3,Südost,14171119148210787390,0,0,3.0,,,,,,
3821,,163819,14,7,13,000,2017,11,17,1,3,9,1,,,0,1,0,0,,0,"728856,283100000000000","5690698,307400000300000",12.284613150000041,51.321471744000064,6,,6,West,14171119144200959510,1,1,6.0,,,,,,
3822,,163820,14,7,13,000,2017,11,23,1,2,5,3,,,0,1,0,0,,1,"729396,449000000020000","5700950,349000000400000",12.298965616000032,51.413287284000035,8,,8,Nordwest,14171119144200789240,2,1,8.0,,,,,,
3823,,163821,14,7,13,000,2017,11,13,1,3,5,3,,,0,1,0,0,,0,"736175,716400000030000","5691048,730000000400000",12.389701667000054,51.32162645200003,0,,0,Mitte,14171119144200787010,0,1,0.0,,,,,,
3824,,163824,14,7,13,000,2017,11,15,7,3,5,3,,,1,1,0,0,,0,"737284,040999999970000","5692941,464800000200000",12.406838970000024,51.338154716000076,2,,2,Ost,14171118148410787770,0,1,2.0,,,,,,
3825,,163825,14,7,13,000,2017,11,00,7,3,0,1,,,1,0,0,0,,0,"734864,354000000050000","5693342,415000000000000",12.372427316000028,51.34275828500006,0,,0,Mitte,14171118148410780250,2,0,0.0,,,,,,
3826,,163826,14,7,13,000,2017,11,18,7,3,6,7,,,0,1,1,0,,0,"738188,924000000000000","5692414,271999999900000",12.419453689000022,51.33304437900006,2,,2,Ost,14171118148220828400,2,0,2.0,,,,,,
3827,,163838,14,7,13,000,2017,11,16,6,3,1,6,,,0,1,0,0,,0,"734308,425099999990000","5691811,079800000400000",12.363452315000075,51.32924166300006,0,,0,Mitte,14171117144200788520,0,0,0.0,,,,,,
3828,,163856,14,7,13,000,2017,11,07,5,3,5,6,,,0,1,0,1,,0,"737332,251399999950000","5691465,456500000300000",12.406546788000071,51.324885831000074,3,,3,Südost,14171116148410780260,0,1,3.0,,,,,,
3829,,163857,14,7,13,000,2017,11,14,5,3,6,2,,,0,1,1,0,,0,"735838,801100000040000","5694971,042700000100000",12.387472267000021,51.35697389300003,9,,9,Nord,14171116148110779990,0,0,9.0,,,,,,
3830,,163858,14,7,13,000,2017,11,22,5,3,5,3,,,0,1,0,0,,0,"737376,293999999990000","5692667,497000000400000",12.40797843100006,51.33565706400003,3,,3,Südost,14171116144200803090,2,0,3.0,,,,,,
3831,,163859,14,7,13,000,2017,11,15,5,2,2,6,,,0,1,0,0,,0,"730486,008700000010000","5693666,038300000100000",12.309881654000037,51.34745519200004,7,,7,Alt-West,14171116144200791310,0,0,7.0,,,,,,
3832,,163860,14,7,13,000,2017,11,17,5,2,4,2,,,1,1,0,0,,0,"731731,204999999960000","5690705,052600000100000",12.325805110000033,51.320368759000075,5,,5,Südwest,14171116144200780750,2,0,5.0,,,,,,
3833,,163874,14,7,13,000,2017,11,07,4,3,0,7,,,1,1,0,0,,0,"731469,069200000030000","5692317,039400000100000",12.323096621000047,51.33494603500003,7,,7,Alt-West,14171115148310782940,0,0,7.0,,,,,,
3834,,163875,14,7,13,000,2017,11,09,4,3,4,2,,,0,1,0,0,,0,"734504,442200000050000","5690903,774199999900000",12.365664020000054,51.32101649100008,4,,4,Süd,14171115148210775610,0,1,4.0,,,,,,
3835,,163876,14,7,13,000,2017,11,11,4,3,2,6,,,0,1,0,0,,0,"734307,732500000040000","5691813,304999999700000",12.363443855000071,51.32926192300005,0,,0,Mitte,14171115144200774510,0,0,0.0,,,,,,
3836,,163877,14,7,13,000,2017,11,09,4,3,5,2,,,1,1,0,0,,0,"736137,376000000050000","5699176,032999999800000",12.394546410000032,51.39459449100008,9,,9,Nord,14171115143219822660,0,0,9.0,,,,,,
3837,,163887,14,7,13,000,2017,11,08,3,3,2,6,,,0,1,0,0,,0,"735015,581400000020000","5692391,068300000400000",12.373967066000034,51.33415615600006,0,,0,Mitte,14171114662221781930,0,0,0.0,,,,,,
3838,,163890,14,7,13,000,2017,11,17,3,3,2,6,,,0,1,0,0,,0,"735073,069299999970000","5694986,343299999800000",12.376504323000063,51.357428491000064,0,,0,Mitte,14171114148410772600,2,0,0.0,,,,,,
3839,,163891,14,7,13,000,2017,11,09,3,3,5,3,,,0,1,0,0,,1,"732926,079999999960000","5691018,855899999800000",12.34312770300005,51.32269782900005,5,,5,Südwest,14171114148310790070,0,0,5.0,,,,,,
3840,,163892,14,7,13,000,2017,11,08,3,3,3,6,,,1,1,0,0,,0,"733877,101700000000000","5695427,743800000300000",12.35964784600003,51.361884168000074,9,,9,Nord,14171114148110771760,0,0,9.0,,,,,,
3841,,163893,14,7,13,000,2017,11,02,3,3,8,1,,,0,1,0,0,,0,"735013,778000000050000","5692380,409000000000000",12.373934193000025,51.33406122000008,0,,0,Mitte,14171114144200770840,2,0,0.0,,,,,,
3842,,163894,14,7,13,000,2017,11,15,3,2,6,2,,,0,1,1,0,,0,"737925,193500000050000","5695328,352599999900000",12.417622120000033,51.35931144700004,1,,1,Nordost,14171114144200770830,0,0,1.0,,,,,,
3843,,163906,14,7,13,000,2017,11,08,2,3,5,3,,,1,1,0,0,,0,"738165,679000000000000","5694742,866600000300000",12.420678031000023,51.35395543700008,1,,1,Nordost,14171113662222770020,0,0,1.0,,,,,,
3844,,163907,14,7,13,000,2017,11,08,2,3,3,6,,,1,0,0,0,,0,"735626,931600000010000","5695938,400899999800000",12.38507553900007,51.36574501600006,9,,9,Nord,14171113662222769920,0,1,9.0,,,,,,
3845,,163911,14,7,13,000,2017,11,07,2,3,2,6,,,0,1,0,0,,0,"734775,048900000050000","5693528,912999999700000",12.371270324000022,51.344469246000074,0,,0,Mitte,14171113148410772540,1,1,0.0,,,,,,
3846,,163912,14,7,13,000,2017,11,11,2,3,2,2,,,0,1,0,0,,0,"731759,928799999990000","5689903,640399999900000",12.325695813000038,51.31316290500007,5,,5,Südwest,14171113148310776000,0,1,5.0,,,,,,
3847,,163913,14,7,13,000,2017,11,17,2,3,5,3,,,0,1,0,0,,0,"735479,439400000030000","5689886,791600000100000",12.37895988400004,51.311485047000076,4,,4,Süd,14171113148210775690,2,0,4.0,,,,,,
3848,,163914,14,7,13,000,2017,11,11,2,3,0,5,,,1,1,0,0,,0,"734719,122100000040000","5690290,229100000100000",12.368335613000056,51.315420517000064,4,,4,Süd,14171113148210772140,0,0,4.0,,,,,,
3849,,163915,14,7,13,000,2017,11,06,2,2,4,6,,,0,1,0,0,,1,"730439,328400000000000","5701068,693300000400000",12.314013335000027,51.41392687000007,8,,8,Nordwest,14171113144200809590,2,1,8.0,,,,,,
3850,,163926,14,7,13,000,2017,11,08,1,3,2,2,,,0,1,0,0,,0,"735123,615400000010000","5693982,542299999900000",12.376565842000048,51.348397136000074,0,,0,Mitte,14171112148410780480,0,0,0.0,,,,,,
3851,,163927,14,7,13,000,2017,11,16,1,3,5,3,,,0,1,0,0,,0,"736124,132300000060000","5695396,957000000400000",12.391845587000034,51.36067849600005,9,,9,Nord,14171112148110780000,2,1,9.0,,,,,,
3852,,163931,14,7,13,000,2017,11,11,7,3,1,7,,,0,1,0,0,,0,"736634,613999999940000","5688795,105800000000000",12.394780745000048,51.30120678000003,4,,4,Süd,14171111148210772080,0,0,4.0,,,,,,
3853,,163933,14,7,13,000,2017,11,11,7,3,5,2,,,0,1,0,1,,0,"731357,633700000010000","5693388,240899999600000",12.322195510000029,51.34460739300005,7,,7,Alt-West,14171111144000775990,0,1,7.0,,,,,,
3854,,163940,14,7,13,000,2017,11,07,6,3,6,4,,,0,1,1,0,,0,"742455,373700000000000","5692819,181300000300000",12.480858345000058,51.33487603900005,2,,2,Ost,14171110148423756110,0,1,2.0,,,,,,
3855,,163941,14,7,13,000,2017,11,17,6,3,6,4,,,1,0,1,0,,0,"736991,701400000020000","5693006,936800000300000",12.402693175000024,51.33886430300004,2,,2,Ost,14171110148410760900,1,1,2.0,,,,,,
3856,,163942,14,7,13,000,2017,11,16,6,3,5,3,,,0,1,0,0,,0,"737999,585599999990000","5692812,719899999900000",12.417006899000057,51.33670009600007,2,,2,Ost,14171110148310787440,1,1,2.0,,,,,,
3857,,163943,14,7,13,000,2017,11,14,6,3,0,1,,,1,0,0,0,,0,"735387,743299999970000","5690904,434700000100000",12.378318195000077,51.320657717000074,4,,4,Süd,14171110148210756140,0,1,4.0,,,,,,
3858,,163944,14,7,13,000,2017,11,06,6,3,3,6,,,0,1,0,1,,0,"736887,693100000030000","5695794,105600000400000",12.403057629000045,51.36392552600006,1,,1,Nordost,14171110148110762630,1,1,1.0,,,,,,
3859,,163945,14,7,13,000,2017,11,15,6,3,5,3,,,0,1,0,1,,0,"737628,445900000050000","5695336,810200000200000",12.413373334000028,51.35951153000008,1,,1,Nordost,14171110148110762540,0,1,1.0,,,,,,
3860,,163946,14,7,13,000,2017,11,16,6,2,0,7,,,0,0,1,0,,1,"738762,352199999960000","5693655,767699999700000",12.428502231000039,51.34394746600003,2,,2,Ost,14171110143219822621,0,0,2.0,,,,,,
3861,,163966,14,7,13,000,2017,11,16,4,3,5,3,,,1,0,0,0,,1,"735042,770999999950000","5692571,035000000100000",12.374475413000027,51.33576037000006,0,,0,Mitte,14171108148410865780,1,0,0.0,,,,,,
3862,,163967,14,7,13,000,2017,11,18,4,2,4,2,,,0,1,0,0,,0,"735170,125200000010000","5693570,377000000300000",12.376960267000072,51.34467816400007,0,,0,Mitte,14171108148410760980,2,0,0.0,,,,,,
3863,,163968,14,7,13,000,2017,11,16,4,3,1,7,,,0,1,0,1,,0,"738887,565599999970000","5693672,460599999900000",12.430307970000058,51.344044704000055,2,,2,Ost,14171108148410747370,2,1,2.0,,,,,,
3864,,163979,14,7,13,000,2017,11,17,3,3,5,3,,,1,1,0,0,,0,"733945,864799999980000","5693158,129099999600000",12.359142011000074,51.34148269900004,0,,0,Mitte,14171107148410792110,2,0,0.0,,,,,,
3865,,163980,14,7,13,000,2017,11,17,3,3,2,6,,,0,1,0,0,,0,"737457,257699999960000","5693262,238699999600000",12.409535081000058,51.34096169500003,2,,2,Ost,14171107148410760750,1,0,2.0,,,,,,
3866,,163981,14,7,13,000,2017,11,17,3,3,4,2,,,1,1,0,0,,0,"732391,856099999980000","5691545,279600000000000",12.33581728300004,51.32764184500007,5,,5,Südwest,14171107148321749720,2,0,5.0,,,,,,
3867,,163982,14,7,13,000,2017,11,09,3,3,6,4,,,0,0,1,0,,1,"732181,199999999950000","5692666,891099999700000",12.333529833000057,51.33779629600008,7,,7,Alt-West,14171107148310799210,0,0,7.0,,,,,,
3868,,163983,14,7,13,000,2017,11,21,3,3,3,2,,,1,1,0,0,,0,"733967,477900000060000","5695297,069100000000000",12.360857757000076,51.360673965000046,9,,9,Nord,14171107148110753860,2,0,9.0,,,,,,
3869,,163984,14,7,13,000,2017,11,07,3,3,2,6,,,0,1,0,0,,0,"735365,270999999950000","5695958,463399999800000",12.381336769000029,51.36603356400008,9,,9,Nord,14171107148110753620,0,0,9.0,,,,,,
3870,,163985,14,7,13,000,2017,11,13,3,3,6,7,,,0,1,1,0,,0,"734919,910200000040000","5690955,383399999700000",12.371649847000072,51.321308386000055,4,,4,Süd,14171107144320883730,0,0,4.0,,,,,,
3871,,163986,14,7,13,000,2017,11,07,3,2,4,2,,,0,1,0,0,,0,"733785,007400000000000","5695672,182400000300000",12.358488012000066,51.36411626600005,9,,9,Nord,14171107144200832800,0,0,9.0,,,,,,
3872,,163987,14,7,13,000,2017,11,10,3,3,4,2,,,1,1,0,0,,0,"734830,309899999990000","5694552,257199999900000",12.372737445000041,51.35363234400006,0,,0,Mitte,14171107144200762701,0,0,0.0,,,,,,
3873,,163988,14,7,13,000,2017,11,12,3,3,5,3,,,1,1,0,0,,0,"734176,399500000060000","5692169,648900000400000",12.361796250000054,51.33251472400008,0,,0,Mitte,14171107144200752300,0,0,0.0,,,,,,
3874,,163989,14,7,13,000,2017,11,18,3,3,5,3,,,1,1,0,0,,0,"740803,227199999960000","5694634,413700000400000",12.458413003000032,51.35187070100005,2,,2,Ost,14171107144200747390,2,0,2.0,,,,,,
3875,,164001,14,7,13,000,2017,11,12,2,2,6,4,,,1,0,1,0,,0,"735790,369399999970000","5691791,304399999800000",12.38467253600004,51.32845183300003,0,,0,Mitte,14171106148410772650,0,0,0.0,,,,,,
3876,,164002,14,7,13,000,2017,11,08,2,3,5,3,,,1,1,0,0,,0,"735290,828800000020000","5692387,969200000200000",12.377909200000033,51.334014538000076,0,,0,Mitte,14171106148410752510,0,1,0.0,,,,,,
3877,,164003,14,7,13,000,2017,11,17,2,3,5,3,,,0,0,0,1,,0,"739323,035999999960000","5691633,924999999800000",12.435179705000053,51.32556407900006,2,,2,Ost,14171106148210756250,2,0,2.0,,,,,,
3878,,164005,14,7,13,000,2017,11,12,2,3,4,2,,,1,1,0,0,,0,"734530,329000000030000","5694943,779299999600000",12.368695028000047,51.357270665000044,9,,9,Nord,14171106148110762620,0,0,9.0,,,,,,
3879,,164012,14,7,13,000,2017,12,11,7,3,5,3,,,0,1,0,0,,0,"739759,243499999980000","5688233,217299999700000",12.439143522000052,51.294856355000036,3,,3,Südost,14171216148210909320,0,1,3.0,,,,,,
3880,,164013,14,7,13,000,2017,12,21,7,3,5,7,,,0,0,0,0,,1,"737277,995899999980000","5692936,282200000200000",12.406748889000028,51.33811071800005,3,,3,Südost,14171216144200897900,2,1,3.0,,,,,,
3881,,164014,14,7,13,000,2017,12,20,6,3,2,6,,,0,1,0,0,,0,"729296,321800000030000","5691028,387199999800000",12.291129841000043,51.32425776700006,6,,6,West,14171215148310908070,2,1,6.0,,,,,,
3882,,164015,14,7,13,000,2017,12,12,6,3,1,7,,,1,1,0,0,,0,"734777,805000000050000","5691380,879599999600000",12.369894303000024,51.325186476000056,4,,4,Süd,14171215148210883810,0,0,4.0,,,,,,
3883,,164016,14,7,13,000,2017,12,18,6,2,6,4,,,0,1,1,0,,0,"736797,856700000000000","5695785,609100000000000",12.401763852000045,51.36388671000003,1,,1,Nordost,14171215144200978010,2,0,1.0,,,,,,
3884,,164017,14,7,13,000,2017,12,07,6,2,6,4,,,0,1,1,0,,0,"735649,371799999960000","5695914,052299999600000",12.38538118300005,51.36551715000007,9,,9,Nord,14171215144200948320,2,1,9.0,,,,,,
3885,,164036,14,7,13,000,2017,12,07,5,3,6,2,,,0,1,1,0,,0,"731610,649800000010000","5692938,586299999600000",12.325529693000021,51.340467913000055,7,,7,Alt-West,14171214148310879390,1,1,7.0,,,,,,
3886,,164037,14,7,13,000,2017,12,07,5,2,6,4,,,0,1,1,0,,0,"731104,996300000000000","5697485,130300000300000",12.321236202000023,51.381487235000066,8,,8,Nordwest,14171214148110872250,1,1,8.0,,,,,,
3887,,164039,14,7,13,000,2017,12,18,5,3,3,2,,,1,1,0,0,,0,"731486,461499999980000","5688743,051900000300000",12.321025769000073,51.30285569900008,5,,5,Südwest,14171214144000893830,2,1,5.0,,,,,,
3888,,164040,14,7,13,000,2017,12,16,5,3,6,4,,,1,0,1,0,,0,"735317,253299999980000","5693447,946999999700000",12.378988123000056,51.343518318000065,0,,0,Mitte,14171214143214900470,0,0,0.0,,,,,,
3889,,164053,14,7,13,000,2017,12,11,4,3,3,2,,,0,1,0,1,,0,"735833,667000000020000","5692374,699000000000000",12.385678983000048,51.33367059900007,0,,0,Mitte,14171213148410890610,0,0,0.0,,,,,,
3890,,164054,14,7,13,000,2017,12,09,4,2,6,2,,,0,1,1,0,,0,"737387,415999999970000","5691589,217000000200000",12.407419508000032,51.325973702000056,3,,3,Südost,14171213148410886980,0,0,3.0,,,,,,
3891,,164055,14,7,13,000,2017,12,10,4,3,4,2,,,1,1,0,0,,0,"734277,720600000000000","5695510,543200000200000",12.365446623000025,51.36246237100005,9,,9,Nord,14171213144200948310,0,0,9.0,,,,,,
3892,,164056,14,7,13,000,2017,12,18,4,3,5,3,,,1,1,0,0,,0,"734176,469300000000000","5692176,700500000300000",12.361801885000034,51.332577994000076,0,,0,Mitte,14171213144200897920,2,0,0.0,,,,,,
3893,,164057,14,7,13,000,2017,12,15,4,3,3,6,,,1,1,0,0,,0,"732691,413900000040000","5692690,721699999600000",12.340857416000063,51.33780167800006,7,,7,Alt-West,14171213144200870940,0,0,7.0,,,,,,
3894,,164073,14,7,13,000,2017,12,16,3,3,8,1,,,0,0,0,1,,0,"736984,641199999950000","5697014,671000000100000",12.405261219000067,51.37484094200005,1,,1,Nordost,14171212148110890550,0,0,1.0,,,,,,
3895,,164074,14,7,13,000,2017,12,07,3,3,6,4,,,0,1,1,0,,0,"736710,371099999990000","5689675,048499999600000",12.396449157000063,51.30907385300003,4,,4,Süd,14171212144200870960,0,0,4.0,,,,,,