UNFALL_ID,FID_left,OBJECTID,ULAND,UREGBEZ,UKREIS,UGEMEINDE,UJAHR,UMONAT,USTUNDE,UWOCHENTAG,UKATEGORIE,UART,UTYP1,ULICHTVERH,IstStrasse,IstRad,IstPKW,IstFuss,IstKrad,IstGkfz,IstSonstig,LINREFX,LINREFY,XGCSWGS84,YGCSWGS84,index_right,FID_right,SBZ,Name,UIDENTSTLA,LICHT,STRZUSTAND,FID,OBJECTID_1,IstSonstige,UIDENTSTLAE,OID_,IstStrassenzustand,PLST
3896,,164075,14,7,13,000,2017,12,11,3,3,4,2,,,0,1,0,0,,0,"736437,593600000020000","5691191,638799999800000",12.393547947000059,51.32280047900008,0,,0,Mitte,14171212144200870950,0,0,0.0,,,,,,
3897,,164084,14,7,13,000,2017,12,16,2,3,6,2,,,0,1,1,0,,0,"734757,640699999990000","5693490,963399999800000",12.370995794000066,51.34413578400006,0,,0,Mitte,14171211149223864800,1,1,0.0,,,,,,
3898,,164085,14,7,13,000,2017,12,17,2,3,6,4,,,0,1,1,0,,0,"733768,954499999990000","5693338,523500000100000",12.356724922000069,51.34317477400003,0,,0,Mitte,14171211148410872440,2,1,0.0,,,,,,
3899,,164086,14,7,13,000,2017,12,16,2,3,5,3,,,0,1,0,0,,0,"734202,600199999990000","5692891,752399999600000",12.362646404000031,51.33898588800008,0,,0,Mitte,14171211148210924440,2,1,0.0,,,,,,
3900,,164087,14,7,13,000,2017,12,16,2,3,6,2,,,0,1,1,0,,0,"740275,184699999980000","5691703,717000000200000",12.448867113000063,51.325789204000046,2,,2,Ost,14171211148210893450,2,1,2.0,,,,,,
3901,,164088,14,7,13,000,2017,12,17,2,3,7,1,,,1,0,0,0,,0,"735004,795599999950000","5692204,972400000300000",12.37368976700003,51.332490145000065,0,,0,Mitte,14171211148210872290,1,1,0.0,,,,,,
3902,,164089,14,7,13,000,2017,12,20,2,3,6,2,,,0,1,1,0,,0,"737240,607800000000000","5692223,657999999800000",12.40573856900005,51.33172974300004,3,,3,Südost,14171211148210871490,2,1,3.0,,,,,,
3903,,164090,14,7,13,000,2017,12,18,2,3,6,7,,,0,1,1,0,,0,"737833,079900000010000","5695035,270899999900000",12.416105593000054,51.356719319000035,1,,1,Nordost,14171211148110872220,2,1,1.0,,,,,,
3904,,164091,14,7,13,000,2017,12,16,2,3,2,2,,,1,1,0,0,,0,"736967,972900000050000","5692699,829599999800000",12.40214883300007,51.33611756200003,3,,3,Südost,14171211144200872120,1,1,3.0,,,,,,
3905,,164092,14,7,13,000,2017,12,13,2,3,5,3,,,1,1,0,0,,0,"734480,385899999990000","5695027,336600000000000",12.368034063000039,51.35804131800006,9,,9,Nord,14171211144200864440,0,1,9.0,,,,,,
3906,,164093,14,7,13,000,2017,12,19,2,2,8,1,,,0,1,0,0,,1,"734313,421300000050000","5691795,052400000400000",12.363513365000074,51.329095736000056,0,,0,Mitte,14171211144200864210,2,0,0.0,,,,,,
3907,,164105,14,7,13,000,2017,12,16,1,3,2,2,,,0,1,0,0,,0,"734581,537099999960000","5691403,411000000300000",12.367097214000069,51.32546968500003,0,,0,Mitte,14171210148220872280,1,2,0.0,,,,,,
3908,,164128,14,7,13,000,2017,12,06,6,3,5,2,,,1,1,0,0,,0,"730536,514100000030000","5691504,297299999700000",12.30920655600005,51.32802884400007,7,,7,Alt-West,14171208148310852660,2,1,7.0,,,,,,
3909,,164129,14,7,13,000,2017,12,07,6,3,5,3,,,0,1,0,0,,0,"735177,458300000060000","5689047,702800000100000",12.374081715000045,51.30407788000008,4,,4,Süd,14171208148220859680,2,1,4.0,,,,,,
3910,,164130,14,7,13,000,2017,12,18,6,2,6,6,,,0,1,1,0,,0,"728919,906100000020000","5685375,045500000000000",12.282111487000066,51.273657842000034,5,,5,Südwest,14171208144200949110,2,1,5.0,,,,,,
3911,,164131,14,7,13,000,2017,12,22,6,3,6,4,,,0,1,1,0,,0,"735836,905600000060000","5694982,842100000000000",12.387452913000061,51.35708059400008,9,,9,Nord,14171208144200856020,2,0,9.0,,,,,,
3912,,164151,14,7,13,000,2017,12,13,5,3,2,6,,,0,1,0,0,,0,"735309,880899999990000","5692605,649000000200000",12.378325982000035,51.33596062400005,0,,0,Mitte,14171207148410879450,0,0,0.0,,,,,,
3913,,164152,14,7,13,000,2017,12,16,5,3,3,6,,,1,1,0,0,,0,"735003,565999999990000","5691787,955400000300000",12.373397142000044,51.32874734500007,0,,0,Mitte,14171207148410852690,2,0,0.0,,,,,,
3914,,164153,14,7,13,000,2017,12,07,5,3,3,7,,,1,1,0,0,,0,"734116,794200000000000","5691670,170699999700000",12.360614009000074,51.32805569000004,4,,4,Süd,14171207148410847960,0,0,4.0,,,,,,
3915,,164155,14,7,13,000,2017,12,07,5,3,5,3,,,1,1,0,0,,0,"735910,600199999990000","5688684,826299999800000",12.384340575000067,51.30051728800004,4,,4,Süd,14171207148210903790,1,0,4.0,,,,,,
3916,,164156,14,7,13,000,2017,12,15,5,3,2,2,,,1,1,0,0,,0,"737960,777200000010000","5695421,204099999700000",12.41819438300007,51.36012997600005,1,,1,Nordost,14171207144200930230,0,0,1.0,,,,,,
3917,,164157,14,7,13,000,2017,12,17,5,3,5,3,,,0,1,0,0,,0,"733852,994799999990000","5693448,508999999600000",12.358001675000025,51.34412750100006,0,,0,Mitte,14171207144200854920,2,0,0.0,,,,,,
3918,,164173,14,7,13,000,2017,12,22,4,2,8,1,,,1,0,0,0,,0,"735010,022899999980000","5692359,657399999900000",12.37386669600005,51.33387649700006,0,,0,Mitte,14171206148410890590,2,0,0.0,,,,,,
3919,,164174,14,7,13,000,2017,12,18,4,3,1,5,,,1,1,0,0,,0,"735566,922499999990000","5692251,206799999800000",12.381775061000042,51.33267263300007,0,,0,Mitte,14171206148410865520,2,0,0.0,,,,,,
3920,,164175,14,7,13,000,2017,12,19,4,3,1,5,,,1,1,0,0,,0,"733544,865800000030000","5693118,177000000100000",12.353368612000054,51.34128891000006,0,,0,Mitte,14171206148410856650,2,0,0.0,,,,,,
3921,,164176,14,7,13,000,2017,12,09,4,3,6,4,,,0,1,1,0,,0,"735330,964299999990000","5689544,477900000300000",12.376607557000057,51.308473708000065,4,,4,Süd,14171206148210846540,0,0,4.0,,,,,,
3922,,164177,14,7,13,000,2017,12,23,4,2,6,4,,,1,0,1,0,,0,"734407,929200000010000","5692973,464499999800000",12.36564280500005,51.33963477200007,0,,0,Mitte,14171206144200921650,2,0,0.0,,,,,,
3923,,164178,14,7,13,000,2017,12,14,4,2,6,4,,,0,1,1,0,,0,"735588,494300000020000","5697100,083200000200000",12.385294146000035,51.37618847700003,9,,9,Nord,14171206144200847170,0,0,9.0,,,,,,
3924,,164197,14,7,13,000,2017,12,07,3,3,5,3,,,1,1,0,0,,0,"730806,251099999990000","5694796,508200000000000",12.31520533400004,51.35747337300006,7,,7,Alt-West,14171205148310843350,1,1,7.0,,,,,,
3925,,164198,14,7,13,000,2017,12,23,3,2,0,1,,,1,0,0,0,,0,"732493,388599999950000","5694046,415099999900000",12.33890462100004,51.35005231400004,7,,7,Alt-West,14171205148310843340,2,0,7.0,,,,,,
3926,,164199,14,7,13,000,2017,12,07,3,3,4,2,,,0,1,0,0,,1,"736730,758400000050000","5688797,411500000400000",12.396158970000045,51.30118751400005,4,,4,Süd,14171205148210839720,1,1,4.0,,,,,,
3927,,164200,14,7,13,000,2017,12,07,3,3,2,2,,,0,1,0,0,,0,"734006,223200000010000","5695595,684899999800000",12.36160973400007,51.36333852100006,9,,9,Nord,14171205148110895430,0,1,9.0,,,,,,
3928,,164201,14,7,13,000,2017,12,18,3,2,4,2,,,0,1,0,0,,0,"741970,674299999960000","5686405,485500000400000",12.469564637000076,51.277516278000064,3,,3,Südost,14171205144200948730,2,0,3.0,,,,,,
3929,,164202,14,7,13,000,2017,12,07,3,3,5,3,,,1,1,0,0,,0,"738190,227799999990000","5692418,068799999500000",12.41947490900003,51.33307791300007,2,,2,Ost,14171205144200845720,2,1,2.0,,,,,,
3930,,164203,14,7,13,000,2017,12,22,3,3,6,6,,,1,0,1,0,,0,"727747,214599999950000","5689117,267900000300000",12.267713795000077,51.307723155000076,6,,6,West,14171205144000851100,2,0,6.0,,,,,,
3931,,164221,14,7,13,000,2017,12,13,2,2,5,3,,,1,1,0,0,,0,"735640,018300000000000","5696706,842100000000000",12.385772449000058,51.37263728600004,9,,9,Nord,14171204144200839190,0,1,9.0,,,,,,
3932,,164222,14,7,13,000,2017,12,07,2,2,6,4,,,0,1,1,0,,0,"738121,178399999980000","5693617,398299999500000",12.419287280000049,51.343871954000065,2,,2,Ost,14171204144200834040,1,1,2.0,,,,,,
3933,,164223,14,7,13,000,2017,12,07,2,3,1,5,,,1,1,0,0,,0,"733635,842300000020000","5697110,921799999700000",12.357294545000059,51.37709244600006,8,,8,Nordwest,14171204143212836341,2,1,8.0,,,,,,
3934,,164236,14,7,13,000,2017,12,16,1,3,2,6,,,0,1,0,0,,0,"728434,259700000050000","5689490,078200000300000",12.277792916000067,51.310794712000074,6,,6,West,14171203148310826870,1,2,6.0,,,,,,
3935,,164237,14,7,13,000,2017,12,03,1,3,9,7,,,0,1,0,0,,0,"737963,834700000010000","5695424,160199999800000",12.418240196000056,51.36015522900004,1,,1,Nordost,14171203144200839200,2,1,1.0,,,,,,
3936,,164238,14,7,13,000,2017,12,20,1,3,5,3,,,0,1,0,1,,0,"734764,092999999990000","5691303,298999999600000",12.369646760000023,51.32449573700006,4,,4,Süd,14171203144000826790,2,1,4.0,,,,,,
3937,,164247,14,7,13,000,2017,12,11,7,3,6,2,,,0,1,1,0,,0,"731618,724900000030000","5696573,913700000400000",12.328011837000076,51.373098156000026,8,,8,Nordwest,14171202148110828380,0,0,8.0,,,,,,
3938,,164248,14,7,13,000,2017,12,09,7,2,3,7,,,0,1,0,0,,1,"736731,165999999970000","5689059,199000000000000",12.39633843100006,51.30353720800008,4,,4,Süd,14171202144200826300,0,0,4.0,,,,,,
3939,,164254,14,7,13,000,2017,12,17,6,3,6,2,,,0,1,1,0,,0,"735645,451200000010000","5695932,781100000300000",12.385337374000073,51.36568689000006,9,,9,Nord,14171201148410834860,2,0,9.0,,,,,,
3940,,164255,14,7,13,000,2017,12,12,6,3,5,3,,,0,1,0,0,,1,"737146,780400000050000","5694333,630699999600000",12.405799148000028,51.35070815600005,1,,1,Nordost,14171201148110832860,0,0,1.0,,,,,,
3941,,164266,14,7,13,000,2017,11,09,5,3,1,6,,,0,1,0,0,,0,"735091,083400000000000","5693968,087299999800000",12.376089981000064,51.34828083800005,0,,0,Mitte,14171130148410843370,0,0,0.0,,,,,,
3942,,164267,14,7,13,000,2017,11,15,5,3,1,3,,,1,1,0,0,,0,"734852,288100000010000","5692506,267199999700000",12.371703066000066,51.33525767800006,0,,0,Mitte,14171130148323842770,0,0,0.0,,,,,,
3943,,164268,14,7,13,000,2017,11,09,5,3,5,3,,,1,1,0,0,,0,"735704,849500000010000","5695645,656600000300000",12.385998823000023,51.36308495700007,9,,9,Nord,14171130148110839560,0,0,9.0,,,,,,
3944,,164269,14,7,13,000,2017,11,23,5,3,5,3,,,0,1,0,0,,0,"733891,600699999950000","5693352,631799999600000",12.358492037000076,51.34325097800007,0,,0,Mitte,14171130144200965120,2,0,0.0,,,,,,
3945,,164270,14,7,13,000,2017,11,11,5,3,2,6,,,0,1,0,0,,1,"738694,858099999950000","5690994,060899999900000",12.42575193500005,51.32008460700007,3,,3,Südost,14171130144200833190,0,0,3.0,,,,,,
3946,,164271,14,7,13,000,2017,11,09,5,2,5,3,,,1,1,0,0,,0,"733572,996599999950000","5692169,765399999900000",12.353149923000046,51.33276387500007,0,,0,Mitte,14171130144200823560,0,0,0.0,,,,,,
3947,,164272,14,7,13,000,2017,11,15,5,3,5,3,,,1,1,0,0,,0,"733759,016999999990000","5695443,973399999600000",12.357965352000065,51.362078446000055,9,,9,Nord,14171130144200822680,0,0,9.0,,,,,,
3948,,164287,14,7,13,000,2017,11,09,4,3,5,2,,,1,1,0,0,,0,"735772,258299999990000","5692865,772699999600000",12.385124038000072,51.33810407100003,0,,0,Mitte,14171129144200965100,0,0,0.0,,,,,,
3949,,164288,14,7,13,000,2017,11,16,4,3,5,3,,,1,1,0,0,,0,"733177,227900000060000","5695859,629999999900000",12.349895771000035,51.36604866600004,8,,8,Nordwest,14171129144200921630,2,0,8.0,,,,,,
3950,,164289,14,7,13,000,2017,11,09,4,2,6,7,,,0,1,1,0,,0,"734870,194699999990000","5695651,548000000400000",12.37403491300006,51.36348347900008,9,,9,Nord,14171129144200839250,0,0,9.0,,,,,,
3951,,164290,14,7,13,000,2017,11,14,4,2,3,2,,,0,1,0,0,,1,"731165,728699999980000","5690507,123900000000000",12.317575704000035,51.318821971000034,5,,5,Südwest,14171129144200826290,0,0,5.0,,,,,,
3952,,164291,14,7,13,000,2017,11,13,4,3,5,3,,,1,1,0,0,,0,"735391,872699999950000","5691053,603500000200000",12.37847583100006,51.32199500100006,4,,4,Süd,14171129144200823570,0,0,4.0,,,,,,
3953,,164292,14,7,13,000,2017,11,16,4,2,6,4,,,0,1,1,0,,0,"737279,521100000010000","5693462,284799999600000",12.407121178000068,51.34283151600005,2,,2,Ost,14171129144200819800,2,0,2.0,,,,,,
3954,,164312,14,7,13,000,2017,11,15,3,3,5,3,,,1,1,0,0,,0,"734444,781399999980000","5692132,322100000500000",12.365617403000044,51.33206910300004,0,,0,Mitte,14171128149321825770,0,1,0.0,,,,,,
3955,,164314,14,7,13,000,2017,11,14,3,3,2,6,,,0,1,0,0,,0,"737089,113699999990000","5691704,351200000400000",12.403222421000066,51.32713155000005,3,,3,Südost,14171128148410816230,0,0,3.0,,,,,,
3956,,164315,14,7,13,000,2017,11,14,3,3,6,4,,,1,0,1,0,,0,"731276,496900000030000","5693280,981100000400000",12.320962856000051,51.34367754900006,7,,7,Alt-West,14171128148310898860,0,0,7.0,,,,,,
3957,,164316,14,7,13,000,2017,11,10,3,2,5,3,,,1,1,0,0,,0,"736072,120299999950000","5689665,427000000100000",12.387302021000039,51.309252523000055,4,,4,Süd,14171128144200851050,0,0,4.0,,,,,,
3958,,164317,14,7,13,000,2017,11,06,3,3,5,3,,,1,1,0,0,,0,"729591,051600000010000","5694731,546000000100000",12.297739922000062,51.35738246000005,7,,7,Alt-West,14171128144200847190,2,0,7.0,,,,,,
3959,,164329,14,7,13,000,2017,11,15,2,3,5,3,,,1,1,0,0,,0,"734756,649600000000000","5691171,503100000300000",12.369453331000045,51.32331575000006,4,,4,Süd,14171127148423819890,0,0,4.0,,,,,,
3960,,164344,14,7,13,000,2017,12,15,1,3,5,3,,,0,1,0,0,,0,"743238,263200000040000","5694199,663300000100000",12.49301846700007,51.346931948000076,2,,2,Ost,14171217148210909330,0,1,2.0,,,,,,
3961,,164345,14,7,13,000,2017,12,14,1,3,3,5,,,0,1,0,1,,0,"731737,021100000010000","5691424,610100000200000",12.326356172000033,51.32682574100005,5,,5,Südwest,14171217148310887490,0,1,5.0,,,,,,
3962,,164447,14,7,13,000,2017,12,16,1,3,2,6,,,0,1,0,0,,0,"731948,471499999990000","5692421,427600000100000",12.33003468100003,51.33568779400008,7,,7,Alt-West,14171231148310978770,1,1,7.0,,,,,,
3963,,164448,14,7,13,000,2017,12,16,1,3,8,1,,,1,0,0,0,,0,"730644,689699999990000","5683314,669099999600000",12.305467901000043,51.25446628800006,5,,5,Südwest,14171231148310978760,1,0,5.0,,,,,,
3964,,164451,14,7,13,000,2017,12,15,7,3,6,7,,,0,1,1,0,,0,"736370,770600000050000","5687642,997200000100000",12.390240070000061,51.29097470600004,4,,4,Süd,14171230148223916420,0,1,4.0,,,,,,
3965,,164452,14,7,13,000,2017,12,00,7,3,6,4,,,0,1,1,0,,0,"732577,682700000000000","5692090,654699999800000",12.33883576200003,51.33246158000003,7,,7,Alt-West,14171230145200959550,2,0,7.0,,,,,,
3966,,164462,14,7,13,000,2017,12,04,5,3,6,4,,,0,0,1,0,,1,"731339,529499999950000","5696714,817300000200000",12.324099175000072,51.37447680500003,8,,8,Nordwest,14171228148110923780,2,1,8.0,,,,,,
3967,,164463,14,7,13,000,2017,12,10,5,2,6,4,,,0,1,1,0,,0,"728025,409300000060000","5689287,410100000000000",12.271807083000056,51.30913921900003,6,,6,West,14171228144200921720,0,0,6.0,,,,,,
3968,,164473,14,7,13,000,2017,12,09,4,3,5,3,,,0,1,0,0,,0,"734446,369100000010000","5692130,912999999700000",12.365639226000042,51.332055800000035,0,,0,Mitte,14171227148410923470,0,0,0.0,,,,,,
3969,,164480,14,7,13,000,2017,12,10,3,3,6,4,,,1,0,1,0,,0,"730479,245499999960000","5683419,987900000100000",12.30316889900007,51.25547862900004,5,,5,Südwest,14171226143214918500,0,0,5.0,,,,,,
3970,,164483,14,7,13,000,2017,12,14,2,3,2,6,,,0,1,0,0,,0,"733892,203600000010000","5693351,134600000500000",12.358499695000035,51.34323729100004,0,,0,Mitte,14171225148410965210,0,0,0.0,,,,,,
3971,,164484,14,7,13,000,2017,12,23,2,3,5,3,,,1,1,0,0,,0,"735991,973099999940000","5688382,550200000400000",12.385305938000045,51.29777024100008,4,,4,Süd,14171225148220928270,2,0,4.0,,,,,,
3972,,164494,14,7,13,000,2017,12,17,7,3,2,6,,,0,1,0,0,,0,"734585,633599999940000","5691408,137400000400000",12.367159015000027,51.325510423000026,0,,0,Mitte,14171223144200903260,1,0,0.0,,,,,,
3973,,164501,14,7,13,000,2017,12,15,6,3,5,5,,,1,1,0,0,,0,"736877,402899999990000","5692782,370400000400000",12.400905863000048,51.33689618900007,3,,3,Südost,14171222144200949550,0,0,3.0,,,,,,
3974,,164502,14,7,13,000,2017,12,23,6,2,5,3,,,0,1,0,0,,0,"729979,736900000020000","5694282,050900000100000",12.303022360000057,51.35319017900008,7,,7,Alt-West,14171222144200908400,2,0,7.0,,,,,,
3975,,164511,14,7,13,000,2017,12,18,5,3,3,5,,,1,1,0,0,,0,"736193,711600000040000","5688762,834099999600000",12.388446049000038,51.30110015200006,4,,4,Süd,14171221148310903600,2,1,4.0,,,,,,
3976,,164512,14,7,13,000,2017,12,15,5,3,5,3,,,0,1,0,0,,0,"736571,883799999950000","5697169,615399999500000",12.399444606000031,51.37640381600005,1,,1,Nordost,14171221148110897840,0,1,1.0,,,,,,
3977,,164513,14,7,13,000,2017,12,17,5,2,5,3,,,1,1,0,0,,0,"737297,982599999990000","5695375,294099999600000",12.408661146000043,51.35999505700005,1,,1,Nordost,14171221144200948350,2,1,1.0,,,,,,
3978,,164525,14,7,13,000,2017,12,17,4,3,6,6,,,0,1,1,0,,0,"727987,426199999990000","5688846,441800000100000",12.270981292000045,51.30519570200005,6,,6,West,14171220148310959840,1,1,6.0,,,,,,
3979,,164526,14,7,13,000,2017,12,07,4,3,0,6,,,0,1,0,1,,0,"729987,169299999950000","5692786,779000000100000",12.30216299400007,51.33976409300004,7,,7,Alt-West,14171220148310903620,2,1,7.0,,,,,,
3980,,164527,14,7,13,000,2017,12,14,4,2,5,2,,,0,1,0,0,,0,"728685,427200000030000","5689588,295699999700000",12.281453527000053,51.31157558500007,6,,6,West,14171220144200949180,0,0,6.0,,,,,,
3981,,164528,14,7,13,000,2017,12,11,4,3,4,2,,,1,1,0,0,,0,"735308,399899999960000","5689757,617999999800000",12.376424967000048,51.310396265000065,4,,4,Süd,14171220144200908410,0,0,4.0,,,,,,
3982,,164529,14,7,13,000,2017,12,16,4,3,6,4,,,0,0,1,0,,1,"735875,318600000000000","5692770,735399999700000",12.386538031000043,51.337208254000075,0,,0,Mitte,14171220144200904710,1,1,0.0,,,,,,
3983,,164536,14,7,13,000,2017,12,16,3,3,5,3,,,0,1,0,0,,0,"736385,688800000000000","5692115,740399999500000",12.393417228000033,51.33111698000005,0,,0,Mitte,14171219148410914040,2,1,0.0,,,,,,
3984,,164537,14,7,13,000,2017,12,17,3,2,6,2,,,0,1,1,0,,0,"736441,179699999980000","5693414,000099999800000",12.39507401800006,51.34274733700005,2,,2,Ost,14171219148410904400,2,1,2.0,,,,,,
3985,,164538,14,7,13,000,2017,12,16,3,3,4,2,,,1,1,0,0,,0,"734772,476000000020000","5693730,166500000300000",12.37136614800005,51.34627683800005,0,,0,Mitte,14171219148410898930,2,1,0.0,,,,,,
3986,,164539,14,7,13,000,2017,12,12,3,3,5,3,,,1,0,0,0,,1,"735036,481499999990000","5691581,433400000400000",12.373732563000033,51.32687992400008,0,,0,Mitte,14171219148210898420,0,1,0.0,,,,,,
3987,,164540,14,7,13,000,2017,12,19,3,3,6,7,,,0,1,1,0,,0,"740765,085100000030000","5695172,883999999600000",12.458230571000058,51.35671993200003,2,,2,Ost,14171219148210898220,2,1,2.0,,,,,,
3988,,164541,14,7,13,000,2017,12,07,3,3,1,5,,,1,1,0,0,,0,"735634,310999999990000","5689319,987200000300000",12.38080370800003,51.30633312000003,4,,4,Süd,14171219148210893140,0,0,4.0,,,,,,
3989,,164542,14,7,13,000,2017,12,18,3,3,5,2,,,1,1,0,0,,0,"732321,479100000000000","5690619,641599999700000",12.334205695000037,51.31936135900003,5,,5,Südwest,14171219144200903270,2,1,5.0,,,,,,
3990,,164543,14,7,13,000,2017,12,18,3,2,6,4,,,0,1,1,0,,0,"739664,147600000030000","5692520,565899999800000",12.440662711000073,51.333378776000075,2,,2,Ost,14171219144200893780,2,1,2.0,,,,,,
3991,,164544,14,7,13,000,2017,12,11,3,3,1,6,,,0,1,0,0,,0,"729902,032000000010000","5694374,222500000100000",12.301967878000028,51.35404904100005,7,,7,Alt-West,14171219144200893770,0,1,7.0,,,,,,
3992,,164545,14,7,13,000,2017,12,16,3,3,1,3,,,1,0,0,0,,1,"734504,207999999980000","5690905,330000000100000",12.365661688000046,51.32103055300007,4,,4,Süd,14171219143219948760,2,0,4.0,,,,,,
3993,,164556,14,7,13,000,2017,12,17,2,3,1,6,,,1,1,0,0,,0,"734805,734000000050000","5692998,531700000200000",12.371360429000049,51.33969566400003,0,,0,Mitte,14171218149621002070,2,0,0.0,,,,,,
3994,,164562,14,7,13,000,2017,12,10,2,3,0,5,,,1,1,0,0,,0,"734636,958699999960000","5692078,837700000000000",12.368335908000063,51.33150976200005,0,,0,Mitte,14171218148410886970,0,0,0.0,,,,,,
3995,,164563,14,7,13,000,2017,12,09,2,3,3,6,,,1,0,0,0,,1,"735557,074200000030000","5692141,036299999800000",12.381561114000021,51.33168778700008,0,,0,Mitte,14171218148210883800,0,1,0.0,,,,,,
3996,,164564,14,7,13,000,2017,12,07,2,2,4,2,,,1,0,0,0,,0,"737596,735299999940000","5693455,601700000500000",12.411662966000051,51.34263906400008,2,,2,Ost,14171218148121886920,1,0,2.0,,,,,,
3997,,164565,14,7,13,000,2017,12,16,2,3,2,6,,,0,1,0,0,,0,"737576,496999999970000","5692604,139999999700000",12.410805002000075,51.33500477500007,2,,2,Ost,14171218144320918570,1,0,2.0,,,,,,
3998,,164566,14,7,13,000,2017,12,08,2,3,5,3,,,0,1,0,0,,0,"735430,667999999950000","5699081,547000000300000",12.384343683000054,51.394039967000026,9,,9,Nord,14171218144200918620,0,0,9.0,,,,,,
3999,,164567,14,7,13,000,2017,12,06,2,3,2,2,,,1,1,0,0,,0,"737350,964000000040000","5690248,250000000000000",12.40600468200006,51.31395225500006,3,,3,Südost,14171218144200895450,2,1,3.0,,,,,,
4000,,164569,14,7,13,000,2017,12,17,2,3,5,3,,,1,1,0,0,,0,"734530,998000000020000","5693625,824000000000000",12.367836193000073,51.345439885000076,0,,0,Mitte,14171218144200892850,2,0,0.0,,,,,,
4001,,164570,14,7,13,000,2017,12,10,2,3,4,2,,,1,1,0,0,,0,"727241,961200000020000","5693206,334900000100000",12.263083978000054,51.34463431000006,7,,7,Alt-West,14171218144200886190,0,0,7.0,,,,,,
4002,,164571,14,7,13,000,2017,12,07,2,3,5,3,,,0,1,0,0,,0,"737235,315999999990000","5692697,148400000300000",12.405978015000073,51.33598204100008,3,,3,Südost,14171218144200883500,0,0,3.0,,,,,,
4003,,164572,14,7,13,000,2017,12,17,2,2,5,3,,,1,1,0,0,,0,"730421,306400000000000","5690954,097000000100000",12.307200117000036,51.32313637000004,7,,7,Alt-West,14171218144000893560,2,1,7.0,,,,,,
4004,,164583,14,7,13,000,2017,12,20,1,3,5,3,,,0,1,0,0,,0,"737592,609900000040000","5694757,975800000100000",12.412473051000063,51.35433090500004,1,,1,Nordost,14171217144200893790,2,0,1.0,,,,,,
4005,,,14,7,13,000,2018,01,13,7,3,5,3,0,,0,1,0,0,0,0,"734775,713899999970000","5693526,347799999600000",12.371278164000046,51.344445945000075,0,,0,Mitte,,,0,0.0,64350,,,,,
4006,,,14,7,13,000,2018,01,15,4,2,6,4,0,,0,0,1,0,1,0,"738718,450300000030000","5689272,883100000200000",12.424938117000067,51.30462553000007,3,,3,Südost,,,0,3.0,64362,,,,,
4007,,,14,7,13,000,2018,01,08,3,3,4,6,0,,1,0,0,0,0,0,"736505,685999999990000","5692237,633299999900000",12.395217495000054,51.33216123400007,3,,3,Südost,,,0,3.0,64554,,,,,
4008,,,14,7,13,000,2018,01,17,3,3,3,2,2,,1,1,0,0,0,0,"733926,744799999990000","5696959,113300000300000",12.36136711100005,51.37560999300007,9,,9,Nord,,,0,9.0,64824,,,,,
4009,,,14,7,13,000,2018,01,17,7,2,6,6,2,,1,0,1,0,0,0,"739475,732800000000000","5694457,119900000300000",12.439265246000048,51.35084019000004,2,,2,Ost,,,0,2.0,64907,,,,,
4010,,,14,7,13,000,2018,01,06,4,2,6,4,2,,0,1,1,0,0,0,"737001,775000000020000","5691370,305999999900000",12.401749020000068,51.32416950600003,3,,3,Südost,,,1,3.0,64926,,,,,
4011,,,14,7,13,000,2018,01,14,6,3,5,3,0,,0,1,0,0,0,0,"736574,167999999950000","5702617,042999999600000",12.403108350000025,51.42529911200006,9,,9,Nord,,,0,9.0,65306,,,,,
4012,,,14,7,13,000,2018,01,14,3,3,5,3,0,,1,1,0,0,0,0,"734786,927000000030000","5693528,321000000500000",12.371440181000025,51.34445902700003,0,,0,Mitte,,,0,0.0,65658,,,,,
4013,,,14,7,13,000,2018,01,15,5,3,8,7,0,,0,0,0,0,1,0,"744646,457100000000000","5692599,697700000400000",12.512101205000022,51.331967932000055,2,,2,Ost,,,0,2.0,65699,,,,,
4014,,,14,7,13,000,2018,01,17,4,3,1,6,2,,0,1,0,0,0,0,"727727,653999999980000","5699059,972799999600000",12.273795567000036,51.39698957100006,8,,8,Nordwest,,,0,8.0,65751,,,,,
4015,,,14,7,13,000,2018,01,18,4,3,5,3,2,,0,1,0,0,0,0,"734757,906899999940000","5693486,716500000100000",12.370996810000065,51.34409755200005,0,,0,Mitte,,,1,0.0,65761,,,,,
4016,,,14,7,13,000,2018,01,18,4,2,4,2,2,,0,1,0,0,0,0,"736426,773500000010000","5692748,667899999800000",12.394425902000023,51.33678118500006,3,,3,Südost,,,1,3.0,65763,,,,,
4017,,,14,7,13,000,2018,01,14,4,3,5,3,0,,0,1,0,0,0,0,"726965,730800000020000","5686125,804200000100000",12.254619153000021,51.28117934200003,5,,5,Südwest,,,0,5.0,65765,,,,,
4018,,,14,7,13,000,2018,02,07,5,3,5,3,1,,0,1,0,0,0,0,"734725,792200000030000","5690193,167799999900000",12.36836728000003,51.31454649900007,4,,4,Süd,,,1,4.0,65806,,,,,