UNFALL_ID,FID_left,OBJECTID,ULAND,UREGBEZ,UKREIS,UGEMEINDE,UJAHR,UMONAT,USTUNDE,UWOCHENTAG,UKATEGORIE,UART,UTYP1,ULICHTVERH,IstStrasse,IstRad,IstPKW,IstFuss,IstKrad,IstGkfz,IstSonstig,LINREFX,LINREFY,XGCSWGS84,YGCSWGS84,index_right,FID_right,SBZ,Name,UIDENTSTLA,LICHT,STRZUSTAND,FID,OBJECTID_1,IstSonstige,UIDENTSTLAE,OID_,IstStrassenzustand,PLST
4288,,,14,7,13,000,2018,08,12,6,2,6,7,0,,0,0,1,0,0,1,"735433,780600000060000","5693508,483500000100000",12.380698270000039,51.344013473000075,0,,0,Mitte,,,0,0.0,70302,,,,,
4289,,,14,7,13,000,2018,09,12,1,3,9,1,0,,0,1,0,0,0,0,"736166,172000000020000","5693903,888000000300000",12.391457523000042,51.34725896300006,0,,0,Mitte,,,1,0.0,70315,,,,,
4290,,,14,7,13,000,2018,08,09,6,3,0,1,0,,1,0,0,0,0,0,"735113,263799999960000","5688791,382299999700000",12.372993589000032,51.30180354700008,4,,4,Süd,,,1,4.0,70316,,,,,
4291,,,14,7,30,270,2018,09,20,7,3,9,1,2,,0,1,0,0,0,0,"743197,641700000040000","5695239,216699999800000",12.493146567000053,51.35627956500008,2,,2,Ost,,,0,2.0,70341,,,,,
4292,,,14,7,13,000,2018,09,10,6,2,5,3,0,,1,1,0,0,0,0,"736161,839799999960000","5693922,810700000300000",12.391407980000054,51.347430616000054,0,,0,Mitte,,,0,0.0,70358,,,,,
4293,,,14,7,13,000,2018,09,15,7,3,4,2,0,,0,1,0,0,0,0,"736521,773999999980000","5690277,960900000300000",12.394147891000046,51.31456412300008,0,,0,Mitte,,,0,0.0,70379,,,,,
4294,,,14,7,13,000,2018,09,14,4,3,2,6,0,,0,1,0,0,0,0,"730334,388700000010000","5701068,324000000000000",12.312506638000059,51.41396618400006,8,,8,Nordwest,,,0,8.0,70387,,,,,
4295,,,14,7,13,000,2018,09,16,4,3,2,6,0,,0,1,0,0,0,0,"740309,209200000040000","5695960,823599999800000",12.452227613000048,51.36398511900006,2,,2,Ost,,,0,2.0,70453,,,,,
4296,,,14,7,13,000,2018,09,15,4,3,2,2,0,,0,0,0,1,1,0,"736641,934899999990000","5695731,878999999700000",12.399492416000044,51.36346938600008,9,,9,Nord,,,0,9.0,70474,,,,,
4297,,,14,7,13,000,2018,08,14,5,3,4,7,0,,0,0,0,1,1,0,"740359,244599999980000","5696001,777700000400000",12.45297268400003,51.36433154200006,2,,2,Ost,,,1,2.0,70480,,,,,
4298,,,14,7,13,000,2018,09,14,2,3,4,6,0,,1,0,0,0,0,0,"729911,989900000040000","5693112,301199999600000",12.301295640000035,51.342716719000066,7,,7,Alt-West,,,0,7.0,70491,,,,,
4299,,,14,7,13,000,2018,08,12,6,3,3,6,0,,0,1,0,0,0,0,"730632,405600000060000","5701178,370299999600000",12.316856362000067,51.41483293400006,8,,8,Nordwest,,,0,8.0,70506,,,,,
4300,,,14,7,13,000,2018,09,10,6,3,0,7,0,,0,0,0,1,0,0,"736055,527000000000000","5700933,370799999700000",12.394540922000033,51.41040256400004,9,,9,Nord,,,1,9.0,70511,,,,,
4301,,,14,7,13,000,2018,09,07,6,2,3,2,1,,1,0,0,0,1,0,"732795,194299999970000","5696860,857499999900000",12.345072987000037,51.37519295300007,8,,8,Nordwest,,,0,8.0,70542,,,,,
4302,,,14,7,13,000,2018,09,14,2,3,5,3,0,,0,1,0,0,0,0,"727211,393500000010000","5693380,905399999600000",12.262757208000039,51.346213712000065,7,,7,Alt-West,,,0,7.0,70600,,,,,
4303,,,14,7,13,000,2018,09,15,3,3,1,6,0,,0,1,0,0,0,1,"727739,291600000000000","5699055,007899999600000",12.273959390000073,51.396940330000064,8,,8,Nordwest,,,0,8.0,70618,,,,,
4304,,,14,7,13,000,2018,08,09,2,3,2,6,0,,0,1,0,0,0,0,"735738,611299999990000","5693571,521800000200000",12.38510900700004,51.34445301400007,0,,0,Mitte,,,0,0.0,70643,,,,,
4305,,,14,7,13,000,2018,08,17,2,3,5,3,0,,1,1,0,0,0,0,"726272,549400000020000","5690212,806099999700000",12.247286845000076,51.31814647500005,6,,6,West,,,0,6.0,70653,,,,,
4306,,,14,7,13,000,2018,09,06,4,3,4,2,0,,1,1,0,0,0,0,"732469,530600000060000","5692410,453400000000000",12.33749464400006,51.33537653600007,7,,7,Alt-West,,,0,7.0,70661,,,,,
4307,,,14,7,13,000,2018,09,19,4,3,0,2,1,,1,1,0,0,0,0,"739744,645999999950000","5695500,237599999600000",12.443822558000022,51.360089548000076,2,,2,Ost,,,0,2.0,70682,,,,,
4308,,,14,7,13,000,2018,09,15,3,3,1,6,0,,0,1,0,0,0,1,"727212,472799999990000","5699299,565600000300000",12.26655566900007,51.39934696700004,8,,8,Nordwest,,,0,8.0,70706,,,,,
4309,,,14,7,13,000,2018,09,10,1,2,8,1,0,,0,1,0,0,0,0,"732662,372500000060000","5697258,732200000400000",12.343428404000065,51.378818943000056,8,,8,Nordwest,,,1,8.0,70743,,,,,
4310,,,14,7,13,000,2018,09,12,2,3,4,2,0,,1,1,0,0,0,0,"732078,965300000040000","5692452,293300000000000",12.331924860000072,51.33591163300008,7,,7,Alt-West,,,0,7.0,70745,,,,,
4311,,,14,7,13,000,2018,09,13,6,3,0,7,0,,1,0,0,0,0,0,"736273,667299999970000","5694079,757700000000000",12.393115022000075,51.34879293600005,0,,0,Mitte,,,0,0.0,70753,,,,,
4312,,,14,7,13,000,2018,09,14,3,3,5,3,0,,1,0,0,0,0,0,"734757,350699999950000","5693486,707700000100000",12.370988832000023,51.344097703000045,0,,0,Mitte,,,0,0.0,70761,,,,,
4313,,,14,7,13,000,2018,09,16,7,3,2,6,0,,0,1,0,0,0,0,"739541,607500000040000","5694457,608400000300000",12.440209813000024,51.350816819000045,2,,2,Ost,,,0,2.0,70776,,,,,
4314,,,14,7,13,000,2018,08,13,2,3,2,6,0,,0,1,0,0,0,0,"736632,040000000040000","5695739,250400000300000",12.399355443000047,51.36353967400004,9,,9,Nord,,,0,9.0,70777,,,,,
4315,,,14,7,13,000,2018,09,16,4,3,5,3,0,,1,1,0,0,0,0,"741521,817300000000000","5690292,917100000200000",12.46577048100005,51.31259867800003,3,,3,Südost,,,0,3.0,70816,,,,,
4316,,,14,7,13,000,2018,09,14,4,3,5,3,0,,1,1,0,0,0,0,"737350,266999999990000","5690244,027999999900000",12.405991890000053,51.313914648000036,3,,3,Südost,,,0,3.0,70904,,,,,
4317,,,14,7,13,000,2018,08,14,5,3,3,2,0,,1,1,0,0,0,0,"732148,005400000020000","5692469,866499999500000",12.33292571000004,51.33604120600006,7,,7,Alt-West,,,1,7.0,70910,,,,,
4318,,,14,7,13,000,2018,09,14,3,3,2,6,0,,0,1,0,1,0,0,"735918,049899999980000","5700329,470800000200000",12.392166116000055,51.405039094000074,9,,9,Nord,,,0,9.0,70912,,,,,
4319,,,14,7,13,000,2018,09,19,2,3,8,1,1,,0,0,0,1,0,0,"734695,451400000020000","5693507,077100000300000",12.370115068000075,51.34430610100003,0,,0,Mitte,,,0,0.0,70921,,,,,
4320,,,14,7,13,000,2018,08,17,7,3,5,3,0,,1,1,0,0,0,0,"734614,910500000000000","5690188,471500000000000",12.366775963000066,51.314550061000034,4,,4,Süd,,,0,4.0,70927,,,,,
4321,,,14,7,13,000,2018,09,12,6,3,2,6,0,,0,1,0,0,1,0,"740886,073100000040000","5696349,459900000100000",12.460761723000076,51.36722905600004,2,,2,Ost,,,0,2.0,70933,,,,,
4322,,,14,7,13,000,2018,08,22,6,2,0,1,2,,1,0,0,0,0,0,"738542,314200000020000","5689451,508399999700000",12.422535296000035,51.30630268800007,3,,3,Südost,,,0,3.0,70936,,,,,
4323,,,14,7,13,000,2018,09,10,6,3,2,6,0,,0,1,0,0,0,0,"736246,017200000000000","5693700,656000000400000",12.392467127000032,51.34540153900008,0,,0,Mitte,,,1,0.0,70941,,,,,
4324,,,14,7,13,000,2018,09,10,1,3,8,1,0,,0,1,0,0,0,0,"735835,035799999950000","5698310,806300000300000",12.389633771000035,51.38695380300004,9,,9,Nord,,,1,9.0,70949,,,,,
4325,,,14,7,13,000,2018,08,12,4,3,3,6,0,,0,1,0,0,1,0,"742465,696699999970000","5684828,123399999900000",12.475579160000052,51.26314824700006,3,,3,Südost,,,0,3.0,70969,,,,,
4326,,,14,7,13,000,2018,09,13,7,3,2,3,0,,0,1,0,0,0,0,"745307,976000000020000","5690945,286999999500000",12.52044022900003,51.316834689000075,2,,2,Ost,,,0,2.0,70981,,,,,
4327,,,14,7,13,000,2018,09,19,2,3,2,6,1,,0,1,0,0,0,1,"739908,092300000020000","5695640,361600000400000",12.446260326000072,51.36127827300004,2,,2,Ost,,,0,2.0,70988,,,,,
4328,,,14,7,13,000,2018,09,16,6,3,2,6,0,,0,1,0,0,0,0,"736539,504800000000000","5692204,453300000200000",12.395680048000031,51.331849342000055,3,,3,Südost,,,0,3.0,70990,,,,,
4329,,,14,7,13,000,2018,08,13,7,3,1,6,0,,0,0,0,1,0,1,"735117,467999999990000","5697039,212299999800000",12.378498107000041,51.375837284000056,9,,9,Nord,,,1,9.0,70991,,,,,
4330,,,14,7,13,000,2018,09,13,2,3,5,2,0,,1,1,0,0,0,0,"736468,465199999980000","5693005,740399999500000",12.395194006000054,51.339071380000064,3,,3,Südost,,,0,3.0,71023,,,,,
4331,,,14,7,13,000,2018,08,22,6,2,5,2,2,,0,1,0,1,0,0,"735096,062400000050000","5697039,232200000400000",12.378191109000056,51.375846324000065,9,,9,Nord,,,1,9.0,71058,,,,,
4332,,,14,7,13,000,2018,09,16,5,3,5,3,0,,1,1,0,0,0,0,"732963,479599999960000","5692857,632899999600000",12.344865612000035,51.339188593000074,7,,7,Alt-West,,,0,7.0,71064,,,,,
4333,,,14,7,30,270,2018,09,21,4,3,7,7,2,,0,1,0,0,0,0,"727967,923300000020000","5701262,498599999600000",12.278658808000046,51.416665495000075,8,,8,Nordwest,,,0,8.0,71084,,,,,
4334,,,14,7,13,000,2018,08,23,5,3,9,1,2,,0,1,0,0,0,0,"734810,991900000020000","5693487,410500000200000",12.371758122000074,51.34408186100006,0,,0,Mitte,,,1,0.0,71111,,,,,
4335,,,14,7,13,000,2018,11,10,7,3,2,6,0,,0,1,0,1,0,0,"736512,958899999970000","5692230,573599999800000",12.39531702000005,51.33209484100007,3,,3,Südost,,,0,3.0,71142,,,,,
4336,,,14,7,13,000,2018,11,07,2,3,2,6,2,,0,1,0,0,0,0,"730433,508000000030000","5700981,996899999700000",12.313873451000063,51.41315097800003,8,,8,Nordwest,,,0,8.0,71184,,,,,
4337,,,14,7,13,000,2018,11,15,2,2,5,3,0,,0,1,0,0,0,0,"731840,567999999970000","5692531,786999999500000",12.32856016200003,51.33672246500004,7,,7,Alt-West,,,0,7.0,71186,,,,,
4338,,,14,7,13,000,2018,10,12,6,3,2,6,0,,0,1,0,0,0,0,"740538,453699999950000","5696138,160100000000000",12.455634391000046,51.36547981000007,2,,2,Ost,,,0,2.0,71197,,,,,
4339,,,14,7,13,000,2018,10,15,4,3,5,3,0,,1,1,0,0,0,0,"736413,595600000000000","5692685,281999999700000",12.39419499500002,51.33621769900003,3,,3,Südost,,,0,3.0,71203,,,,,
4340,,,14,7,13,000,2018,11,14,3,3,8,1,0,,0,1,0,0,0,0,"736183,416699999940000","5696643,950400000400000",12.393523746000028,51.371847064000065,9,,9,Nord,,,1,9.0,71217,,,,,
4341,,,14,7,13,000,2018,11,11,3,3,2,2,0,,0,1,0,0,0,0,"736647,640999999950000","5695612,146999999900000",12.399494575000062,51.36239228300008,9,,9,Nord,,,1,9.0,71237,,,,,
4342,,,14,7,13,000,2018,10,11,3,3,3,2,0,,0,0,0,0,1,1,"735732,761000000060000","5699718,589399999900000",12.389101165000056,51.39963276000003,9,,9,Nord,,,0,9.0,71243,,,,,
4343,,,14,7,13,000,2018,11,19,6,2,6,4,2,,0,1,1,0,0,0,"727548,971800000060000","5693346,215200000400000",12.267574206000063,51.34576726900008,7,,7,Alt-West,,,1,7.0,71251,,,,,
4344,,,14,7,13,000,2018,11,12,6,3,4,2,0,,0,1,0,0,0,0,"729849,340199999980000","5692855,831899999600000",12.300232129000051,51.34043971300008,7,,7,Alt-West,,,0,7.0,71257,,,,,
4345,,,14,7,13,000,2018,10,17,5,2,4,6,0,,1,0,0,0,0,0,"736573,225899999960000","5694582,630500000000000",12.397743081000044,51.35318220600004,1,,1,Nordost,,,1,1.0,71279,,,,,
4346,,,14,7,13,000,2018,10,13,4,2,5,2,0,,0,1,1,0,0,0,"736417,655600000060000","5692749,652200000400000",12.394295894000038,51.336793811000064,0,,0,Mitte,,,0,0.0,71291,,,,,
4347,,,14,7,13,000,2018,11,08,6,3,5,2,0,,1,0,0,0,0,1,"733562,903000000050000","5693076,318000000000000",12.353599673000076,51.34090575100004,0,,0,Mitte,,,0,0.0,71311,,,,,
4348,,,14,7,13,000,2018,10,09,7,3,2,6,0,,0,1,0,0,0,0,"736643,116999999970000","5695720,581000000200000",12.399501849000046,51.36336748200006,9,,9,Nord,,,0,9.0,71336,,,,,
4349,,,14,7,13,000,2018,11,16,4,3,5,2,1,,1,1,0,0,0,0,"736477,578800000020000","5693020,794300000200000",12.395334606000063,51.339202717000035,2,,2,Ost,,,0,2.0,71364,,,,,
4350,,,14,7,13,000,2018,11,08,4,3,2,6,0,,0,0,0,1,0,1,"736205,646900000050000","5693813,844100000300000",12.39196359500005,51.34643431100005,0,,0,Mitte,,,1,0.0,71369,,,,,
4351,,,14,7,13,000,2018,10,08,2,2,2,6,0,,0,1,0,0,1,0,"741856,286300000040000","5694633,616800000000000",12.47350670700007,51.35141646200003,2,,2,Ost,,,0,2.0,71371,,,,,
4352,,,14,7,13,000,2018,10,08,3,3,5,3,0,,1,1,0,0,0,0,"737389,001000000050000","5690265,921699999800000",12.406561242000066,51.31409501500008,3,,3,Südost,,,0,3.0,71384,,,,,
4353,,,14,7,13,000,2018,12,19,3,3,3,6,0,,0,1,0,0,1,0,"729775,692099999990000","5693129,943799999500000",12.299353415000041,51.342930195000065,7,,7,Alt-West,,,0,7.0,71398,,,,,
4354,,,14,7,13,000,2018,11,08,6,2,5,3,0,,0,1,0,0,0,0,"727199,550000000050000","5693381,956000000200000",12.262588102000052,51.34622787700005,7,,7,Alt-West,,,0,7.0,71426,,,,,
4355,,,14,7,13,000,2018,11,18,6,3,2,2,2,,0,1,0,0,0,0,"728086,055900000040000","5684072,969300000000000",12.269346763000044,51.26230283500007,5,,5,Südwest,,,1,5.0,71452,,,,,
4356,,,14,7,13,000,2018,12,14,2,2,4,1,0,,0,1,0,0,0,0,"740654,213699999960000","5702266,739099999900000",12.461447675000045,51.420437797000034,9,,9,Nord,,,1,9.0,71473,,,,,
4357,,,14,7,13,000,2018,11,15,1,3,6,2,0,,0,1,1,0,0,0,"734151,945199999960000","5693286,858199999700000",12.36218021600007,51.34255340800007,0,,0,Mitte,,,0,0.0,71477,,,,,
4358,,,14,7,13,000,2018,11,16,5,3,6,4,2,,0,1,1,0,0,0,"736238,369500000030000","5693695,293899999900000",12.392353956000022,51.34535658500005,0,,0,Mitte,,,0,0.0,71478,,,,,
4359,,,14,7,30,270,2018,10,18,4,2,2,6,1,,0,0,0,0,1,0,"727768,827200000060000","5701295,451200000000000",12.275821585000074,51.41704131700004,8,,8,Nordwest,,,0,8.0,71480,,,,,
4360,,,14,7,13,000,2018,10,06,4,3,3,2,1,,1,1,0,0,0,0,"736787,690999999990000","5694449,788300000100000",12.400729097000067,51.35190049500005,1,,1,Nordost,,,0,1.0,71485,,,,,
4361,,,14,7,13,000,2018,11,23,3,2,7,6,2,,0,1,0,0,0,1,"732748,182200000040000","5701107,995500000200000",12.347182832000044,51.41333686200005,8,,8,Nordwest,,,0,8.0,71500,,,,,
4362,,,14,7,13,000,2018,10,08,6,3,4,2,0,,0,1,0,0,0,1,"736544,389700000060000","5690276,960500000000000",12.394471158000044,51.31454574500003,0,,0,Mitte,,,0,0.0,71507,,,,,
4363,,,14,7,13,000,2018,11,12,6,3,2,6,0,,0,1,0,0,0,1,"738397,785500000000000","5694540,722500000100000",12.423869892000027,51.352043707000064,1,,1,Nordost,,,0,1.0,71515,,,,,
4364,,,14,7,13,000,2018,11,07,6,3,3,2,0,,1,1,0,0,0,0,"729942,956600000030000","5693108,046500000200000",12.301736750000032,51.342666002000044,7,,7,Alt-West,,,0,7.0,71519,,,,,
4365,,,14,7,13,000,2018,10,17,3,3,5,3,1,,0,1,0,0,0,0,"745897,191600000020000","5692187,250400000300000",12.529735467000023,51.327726959000074,2,,2,Ost,,,1,2.0,71520,,,,,
4366,,,14,7,13,000,2018,11,09,5,3,5,2,0,,1,1,0,0,0,0,"736321,506300000010000","5694341,776499999700000",12.393974694000065,51.35112497600005,0,,0,Mitte,,,0,0.0,71541,,,,,
4367,,,14,7,13,000,2018,10,07,2,3,5,3,0,,1,1,0,0,0,0,"732961,861000000030000","5692856,990000000200000",12.344841994000035,51.339183485000035,7,,7,Alt-West,,,0,7.0,71560,,,,,
4368,,,14,7,13,000,2018,10,12,4,3,1,7,0,,0,0,1,0,0,1,"735437,129700000050000","5693506,489400000300000",12.380744953000033,51.34399418600003,0,,0,Mitte,,,0,0.0,71570,,,,,
4369,,,14,7,13,000,2018,10,06,6,1,2,6,2,,0,1,0,1,1,0,"730110,385000000010000","5683414,893000000200000",12.297888611000076,51.25558183000004,5,,5,Südwest,,,1,5.0,71590,,,,,
4370,,,14,7,13,000,2018,10,14,3,3,2,6,0,,0,1,0,0,0,0,"739162,495099999940000","5694474,518899999600000",12.434787013000062,51.35112823700007,2,,2,Ost,,,0,2.0,71594,,,,,
4371,,,14,7,13,000,2018,11,16,5,3,2,2,1,,0,1,0,0,0,0,"736641,925300000000000","5695731,971300000300000",12.399492340000052,51.36347021900008,9,,9,Nord,,,0,9.0,71595,,,,,
4372,,,14,7,30,270,2018,10,14,4,2,2,6,0,,0,1,0,0,0,1,"730161,515299999970000","5701180,091699999800000",12.310097492000068,51.41503968900008,8,,8,Nordwest,,,0,8.0,71685,,,,,
4373,,,14,7,13,000,2018,11,11,4,2,5,3,0,,0,1,0,0,0,1,"745879,242199999980000","5692175,135800000300000",12.529469979000055,51.32762598900007,2,,2,Ost,,,0,2.0,71720,,,,,
4374,,,14,7,13,000,2018,10,20,3,1,4,1,2,,0,1,0,1,0,0,"737611,122899999960000","5690341,764000000400000",12.40979318500007,51.31468309600007,3,,3,Südost,,,1,3.0,71721,,,,,
4375,,,14,7,13,000,2018,12,10,2,2,6,4,0,,0,1,1,0,0,0,"735586,617399999990000","5697094,405299999800000",12.385263462000069,51.37613828900004,9,,9,Nord,,,1,9.0,71743,,,,,
4376,,,14,7,13,000,2018,10,10,5,3,5,2,0,,0,1,0,0,0,0,"736142,826000000000000","5701506,378999999700000",12.39617544500004,51.41550958100004,9,,9,Nord,,,0,9.0,71744,,,,,
4377,,,14,7,13,000,2018,10,08,3,3,5,3,0,,1,1,0,0,0,0,"737348,898200000050000","5690243,985100000200000",12.405972256000041,51.31391483400006,3,,3,Südost,,,0,3.0,71749,,,,,
4378,,,14,7,13,000,2018,11,20,5,3,5,2,2,,1,1,0,0,0,0,"734642,222199999960000","5693488,074699999800000",12.369339620000062,51.34415749800007,0,,0,Mitte,,,0,0.0,71751,,,,,
4379,,,14,7,13,000,2018,10,19,3,2,8,1,2,,0,1,0,0,0,0,"742701,302600000050000","5694905,823300000300000",12.48580425800003,51.35349943400007,2,,2,Ost,,,1,2.0,71752,,,,,
4380,,,14,7,13,000,2018,10,17,6,3,2,6,0,,0,1,0,0,1,0,"735958,484300000010000","5700319,651700000300000",12.392739881000068,51.40493414200006,9,,9,Nord,,,0,9.0,71780,,,,,
4381,,,14,7,13,000,2018,11,18,6,3,2,6,2,,0,1,0,0,0,0,"739793,489700000030000","5694470,288099999500000",12.443828783000072,51.35082442800007,2,,2,Ost,,,1,2.0,71784,,,,,
4382,,,14,7,13,000,2018,11,13,6,3,9,1,0,,0,1,0,0,0,0,"732187,713600000020000","5699239,017599999900000",12.337914389000048,51.39678952500003,8,,8,Nordwest,,,1,8.0,71804,,,,,
4383,,,14,7,13,000,2018,10,17,7,3,2,6,0,,0,1,0,0,0,0,"728026,555000000050000","5691274,349000000400000",12.273094014000037,51.326976168000044,6,,6,West,,,0,6.0,71819,,,,,
4384,,,14,7,13,000,2018,10,18,5,3,5,3,2,,0,1,0,0,0,0,"729707,068500000050000","5693137,298700000200000",12.298374545000058,51.34302394900004,7,,7,Alt-West,,,0,7.0,71834,,,,,
4385,,,14,7,13,000,2018,10,11,4,3,5,3,0,,0,1,0,0,0,0,"738577,091000000010000","5694523,928000000300000",12.426428878000024,51.35181773100004,1,,1,Nordost,,,0,1.0,71846,,,,,
4386,,,14,7,13,000,2018,10,15,3,3,5,3,0,,0,1,0,0,0,0,"733777,082500000020000","5696911,097400000300000",12.359188957000072,51.37524060700008,9,,9,Nord,,,0,9.0,71861,,,,,
4387,,,14,7,13,000,2018,11,17,6,3,2,6,1,,0,1,0,0,0,0,"740886,311800000020000","5696361,785500000200000",12.460773495000069,51.367339583000046,2,,2,Ost,,,0,2.0,71865,,,,,
4388,,,14,7,13,000,2018,10,15,7,3,5,2,0,,1,1,0,0,0,0,"734727,692400000060000","5690203,315999999600000",12.368401176000077,51.31463681100007,4,,4,Süd,,,0,4.0,71890,,,,,
4389,,,14,7,13,000,2018,10,12,1,3,1,6,0,,0,1,0,0,0,0,"741272,440500000030000","5696608,006000000100000",12.466477109000039,51.36938567000004,2,,2,Ost,,,0,2.0,71892,,,,,
4390,,,14,7,13,000,2018,11,19,3,2,4,7,1,,0,1,0,0,0,0,"730264,530700000000000","5701140,123700000300000",12.311550412000031,51.41463908500003,8,,8,Nordwest,,,0,8.0,71896,,,,,
4391,,,14,7,13,000,2018,11,15,4,2,9,1,0,,0,0,0,1,0,0,"736632,106400000050000","5695738,842000000200000",12.399356124000064,51.36353598000005,9,,9,Nord,,,0,9.0,71917,,,,,
4392,,,14,7,13,000,2018,12,05,3,2,3,6,2,,0,1,0,0,1,1,"731052,462399999960000","5701177,724100000200000",12.322886112000049,51.414656154000056,8,,8,Nordwest,,,1,8.0,71935,,,,,
4393,,,14,7,13,000,2018,10,13,2,3,4,2,0,,1,1,0,0,0,0,"732079,743499999980000","5692452,481499999800000",12.331936135000035,51.335913005000066,7,,7,Alt-West,,,0,7.0,71975,,,,,
4394,,,14,7,13,000,2018,10,16,7,3,1,6,0,,0,1,0,0,0,1,"727749,605300000050000","5699062,719300000000000",12.274112346000038,51.39700541800005,8,,8,Nordwest,,,0,8.0,71979,,,,,
4395,,,14,7,13,000,2018,11,16,6,3,6,4,0,,1,0,1,0,0,0,"733840,581099999950000","5693218,902499999900000",12.357672974000025,51.34207154000006,0,,0,Mitte,,,0,0.0,71984,,,,,
4396,,,14,7,13,000,2018,11,07,4,3,5,2,0,,1,1,0,0,0,0,"740891,047999999950000","5696352,697999999900000",12.46083525000006,51.36725601000006,2,,2,Ost,,,1,2.0,71999,,,,,
4397,,,14,7,13,000,2018,11,06,2,3,4,2,1,,1,1,0,0,0,0,"739347,799000000000000","5694466,368999999900000",12.437437677000048,51.35097709100006,2,,2,Ost,,,0,2.0,72008,,,,,
4398,,,14,7,13,000,2018,11,07,5,3,2,6,0,,0,1,0,0,0,0,"727195,483800000050000","5693382,327999999700000",12.262530050000066,51.34623284200006,7,,7,Alt-West,,,0,7.0,72023,,,,,
4399,,,14,7,13,000,2018,12,07,2,3,5,2,1,,0,1,0,0,0,0,"729849,569900000000000","5692856,299599999600000",12.300235723000071,51.34044381900003,7,,7,Alt-West,,,1,7.0,72030,,,,,
4400,,,14,7,13,000,2018,11,07,7,2,9,7,1,,0,1,0,0,0,0,"728592,246099999990000","5682263,164699999600000",12.275433832000033,51.245852795000076,5,,5,Südwest,,,0,5.0,72032,,,,,
4401,,,14,7,13,000,2018,12,14,1,3,2,2,0,,0,1,0,0,0,0,"728060,778999999980000","5693296,679999999700000",12.274879087000045,51.34511749600006,7,,7,Alt-West,,,1,7.0,72042,,,,,
4402,,,14,7,13,000,2018,10,06,3,3,0,7,2,,0,0,0,0,0,1,"736066,528300000010000","5700922,544300000200000",12.39469162100005,51.410300806000066,9,,9,Nord,,,1,9.0,72063,,,,,
4403,,,14,7,13,000,2018,10,07,6,2,0,1,1,,1,0,0,0,0,0,"734428,245400000010000","5693394,662999999700000",12.36621122400004,51.34340726100004,0,,0,Mitte,,,1,0.0,72065,,,,,
4404,,,14,7,13,000,2018,11,14,6,3,3,2,0,,1,1,0,0,0,0,"729947,008500000000000","5693107,551500000100000",12.301794507000068,51.342659920000074,7,,7,Alt-West,,,0,7.0,72078,,,,,
4405,,,14,7,13,000,2018,10,06,4,3,5,3,2,,1,1,0,0,0,0,"736205,883000000030000","5693812,498999999800000",12.391966087000071,51.346422139000026,0,,0,Mitte,,,1,0.0,72132,,,,,
4406,,,14,7,13,000,2018,10,19,4,2,6,4,2,,0,1,1,0,0,0,"738583,115200000000000","5694521,452100000300000",12.426513571000044,51.35179297900004,2,,2,Ost,,,0,2.0,72160,,,,,
4407,,,14,7,13,000,2018,09,20,1,3,0,7,2,,0,0,0,1,0,0,"735851,313399999980000","5693711,335400000200000",12.386816938000038,51.345661275000055,0,,0,Mitte,,,0,0.0,72163,,,,,
4408,,,14,7,13,000,2018,10,19,4,3,5,2,2,,0,1,0,0,0,0,"740891,047999999950000","5696352,697999999900000",12.46083525000006,51.36725601000006,2,,2,Ost,,,0,2.0,72195,,,,,
4409,,,14,7,13,000,2018,10,11,3,3,5,3,0,,0,1,0,0,0,0,"734775,735600000010000","5693526,352199999600000",12.371278478000022,51.34444597600003,0,,0,Mitte,,,0,0.0,72210,,,,,
4410,,,14,7,13,000,2018,10,10,3,3,2,6,0,,0,1,0,0,0,0,"736669,688500000050000","5695563,005800000400000",12.399777998000047,51.36194200400007,9,,9,Nord,,,0,9.0,72219,,,,,
4411,,,14,7,13,000,2018,12,16,3,3,2,6,1,,0,1,0,0,0,0,"736526,340800000010000","5696102,924599999600000",12.398081743000034,51.366848066000045,9,,9,Nord,,,0,9.0,72225,,,,,
4412,,,14,7,13,000,2018,11,17,4,3,2,6,2,,0,1,0,0,0,0,"735856,000400000020000","5693713,376000000200000",12.386885469000049,51.34567764800005,0,,0,Mitte,,,0,0.0,72281,,,,,
4413,,,14,7,13,000,2018,12,17,2,2,2,4,2,,0,1,1,0,0,0,"737157,251799999970000","5691092,453999999900000",12.403791566000052,51.32161068800008,0,,0,Mitte,,,1,0.0,72303,,,,,
4414,,,14,7,13,000,2018,11,11,1,3,0,7,0,,0,1,0,0,0,1,"737099,693100000030000","5699908,621199999900000",12.408843065000042,51.40076897400007,9,,9,Nord,,,1,9.0,72307,,,,,
4415,,,14,7,13,000,2018,11,08,5,3,6,2,0,,0,1,1,0,0,0,"733860,885000000010000","5693220,923200000100000",12.35796530400006,51.34208132800006,0,,0,Mitte,,,0,0.0,72316,,,,,
4416,,,14,7,13,000,2018,11,04,3,2,8,1,2,,0,1,0,0,0,0,"731729,281399999980000","5701175,708499999700000",12.33260081700007,51.414361917000065,8,,8,Nordwest,,,0,8.0,72329,,,,,
4417,,,14,7,13,000,2018,11,16,6,3,2,6,1,,0,1,0,0,0,0,"729778,328499999950000","5693129,659000000000000",12.29939102000003,51.34292657300006,7,,7,Alt-West,,,1,7.0,72359,,,,,
4418,,,14,7,13,000,2018,10,13,3,3,3,6,0,,0,1,0,0,0,0,"735856,128999999960000","5693713,383399999700000",12.38688731700006,51.34567766100008,0,,0,Mitte,,,0,0.0,72366,,,,,
4419,,,14,7,13,000,2018,09,05,7,3,5,3,2,,0,1,0,0,0,0,"736200,222500000030000","5693813,047600000200000",12.39188531800005,51.346429415000046,0,,0,Mitte,,,0,0.0,72369,,,,,
4420,,,14,7,13,000,2018,09,04,7,3,2,2,2,,0,1,0,0,0,0,"739339,880000000000000","5695167,258000000400000",12.437795532000052,51.35727143500003,2,,2,Ost,,,0,2.0,72372,,,,,
4421,,,14,7,13,000,2018,12,17,7,3,2,6,1,,0,1,0,0,0,0,"728555,491500000000000","5693248,578900000100000",12.281939623000028,51.34448701800005,7,,7,Alt-West,,,0,7.0,72422,,,,,
4422,,,14,7,13,000,2018,10,11,3,3,4,2,0,,0,1,0,0,0,0,"738578,595199999980000","5694525,184399999700000",12.426451282000073,51.35182837700006,1,,1,Nordost,,,0,1.0,72424,,,,,