UNFALL_ID,FID_left,OBJECTID,ULAND,UREGBEZ,UKREIS,UGEMEINDE,UJAHR,UMONAT,USTUNDE,UWOCHENTAG,UKATEGORIE,UART,UTYP1,ULICHTVERH,IstStrasse,IstRad,IstPKW,IstFuss,IstKrad,IstGkfz,IstSonstig,LINREFX,LINREFY,XGCSWGS84,YGCSWGS84,index_right,FID_right,SBZ,Name,UIDENTSTLA,LICHT,STRZUSTAND,FID,OBJECTID_1,IstSonstige,UIDENTSTLAE,OID_,IstStrassenzustand,PLST
4423,,,14,7,13,000,2018,10,01,6,3,9,1,2,,0,1,0,0,0,0,"733809,329999999960000","5693177,846900000200000",12.357198118000042,51.341715855000075,0,,0,Mitte,,,1,0.0,72438,,,,,
4424,,,14,7,30,270,2018,10,22,1,2,2,6,2,,0,1,0,0,0,0,"728268,545300000000000","5701220,457700000100000",12.282947701000069,51.41616716000004,8,,8,Nordwest,,,0,8.0,72449,,,,,
4425,,,14,7,13,000,2018,11,14,1,3,4,2,0,,0,1,0,0,0,0,"732600,554000000000000","5698603,690999999600000",12.343422305000047,51.39091741000004,8,,8,Nordwest,,,0,8.0,72462,,,,,
4426,,,14,7,13,000,2018,11,06,4,3,4,3,1,,0,1,0,0,0,0,"740201,108899999990000","5687789,099100000200000",12.445170723000047,51.29068387500007,3,,3,Südost,,,0,3.0,72475,,,,,
4427,,,14,7,13,000,2018,11,19,7,3,3,7,2,,0,1,0,0,0,0,"738388,528100000000000","5699419,684600000300000",12.427009113000054,51.39584038100003,1,,1,Nordost,,,0,1.0,72508,,,,,
4428,,,14,7,13,000,2018,12,07,5,2,6,2,2,,0,1,1,0,0,0,"741353,447700000020000","5686901,481200000300000",12.461066646000063,51.28222988300007,3,,3,Südost,,,1,3.0,72514,,,,,
4429,,,14,7,13,000,2018,12,18,5,3,2,2,2,,0,1,0,0,0,0,"729674,659300000060000","5692499,828400000000000",12.297498921000056,51.33731442700008,7,,7,Alt-West,,,0,7.0,72552,,,,,
4430,,,14,7,13,000,2018,12,13,1,3,5,2,0,,0,1,0,0,0,0,"728395,447000000040000","5690402,969999999700000",12.277821546000041,51.319005581000056,6,,6,West,,,1,6.0,72582,,,,,
4431,,,14,7,13,000,2018,12,08,4,3,2,6,1,,0,1,0,0,0,0,"737085,913100000010000","5694292,004599999600000",12.404898930000058,51.35035990700004,1,,1,Nordost,,,1,1.0,72595,,,,,
4432,,,14,7,13,000,2018,12,13,4,3,9,1,0,,0,1,0,0,0,0,"743039,632899999970000","5695349,819899999500000",12.490957091000041,51.35733984800004,2,,2,Ost,,,1,2.0,72604,,,,,
4433,,,14,7,13,000,2018,12,16,3,3,5,3,2,,0,1,0,0,0,0,"733551,572999999970000","5693104,463000000500000",12.353455748000044,51.341163050000034,0,,0,Mitte,,,0,0.0,72620,,,,,
4434,,,14,7,13,000,2018,12,07,3,3,2,6,0,,0,1,0,0,0,0,"730306,610299999940000","5688548,313600000000000",12.30400363700005,51.301585973000044,5,,5,Südwest,,,1,5.0,72622,,,,,
4435,,,14,7,13,000,2018,12,06,4,3,5,3,2,,0,1,0,0,0,0,"736547,299800000040000","5690276,831600000200000",12.394512754000061,51.31454337800005,0,,0,Mitte,,,1,0.0,72653,,,,,
4436,,,14,7,13,000,2018,12,18,7,2,4,6,2,,0,1,0,0,0,0,"737008,044600000020000","5694305,731800000200000",12.403791885000032,51.35051559600004,1,,1,Nordost,,,0,1.0,72654,,,,,
4437,,,14,7,13,000,2018,12,13,3,3,2,6,0,,0,1,0,0,0,0,"736995,723800000040000","5691379,936800000300000",12.401668732000076,51.32425847400003,3,,3,Südost,,,0,3.0,72694,,,,,
4438,,,14,7,13,000,2018,12,17,7,3,2,2,2,,0,1,0,0,0,0,"738287,958400000000000","5694495,079099999700000",12.422265019000065,51.351680069000054,1,,1,Nordost,,,1,1.0,72700,,,,,
4439,,,14,7,13,000,2018,12,19,2,3,6,4,2,,0,1,1,0,0,0,"735453,176300000050000","5693496,935300000000000",12.380968625000037,51.343901781000056,0,,0,Mitte,,,1,0.0,72746,,,,,
4440,,,14,7,13,000,2018,12,18,2,2,6,4,2,,0,1,1,0,0,0,"732383,383999999960000","5692413,275399999700000",12.336261955000055,51.335437074000026,7,,7,Alt-West,,,1,7.0,72751,,,,,
4441,,,14,7,13,000,2018,12,19,7,3,5,2,1,,1,1,0,0,0,0,"731916,167999999950000","5692462,264000000400000",12.329598331000057,51.336067548000074,7,,7,Alt-West,,,1,7.0,72766,,,,,
4442,,,14,7,13,000,2018,12,15,3,2,4,2,0,,0,1,0,0,0,0,"735991,022000000000000","5697125,441999999800000",12.391084242000034,51.376248978000035,9,,9,Nord,,,0,9.0,72789,,,,,
4443,,,14,7,13,000,2018,12,05,3,3,5,2,2,,1,1,0,0,0,0,"736381,005699999980000","5702029,291000000200000",12.39994304000004,51.42010402100004,9,,9,Nord,,,0,9.0,72856,,,,,
4444,,,14,7,13,000,2018,12,18,5,3,5,3,1,,0,1,0,0,0,1,"745898,724300000000000","5692187,882700000000000",12.529757859000028,51.32773197100005,2,,2,Ost,,,1,2.0,72884,,,,,
4445,,,14,7,13,000,2018,12,14,1,3,5,3,0,,1,1,0,0,0,0,"734276,008099999980000","5693338,682300000500000",12.363992429000064,51.34296750100003,0,,0,Mitte,,,0,0.0,72885,,,,,
4446,,,14,7,13,000,2018,12,16,7,3,5,2,2,,1,1,0,0,0,0,"732387,854300000010000","5692412,085699999700000",12.336325241000054,51.335424568000064,7,,7,Alt-West,,,0,7.0,72918,,,,,
4447,,,14,7,13,000,2018,12,10,7,2,3,7,0,,0,1,0,0,0,0,"732994,410299999990000","5696870,680300000100000",12.347936747000062,51.37519943400008,8,,8,Nordwest,,,0,8.0,72922,,,,,
4448,,,14,7,13,000,2018,12,09,7,3,5,3,0,,1,1,0,0,0,0,"733825,705100000020000","5693215,633500000500000",12.357457620000048,51.34204831300008,0,,0,Mitte,,,0,0.0,72931,,,,,
4449,,,14,7,13,000,2018,12,15,5,2,2,6,0,,0,1,0,0,0,0,"728853,637499999950000","5682494,392599999900000",12.279320445000053,51.24782382700005,5,,5,Südwest,,,0,5.0,72943,,,,,
4450,,,14,7,13,000,2018,12,00,6,3,8,1,2,,0,1,0,0,0,0,"728026,240499999960000","5691271,640499999700000",12.273087774000032,51.32695197900006,6,,6,West,,,0,6.0,72956,,,,,
4451,,,14,7,13,000,2018,12,17,4,3,5,3,2,,0,1,0,0,0,0,"740382,721299999980000","5694443,733900000300000",12.452256712000064,51.35033721800005,2,,2,Ost,,,1,2.0,72986,,,,,
4452,,,14,7,13,000,2018,12,16,6,3,3,6,1,,0,1,0,0,0,0,"743043,675399999950000","5695346,611800000100000",12.491012850000061,51.357309325000074,2,,2,Ost,,,1,2.0,73007,,,,,
4453,,,14,7,13,000,2018,12,01,1,2,6,4,2,,0,1,1,0,0,0,"735388,837500000020000","5693535,252000000300000",12.380071814000075,51.34427236400006,0,,0,Mitte,,,1,0.0,73009,,,,,
4454,,,14,7,13,000,2018,12,10,6,2,2,6,0,,0,1,0,0,1,0,"736378,352100000020000","5702016,188000000100000",12.399896209000076,51.41998751500006,9,,9,Nord,,,1,9.0,73011,,,,,
4455,,,14,7,13,000,2018,12,17,6,3,6,2,2,,0,1,1,0,0,0,"738869,178199999970000","5694486,644200000000000",12.430590725000059,51.35136040800006,2,,2,Ost,,,1,2.0,73014,,,,,
4456,,,14,7,13,000,2018,12,07,6,3,5,3,1,,1,0,0,0,0,1,"737345,051199999990000","5690243,864699999800000",12.405917076000037,51.31391535700004,4,,4,Süd,,,0,4.0,73132,,,,,
4457,,,14,7,13,000,2018,12,01,7,3,2,6,2,,0,1,0,0,0,1,"734710,041500000050000","5700665,980700000200000",12.37505174200004,51.40856074800007,9,,9,Nord,,,1,9.0,73157,,,,,
4458,,,14,7,13,000,2018,01,15,5,3,3,2,0,,1,1,0,0,0,0,"733796,402800000040000","5694155,603799999700000",12.357654896000042,51.35049802100008,0,,0,Mitte,,,0,0.0,165357,,,,,
4459,,,14,7,13,000,2018,01,18,5,3,2,6,2,,0,1,0,0,0,1,"731236,849099999990000","5696756,857699999600000",12.322653783000021,51.374896008000064,8,,8,Nordwest,,,1,8.0,165359,,,,,
4460,,,14,7,13,000,2018,01,12,5,3,2,2,0,,0,1,0,0,0,0,"729937,730199999990000","5694332,514399999800000",12.302452731000074,51.35366018600007,7,,7,Alt-West,,,0,7.0,165360,,,,,
4461,,,14,7,13,000,2018,01,11,5,3,6,4,0,,0,1,1,0,0,0,"738348,293900000050000","5692368,118400000000000",12.421706361000076,51.332563347000075,2,,2,Ost,,,0,2.0,165362,,,,,
4462,,,14,7,13,000,2018,01,07,5,3,6,2,0,,0,1,1,0,0,0,"738222,766599999970000","5690686,429700000200000",12.418783924000024,51.31752114100004,3,,3,Südost,,,0,3.0,165364,,,,,
4463,,,14,7,13,000,2018,01,13,4,2,6,4,0,,0,1,1,0,0,0,"735098,723000000000000","5694285,865700000000000",12.37640936400004,51.35113016400004,0,,0,Mitte,,,0,0.0,165384,,,,,
4464,,,14,7,13,000,2018,01,11,4,3,3,2,0,,1,0,0,0,0,1,"735098,969399999940000","5694133,382799999800000",12.376312184000028,51.34976132400004,0,,0,Mitte,,,0,0.0,165390,,,,,
4465,,,14,7,13,000,2018,01,09,4,3,2,2,0,,1,0,0,0,0,0,"731984,848299999950000","5690223,341400000300000",12.329125437000073,51.31594117700007,5,,5,Südwest,,,0,5.0,165392,,,,,
4466,,,14,7,13,000,2018,01,10,4,3,1,5,0,,1,1,0,0,0,0,"735395,922700000000000","5690990,044599999700000",12.378491887000052,51.32142279800007,4,,4,Süd,,,0,4.0,165394,,,,,
4467,,,14,7,13,000,2018,01,13,4,2,6,7,0,,0,0,1,0,0,1,"738795,525600000050000","5696015,249699999600000",12.430560909000064,51.36511184400007,1,,1,Nordost,,,0,1.0,165397,,,,,
4468,,,14,7,13,000,2018,01,12,4,3,4,2,0,,0,1,0,0,0,0,"736581,385400000030000","5691294,536299999800000",12.395676159000061,51.32366433900006,0,,0,Mitte,,,0,0.0,165399,,,,,
4469,,,14,7,13,000,2018,01,10,4,2,6,4,0,,0,1,1,0,0,0,"736200,589000000040000","5691889,265599999600000",12.390614932000062,51.32916098000004,0,,0,Mitte,,,0,0.0,165401,,,,,
4470,,,14,7,13,000,2018,01,00,2,3,6,4,2,,0,1,1,0,0,0,"735050,661199999970000","5691139,093700000100000",12.373644054000067,51.322903448000034,4,,4,Süd,,,0,4.0,165433,,,,,
4471,,,14,7,13,000,2018,01,08,3,3,1,5,1,,1,1,0,0,0,0,"737324,056499999950000","5693044,909000000000000",12.407481329000063,51.339066539000044,2,,2,Ost,,,0,2.0,165437,,,,,
4472,,,14,7,13,000,2018,01,16,2,3,2,2,2,,0,1,0,0,0,0,"735500,739399999960000","5692056,258100000200000",12.380697878000035,51.33095011700004,0,,0,Mitte,,,0,0.0,165456,,,,,
4473,,,14,7,13,000,2018,01,15,2,3,6,7,0,,0,1,1,0,0,0,"735891,569600000050000","5693496,482699999600000",12.387251594000077,51.34371600400004,0,,0,Mitte,,,0,0.0,165458,,,,,
4474,,,14,7,13,000,2018,01,07,2,3,5,3,1,,1,0,0,0,1,0,"736341,275999999950000","5692763,110999999600000",12.39321029100006,51.33694636600006,0,,0,Mitte,,,0,0.0,165460,,,,,
4475,,,14,7,13,000,2018,01,15,2,3,3,2,0,,1,1,0,0,0,0,"735465,992100000030000","5691975,270300000000000",12.380146486000058,51.330237529000044,0,,0,Mitte,,,0,0.0,165462,,,,,
4476,,,14,7,13,000,2018,01,07,2,3,5,3,2,,0,1,0,1,0,0,"741931,726799999950000","5691566,807099999900000",12.472505191000039,51.32385838600004,2,,2,Ost,,,0,2.0,165466,,,,,
4477,,,14,7,13,000,2018,01,16,2,3,3,2,1,,1,1,0,0,0,0,"736715,162800000050000","5689263,463299999900000",12.396244749000061,51.305377383000064,4,,4,Süd,,,0,4.0,165468,,,,,
4478,,,14,7,13,000,2018,01,07,2,3,5,2,0,,1,1,0,0,0,0,"732642,259100000020000","5690708,462700000000000",12.338858995000066,51.32002763100007,5,,5,Südwest,,,0,5.0,165473,,,,,
4479,,,14,7,13,000,2018,01,15,2,3,1,5,0,,1,1,0,0,0,0,"734728,123499999990000","5690175,784300000400000",12.368389233000073,51.31438949500006,4,,4,Süd,,,0,4.0,165476,,,,,
4480,,,14,7,13,000,2018,01,00,1,3,2,6,2,,0,1,0,0,0,0,"734653,754900000060000","5693281,901800000100000",12.369369057000029,51.34230204600004,0,,0,Mitte,,,0,0.0,165492,,,,,
4481,,,14,7,13,000,2018,01,19,1,3,5,3,2,,0,1,0,0,0,0,"729936,054000000000000","5693199,263000000300000",12.301696712000023,51.343487647000075,7,,7,Alt-West,,,0,7.0,165495,,,,,
4482,,,14,7,13,000,2018,01,03,1,2,6,4,2,,0,1,1,0,0,0,"736941,979199999940000","5690489,165799999600000",12.400306862000036,51.31628515800003,0,,0,Mitte,,,1,0.0,165500,,,,,
4483,,,14,7,13,000,2018,01,11,1,2,5,3,0,,0,1,0,0,0,0,"735602,394100000030000","5697095,342500000300000",12.385490362000041,51.376140157000066,9,,9,Nord,,,1,9.0,165503,,,,,
4484,,,14,7,13,000,2018,01,18,7,3,2,6,2,,0,1,0,0,0,0,"731176,210700000050000","5690681,998800000200000",12.317839240000069,51.32038755100007,5,,5,Südwest,,,0,5.0,165507,,,,,
4485,,,14,7,13,000,2018,01,18,7,3,5,3,2,,0,1,0,0,0,0,"735116,943199999980000","5693979,542700000100000",12.376468221000039,51.34837297000007,0,,0,Mitte,,,0,0.0,165509,,,,,
4486,,,14,7,13,000,2018,01,13,6,3,6,7,0,,0,1,1,0,0,0,"736042,552900000010000","5692252,998100000400000",12.388591543000075,51.33249153200006,0,,0,Mitte,,,1,0.0,165519,,,,,
4487,,,14,7,13,000,2018,01,07,6,3,5,3,0,,1,0,0,0,1,0,"734653,275600000050000","5693209,865500000300000",12.36931472200007,51.341655616000025,0,,0,Mitte,,,0,0.0,165522,,,,,
4488,,,14,7,13,000,2018,01,21,5,3,3,6,2,,1,0,0,0,0,0,"734059,631900000040000","5690728,141300000300000",12.359176495000042,51.31962305500008,4,,4,Süd,,,0,4.0,165543,,,,,
4489,,,14,7,13,000,2018,01,16,5,3,5,2,2,,1,1,0,0,0,0,"740902,273000000040000","5696371,433000000200000",12.461008893000042,51.36741940600007,2,,2,Ost,,,1,2.0,165545,,,,,
4490,,,14,7,13,000,2018,01,15,5,3,6,4,0,,0,1,1,0,0,0,"730767,352100000020000","5693695,272199999500000",12.313933569000028,51.347603485000036,7,,7,Alt-West,,,1,7.0,165547,,,,,
4491,,,14,7,13,000,2018,01,16,5,3,6,4,2,,0,1,1,0,0,0,"735415,445500000030000","5690313,171600000000000",12.378324725000027,51.31533886400007,4,,4,Süd,,,0,4.0,165551,,,,,
4492,,,14,7,13,000,2018,01,07,4,3,5,2,2,,1,1,0,0,0,0,"735018,728899999990000","5692401,164699999600000",12.374018828000032,51.334245485000054,0,,0,Mitte,,,1,0.0,165579,,,,,
4493,,,14,7,13,000,2018,01,07,4,2,6,2,1,,0,1,1,0,0,0,"734635,528799999970000","5695386,329400000200000",12.370495134000066,51.36119973700005,9,,9,Nord,,,1,9.0,165584,,,,,
4494,,,14,7,13,000,2018,01,15,4,3,1,6,0,,0,1,0,0,0,0,"739760,856499999990000","5688234,207299999900000",12.43916727900006,51.29486456200004,3,,3,Südost,,,1,3.0,165585,,,,,
4495,,,14,7,13,000,2018,01,06,3,3,5,3,2,,1,1,0,0,0,0,"735177,499300000020000","5689047,424200000200000",12.374082118000047,51.30407536300004,4,,4,Süd,,,1,4.0,165605,,,,,
4496,,,14,7,13,000,2018,01,08,3,3,4,1,0,,0,1,0,0,0,0,"736180,515299999970000","5694449,866600000300000",12.392025361000037,51.35215381300003,1,,1,Nordost,,,1,1.0,165607,,,,,
4497,,,14,7,13,000,2018,01,16,2,3,0,7,0,,0,0,0,1,0,0,"735405,224799999970000","5692335,118200000400000",12.379513520000046,51.33349279400005,0,,0,Mitte,,,1,0.0,165617,,,,,
4498,,,14,7,13,000,2018,01,23,2,2,5,2,2,,1,1,0,0,0,0,"739050,927400000040000","5694927,862900000100000",12.433492299000022,51.355244292000066,1,,1,Nordost,,,1,1.0,165618,,,,,
4499,,,14,7,13,000,2018,01,06,2,2,5,2,2,,0,1,0,0,0,0,"733821,803700000050000","5692555,790400000300000",12.356968539000036,51.336126817000036,0,,0,Mitte,,,1,0.0,165619,,,,,
4500,,,14,7,13,000,2018,01,17,2,3,5,3,2,,1,1,0,0,0,0,"735295,430199999940000","5695975,811200000300000",12.38034676600006,51.36621821300008,9,,9,Nord,,,1,9.0,165620,,,,,
4501,,,14,7,13,000,2018,02,05,1,2,0,1,2,,1,0,0,0,0,0,"733466,324600000050000","5692218,723799999800000",12.351653444000021,51.333247150000034,0,,0,Mitte,,,1,0.0,165629,,,,,
4502,,,14,7,13,000,2018,01,06,1,3,8,1,2,,1,1,0,0,0,0,"735058,999900000050000","5690455,118599999700000",12.373312634000058,51.31676036400006,4,,4,Süd,,,1,4.0,165632,,,,,
4503,,,14,7,13,000,2018,01,11,1,3,5,3,0,,0,1,0,0,0,0,"731774,665099999980000","5691017,508999999600000",12.326630842000043,51.32315592900005,5,,5,Südwest,,,0,5.0,165635,,,,,
4504,,,14,7,13,000,2018,02,07,7,3,8,1,1,,0,1,0,0,0,0,"741464,261100000000000","5693990,860500000400000",12.467451610000069,51.34581408000008,2,,2,Ost,,,0,2.0,165642,,,,,
4505,,,14,7,13,000,2018,02,09,7,3,5,3,0,,1,1,0,0,0,0,"734404,895999999950000","5692968,703999999900000",12.365596202000063,51.33959328900005,0,,0,Mitte,,,0,0.0,165644,,,,,
4506,,,14,7,13,000,2018,01,03,7,3,0,1,2,,1,0,0,0,0,0,"736919,524800000010000","5693160,106100000400000",12.401760719000038,51.34026924300008,2,,2,Ost,,,1,2.0,165645,,,,,
4507,,,14,7,13,000,2018,02,15,7,3,5,3,0,,0,1,0,0,0,0,"731735,063700000060000","5690587,516400000100000",12.32578400400007,51.319312084000046,5,,5,Südwest,,,1,5.0,165646,,,,,
4508,,,14,7,13,000,2018,01,08,7,3,5,3,0,,0,1,0,0,0,0,"737561,554000000000000","5692607,672000000300000",12.410593234000032,51.33504272000005,2,,2,Ost,,,1,2.0,165647,,,,,
4509,,,14,7,13,000,2018,02,15,6,3,3,6,0,,1,1,0,0,0,0,"730739,470500000050000","5693713,230499999600000",12.31354553400007,51.347776012000054,7,,7,Alt-West,,,0,7.0,165652,,,,,
4510,,,14,7,13,000,2018,02,12,6,3,6,2,0,,1,0,1,0,0,0,"733087,783000000050000","5691592,137099999900000",12.345819199000061,51.32777775800008,5,,5,Südwest,,,1,5.0,165655,,,,,
4511,,,14,7,13,000,2018,01,07,6,2,5,3,1,,1,1,0,0,0,0,"736685,411100000030000","5693032,069899999500000",12.398320513000044,51.33921746400006,3,,3,Südost,,,0,3.0,165657,,,,,
4512,,,14,7,13,000,2018,02,07,6,3,6,4,0,,0,1,1,0,0,0,"735970,611500000000000","5690947,407700000300000",12.386696374000053,51.320802048000076,0,,0,Mitte,,,0,0.0,165658,,,,,
4513,,,14,7,13,000,2018,01,22,6,2,6,4,2,,0,1,1,0,0,0,"730113,208100000050000","5693166,944199999800000",12.304215077000038,51.343125850000035,7,,7,Alt-West,,,0,7.0,165659,,,,,
4514,,,14,7,13,000,2018,02,22,6,3,4,2,2,,0,1,0,0,0,0,"736220,115100000050000","5692528,270600000400000",12.391318310000031,51.33488872600003,0,,0,Mitte,,,0,0.0,165660,,,,,
4515,,,14,7,13,000,2018,02,08,6,2,8,1,0,,0,1,0,0,0,0,"745560,603200000010000","5693199,487700000400000",12.525611285000025,51.33695712300005,2,,2,Ost,,,2,2.0,165661,,,,,
4516,,,14,7,13,000,2018,02,15,6,3,5,3,0,,0,1,0,0,0,0,"737426,951800000040000","5693235,540000000000000",12.40908296200007,51.34073470200008,2,,2,Ost,,,0,2.0,165662,,,,,
4517,,,14,7,13,000,2018,02,18,5,3,5,3,2,,1,1,0,0,0,0,"737346,179600000030000","5692916,837100000100000",12.407713030000025,51.337907725000036,3,,3,Südost,,,0,3.0,165676,,,,,
4518,,,14,7,13,000,2018,02,06,5,3,5,3,1,,1,0,0,0,0,1,"737271,548100000010000","5694405,830500000200000",12.407635734000053,51.35130415800006,1,,1,Nordost,,,1,1.0,165678,,,,,
4519,,,14,7,13,000,2018,02,15,5,3,5,3,0,,1,1,0,0,0,0,"737133,858000000010000","5692342,894999999600000",12.404288364000024,51.332844539000064,3,,3,Südost,,,0,3.0,165683,,,,,
4520,,,14,7,13,000,2018,02,15,5,2,5,3,0,,1,1,0,0,0,0,"735559,799299999960000","5692149,144500000400000",12.38160552100004,51.33175944000004,0,,0,Mitte,,,0,0.0,165685,,,,,
4521,,,14,7,13,000,2018,02,08,5,3,5,3,0,,0,1,0,0,0,1,"737195,350400000000000","5691164,132600000100000",12.404385024000021,51.32223820400003,3,,3,Südost,,,1,3.0,165687,,,,,
4522,,,14,7,13,000,2018,01,07,4,3,0,7,0,,1,0,0,0,0,0,"734769,959799999950000","5695541,121799999800000",12.372524780000049,51.36253368100006,9,,9,Nord,,,0,9.0,165700,,,,,
4523,,,14,7,13,000,2018,01,08,4,3,9,7,0,,0,1,0,0,0,0,"736137,445399999970000","5699430,876199999800000",12.39471690800002,51.39688195900004,9,,9,Nord,,,0,9.0,165705,,,,,
4524,,,14,7,13,000,2018,01,15,4,3,5,3,0,,0,1,0,0,0,1,"738457,500000000000000","5689670,173999999600000",12.42146685800003,51.30830095600004,3,,3,Südost,,,0,3.0,165706,,,,,
4525,,,14,7,13,000,2018,01,18,4,3,6,7,0,,0,1,1,0,0,0,"737113,119700000040000","5695083,321399999800000",12.405816142000049,51.357451464000064,1,,1,Nordost,,,0,1.0,165708,,,,,
4526,,,14,7,13,000,2018,01,07,4,2,5,3,1,,0,1,0,0,0,0,"735009,588299999940000","5691988,499900000200000",12.373615676000043,51.33054502300007,0,,0,Mitte,,,1,0.0,165716,,,,,
4527,,,14,7,13,000,2018,01,16,4,2,4,6,2,,1,0,0,0,0,0,"732472,877199999990000","5690593,473600000100000",12.336357501000066,51.319064626000056,5,,5,Südwest,,,1,5.0,165718,,,,,
4528,,,14,7,13,000,2018,01,23,4,3,5,3,2,,1,1,0,0,0,0,"737962,694900000000000","5693733,638899999700000",12.417093574000035,51.34498167700008,2,,2,Ost,,,0,2.0,165719,,,,,
4529,,,14,7,13,000,2018,01,16,3,3,6,4,1,,1,0,1,0,0,0,"737290,430199999940000","5692936,533400000100000",12.40692724400003,51.338107785000034,3,,3,Südost,,,0,3.0,165731,,,,,
4530,,,14,7,13,000,2018,01,18,3,3,3,2,2,,1,1,0,0,0,0,"738162,203600000010000","5689967,288300000100000",12.417436269000063,51.311091471000054,3,,3,Südost,,,0,3.0,165733,,,,,
4531,,,14,7,13,000,2018,01,10,2,2,6,7,0,,0,0,1,0,0,1,"740776,785999999960000","5695209,028099999800000",12.45842276600007,51.35703938800003,2,,2,Ost,,,0,2.0,165750,,,,,
4532,,,14,7,13,000,2018,01,13,3,3,4,2,0,,1,1,0,0,0,0,"737184,428900000060000","5693758,346199999600000",12.405955534000043,51.34552865900008,2,,2,Ost,,,1,2.0,165751,,,,,
4533,,,14,7,13,000,2018,01,19,3,3,5,2,2,,0,1,0,0,0,0,"730843,413599999970000","5693893,642900000300000",12.315152523000052,51.34935335800003,7,,7,Alt-West,,,1,7.0,165753,,,,,
4534,,,14,7,13,000,2018,01,10,1,3,5,3,0,,1,1,0,0,0,0,"740108,059000000010000","5687875,427000000100000",12.44389674200005,51.291497965000076,3,,3,Südost,,,0,3.0,165757,,,,,
4535,,,14,7,13,000,2018,01,09,3,3,2,6,0,,0,1,0,0,0,0,"736009,287099999960000","5699799,355600000400000",12.393122965000032,51.40024278200008,9,,9,Nord,,,1,9.0,165758,,,,,
4536,,,14,7,13,000,2018,01,11,7,3,3,6,0,,1,1,0,0,0,0,"732638,038700000030000","5692645,576200000000000",12.340062998000064,51.33741825800007,7,,7,Alt-West,,,1,7.0,165759,,,,,
4537,,,14,7,13,000,2018,01,07,3,3,4,2,2,,0,1,0,0,0,0,"729831,418100000010000","5694458,764499999600000",12.301010095000038,51.35483653600005,7,,7,Alt-West,,,1,7.0,165760,,,,,
4538,,,14,7,13,000,2018,01,15,3,3,4,2,0,,1,1,0,0,0,0,"736034,285500000000000","5692563,599100000200000",12.388678845000072,51.33528299400007,0,,0,Mitte,,,1,0.0,165761,,,,,
4539,,,14,7,13,000,2018,01,14,7,3,1,5,0,,0,1,0,0,0,1,"732528,358800000050000","5696264,179999999700000",12.340855504000046,51.36994611700004,8,,8,Nordwest,,,1,8.0,165762,,,,,
4540,,,14,7,13,000,2018,01,14,7,3,2,6,0,,0,1,0,0,0,0,"737050,038500000020000","5691570,110200000000000",12.402573314000051,51.32594286800003,3,,3,Südost,,,0,3.0,165764,,,,,
4541,,,14,7,13,000,2018,01,06,6,3,6,4,2,,0,1,1,0,0,0,"734368,290200000050000","5692928,204300000300000",12.36504493800004,51.339244834000056,0,,0,Mitte,,,1,0.0,165776,,,,,
4542,,,14,7,13,000,2018,01,17,6,3,5,3,2,,0,1,0,0,0,0,"735117,404199999990000","5693979,749900000200000",12.376474966000046,51.34837464000003,0,,0,Mitte,,,0,0.0,165779,,,,,
4543,,,14,7,13,000,2018,01,19,6,2,5,3,2,,1,1,0,0,0,0,"731812,185999999990000","5691274,892900000300000",12.327335770000047,51.32545113400005,5,,5,Südwest,,,1,5.0,165781,,,,,
4544,,,14,7,13,000,2018,01,17,6,3,6,4,2,,0,1,1,0,0,0,"735064,646500000030000","5690256,877399999600000",12.373262862000047,51.31497853700006,4,,4,Süd,,,1,4.0,165782,,,,,
4545,,,14,7,13,000,2018,01,09,2,3,5,3,0,,1,1,0,0,0,0,"735745,907000000010000","5693380,639999999700000",12.385087203000069,51.34273658400008,0,,0,Mitte,,,0,0.0,165790,,,,,
4546,,,14,7,13,000,2018,01,15,2,3,5,3,0,,0,1,0,0,0,0,"734765,728899999990000","5694909,711600000000000",12.372047451000071,51.35686766500004,9,,9,Nord,,,0,9.0,165791,,,,,
4547,,,14,7,13,000,2018,01,22,2,2,8,1,2,,1,0,0,0,0,0,"738842,566800000030000","5691681,895499999600000",12.428328585000031,51.326196561000074,3,,3,Südost,,,1,3.0,165793,,,,,
4548,,,14,7,13,000,2018,01,11,2,3,1,6,0,,1,1,0,0,0,0,"734959,283999999990000","5692668,798999999600000",12.373343512000076,51.336672434000036,0,,0,Mitte,,,0,0.0,165795,,,,,
4549,,,14,7,13,000,2018,01,10,2,3,5,3,0,,0,1,0,0,0,0,"734530,080800000000000","5694944,669499999800000",12.368692056000043,51.357278758000064,9,,9,Nord,,,0,9.0,165798,,,,,
4550,,,14,7,13,000,2018,01,18,2,3,5,3,2,,1,1,0,0,0,0,"734826,222700000040000","5694105,342100000000000",12.372383996000053,51.34962235800003,0,,0,Mitte,,,0,0.0,165800,,,,,
4551,,,14,7,13,000,2018,01,13,2,2,5,2,0,,0,1,0,0,0,0,"735197,720699999950000","5694038,054100000300000",12.377664745000061,51.34886477300006,0,,0,Mitte,,,0,0.0,165802,,,,,
4552,,,14,7,13,000,2018,01,11,5,3,2,6,0,,0,1,0,0,0,0,"737177,778799999970000","5695869,106700000400000",12.407267018000027,51.364477718000046,1,,1,Nordost,,,0,1.0,165806,,,,,
4553,,,14,7,13,000,2018,01,18,5,3,5,2,2,,1,1,0,0,0,0,"734783,719999999970000","5692497,245299999600000",12.370714538000072,51.335205004000045,0,,0,Mitte,,,1,0.0,165808,,,,,
4554,,,14,7,13,000,2018,01,16,5,2,5,3,0,,1,1,0,0,0,0,"732793,094000000040000","5691584,454199999600000",12.341591845000039,51.327829457000064,5,,5,Südwest,,,1,5.0,165810,,,,,
4555,,,14,7,13,000,2018,01,16,5,3,1,5,0,,1,1,0,0,0,0,"733940,944699999990000","5693363,141599999700000",12.359206174000064,51.343325019000076,0,,0,Mitte,,,1,0.0,165812,,,,,
4556,,,14,7,13,000,2018,01,20,4,3,5,7,2,,1,0,0,0,0,0,"732689,489799999980000","5692689,022300000300000",12.340828731000045,51.337787210000045,7,,7,Alt-West,,,0,7.0,165826,,,,,