UNFALL_ID,FID_left,OBJECTID,ULAND,UREGBEZ,UKREIS,UGEMEINDE,UJAHR,UMONAT,USTUNDE,UWOCHENTAG,UKATEGORIE,UART,UTYP1,ULICHTVERH,IstStrasse,IstRad,IstPKW,IstFuss,IstKrad,IstGkfz,IstSonstig,LINREFX,LINREFY,XGCSWGS84,YGCSWGS84,index_right,FID_right,SBZ,Name,UIDENTSTLA,LICHT,STRZUSTAND,FID,OBJECTID_1,IstSonstige,UIDENTSTLAE,OID_,IstStrassenzustand,PLST
4557,,,14,7,13,000,2018,01,12,4,3,2,7,0,,0,1,0,0,0,0,"734062,778700000020000","5690875,534300000400000",12.35931832700004,51.32094484000004,4,,4,Süd,,,0,4.0,165827,,,,,
4558,,,14,7,13,000,2018,01,06,4,3,5,2,2,,0,1,0,0,0,0,"733701,948399999990000","5697347,459499999900000",12.358398271000056,51.379188516000056,9,,9,Nord,,,1,9.0,165829,,,,,
4559,,,14,7,13,000,2018,01,09,4,3,2,6,0,,0,1,0,0,1,0,"735611,981200000040000","5691971,739000000100000",12.382235927000067,51.33014538100008,0,,0,Mitte,,,0,0.0,165830,,,,,
4560,,,14,7,13,000,2018,01,05,1,2,5,3,2,,1,1,0,0,0,0,"733821,729300000010000","5692555,889299999900000",12.356967538000049,51.33612773600004,0,,0,Mitte,,,0,0.0,165831,,,,,
4561,,,14,7,13,000,2018,01,11,4,3,5,3,0,,0,1,0,0,0,0,"730242,140299999970000","5696749,561599999700000",12.30838168300005,51.37523464600008,8,,8,Nordwest,,,0,8.0,165832,,,,,
4562,,,14,7,13,000,2018,01,21,4,3,5,2,2,,1,1,0,0,0,0,"734295,216000000010000","5690911,202999999700000",12.362671591000037,51.321169362000035,4,,4,Süd,,,0,4.0,165835,,,,,
4563,,,14,7,13,000,2018,01,15,6,2,6,4,0,,0,1,1,0,0,0,"731776,431600000010000","5690179,239099999900000",12.326111281000067,51.31563019400005,5,,5,Südwest,,,1,5.0,165848,,,,,
4564,,,14,7,13,000,2018,01,19,6,3,5,3,2,,0,1,0,0,0,0,"733107,362599999990000","5694138,930200000300000",12.347766526000044,51.35063133700004,0,,0,Mitte,,,0,0.0,165849,,,,,
4565,,,14,7,13,000,2018,01,16,6,3,6,4,1,,0,1,1,0,0,0,"735289,158999999990000","5690559,656999999700000",12.37667844400005,51.31760363300003,4,,4,Süd,,,1,4.0,165851,,,,,
4566,,,14,7,13,000,2018,01,05,6,3,6,4,2,,0,1,1,0,0,0,"739406,841699999990000","5689491,519999999600000",12.434942246000048,51.30629894900005,3,,3,Südost,,,1,3.0,165853,,,,,
4567,,,14,7,13,000,2018,03,13,3,3,0,1,0,,0,0,0,1,0,0,"736978,360100000050000","5692370,236100000300000",12.402078450000033,51.33315476300004,3,,3,Südost,,,1,3.0,165872,,,,,
4568,,,14,7,13,000,2018,03,09,3,3,2,6,0,,0,1,0,0,0,0,"734787,820100000010000","5692485,797899999700000",12.370765749000043,51.335100555000054,0,,0,Mitte,,,1,0.0,165874,,,,,
4569,,,14,7,13,000,2018,03,07,3,3,2,2,0,,0,1,0,0,0,0,"735047,711000000010000","5691280,065999999600000",12.373694734000026,51.32417009100004,4,,4,Süd,,,0,4.0,165877,,,,,
4570,,,14,7,13,000,2018,02,11,6,3,2,6,0,,0,1,0,0,0,0,"735099,407000000010000","5694213,001500000200000",12.376371043000063,51.35047582800007,0,,0,Mitte,,,0,0.0,165878,,,,,
4571,,,14,7,13,000,2018,03,06,3,3,5,3,0,,0,1,0,0,0,0,"730450,010800000050000","5693657,757399999500000",12.309360274000028,51.34739544800004,7,,7,Alt-West,,,0,7.0,165880,,,,,
4572,,,14,7,13,000,2018,02,09,6,3,2,6,0,,0,1,0,0,0,0,"732544,788500000020000","5691993,785899999600000",12.338301182000066,51.33160546600004,5,,5,Südwest,,,0,5.0,165881,,,,,
4573,,,14,7,13,000,2018,03,19,3,2,6,4,2,,0,1,1,0,0,0,"737599,785700000010000","5692079,494300000400000",12.410788872000069,51.330285805000074,3,,3,Südost,,,2,3.0,165882,,,,,
4574,,,14,7,13,000,2018,02,09,6,3,5,3,0,,1,1,0,0,0,0,"735009,341999999950000","5692126,118999999900000",12.373702906000062,51.331780448000075,0,,0,Mitte,,,0,0.0,165884,,,,,
4575,,,14,7,13,000,2018,02,07,6,2,5,3,0,,0,1,0,0,0,1,"736571,656500000040000","5697169,564199999900000",12.399441312000022,51.376403451000044,1,,1,Nordost,,,1,1.0,165885,,,,,
4576,,,14,7,13,000,2018,02,08,6,3,2,6,0,,0,1,0,0,0,0,"729355,981200000040000","5694885,519299999800000",12.294468734000077,51.35885961100007,7,,7,Alt-West,,,1,7.0,165886,,,,,
4577,,,14,7,13,000,2018,02,03,6,3,5,3,2,,1,1,0,0,0,0,"732740,895400000040000","5692085,401700000300000",12.341171102000033,51.33234766500004,7,,7,Alt-West,,,0,7.0,165888,,,,,
4578,,,14,7,13,000,2018,02,11,6,3,5,3,0,,0,1,0,0,0,0,"736570,882300000060000","5697169,646099999500000",12.399430263000056,51.376404509000054,1,,1,Nordost,,,0,1.0,165889,,,,,
4579,,,14,7,13,000,2018,02,12,6,2,0,1,0,,0,0,0,1,0,0,"736402,489999999990000","5697184,475999999800000",12.397024965000071,51.37660774400007,1,,1,Nordost,,,1,1.0,165891,,,,,
4580,,,14,7,13,000,2018,02,15,5,3,0,5,0,,1,0,0,0,1,0,"735767,210800000000000","5693015,995400000400000",12.385151138000026,51.33945460400008,0,,0,Mitte,,,0,0.0,165918,,,,,
4581,,,14,7,13,000,2018,03,09,2,3,3,2,0,,1,0,0,0,0,1,"735275,299099999950000","5690883,758899999800000",12.376693746000058,51.320518625000034,4,,4,Süd,,,1,4.0,165919,,,,,
4582,,,14,7,13,000,2018,02,09,5,3,5,3,0,,1,1,0,0,0,0,"731427,494900000050000","5693125,028800000400000",12.323025811000036,51.34221614900008,7,,7,Alt-West,,,1,7.0,165920,,,,,
4583,,,14,7,13,000,2018,02,11,5,3,5,3,0,,0,1,0,0,0,0,"739758,919100000060000","5688233,018199999800000",12.439138744000047,51.294854705000034,3,,3,Südost,,,0,3.0,165921,,,,,
4584,,,14,7,13,000,2018,03,19,2,3,6,4,2,,0,1,1,0,0,0,"734963,242399999990000","5696039,104899999700000",12.375625145000072,51.36692384200006,9,,9,Nord,,,0,9.0,165922,,,,,
4585,,,14,7,13,000,2018,02,16,5,3,5,3,0,,0,1,0,0,0,0,"731605,381799999970000","5688412,388899999700000",12.322514237000064,51.29983900900004,5,,5,Südwest,,,1,5.0,165923,,,,,
4586,,,14,7,13,000,2018,03,10,2,2,3,5,0,,1,1,0,0,0,0,"735010,241999999970000","5692001,894000000300000",12.373633876000042,51.330664984000066,0,,0,Mitte,,,0,0.0,165924,,,,,
4587,,,14,7,13,000,2018,02,07,5,3,5,3,0,,1,1,0,0,0,0,"737298,001700000020000","5695375,423100000200000",12.408661506000044,51.35999620700005,1,,1,Nordost,,,0,1.0,165925,,,,,
4588,,,14,7,13,000,2018,02,10,4,3,2,6,0,,0,1,0,0,1,0,"734623,593100000060000","5693234,275100000200000",12.368905393000034,51.34188697600007,0,,0,Mitte,,,0,0.0,165934,,,,,
4589,,,14,7,13,000,2018,02,06,4,3,5,3,2,,1,1,0,0,0,0,"731779,725499999940000","5691736,440000000400000",12.32717083500006,51.329607586000066,5,,5,Südwest,,,0,5.0,165936,,,,,
4590,,,14,7,13,000,2018,02,15,4,3,4,2,0,,0,1,0,0,0,0,"730287,874799999990000","5691316,762199999800000",12.305522706000033,51.32644604400008,7,,7,Alt-West,,,0,7.0,165937,,,,,
4591,,,14,7,13,000,2018,03,08,1,3,5,3,0,,0,1,0,0,0,0,"738042,735400000010000","5691161,706199999900000",12.41652246700005,51.32186255800008,3,,3,Südost,,,0,3.0,165938,,,,,
4592,,,14,7,13,000,2018,02,15,4,3,0,7,0,,1,0,0,0,0,0,"737865,792999999950000","5688001,884999999800000",12.41188137000006,51.293573808000076,4,,4,Süd,,,0,4.0,165939,,,,,
4593,,,14,7,13,000,2018,03,08,7,3,3,2,0,,1,1,0,0,0,0,"734771,060300000010000","5693979,297299999700000",12.371510143000023,51.34851371700006,0,,0,Mitte,,,0,0.0,165942,,,,,
4594,,,14,7,13,000,2018,02,11,4,2,6,4,0,,0,1,1,0,0,0,"735098,998999999950000","5692404,597000000100000",12.375171335000061,51.33424312000005,0,,0,Mitte,,,0,0.0,165943,,,,,
4595,,,14,7,13,000,2018,03,10,7,2,5,3,0,,0,1,0,0,0,0,"727382,785900000020000","5692106,607400000100000",12.26440053600004,51.334705349000046,6,,6,West,,,0,6.0,165944,,,,,
4596,,,14,7,13,000,2018,02,06,4,3,5,3,1,,0,1,0,0,0,0,"736522,617100000030000","5693234,160000000100000",12.396121737000044,51.34109919200006,2,,2,Ost,,,1,2.0,165945,,,,,
4597,,,14,7,13,000,2018,02,20,4,2,6,4,2,,0,1,1,0,0,0,"735105,535700000010000","5689463,133600000300000",12.373325454000053,51.30783667000003,4,,4,Süd,,,0,4.0,165948,,,,,
4598,,,14,7,13,000,2018,03,15,6,3,3,2,0,,0,1,0,0,0,1,"736704,789800000030000","5689657,466599999900000",12.39635756000007,51.30891835500006,4,,4,Süd,,,0,4.0,165949,,,,,
4599,,,14,7,13,000,2018,02,15,4,3,5,3,0,,0,1,0,0,0,0,"736122,155000000030000","5695096,213000000500000",12.391617636000035,51.357979786000044,9,,9,Nord,,,0,9.0,165950,,,,,
4600,,,14,7,13,000,2018,03,16,6,3,4,2,0,,0,1,0,0,0,1,"733784,911599999990000","5695671,448300000300000",12.358486156000026,51.36410971600003,9,,9,Nord,,,0,9.0,165952,,,,,
4601,,,14,7,13,000,2018,03,03,6,3,1,1,2,,0,1,0,0,0,0,"728309,237800000000000","5697331,419499999800000",12.281030462000047,51.38123842200008,8,,8,Nordwest,,,0,8.0,165954,,,,,
4602,,,14,7,13,000,2018,03,13,6,3,5,3,0,,0,1,0,0,0,0,"735739,102199999960000","5695365,243599999700000",12.38630412200007,51.36055369600007,9,,9,Nord,,,0,9.0,165956,,,,,
4603,,,14,7,13,000,2018,02,07,3,3,3,7,0,,0,1,0,0,0,1,"734381,997300000050000","5692678,309700000100000",12.36507694900007,51.33699601600006,0,,0,Mitte,,,0,0.0,165962,,,,,
4604,,,14,7,13,000,2018,02,12,3,3,5,2,0,,1,1,0,0,0,0,"735640,506999999980000","5692430,029500000200000",12.38294772100005,51.33424732000003,0,,0,Mitte,,,0,0.0,165964,,,,,
4605,,,14,7,13,000,2018,02,09,3,3,5,3,0,,0,1,0,0,0,0,"738035,536500000050000","5691371,999099999700000",12.416559746000075,51.323753159000034,3,,3,Südost,,,1,3.0,165966,,,,,
4606,,,14,7,13,000,2018,03,07,5,3,5,2,0,,1,1,0,0,0,0,"735097,456499999970000","5693970,888399999600000",12.376183183000023,51.34830334600008,0,,0,Mitte,,,0,0.0,165969,,,,,
4607,,,14,7,13,000,2018,03,14,5,3,1,6,0,,0,1,0,0,0,0,"729126,618699999990000","5700905,546199999700000",12.295063123000034,51.41299416500004,8,,8,Nordwest,,,0,8.0,165971,,,,,
4608,,,14,7,13,000,2018,02,11,2,3,5,3,0,,0,1,0,0,0,0,"727382,816400000010000","5692106,603099999900000",12.264400970000054,51.334705298000074,6,,6,West,,,0,6.0,165982,,,,,
4609,,,14,7,13,000,2018,02,07,2,2,5,3,1,,0,1,0,0,0,0,"732654,134100000020000","5691454,940499999600000",12.339516265000043,51.326723697000034,5,,5,Südwest,,,1,5.0,165984,,,,,
4610,,,14,7,13,000,2018,02,17,4,3,6,2,1,,0,1,1,0,0,0,"730634,361799999960000","5690091,017199999700000",12.309694365000041,51.31530218800003,5,,5,Südwest,,,0,5.0,165988,,,,,
4611,,,14,7,13,000,2018,02,19,4,3,9,7,2,,0,1,0,0,0,0,"735324,438800000000000","5689548,699199999700000",12.376516886000047,51.308514297000045,4,,4,Süd,,,0,4.0,165989,,,,,
4612,,,14,7,13,000,2018,02,15,4,3,5,3,0,,0,1,0,0,0,0,"736570,664200000000000","5697169,669099999600000",12.399427150000065,51.37640480600004,1,,1,Nordost,,,0,1.0,165991,,,,,
4613,,,14,7,13,000,2018,02,21,4,3,5,3,2,,0,1,0,1,0,0,"732384,529199999990000","5696306,377000000300000",12.338820379000026,51.37038376400005,8,,8,Nordwest,,,0,8.0,165994,,,,,
4614,,,14,7,13,000,2018,02,18,4,2,6,4,2,,0,1,1,0,0,0,"742801,680999999980000","5692979,342799999800000",12.48592945400003,51.33616581000007,2,,2,Ost,,,0,2.0,165997,,,,,
4615,,,14,7,13,000,2018,02,10,3,3,0,7,0,,0,0,0,0,0,1,"735860,042699999990000","5693478,323900000200000",12.386787710000021,51.34356608500008,0,,0,Mitte,,,0,0.0,166011,,,,,
4616,,,14,7,13,000,2018,02,14,1,3,5,2,0,,0,1,0,0,0,0,"736850,768200000050000","5693047,236999999700000",12.400700302000075,51.339284758000076,3,,3,Südost,,,0,3.0,166012,,,,,
4617,,,14,7,13,000,2018,02,13,3,3,2,6,0,,0,1,0,0,0,0,"737186,260299999970000","5693827,145899999900000",12.406027615000028,51.34614544500005,2,,2,Ost,,,0,2.0,166013,,,,,
4618,,,14,7,13,000,2018,02,20,1,3,2,2,2,,0,1,0,0,0,0,"730514,413999999990000","5690715,923999999600000",12.30838009300004,51.32096057700005,5,,5,Südwest,,,0,5.0,166014,,,,,
4619,,,14,7,13,000,2018,02,13,3,3,5,3,0,,0,1,0,0,0,0,"730005,739300000020000","5690099,229299999800000",12.300694768000028,51.31563030400008,6,,6,West,,,0,6.0,166015,,,,,
4620,,,14,7,13,000,2018,02,07,3,3,5,3,0,,1,1,0,0,0,0,"735411,370400000010000","5690458,625500000100000",12.378362361000029,51.31664619700007,4,,4,Süd,,,0,4.0,166017,,,,,
4621,,,14,7,13,000,2018,02,06,3,3,5,3,1,,0,1,0,0,0,0,"735183,766999999990000","5688966,151999999800000",12.374118320000036,51.30334324000006,4,,4,Süd,,,0,4.0,166018,,,,,
4622,,,14,7,13,000,2018,02,12,6,3,3,7,0,,1,1,0,0,0,0,"735441,617899999950000","5693208,794599999700000",12.380612461000055,51.34132012800006,0,,0,Mitte,,,0,0.0,166029,,,,,
4623,,,14,7,13,000,2018,02,22,2,3,5,3,2,,0,1,0,0,0,0,"735739,001999999980000","5695366,004900000100000",12.386303190000035,51.360560572000054,9,,9,Nord,,,0,9.0,166030,,,,,
4624,,,14,7,13,000,2018,02,07,6,3,3,2,1,,1,1,0,0,0,0,"733892,911399999980000","5693349,377100000200000",12.35850868500006,51.34322122300006,0,,0,Mitte,,,0,0.0,166031,,,,,
4625,,,14,7,13,000,2018,02,11,2,3,6,4,0,,0,1,1,0,0,0,"735013,463600000020000","5696243,748300000100000",12.376480557000036,51.36874001100006,9,,9,Nord,,,0,9.0,166032,,,,,
4626,,,14,7,13,000,2018,02,20,6,3,6,6,2,,0,0,1,0,1,0,"729388,114300000020000","5699259,800200000400000",12.297753026000066,51.39811466100008,8,,8,Nordwest,,,0,8.0,166033,,,,,
4627,,,14,7,13,000,2018,02,07,6,3,5,3,1,,1,0,0,0,0,0,"735768,508099999980000","5693208,053799999900000",12.385296867000022,51.34117803300006,0,,0,Mitte,,,1,0.0,166036,,,,,
4628,,,14,7,13,000,2018,02,08,6,3,1,5,0,,0,1,0,0,0,0,"731839,741999999970000","5690347,834699999500000",12.32712777100005,51.31711786300008,5,,5,Südwest,,,0,5.0,166038,,,,,
4629,,,14,7,13,000,2018,02,13,1,3,2,6,0,,0,1,0,0,0,0,"734805,704299999980000","5692635,577600000400000",12.371120749000056,51.336437655000054,0,,0,Mitte,,,0,0.0,166044,,,,,
4630,,,14,7,13,000,2018,02,18,1,3,3,2,2,,1,1,0,0,0,0,"732572,562200000040000","5692080,023299999500000",12.338755448000029,51.33236823900006,5,,5,Südwest,,,0,5.0,166047,,,,,
4631,,,14,7,13,000,2018,02,23,5,2,6,7,2,,0,0,1,0,0,1,"732515,591299999970000","5696239,274000000200000",12.340656114000069,51.36972777100004,8,,8,Nordwest,,,0,8.0,166055,,,,,
4632,,,14,7,13,000,2018,02,14,5,3,1,6,0,,0,1,0,0,0,0,"731176,971400000040000","5691921,635499999900000",12.318654113000036,51.331515343000035,7,,7,Alt-West,,,0,7.0,166057,,,,,
4633,,,14,7,13,000,2018,02,12,5,3,5,3,0,,0,1,0,0,0,0,"728633,392100000060000","5689337,340200000400000",12.280547352000042,51.30934359300005,6,,6,West,,,0,6.0,166058,,,,,
4634,,,14,7,13,000,2018,02,12,6,3,2,6,0,,0,1,0,0,0,0,"735291,360899999970000","5697932,095900000100000",12.381583383000077,51.38378000700004,9,,9,Nord,,,0,9.0,166061,,,,,
4635,,,14,7,13,000,2018,02,17,4,3,2,6,2,,0,1,0,0,0,0,"734158,108899999990000","5692196,508899999800000",12.361551810000037,51.33276336200004,0,,0,Mitte,,,0,0.0,166075,,,,,
4636,,,14,7,13,000,2018,02,13,5,3,5,2,0,,1,1,0,0,0,0,"731779,561800000020000","5691736,785500000200000",12.327168714000038,51.32961075400004,5,,5,Südwest,,,0,5.0,166077,,,,,
4637,,,14,7,13,000,2018,02,11,4,3,5,3,0,,1,1,0,0,0,0,"734175,766199999950000","5692175,268699999900000",12.36179086900006,51.332565430000045,0,,0,Mitte,,,0,0.0,166078,,,,,
4638,,,14,7,13,000,2018,02,09,4,3,5,3,0,,0,1,0,0,0,0,"731780,917800000050000","5691740,340099999700000",12.32719045600004,51.329642110000066,5,,5,Südwest,,,0,5.0,166080,,,,,
4639,,,14,7,13,000,2018,02,08,4,3,5,2,0,,0,1,0,0,0,0,"736858,436400000010000","5692706,529000000100000",12.40058364600003,51.33622332600004,3,,3,Südost,,,0,3.0,166082,,,,,
4640,,,14,7,13,000,2018,02,16,4,3,5,2,0,,1,0,0,0,0,1,"736676,446699999970000","5689792,699000000000000",12.396041352000054,51.31014401400006,4,,4,Süd,,,0,4.0,166086,,,,,
4641,,,14,7,13,000,2018,02,09,4,3,5,3,0,,0,1,0,0,0,0,"736065,020099999970000","5688534,470800000200000",12.386452286000065,51.29910365500007,4,,4,Süd,,,0,4.0,166088,,,,,
4642,,,14,7,13,000,2018,02,09,3,3,4,2,0,,0,1,0,0,0,0,"736510,637600000020000","5693464,853799999700000",12.396103263000043,51.34317492100007,0,,0,Mitte,,,2,0.0,166103,,,,,
4643,,,14,7,13,000,2018,02,12,3,3,6,2,0,,0,1,1,0,0,0,"731983,632400000000000","5692011,947100000500000",12.33027194500005,51.33199763600004,7,,7,Alt-West,,,0,7.0,166105,,,,,
4644,,,14,7,13,000,2018,02,09,3,3,4,3,0,,1,1,0,0,0,0,"730511,408399999960000","5689714,873100000400000",12.307690015000048,51.31197534800003,6,,6,West,,,2,6.0,166106,,,,,
4645,,,14,7,13,000,2018,02,08,3,3,5,3,0,,0,1,0,0,0,0,"740539,799099999950000","5693910,541400000500000",12.454147932000069,51.34548504500003,2,,2,Ost,,,0,2.0,166108,,,,,
4646,,,14,7,13,000,2018,02,17,3,3,6,2,2,,0,1,1,0,0,0,"735286,171199999980000","5690883,990799999800000",12.37684964600004,51.32051621200003,4,,4,Süd,,,0,4.0,166111,,,,,
4647,,,14,7,13,000,2018,02,14,3,2,5,3,0,,1,1,0,0,0,0,"734473,542299999970000","5692604,953900000100000",12.36634056400004,51.336299806000056,0,,0,Mitte,,,0,0.0,166112,,,,,
4648,,,14,7,13,000,2018,02,05,3,3,5,2,2,,1,1,0,0,0,0,"728561,158399999960000","5690491,358599999900000",12.280252229000041,51.31973253500007,6,,6,West,,,0,6.0,166113,,,,,
4649,,,14,7,13,000,2018,02,11,3,3,5,3,0,,1,1,0,0,0,0,"737903,555000000050000","5690206,331000000200000",12.413891358000058,51.31334528600007,3,,3,Südost,,,0,3.0,166118,,,,,
4650,,,14,7,13,000,2018,02,11,3,3,6,7,0,,0,0,1,0,1,0,"737944,467100000010000","5697717,454500000000000",12.419497276000072,51.38074774100005,1,,1,Nordost,,,0,1.0,166120,,,,,
4651,,,14,7,13,000,2018,02,08,3,3,6,4,0,,0,1,1,0,0,0,"734533,091800000050000","5695560,015900000000000",12.369140895000044,51.36280110400003,9,,9,Nord,,,0,9.0,166122,,,,,
4652,,,14,7,13,000,2018,02,19,3,3,5,3,2,,1,1,0,0,0,0,"738349,902699999980000","5692368,792100000200000",12.421729863000053,51.33256872000004,2,,2,Ost,,,0,2.0,166124,,,,,
4653,,,14,7,13,000,2018,02,15,3,3,5,3,0,,0,1,0,0,0,0,"734606,085599999990000","5692453,124200000400000",12.368139976000066,51.33488225600007,0,,0,Mitte,,,0,0.0,166125,,,,,
4654,,,14,7,13,000,2018,02,08,2,3,2,6,0,,0,1,0,0,0,0,"735424,221200000030000","5697693,632500000300000",12.383331253000051,51.38158443200007,9,,9,Nord,,,0,9.0,166133,,,,,
4655,,,14,7,13,000,2018,02,15,2,3,2,2,0,,0,1,0,0,0,0,"735747,406800000000000","5692868,898099999900000",12.384769967000068,51.338142428000026,0,,0,Mitte,,,0,0.0,166143,,,,,
4656,,,14,7,13,000,2018,02,16,2,2,5,7,0,,0,1,0,0,0,1,"727482,179499999970000","5689017,471599999800000",12.263854080000044,51.30693321000007,6,,6,West,,,0,6.0,166144,,,,,
4657,,,14,7,13,000,2018,02,00,1,3,5,3,2,,1,1,0,0,0,0,"735837,655799999950000","5693464,112300000200000",12.386457440000072,51.34344780500004,0,,0,Mitte,,,0,0.0,166148,,,,,
4658,,,14,7,13,000,2018,03,08,2,3,5,3,0,,1,1,0,0,0,0,"734410,455300000030000","5692648,204900000200000",12.365464960000054,51.33671405300004,0,,0,Mitte,,,2,0.0,166150,,,,,
4659,,,14,7,13,000,2018,03,13,2,3,4,6,0,,0,1,0,0,0,0,"732999,697000000040000","5690593,059600000300000",12.343904131000045,51.31884545100007,5,,5,Südwest,,,0,5.0,166151,,,,,
4660,,,14,7,13,000,2018,03,15,2,3,2,6,0,,0,1,0,0,0,1,"736838,376000000050000","5695879,790000000000000",12.402407552000057,51.36471519500003,1,,1,Nordost,,,0,1.0,166152,,,,,
4661,,,14,7,13,000,2018,04,13,3,3,0,7,0,,0,1,0,0,0,1,"736279,036500000050000","5691505,210699999700000",12.391484318000039,51.32568103800003,0,,0,Mitte,,,0,0.0,166161,,,,,
4662,,,14,7,13,000,2018,04,06,3,2,5,3,0,,0,1,0,0,0,0,"735263,246000000040000","5695216,878999999700000",12.379383293000046,51.359419150000065,0,,0,Mitte,,,1,0.0,166163,,,,,
4663,,,14,7,13,000,2018,03,21,7,3,6,4,2,,0,1,1,0,0,0,"735599,769600000000000","5693350,967600000100000",12.382973106000065,51.34253080800005,0,,0,Mitte,,,1,0.0,166164,,,,,
4664,,,14,7,13,000,2018,03,21,7,3,5,3,2,,0,1,0,0,0,0,"738086,196000000000000","5697557,152999999900000",12.421422758000062,51.37924948700004,1,,1,Nordost,,,2,1.0,166165,,,,,
4665,,,14,7,13,000,2018,04,15,3,3,5,3,0,,0,1,0,0,0,1,"738845,496000000040000","5689158,752000000300000",12.426680990000023,51.30354781700004,3,,3,Südost,,,0,3.0,166166,,,,,
4666,,,14,7,13,000,2018,04,18,2,3,5,2,0,,1,1,0,0,0,0,"732741,497199999980000","5692084,212200000000000",12.341178949000039,51.33233674100006,7,,7,Alt-West,,,0,7.0,166182,,,,,
4667,,,14,7,13,000,2018,03,14,6,3,6,4,0,,0,1,1,0,0,0,"733852,203600000010000","5697088,873900000000000",12.36038336100006,51.37680548000003,9,,9,Nord,,,2,9.0,166184,,,,,
4668,,,14,7,13,000,2018,04,00,2,3,5,3,2,,0,1,0,0,0,0,"735882,987500000050000","5692595,908900000200000",12.386532169000077,51.33563578500008,0,,0,Mitte,,,0,0.0,166185,,,,,
4669,,,14,7,13,000,2018,03,13,6,3,2,2,0,,0,1,0,0,0,1,"733607,055500000020000","5692989,109100000000000",12.354175266000027,51.34010477900006,0,,0,Mitte,,,1,0.0,166186,,,,,
4670,,,14,7,13,000,2018,03,10,6,2,6,4,0,,0,1,1,0,0,0,"737330,300500000010000","5696759,673499999600000",12.410048354000025,51.372407751000026,1,,1,Nordost,,,1,1.0,166189,,,,,
4671,,,14,7,13,000,2018,04,14,1,3,5,3,0,,1,1,0,0,0,0,"740840,191699999970000","5695044,522699999600000",12.459220377000065,51.35553599600007,2,,2,Ost,,,0,2.0,166193,,,,,
4672,,,14,7,13,000,2018,03,10,7,3,5,2,0,,0,1,0,0,0,0,"732979,557700000000000","5694174,633200000000000",12.345957789000067,51.35100422600004,0,,0,Mitte,,,1,0.0,166195,,,,,
4673,,,14,7,13,000,2018,03,21,7,2,5,3,2,,0,1,0,0,0,0,"737997,399699999950000","5695110,651399999900000",12.418511704000025,51.35732714000005,1,,1,Nordost,,,0,1.0,166197,,,,,
4674,,,14,7,13,000,2018,03,17,5,3,3,7,2,,1,1,0,0,0,0,"733645,292200000030000","5692102,571899999900000",12.354141823000077,51.33213101600006,0,,0,Mitte,,,0,0.0,166210,,,,,
4675,,,14,7,13,000,2018,03,07,5,3,5,3,0,,1,0,0,0,0,0,"735592,699299999980000","5693195,273699999800000",12.382768777000024,51.34113618400005,0,,0,Mitte,,,0,0.0,166211,,,,,
4676,,,14,7,13,000,2018,03,14,5,2,6,2,0,,0,1,1,0,0,0,"734291,648300000000000","5695628,090699999600000",12.365723754000044,51.363511783000035,9,,9,Nord,,,0,9.0,166212,,,,,
4677,,,14,7,13,000,2018,03,13,5,3,5,3,0,,0,1,0,0,0,0,"727242,717799999980000","5693206,256099999900000",12.263094774000024,51.344633301000044,7,,7,Alt-West,,,0,7.0,166214,,,,,
4678,,,14,7,13,000,2018,03,19,6,3,5,6,0,,0,1,0,0,0,0,"730848,483699999980000","5686160,472500000100000",12.310220172000072,51.27993083800004,5,,5,Südwest,,,0,5.0,166215,,,,,
4679,,,14,7,13,000,2018,03,06,5,3,5,2,1,,1,1,0,0,0,0,"740993,097799999990000","5696237,105899999800000",12.462220174000038,51.366175232000046,2,,2,Ost,,,0,2.0,166216,,,,,
4680,,,14,7,13,000,2018,03,07,4,3,5,2,1,,1,0,0,0,0,1,"736579,727700000050000","5691295,685800000100000",12.395653174000074,51.32367534600007,0,,0,Mitte,,,1,0.0,166231,,,,,
4681,,,14,7,13,000,2018,03,18,5,3,5,2,0,,1,1,0,0,0,0,"737189,828800000020000","5693962,583599999500000",12.406168991000072,51.34735965400006,2,,2,Ost,,,0,2.0,166232,,,,,
4682,,,14,7,13,000,2018,03,19,5,3,5,2,0,,0,1,0,0,0,1,"735900,492800000010000","5694577,680100000500000",12.388095949000046,51.35341738000005,9,,9,Nord,,,1,9.0,166233,,,,,
4683,,,14,7,13,000,2018,03,17,4,3,2,6,1,,1,1,0,0,0,0,"737374,983200000020000","5692664,781999999700000",12.407957839000062,51.33563324100004,3,,3,Südost,,,0,3.0,166234,,,,,
4684,,,14,7,13,000,2018,03,16,5,2,6,4,0,,0,1,1,0,0,0,"738071,376599999960000","5697359,734500000300000",12.421077954000054,51.37748369700006,1,,1,Nordost,,,0,1.0,166235,,,,,
4685,,,14,7,13,000,2018,03,06,4,3,0,1,2,,1,0,0,0,0,0,"735628,091400000030000","5696707,991000000400000",12.385602161000065,51.37265254700003,9,,9,Nord,,,1,9.0,166236,,,,,
4686,,,14,7,13,000,2018,03,17,4,3,3,3,0,,0,1,0,0,0,0,"737590,235800000020000","5693743,391900000200000",12.411761837000029,51.34522498900003,2,,2,Ost,,,1,2.0,166252,,,,,
4687,,,14,7,13,000,2018,03,11,4,3,4,2,0,,0,1,0,0,0,1,"735739,050900000030000","5695365,633000000400000",12.386303645000055,51.36055721300005,9,,9,Nord,,,0,9.0,166255,,,,,
4688,,,14,7,13,000,2018,03,13,4,1,5,2,0,,1,0,0,0,1,0,"738163,225800000010000","5689968,190700000200000",12.417451511000024,51.31109914400008,3,,3,Südost,,,0,3.0,166256,,,,,
4689,,,14,7,13,000,2018,03,11,3,3,5,3,0,,0,1,0,0,0,1,"736570,903900000030000","5697169,643799999700000",12.399430571000039,51.37640447900003,1,,1,Nordost,,,0,1.0,166266,,,,,
4690,,,14,7,13,000,2018,03,16,3,3,5,3,0,,0,1,0,0,0,0,"734888,283000000050000","5696053,410000000100000",12.374559687000044,51.36708324700004,9,,9,Nord,,,1,9.0,166270,,,,,
4691,,,14,7,13,000,2018,03,19,3,3,6,4,2,,0,1,1,0,0,0,"737891,145299999970000","5693854,574599999900000",12.416148899000063,51.346097135000036,2,,2,Ost,,,1,2.0,166273,,,,,