UNFALL_ID,FID_left,OBJECTID,ULAND,UREGBEZ,UKREIS,UGEMEINDE,UJAHR,UMONAT,USTUNDE,UWOCHENTAG,UKATEGORIE,UART,UTYP1,ULICHTVERH,IstStrasse,IstRad,IstPKW,IstFuss,IstKrad,IstGkfz,IstSonstig,LINREFX,LINREFY,XGCSWGS84,YGCSWGS84,index_right,FID_right,SBZ,Name,UIDENTSTLA,LICHT,STRZUSTAND,FID,OBJECTID_1,IstSonstige,UIDENTSTLAE,OID_,IstStrassenzustand,PLST
4692,,,14,7,13,000,2018,03,10,3,3,8,7,0,,0,1,0,0,0,0,"741892,083400000000000","5693997,054800000000000",12.473587279000071,51.345687817000055,2,,2,Ost,,,0,2.0,166276,,,,,
4693,,,14,7,13,000,2018,03,15,3,2,6,4,0,,0,0,1,0,0,1,"735270,973099999940000","5692261,580900000400000",12.377541221000058,51.33288824600004,0,,0,Mitte,,,1,0.0,166283,,,,,
4694,,,14,7,13,000,2018,03,14,3,3,5,3,0,,1,0,0,0,0,1,"734768,296600000000000","5693741,729500000400000",12.371313867000026,51.34638235800003,0,,0,Mitte,,,0,0.0,166284,,,,,
4695,,,14,7,13,000,2018,03,09,3,3,4,2,0,,0,1,0,0,0,1,"729396,131000000050000","5700941,512000000100000",12.298955335000073,51.413208084000075,8,,8,Nordwest,,,0,8.0,166286,,,,,
4696,,,14,7,13,000,2018,03,16,3,3,5,3,0,,0,1,0,0,0,0,"737091,835199999970000","5696333,230200000100000",12.40634413400005,51.368679576000034,1,,1,Nordost,,,0,1.0,166287,,,,,
4697,,,14,7,13,000,2018,03,08,3,3,5,3,0,,1,1,0,0,0,0,"732741,150299999980000","5692084,897800000400000",12.341174426000066,51.33234303800003,7,,7,Alt-West,,,0,7.0,166289,,,,,
4698,,,14,7,13,000,2018,03,16,3,3,5,3,0,,0,1,0,0,0,1,"731889,508599999940000","5692886,266599999700000",12.329492306000077,51.33988459900007,7,,7,Alt-West,,,0,7.0,166291,,,,,
4699,,,14,7,13,000,2018,03,15,2,3,2,6,0,,0,1,0,0,0,0,"735615,607100000020000","5693403,662600000400000",12.383234956000024,51.34299725000005,0,,0,Mitte,,,0,0.0,166292,,,,,
4700,,,14,7,13,000,2018,03,12,2,3,2,2,0,,0,1,0,0,0,1,"737377,031100000020000","5692669,391699999600000",12.407990256000062,51.335673763000045,3,,3,Südost,,,1,3.0,166294,,,,,
4701,,,14,7,13,000,2018,03,20,2,3,4,7,2,,0,1,0,1,0,0,"732281,192599999950000","5691770,320100000100000",12.33437834800003,51.32970717400008,5,,5,Südwest,,,1,5.0,166295,,,,,
4702,,,14,7,13,000,2018,03,17,3,2,6,4,0,,0,0,1,0,0,1,"737250,190100000010000","5692228,603000000100000",12.40587916000004,51.33177013300008,3,,3,Südost,,,1,3.0,166296,,,,,
4703,,,14,7,13,000,2018,03,16,2,3,3,6,0,,1,0,0,0,0,0,"734461,983600000040000","5690898,944000000100000",12.365052596000055,51.32099062900005,4,,4,Süd,,,1,4.0,166298,,,,,
4704,,,14,7,13,000,2018,03,18,2,3,6,4,1,,0,0,1,0,0,1,"734516,952300000000000","5693138,564199999900000",12.367313976000048,51.341071826000075,0,,0,Mitte,,,1,0.0,166301,,,,,
4705,,,14,7,13,000,2018,03,20,2,3,1,7,2,,0,1,0,0,0,0,"734309,877100000040000","5695772,359899999600000",12.366080177000072,51.36479928500006,9,,9,Nord,,,1,9.0,166303,,,,,
4706,,,14,7,13,000,2018,03,07,2,3,0,5,0,,1,1,0,0,0,0,"735555,176600000010000","5691528,709499999900000",12.38112921100003,51.32619213100003,0,,0,Mitte,,,0,0.0,166313,,,,,
4707,,,14,7,13,000,2018,03,19,1,3,6,4,2,,0,0,1,1,0,0,"739024,674699999970000","5688407,519100000200000",12.428743707000024,51.296729620000065,3,,3,Südost,,,0,3.0,166328,,,,,
4708,,,14,7,13,000,2018,03,18,1,3,2,6,2,,0,1,0,0,0,0,"734341,291300000040000","5696033,845499999800000",12.36670293800006,51.36713352800007,9,,9,Nord,,,0,9.0,166329,,,,,
4709,,,14,7,13,000,2018,03,11,1,3,5,3,0,,0,1,0,1,0,0,"739001,191800000030000","5695025,991800000000000",12.432845229000066,51.35614599500008,1,,1,Nordost,,,0,1.0,166330,,,,,
4710,,,14,7,13,000,2018,03,15,1,3,1,4,0,,0,1,1,0,0,0,"737580,952000000050000","5692698,192300000200000",12.410931560000051,51.33584713100004,2,,2,Ost,,,0,2.0,166335,,,,,
4711,,,14,7,13,000,2018,03,14,1,3,3,2,0,,1,1,0,0,0,0,"736179,856099999980000","5689665,742700000300000",12.388845185000037,51.30921066900004,4,,4,Süd,,,0,4.0,166337,,,,,
4712,,,14,7,13,000,2018,03,09,7,3,5,3,0,,0,1,0,0,0,0,"731898,391100000010000","5690505,709599999700000",12.328070581000077,51.318511183000055,5,,5,Südwest,,,0,5.0,166348,,,,,
4713,,,14,7,13,000,2018,03,07,7,3,5,3,0,,0,1,0,0,0,1,"738705,003799999950000","5691060,133299999900000",12.425941499000032,51.320673412000076,3,,3,Südost,,,0,3.0,166350,,,,,
4714,,,14,7,13,000,2018,03,09,6,3,5,3,0,,0,1,0,0,0,0,"734629,950599999980000","5691901,928799999900000",12.368119010000044,51.32992464000006,0,,0,Mitte,,,0,0.0,166357,,,,,
4715,,,14,7,13,000,2018,03,09,6,3,6,4,0,,0,1,1,0,0,0,"732050,537900000000000","5690702,609299999700000",12.330378280000048,51.32021669300008,5,,5,Südwest,,,0,5.0,166359,,,,,
4716,,,14,7,13,000,2018,03,03,6,3,5,3,2,,1,1,0,0,0,0,"734330,635800000050000","5692750,946200000100000",12.36438868700003,51.33766920100004,0,,0,Mitte,,,0,0.0,166362,,,,,
4717,,,14,7,13,000,2018,03,19,6,3,2,6,2,,0,1,0,0,0,0,"736704,339799999960000","5689569,160699999900000",12.396292535000043,51.30812588900005,4,,4,Süd,,,0,4.0,166368,,,,,
4718,,,14,7,13,000,2018,03,16,6,3,6,7,0,,0,0,1,0,0,1,"734857,521100000010000","5694208,163800000200000",12.372900482000034,51.35053239300004,0,,0,Mitte,,,0,0.0,166370,,,,,
4719,,,14,7,13,000,2018,03,15,6,3,5,3,0,,1,1,0,0,0,0,"738859,987899999950000","5694329,282300000100000",12.430353393000075,51.34995181600004,2,,2,Ost,,,0,2.0,166373,,,,,
4720,,,14,7,13,000,2018,03,15,6,3,6,4,0,,0,0,1,0,0,1,"740529,746700000020000","5689118,534500000100000",12.450770716000022,51.30247785500006,3,,3,Südost,,,0,3.0,166375,,,,,
4721,,,14,7,13,000,2018,03,17,5,3,2,4,0,,0,1,1,0,0,0,"735044,981999999960000","5692577,174800000200000",12.374511147000021,51.335814569000036,0,,0,Mitte,,,0,0.0,166389,,,,,
4722,,,14,7,13,000,2018,03,10,5,2,6,4,0,,0,0,1,0,0,1,"740912,983499999970000","5695185,101400000000000",12.460359023000024,51.35676691500004,2,,2,Ost,,,1,2.0,166391,,,,,
4723,,,14,7,13,000,2018,03,08,5,3,5,3,0,,0,1,0,0,0,0,"734991,260400000030000","5693930,609000000200000",12.374634377000064,51.347985692000066,0,,0,Mitte,,,1,0.0,166395,,,,,
4724,,,14,7,13,000,2018,03,17,5,3,6,4,0,,0,1,1,0,0,0,"731176,666500000050000","5691921,455199999700000",12.31864962700007,51.33151384800004,7,,7,Alt-West,,,0,7.0,166396,,,,,
4725,,,14,7,13,000,2018,03,10,5,3,6,2,0,,0,1,1,0,0,0,"731547,694000000020000","5692159,005099999700000",12.324120656000048,51.33349538200008,7,,7,Alt-West,,,0,7.0,166398,,,,,
4726,,,14,7,13,000,2018,03,12,5,2,6,4,0,,0,1,1,0,0,0,"737182,732599999990000","5693736,813600000000000",12.405916878000028,51.34533608800007,2,,2,Ost,,,1,2.0,166399,,,,,
4727,,,14,7,13,000,2018,03,16,5,3,3,6,0,,0,1,0,0,0,1,"737378,663700000030000","5692673,588399999800000",12.408016446000033,51.33571075200007,2,,2,Ost,,,1,2.0,166403,,,,,
4728,,,14,7,13,000,2018,03,17,4,3,6,4,0,,0,1,1,0,0,0,"736344,339099999980000","5692065,930200000300000",12.392791718000069,51.330687055000055,0,,0,Mitte,,,1,0.0,166413,,,,,
4729,,,14,7,13,000,2018,03,07,4,3,6,7,0,,0,0,1,0,0,1,"735105,580199999970000","5694854,185200000200000",12.376883105000047,51.35622874900008,0,,0,Mitte,,,2,0.0,166416,,,,,
4730,,,14,7,13,000,2018,03,05,4,3,5,3,0,,0,1,0,0,0,1,"730821,241000000040000","5696863,553000000300000",12.316761934000056,51.37602286100008,8,,8,Nordwest,,,2,8.0,166417,,,,,
4731,,,14,7,13,000,2018,03,08,4,3,0,4,0,,0,0,1,0,0,1,"738250,527000000000000","5696146,150899999800000",12.422834117000036,51.36651560400003,1,,1,Nordost,,,1,1.0,166418,,,,,
4732,,,14,7,13,000,2018,03,07,4,3,5,2,0,,0,1,0,0,0,1,"733784,844700000020000","5695670,935200000200000",12.358484859000043,51.36410513700008,9,,9,Nord,,,2,9.0,166419,,,,,
4733,,,14,7,13,000,2018,03,15,4,3,0,6,0,,1,1,0,0,0,0,"738602,740699999970000","5689266,165000000000000",12.423276699000041,51.304613731000074,3,,3,Südost,,,0,3.0,166420,,,,,
4734,,,14,7,13,000,2018,03,07,4,3,6,4,0,,0,1,1,0,0,0,"741087,722100000010000","5694698,170300000300000",12.462534095000024,51.35232235600006,2,,2,Ost,,,1,2.0,166421,,,,,
4735,,,14,7,13,000,2018,03,16,4,3,5,2,0,,0,1,0,0,0,1,"727483,060700000030000","5689017,779000000100000",12.26386689700007,51.30693561800007,6,,6,West,,,0,6.0,166424,,,,,
4736,,,14,7,13,000,2018,04,17,3,3,5,3,0,,1,1,0,0,0,0,"738855,400999999950000","5696260,281999999700000",12.431584000000043,51.36728603500006,1,,1,Nordost,,,0,1.0,166435,,,,,
4737,,,14,7,13,000,2018,04,13,3,3,2,6,0,,0,1,0,0,0,0,"734770,942700000010000","5693726,315700000200000",12.371341631000064,51.346242905000054,0,,0,Mitte,,,0,0.0,166444,,,,,
4738,,,14,7,13,000,2018,04,15,6,3,5,3,0,,1,1,0,0,0,0,"735924,062400000050000","5692736,041400000500000",12.387213572000064,51.33687661300007,0,,0,Mitte,,,0,0.0,166447,,,,,
4739,,,14,7,13,000,2018,04,14,6,2,5,3,0,,1,0,0,0,1,0,"729156,235499999950000","5699144,549300000100000",12.294350989000066,51.39717373900004,8,,8,Nordwest,,,0,8.0,166449,,,,,
4740,,,14,7,13,000,2018,04,17,4,3,4,2,0,,1,1,0,0,0,0,"735724,427799999950000","5689110,884499999700000",12.381956141000046,51.30441883600008,4,,4,Süd,,,0,4.0,166455,,,,,
4741,,,14,7,13,000,2018,04,06,4,2,6,4,0,,0,1,1,0,0,0,"737427,459000000030000","5693235,117900000000000",12.409089949000077,51.34073070100004,2,,2,Ost,,,0,2.0,166459,,,,,
4742,,,14,7,13,000,2018,04,17,1,3,2,6,0,,0,1,0,0,0,0,"737294,210300000040000","5693753,987200000300000",12.407526091000022,51.34544372300007,2,,2,Ost,,,0,2.0,166460,,,,,
4743,,,14,7,13,000,2018,04,18,4,2,5,3,0,,0,1,0,0,0,0,"735322,511599999970000","5692596,993700000500000",12.378501264000022,51.33587770500003,0,,0,Mitte,,,1,0.0,166462,,,,,
4744,,,14,7,13,000,2018,04,16,2,2,0,1,0,,1,0,0,0,0,0,"735743,739900000040000","5692787,867600000500000",12.384663791000037,51.337416596000025,0,,0,Mitte,,,1,0.0,166466,,,,,
4745,,,14,7,13,000,2018,04,09,4,3,5,3,0,,0,1,0,1,0,0,"731832,541899999950000","5691423,777200000400000",12.327724255000021,51.32677934700007,5,,5,Südwest,,,0,5.0,166472,,,,,
4746,,,14,7,13,000,2018,04,15,2,3,5,3,0,,0,1,0,0,0,0,"736117,959299999990000","5697142,710300000400000",12.392916312000068,51.37635122000006,9,,9,Nord,,,1,9.0,166474,,,,,
4747,,,14,7,13,000,2018,04,07,6,3,5,3,0,,1,1,0,0,0,0,"733112,460899999950000","5694139,615500000300000",12.347840059000077,51.350635398000065,0,,0,Mitte,,,0,0.0,166476,,,,,
4748,,,14,7,13,000,2018,04,07,6,3,5,3,0,,1,1,0,0,0,0,"731832,450900000050000","5691422,815100000200000",12.327722326000071,51.32677074800006,5,,5,Südwest,,,1,5.0,166481,,,,,
4749,,,14,7,13,000,2018,04,17,6,3,5,2,0,,1,1,0,0,0,0,"735153,829000000030000","5693738,792200000000000",12.376837924000029,51.346196657000064,0,,0,Mitte,,,0,0.0,166483,,,,,
4750,,,14,7,13,000,2018,04,10,1,3,3,6,0,,1,0,0,0,0,0,"745394,489100000010000","5693429,671699999800000",12.523389731000066,51.339094715000044,2,,2,Ost,,,0,2.0,166485,,,,,
4751,,,14,7,13,000,2018,04,14,6,3,2,6,0,,1,1,0,0,0,0,"733698,073800000010000","5695401,154500000200000",12.357063381000046,51.361719151000045,9,,9,Nord,,,1,9.0,166496,,,,,
4752,,,14,7,13,000,2018,04,15,3,3,5,3,0,,1,1,0,0,0,0,"735773,067999999970000","5693208,616000000400000",12.385362590000057,51.341181189000054,0,,0,Mitte,,,0,0.0,166505,,,,,
4753,,,14,7,13,000,2018,04,20,3,3,3,6,1,,1,1,0,0,0,0,"734906,692999999970000","5692381,220999999900000",12.372400240000047,51.33411274600007,0,,0,Mitte,,,0,0.0,166506,,,,,
4754,,,14,7,13,000,2018,04,17,3,3,1,5,0,,1,1,0,0,0,0,"733180,206099999950000","5691961,943599999900000",12.347385406000058,51.33105950100003,5,,5,Südwest,,,0,5.0,166507,,,,,
4755,,,14,7,13,000,2018,04,13,3,3,6,6,0,,0,1,1,0,0,0,"738193,279499999950000","5692426,955199999700000",12.419524576000072,51.333156399000075,2,,2,Ost,,,0,2.0,166509,,,,,
4756,,,14,7,13,000,2018,04,10,1,3,5,3,0,,1,1,0,0,0,0,"728017,337700000030000","5691015,445600000200000",12.272796321000044,51.32465560600008,6,,6,West,,,0,6.0,166510,,,,,
4757,,,14,7,13,000,2018,04,19,7,3,3,5,0,,1,1,0,0,0,0,"734077,037000000010000","5693185,992300000000000",12.36104030000007,51.341678829000045,0,,0,Mitte,,,0,0.0,166511,,,,,
4758,,,14,7,13,000,2018,04,22,3,3,5,3,2,,0,1,0,1,0,0,"729177,896900000050000","5699225,879800000200000",12.294714347000024,51.39789509600007,8,,8,Nordwest,,,0,8.0,166512,,,,,
4759,,,14,7,13,000,2018,04,21,3,3,6,4,2,,1,0,1,0,0,0,"734636,129199999970000","5696049,599100000200000",12.370941302000062,51.36715324000005,9,,9,Nord,,,0,9.0,166513,,,,,
4760,,,14,7,13,000,2018,04,17,3,2,6,6,0,,1,0,1,0,0,0,"734792,341800000050000","5692519,775600000300000",12.370852937000052,51.33540368600006,0,,0,Mitte,,,0,0.0,166514,,,,,
4761,,,14,7,13,000,2018,04,06,2,3,2,6,0,,0,1,0,0,0,0,"730803,849999999980000","5691705,382000000200000",12.313167338000028,51.32972557100004,7,,7,Alt-West,,,1,7.0,166517,,,,,
4762,,,14,7,13,000,2018,04,08,3,3,2,6,0,,0,1,0,0,1,0,"730585,682400000050000","5689654,323300000300000",12.30871475400005,51.31140170700007,5,,5,Südwest,,,0,5.0,166518,,,,,
4763,,,14,7,13,000,2018,04,18,3,3,5,3,0,,1,1,0,0,0,0,"734729,248499999990000","5691051,329599999800000",12.368981653000048,51.32224832400004,4,,4,Süd,,,0,4.0,166521,,,,,
4764,,,14,7,13,000,2018,04,16,2,3,2,2,0,,1,1,0,0,0,0,"737143,724799999970000","5694544,576999999600000",12.405895894000025,51.352602897000054,1,,1,Nordost,,,1,1.0,166525,,,,,
4765,,,14,7,13,000,2018,04,07,6,3,5,3,0,,1,1,0,0,0,0,"726799,084000000030000","5690815,864299999500000",12.25521378600007,51.32335081600007,6,,6,West,,,0,6.0,166527,,,,,
4766,,,14,7,13,000,2018,04,01,1,2,3,6,2,,1,1,0,0,0,0,"733262,791399999990000","5690592,180100000500000",12.34767245100005,51.318729774000076,5,,5,Südwest,,,0,5.0,166547,,,,,
4767,,,14,7,13,000,2018,04,10,1,3,4,2,0,,1,1,0,0,0,0,"740391,660999999960000","5693908,375500000100000",12.452023355000051,51.34552825900005,2,,2,Ost,,,0,2.0,166552,,,,,
4768,,,14,7,13,000,2018,04,12,2,3,5,2,0,,1,1,0,0,0,0,"735099,163500000020000","5693971,638600000200000",12.376208147000057,51.34830937400005,0,,0,Mitte,,,0,0.0,166553,,,,,
4769,,,14,7,13,000,2018,04,09,2,3,3,7,0,,1,1,0,0,0,0,"735163,074299999980000","5693396,830199999700000",12.376744595000048,51.34312326600008,0,,0,Mitte,,,0,0.0,166554,,,,,
4770,,,14,7,13,000,2018,04,07,2,3,5,2,0,,1,1,0,0,0,0,"736065,077999999980000","5688533,351300000200000",12.386452375000033,51.29909358200007,4,,4,Süd,,,0,4.0,166555,,,,,
4771,,,14,7,13,000,2018,04,15,2,3,6,4,0,,0,1,1,0,0,0,"734788,130200000010000","5696052,502399999600000",12.373122906000049,51.367116501000055,9,,9,Nord,,,0,9.0,166556,,,,,
4772,,,14,7,13,000,2018,04,16,2,3,1,7,0,,0,1,0,0,0,0,"734034,160700000010000","5696719,617200000200000",12.362750065000057,51.37341592000007,9,,9,Nord,,,0,9.0,166557,,,,,
4773,,,14,7,13,000,2018,04,16,1,3,4,6,0,,0,1,0,0,0,0,"742750,584999999960000","5694108,987999999900000",12.485967282000047,51.34632655100006,2,,2,Ost,,,0,2.0,166561,,,,,
4774,,,14,7,13,000,2018,04,21,7,3,1,1,2,,1,1,0,0,0,0,"738859,756900000040000","5694006,335199999600000",12.430133398000066,51.34705319300008,2,,2,Ost,,,0,2.0,166562,,,,,
4775,,,14,7,13,000,2018,04,10,2,3,5,2,0,,0,1,0,0,0,1,"735469,827000000050000","5697585,801000000000000",12.383913977000077,51.38059760200008,9,,9,Nord,,,1,9.0,166576,,,,,
4776,,,14,7,13,000,2018,04,18,2,2,5,3,0,,1,1,0,0,0,0,"735143,711000000010000","5689219,567599999700000",12.373711682000021,51.305634551000026,4,,4,Süd,,,1,4.0,166580,,,,,
4777,,,14,7,13,000,2018,04,07,6,3,5,2,0,,1,1,0,0,0,0,"735586,485400000010000","5692245,080799999600000",12.382051329000035,51.33260954200006,0,,0,Mitte,,,1,0.0,166589,,,,,
4778,,,14,7,13,000,2018,04,01,1,2,0,1,2,,1,0,0,0,0,0,"738298,837900000040000","5693606,191300000100000",12.42182598900007,51.34369692900003,2,,2,Ost,,,0,2.0,166592,,,,,
4779,,,14,7,13,000,2018,04,08,5,3,4,6,0,,1,1,0,0,0,0,"741207,604100000000000","5686786,914900000200000",12.458901977000039,51.28126332800008,3,,3,Südost,,,0,3.0,166600,,,,,
4780,,,14,7,13,000,2018,04,18,7,3,5,3,0,,1,1,0,0,0,0,"733630,047000000020000","5693483,255300000300000",12.35482895900003,51.344531059000076,0,,0,Mitte,,,0,0.0,166608,,,,,
4781,,,14,7,13,000,2018,04,18,7,3,5,3,0,,1,1,0,0,0,0,"736596,388000000040000","5691296,115299999700000",12.395892135000054,51.323672274000046,0,,0,Mitte,,,0,0.0,166609,,,,,
4782,,,14,7,13,000,2018,04,18,7,2,6,4,0,,0,1,1,0,0,0,"731364,241900000020000","5696702,381299999500000",12.324445529000059,51.37435510300003,8,,8,Nordwest,,,0,8.0,166610,,,,,
4783,,,14,7,13,000,2018,04,17,1,3,5,3,0,,0,1,0,0,0,0,"730507,323500000060000","5692022,635099999600000",12.309123577000037,51.332693782000035,7,,7,Alt-West,,,0,7.0,166618,,,,,
4784,,,14,7,13,000,2018,04,23,7,3,6,4,2,,0,0,1,1,0,0,"737034,342100000010000","5692986,310100000400000",12.403290518000063,51.338661383000044,2,,2,Ost,,,0,2.0,166619,,,,,
4785,,,14,7,13,000,2018,04,10,5,3,5,3,0,,1,1,0,0,0,0,"734639,792000000020000","5695408,140200000300000",12.370570647000022,51.36139375800008,9,,9,Nord,,,0,9.0,166624,,,,,
4786,,,14,7,13,000,2018,04,10,2,3,3,6,0,,0,1,0,0,0,1,"733013,131500000020000","5690595,901899999900000",12.344098442000075,51.318865465000044,5,,5,Südwest,,,1,5.0,166625,,,,,
4787,,,14,7,13,000,2018,04,11,6,3,2,2,0,,0,1,0,0,0,0,"736246,979700000030000","5694034,558500000300000",12.392702489000044,51.34839831100004,0,,0,Mitte,,,0,0.0,166631,,,,,
4788,,,14,7,13,000,2018,04,05,6,2,5,3,2,,1,1,0,0,0,0,"738137,428100000020000","5690523,942400000100000",12.417453057000046,51.31609837000008,3,,3,Südost,,,0,3.0,166632,,,,,
4789,,,14,7,13,000,2018,04,06,6,3,5,3,0,,1,1,0,0,0,0,"736737,460700000050000","5689062,354199999900000",12.396430662000057,51.303562913000064,4,,4,Süd,,,0,4.0,166633,,,,,
4790,,,14,7,13,000,2018,04,05,2,3,6,7,2,,0,1,1,0,0,0,"729177,618200000030000","5700567,908099999700000",12.295577086000037,51.40994258900008,8,,8,Nordwest,,,1,8.0,166635,,,,,
4791,,,14,7,13,000,2018,04,10,6,3,5,3,0,,0,1,0,0,0,0,"734811,704299999980000","5692506,227599999900000",12.371121474000063,51.33527408000003,0,,0,Mitte,,,0,0.0,166636,,,,,
4792,,,14,7,13,000,2018,04,08,6,3,2,6,0,,0,1,0,0,1,0,"735411,905099999970000","5690911,719100000300000",12.378669131000038,51.32071310900005,4,,4,Süd,,,0,4.0,166637,,,,,
4793,,,14,7,13,000,2018,04,12,1,3,5,3,0,,0,1,0,0,0,0,"734806,774899999960000","5692558,284599999900000",12.371085146000041,51.33574340000007,0,,0,Mitte,,,0,0.0,166646,,,,,
4794,,,14,7,13,000,2018,04,08,5,3,5,3,0,,1,0,0,0,1,0,"733842,368000000020000","5693189,927000000100000",12.357679559000076,51.34181070600005,0,,0,Mitte,,,0,0.0,166661,,,,,
4795,,,14,7,13,000,2018,04,11,5,3,5,3,0,,1,1,0,0,0,0,"730800,499700000040000","5691702,860500000400000",12.313117698000042,51.329704295000056,7,,7,Alt-West,,,0,7.0,166662,,,,,
4796,,,14,7,13,000,2018,04,15,5,2,4,1,0,,1,1,0,0,0,0,"736290,478699999980000","5692979,800800000300000",12.392626095000026,51.33891252500007,0,,0,Mitte,,,1,0.0,166663,,,,,
4797,,,14,7,13,000,2018,04,18,1,3,3,2,0,,1,1,0,0,0,0,"738546,984000000050000","5689486,051000000000000",12.422625259000029,51.30661078400004,3,,3,Südost,,,0,3.0,166667,,,,,
4798,,,14,7,13,000,2018,04,15,7,2,5,3,0,,0,1,0,1,0,0,"727208,779199999990000","5693565,103099999900000",12.26283728900006,51.34786836900008,7,,7,Alt-West,,,0,7.0,166668,,,,,
4799,,,14,7,13,000,2018,04,19,2,3,0,7,0,,0,1,0,0,0,1,"731109,380200000010000","5689269,781299999900000",12.315966804000027,51.307737306000035,5,,5,Südwest,,,1,5.0,166673,,,,,
4800,,,14,7,13,000,2018,04,20,4,3,1,5,2,,1,1,0,0,0,0,"734484,632899999970000","5693090,614900000400000",12.366819208000038,51.34065474100004,0,,0,Mitte,,,0,0.0,166679,,,,,
4801,,,14,7,13,000,2018,04,16,3,3,1,2,0,,1,1,0,0,0,0,"735403,115200000000000","5690910,049800000200000",12.378542110000069,51.320701761000066,4,,4,Süd,,,0,4.0,166680,,,,,
4802,,,14,7,13,000,2018,04,11,2,3,2,6,0,,0,1,0,0,0,0,"739912,419499999960000","5693965,568699999700000",12.44519335700005,51.346244039000055,2,,2,Ost,,,1,2.0,166681,,,,,
4803,,,14,7,13,000,2018,04,18,4,3,5,3,0,,0,1,0,0,0,1,"734639,463299999940000","5695393,717199999800000",12.37055642000007,51.36126442800003,9,,9,Nord,,,0,9.0,166682,,,,,
4804,,,14,7,13,000,2018,04,16,3,3,0,1,0,,1,1,0,0,0,0,"736693,905200000040000","5693778,054899999900000",12.39893806300006,51.34590999400007,2,,2,Ost,,,0,2.0,166685,,,,,
4805,,,14,7,13,000,2018,04,15,4,3,5,3,0,,1,1,0,0,0,0,"734912,544899999980000","5690879,657900000000000",12.371494444000064,51.320631682000055,4,,4,Süd,,,1,4.0,166695,,,,,
4806,,,14,7,13,000,2018,04,18,4,3,2,6,0,,0,1,0,0,0,0,"733246,720500000050000","5695837,711400000400000",12.350877914000023,51.365823386000045,8,,8,Nordwest,,,1,8.0,166697,,,,,
4807,,,14,7,13,000,2018,04,11,4,3,5,3,0,,0,1,0,0,0,1,"732551,283599999970000","5692615,097600000000000",12.338799799000071,51.33718014400006,7,,7,Alt-West,,,0,7.0,166698,,,,,
4808,,,14,7,13,000,2018,04,08,4,3,2,2,0,,0,1,0,0,0,0,"730763,305999999980000","5689513,671400000300000",12.31116796200007,51.31006709400003,5,,5,Südwest,,,0,5.0,166700,,,,,
4809,,,14,7,13,000,2018,04,13,4,3,2,6,0,,0,1,0,1,0,0,"739920,083300000060000","5693952,701899999800000",12.445294527000044,51.34612531700003,2,,2,Ost,,,0,2.0,166701,,,,,
4810,,,14,7,13,000,2018,04,16,4,3,0,1,0,,0,1,0,0,0,0,"739991,439000000010000","5691942,372000000400000",12.444962872000076,51.32805106700005,2,,2,Ost,,,1,2.0,166703,,,,,
4811,,,14,7,13,000,2018,04,05,4,2,6,4,0,,0,1,1,0,0,0,"741880,156399999980000","5694129,522300000300000",12.47350633600007,51.34688184400005,2,,2,Ost,,,0,2.0,166707,,,,,
4812,,,14,7,13,000,2018,04,08,4,3,3,6,0,,1,1,0,0,0,0,"734747,307500000000000","5690889,350800000100000",12.369133720000036,51.32078688000007,4,,4,Süd,,,0,4.0,166709,,,,,
4813,,,14,7,13,000,2018,05,15,4,3,5,3,0,,0,1,0,0,0,0,"731708,242800000010000","5692456,400200000000000",12.326614759000051,51.33609966100005,7,,7,Alt-West,,,0,7.0,166715,,,,,
4814,,,14,7,13,000,2018,05,13,4,3,6,2,0,,1,0,1,0,0,0,"735162,672000000020000","5693392,946300000000000",12.376736264000044,51.34308856900003,0,,0,Mitte,,,0,0.0,166719,,,,,
4815,,,14,7,13,000,2018,04,11,2,3,3,7,0,,1,1,0,0,0,0,"733938,516100000010000","5695614,020200000100000",12.360650946000021,51.363530989000026,9,,9,Nord,,,0,9.0,166721,,,,,
4816,,,14,7,13,000,2018,04,17,3,3,5,2,0,,1,1,0,0,0,0,"736313,449200000030000","5694358,865100000100000",12.393870544000038,51.351281716000074,0,,0,Mitte,,,1,0.0,166730,,,,,
4817,,,14,7,13,000,2018,04,10,3,3,5,2,0,,1,0,0,0,0,1,"734836,541100000030000","5692991,987300000200000",12.371797623000077,51.339624197000035,0,,0,Mitte,,,0,0.0,166731,,,,,
4818,,,14,7,13,000,2018,04,12,3,3,3,6,0,,1,0,0,0,0,0,"736966,412999999940000","5692698,301000000000000",12.402125463000061,51.33610449100007,3,,3,Südost,,,0,3.0,166733,,,,,
4819,,,14,7,13,000,2018,04,15,3,3,5,7,0,,1,1,0,0,0,0,"736700,436600000020000","5689349,434500000400000",12.39609088700007,51.30615520200007,4,,4,Süd,,,1,4.0,166735,,,,,
4820,,,14,7,13,000,2018,04,11,3,3,2,2,0,,0,1,0,0,0,0,"739924,333300000060000","5694462,083300000100000",12.445698734000075,51.35069557300005,2,,2,Ost,,,0,2.0,166736,,,,,
4821,,,14,7,13,000,2018,04,08,3,2,5,3,0,,1,1,0,0,0,0,"737441,097599999980000","5692998,188900000400000",12.409127460000036,51.33859832100006,2,,2,Ost,,,0,2.0,166738,,,,,
4822,,,14,7,13,000,2018,04,14,1,3,2,6,0,,0,1,0,0,0,0,"732796,571000000000000","5693277,412600000400000",12.342747931000076,51.343025166000075,7,,7,Alt-West,,,0,7.0,166740,,,,,
4823,,,14,7,13,000,2018,05,22,3,3,8,1,2,,0,1,0,0,0,0,"738273,449200000030000","5693602,663300000100000",12.421459760000062,51.34367590200003,2,,2,Ost,,,0,2.0,166750,,,,,
4824,,,14,7,13,000,2018,04,14,2,3,6,4,0,,0,1,1,0,0,0,"738205,970300000040000","5691147,755199999500000",12.418851510000025,51.32166902300003,3,,3,Südost,,,0,3.0,166760,,,,,
4825,,,14,7,13,000,2018,04,10,7,3,5,3,0,,1,1,0,0,0,0,"734398,184299999960000","5693548,230100000300000",12.365881458000047,51.34479814100007,0,,0,Mitte,,,0,0.0,166762,,,,,