UNFALL_ID,FID_left,OBJECTID,ULAND,UREGBEZ,UKREIS,UGEMEINDE,UJAHR,UMONAT,USTUNDE,UWOCHENTAG,UKATEGORIE,UART,UTYP1,ULICHTVERH,IstStrasse,IstRad,IstPKW,IstFuss,IstKrad,IstGkfz,IstSonstig,LINREFX,LINREFY,XGCSWGS84,YGCSWGS84,index_right,FID_right,SBZ,Name,UIDENTSTLA,LICHT,STRZUSTAND,FID,OBJECTID_1,IstSonstige,UIDENTSTLAE,OID_,IstStrassenzustand,PLST
4826,,,14,7,13,000,2018,04,18,2,3,5,3,0,,1,1,0,0,0,0,"734589,225600000010000","5699154,020200000100000",12.372318281000048,51.395038931000045,9,,9,Nord,,,0,9.0,166763,,,,,
4827,,,14,7,13,000,2018,04,05,7,3,9,1,2,,0,0,0,1,0,0,"734602,062000000030000","5692455,169400000000000",12.368083665000029,51.33490227400006,0,,0,Mitte,,,0,0.0,166767,,,,,
4828,,,14,7,13,000,2018,04,13,7,3,4,2,0,,0,1,0,1,0,0,"738806,572000000040000","5695756,860999999600000",12.430545813000037,51.362787954000055,1,,1,Nordost,,,0,1.0,166770,,,,,
4829,,,14,7,13,000,2018,05,07,4,3,1,5,0,,1,1,0,0,0,0,"735007,411899999950000","5691946,100800000100000",12.373556531000077,51.330165331000046,0,,0,Mitte,,,0,0.0,166772,,,,,
4830,,,14,7,13,000,2018,04,17,2,3,6,4,0,,1,0,1,0,0,0,"733836,141300000020000","5695092,339999999900000",12.358840071000031,51.35889028100007,9,,9,Nord,,,0,9.0,166774,,,,,
4831,,,14,7,13,000,2018,04,23,7,3,3,6,2,,1,1,0,0,0,0,"742467,939200000020000","5692783,681400000100000",12.48101422700006,51.33455205700005,2,,2,Ost,,,0,2.0,166776,,,,,
4832,,,14,7,13,000,2018,04,14,1,3,1,5,0,,1,1,0,0,0,0,"733676,706699999980000","5693495,383600000300000",12.355505699000048,51.34462075400006,0,,0,Mitte,,,0,0.0,166784,,,,,
4833,,,14,7,13,000,2018,04,12,7,3,3,6,0,,1,1,0,0,0,0,"731522,454799999950000","5696623,068099999800000",12.32666309900003,51.37357865400003,8,,8,Nordwest,,,0,8.0,166785,,,,,
4834,,,14,7,13,000,2018,04,19,1,3,5,3,0,,0,1,0,0,0,0,"731980,697300000000000","5690977,754900000100000",12.329556769000021,51.32271509900005,5,,5,Südwest,,,0,5.0,166787,,,,,
4835,,,14,7,13,000,2018,05,11,3,3,1,5,0,,1,1,0,0,0,0,"735394,476000000020000","5691337,056499999900000",12.378700282000068,51.32453829900004,4,,4,Süd,,,0,4.0,166788,,,,,
4836,,,14,7,13,000,2018,04,16,7,3,5,3,0,,0,1,0,0,0,0,"735708,285700000010000","5692652,175800000300000",12.384065932000055,51.33621328400005,0,,0,Mitte,,,0,0.0,166801,,,,,
4837,,,14,7,13,000,2018,04,18,7,2,2,6,0,,1,0,0,0,0,0,"736676,940100000010000","5687020,026399999900000",12.39421042400005,51.28525563000005,4,,4,Süd,,,0,4.0,166802,,,,,
4838,,,14,7,13,000,2018,04,09,7,3,5,3,0,,1,1,0,0,0,0,"739226,049600000030000","5697713,154500000200000",12.437876474000063,51.38017066700007,1,,1,Nordost,,,0,1.0,166804,,,,,
4839,,,14,7,13,000,2018,04,09,7,2,4,2,0,,0,1,0,1,0,0,"735058,210700000050000","5690896,593799999900000",12.373592334000023,51.32072355300005,4,,4,Süd,,,0,4.0,166807,,,,,
4840,,,14,7,13,000,2018,05,07,4,2,0,1,0,,0,0,0,1,0,0,"737203,991999999970000","5693374,820600000200000",12.405980447000047,51.34207794500003,2,,2,Ost,,,0,2.0,166808,,,,,
4841,,,14,7,13,000,2018,04,19,6,3,5,3,0,,1,1,0,0,0,0,"734543,023700000020000","5693795,408699999600000",12.368120275000024,51.346957187000044,0,,0,Mitte,,,0,0.0,166818,,,,,
4842,,,14,7,13,000,2018,04,14,6,3,1,5,0,,1,1,0,0,0,0,"736621,076400000020000","5693780,920300000300000",12.397896117000073,51.345966030000056,2,,2,Ost,,,0,2.0,166820,,,,,
4843,,,14,7,13,000,2018,04,15,6,3,5,3,0,,0,1,0,0,0,1,"735307,958899999970000","5689757,659300000400000",12.37641867800005,51.31039681800007,4,,4,Süd,,,0,4.0,166821,,,,,
4844,,,14,7,13,000,2018,05,17,4,3,5,3,0,,0,1,0,0,0,0,"735289,800200000060000","5690450,927799999700000",12.376615895000043,51.316627373000074,4,,4,Süd,,,0,4.0,166823,,,,,
4845,,,14,7,13,000,2018,04,13,6,3,3,2,0,,1,1,0,0,0,0,"736639,262400000010000","5689771,287499999600000",12.395494603000031,51.309967279000034,4,,4,Süd,,,0,4.0,166824,,,,,
4846,,,14,7,13,000,2018,04,07,2,1,5,2,0,,1,0,0,0,1,0,"735044,731499999990000","5692576,479199999900000",12.374507099000027,51.33580842900005,0,,0,Mitte,,,0,0.0,166825,,,,,
4847,,,14,7,13,000,2018,04,13,6,3,2,2,0,,0,1,0,0,0,1,"732173,150400000040000","5694005,986200000200000",12.334287586000073,51.34982028500008,7,,7,Alt-West,,,0,7.0,166826,,,,,
4848,,,14,7,13,000,2018,04,10,2,2,1,3,0,,1,1,0,0,0,0,"735492,079299999980000","5692784,591400000300000",12.381055195000044,51.33749145400003,0,,0,Mitte,,,0,0.0,166827,,,,,
4849,,,14,7,13,000,2018,04,05,6,3,5,3,1,,1,1,0,0,0,0,"727406,059000000010000","5690573,818300000400000",12.263756068000077,51.32093559900005,6,,6,West,,,0,6.0,166828,,,,,
4850,,,14,7,13,000,2018,04,17,6,2,5,3,0,,0,1,0,1,0,0,"738228,305199999940000","5695098,350700000300000",12.42181376600007,51.357119983000075,1,,1,Nordost,,,0,1.0,166830,,,,,
4851,,,14,7,13,000,2018,04,14,6,3,5,3,0,,1,1,0,0,0,0,"740880,479799999970000","5689946,332299999900000",12.45635145700004,51.30975962100007,3,,3,Südost,,,0,3.0,166831,,,,,
4852,,,14,7,13,000,2018,04,08,6,3,1,6,0,,1,0,0,0,0,1,"735758,283599999970000","5692904,736399999800000",12.384949560000052,51.338459614000044,0,,0,Mitte,,,0,0.0,166832,,,,,
4853,,,14,7,13,000,2018,04,21,6,2,6,2,2,,0,1,1,0,0,0,"732260,663799999980000","5691211,677699999900000",12.333720160000041,51.32470075700007,5,,5,Südwest,,,0,5.0,166833,,,,,
4854,,,14,7,13,000,2018,05,15,3,3,6,6,0,,1,0,1,0,0,0,"734934,348200000010000","5689408,642900000300000",12.370837921000032,51.30741820700007,4,,4,Süd,,,0,4.0,166857,,,,,
4855,,,14,7,13,000,2018,04,18,5,3,5,2,0,,1,1,0,0,0,0,"731973,912600000040000","5693978,770800000100000",12.331413750000024,51.34965732000006,7,,7,Alt-West,,,0,7.0,166859,,,,,
4856,,,14,7,13,000,2018,04,08,5,3,6,2,0,,0,1,1,0,0,0,"735236,697300000000000","5695193,364500000100000",12.378987104000032,51.35921906800007,0,,0,Mitte,,,0,0.0,166861,,,,,
4857,,,14,7,13,000,2018,04,19,5,3,3,2,0,,1,1,0,0,0,0,"735312,365400000010000","5689752,523000000000000",12.376478401000043,51.31034889100005,4,,4,Süd,,,0,4.0,166865,,,,,
4858,,,14,7,13,000,2018,04,18,5,3,5,2,0,,1,1,0,0,0,0,"735174,221999999950000","5693485,316999999800000",12.37696280700004,51.34391294200003,0,,0,Mitte,,,0,0.0,166868,,,,,
4859,,,14,7,13,000,2018,04,16,5,3,6,4,0,,0,1,1,0,0,0,"737895,915000000040000","5691402,859000000200000",12.414580152000042,51.32408855300008,3,,3,Südost,,,0,3.0,166870,,,,,
4860,,,14,7,13,000,2018,04,14,5,3,3,2,0,,1,1,0,0,0,0,"730162,580700000050000","5693304,597099999900000",12.305011732000025,51.344341575000044,7,,7,Alt-West,,,0,7.0,166872,,,,,
4861,,,14,7,13,000,2018,04,16,5,2,5,7,0,,1,1,0,0,0,0,"731317,368600000050000","5688578,728799999700000",12.318497751000052,51.30144930000006,5,,5,Südwest,,,0,5.0,166875,,,,,
4862,,,14,7,13,000,2018,05,17,4,3,2,6,0,,0,1,0,0,0,0,"735064,355699999960000","5695006,425800000300000",12.376392665000026,51.357612363000044,0,,0,Mitte,,,0,0.0,166876,,,,,
4863,,,14,7,13,000,2018,04,18,5,3,6,4,0,,0,1,1,0,0,0,"735446,352500000040000","5691696,817300000200000",12.379681127000026,51.32774617000007,0,,0,Mitte,,,0,0.0,166887,,,,,
4864,,,14,7,13,000,2018,04,08,5,3,5,2,0,,1,1,0,0,0,0,"730467,870200000000000","5691472,489000000100000",12.308202411000025,51.327771115000075,7,,7,Alt-West,,,0,7.0,166893,,,,,
4865,,,14,7,13,000,2018,04,11,4,3,4,2,0,,0,1,0,0,0,0,"734805,699400000040000","5692638,607800000300000",12.371122676000027,51.33646485700007,0,,0,Mitte,,,0,0.0,166895,,,,,
4866,,,14,7,13,000,2018,05,17,3,3,4,2,0,,1,1,0,0,0,0,"738331,881000000050000","5690885,571600000400000",12.420479944000022,51.31926294800007,3,,3,Südost,,,0,3.0,166896,,,,,
4867,,,14,7,13,000,2018,04,16,4,3,2,2,0,,0,1,0,0,0,0,"737956,635400000030000","5693923,638600000200000",12.417133708000051,51.34668964400004,2,,2,Ost,,,0,2.0,166897,,,,,
4868,,,14,7,13,000,2018,04,14,4,3,3,5,0,,1,0,0,0,1,0,"737055,600699999950000","5693763,469700000200000",12.404112486000031,51.34562837800007,2,,2,Ost,,,0,2.0,166898,,,,,
4869,,,14,7,13,000,2018,04,19,5,3,3,6,0,,0,1,0,0,0,0,"742793,429400000020000","5693460,824400000300000",12.486139399000024,51.34049078600003,2,,2,Ost,,,0,2.0,166899,,,,,
4870,,,14,7,13,000,2018,04,13,4,3,2,6,0,,0,1,0,0,0,0,"732328,681400000000000","5691359,614699999800000",12.334791085000063,51.32600098100005,5,,5,Südwest,,,0,5.0,166900,,,,,
4871,,,14,7,13,000,2018,04,09,5,3,5,3,0,,1,1,0,0,0,0,"735257,538300000010000","5689093,130900000200000",12.375258425000027,51.30445258000003,4,,4,Süd,,,0,4.0,166901,,,,,
4872,,,14,7,13,000,2018,04,16,5,3,5,3,0,,0,1,0,0,0,0,"740160,736999999960000","5687957,872299999900000",12.444706281000038,51.29221576900005,3,,3,Südost,,,0,3.0,166902,,,,,
4873,,,14,7,13,000,2018,04,14,4,3,5,3,0,,0,1,0,0,0,0,"735275,805999999980000","5691050,740000000200000",12.376811193000037,51.32201730100007,4,,4,Süd,,,0,4.0,166903,,,,,
4874,,,14,7,13,000,2018,04,13,5,3,5,3,0,,0,1,0,0,1,0,"734606,143900000020000","5692453,094499999700000",12.368140792000077,51.33488196500008,0,,0,Mitte,,,0,0.0,166904,,,,,
4875,,,14,7,13,000,2018,04,08,5,3,4,2,0,,0,1,0,1,0,0,"738362,828199999990000","5690896,447800000200000",12.420930511000051,51.31934761100007,3,,3,Südost,,,0,3.0,166911,,,,,
4876,,,14,7,13,000,2018,05,18,4,3,5,3,0,,1,1,0,0,0,0,"732551,831099999950000","5691358,035299999600000",12.337987261000023,51.32589563300007,5,,5,Südwest,,,0,5.0,166929,,,,,
4877,,,14,7,13,000,2018,04,19,2,2,5,3,0,,1,1,0,0,0,0,"730295,398000000040000","5693542,663999999900000",12.30706949100005,51.34642491300008,7,,7,Alt-West,,,0,7.0,166931,,,,,
4878,,,14,7,13,000,2018,04,09,3,3,2,6,0,,0,1,0,0,0,0,"738284,378400000050000","5693608,902599999700000",12.421620571000062,51.34372732500003,2,,2,Ost,,,0,2.0,166934,,,,,
4879,,,14,7,13,000,2018,04,07,3,3,2,6,2,,0,1,0,0,0,0,"740975,072799999970000","5696228,749499999900000",12.461956064000049,51.36610787500007,2,,2,Ost,,,0,2.0,166935,,,,,
4880,,,14,7,13,000,2018,04,17,3,3,5,3,0,,1,1,0,0,0,0,"736763,758299999990000","5689842,157300000100000",12.397324634000029,51.31055165400005,4,,4,Süd,,,0,4.0,166937,,,,,
4881,,,14,7,13,000,2018,04,09,3,3,1,6,0,,0,1,0,0,0,1,"737158,040200000050000","5694786,803500000400000",12.406262520000041,51.35477116200008,1,,1,Nordost,,,0,1.0,166939,,,,,
4882,,,14,7,13,000,2018,04,17,3,3,6,4,0,,0,1,1,0,0,0,"742262,076499999970000","5694026,512099999900000",12.47890994100004,51.34579467100008,2,,2,Ost,,,0,2.0,166941,,,,,
4883,,,14,7,13,000,2018,04,12,3,2,6,4,0,,0,0,1,0,0,1,"740913,751200000060000","5695187,461199999800000",12.46037162600004,51.35678777000004,2,,2,Ost,,,0,2.0,166944,,,,,
4884,,,14,7,13,000,2018,04,21,3,3,5,3,2,,1,1,0,0,0,0,"735113,890200000020000","5688741,989600000000000",12.37297002500003,51.30135991800006,4,,4,Süd,,,0,4.0,166945,,,,,
4885,,,14,7,13,000,2018,05,18,3,3,5,3,0,,1,1,0,0,0,0,"734867,814999999940000","5687362,836000000100000",12.368539230000067,51.28908151300004,4,,4,Süd,,,0,4.0,166946,,,,,
4886,,,14,7,13,000,2018,05,20,3,2,6,4,0,,1,0,1,0,0,0,"737046,297999999950000","5692472,071999999700000",12.403119677000063,51.33404054400006,3,,3,Südost,,,0,3.0,166948,,,,,
4887,,,14,7,13,000,2018,05,18,2,3,5,3,0,,1,1,0,0,0,0,"732746,970899999960000","5696283,624599999700000",12.344003404000034,51.370031131000076,8,,8,Nordwest,,,0,8.0,166949,,,,,
4888,,,14,7,13,000,2018,05,09,3,3,1,5,0,,1,1,0,0,0,0,"732420,082199999950000","5691540,700600000100000",12.336218725000037,51.32758921000004,5,,5,Südwest,,,0,5.0,166950,,,,,
4889,,,14,7,13,000,2018,05,13,2,3,4,2,0,,1,1,0,0,0,0,"734392,913900000040000","5696046,485899999700000",12.367451539000058,51.36722569600005,9,,9,Nord,,,0,9.0,166951,,,,,
4890,,,14,7,13,000,2018,05,22,3,3,4,2,2,,1,1,0,0,0,0,"735016,737800000000000","5693707,750599999900000",12.374852456000042,51.34597470400007,0,,0,Mitte,,,0,0.0,166952,,,,,
4891,,,14,7,13,000,2018,05,14,2,3,5,3,0,,1,1,0,0,0,0,"730579,142200000000000","5691547,358099999800000",12.30984521800002,51.328398123000056,6,,6,West,,,0,6.0,166953,,,,,
4892,,,14,7,13,000,2018,05,07,3,3,6,2,0,,0,1,1,0,0,0,"740856,148999999980000","5694774,270899999900000",12.459266222000053,51.353103575000034,2,,2,Ost,,,0,2.0,166954,,,,,
4893,,,14,7,13,000,2018,05,17,3,3,2,6,0,,0,1,0,0,0,0,"741134,253299999980000","5696094,782599999600000",12.46414760500005,51.364837917000045,2,,2,Ost,,,0,2.0,166956,,,,,
4894,,,14,7,13,000,2018,05,15,3,3,6,4,0,,0,1,1,0,0,0,"731178,002499999940000","5697452,440299999900000",12.322262220000027,51.381164064000075,8,,8,Nordwest,,,0,8.0,166957,,,,,
4895,,,14,7,13,000,2018,05,07,2,3,6,4,0,,0,1,1,0,0,0,"736006,737899999950000","5692456,463100000300000",12.38821312400006,51.33433274600003,0,,0,Mitte,,,0,0.0,166958,,,,,
4896,,,14,7,13,000,2018,05,16,2,3,0,3,0,,0,1,0,0,0,1,"731774,802799999950000","5691018,460099999800000",12.32663343300004,51.32316441100005,5,,5,Südwest,,,0,5.0,166964,,,,,
4897,,,14,7,13,000,2018,05,20,2,3,5,3,0,,1,1,0,0,0,0,"740873,767499999960000","5690177,133200000000000",12.456411156000058,51.311834049000026,3,,3,Südost,,,0,3.0,166966,,,,,
4898,,,14,7,13,000,2018,05,12,2,3,5,2,0,,1,1,0,0,0,0,"736371,191600000020000","5693786,963700000200000",12.394318529000032,51.34612422400005,2,,2,Ost,,,0,2.0,166969,,,,,
4899,,,14,7,13,000,2018,05,09,1,3,1,1,0,,1,1,0,0,0,0,"734205,221699999990000","5693249,492999999800000",12.362919223000063,51.34219605800007,0,,0,Mitte,,,0,0.0,166995,,,,,
4900,,,14,7,13,000,2018,05,22,1,3,5,3,2,,1,1,0,0,0,0,"732653,245400000010000","5691452,650200000000000",12.339502037000045,51.326703501000054,5,,5,Südwest,,,0,5.0,166997,,,,,
4901,,,14,7,13,000,2018,05,10,1,3,3,2,0,,1,1,0,0,0,0,"738081,851999999960000","5690024,618999999900000",12.416323748000025,51.311639686000035,3,,3,Südost,,,0,3.0,167000,,,,,
4902,,,14,7,13,000,2018,05,15,2,3,2,6,0,,0,1,0,0,0,0,"734800,954600000060000","5694586,452300000000000",12.372339176000025,51.353951420000044,0,,0,Mitte,,,0,0.0,167001,,,,,
4903,,,14,7,13,000,2018,05,16,2,3,5,3,0,,1,1,0,0,0,0,"732980,376900000030000","5691181,842199999800000",12.344012102000022,51.32413867400004,5,,5,Südwest,,,0,5.0,167002,,,,,
4904,,,14,7,13,000,2018,05,13,1,3,4,2,0,,1,1,0,0,0,0,"733821,496500000010000","5692556,198499999900000",12.356964405000042,51.33613060700003,0,,0,Mitte,,,0,0.0,167003,,,,,
4905,,,14,7,13,000,2018,05,12,2,3,1,5,0,,1,1,0,0,0,0,"740973,987300000040000","5689864,587799999900000",12.457635350000032,51.30898633800007,3,,3,Südost,,,0,3.0,167004,,,,,
4906,,,14,7,13,000,2018,05,14,2,2,4,2,0,,1,1,0,0,0,0,"740536,147299999950000","5689129,241600000300000",12.450869579000027,51.30257125500003,3,,3,Südost,,,0,3.0,167007,,,,,
4907,,,14,7,13,000,2018,05,16,2,3,0,7,0,,1,0,0,0,0,0,"734808,576299999960000","5691584,797000000300000",12.370469489000072,51.32700422700003,0,,0,Mitte,,,0,0.0,167009,,,,,
4908,,,14,7,13,000,2018,05,14,2,3,0,1,0,,1,0,0,0,0,0,"734300,493099999960000","5695696,567400000100000",12.365895687000034,51.364122810000026,9,,9,Nord,,,0,9.0,167011,,,,,
4909,,,14,7,13,000,2018,05,15,2,3,2,2,0,,0,1,0,0,0,1,"731177,765299999970000","5690686,232400000100000",12.317864257000053,51.320424924000065,7,,7,Alt-West,,,0,7.0,167013,,,,,
4910,,,14,7,13,000,2018,05,06,2,3,4,2,0,,1,1,0,0,0,0,"736168,521100000010000","5692947,523299999500000",12.390856936000034,51.33867345800007,0,,0,Mitte,,,0,0.0,167014,,,,,
4911,,,14,7,13,000,2018,05,18,7,3,5,3,0,,1,0,0,0,0,0,"732315,443899999950000","5691998,127999999600000",12.335017643000072,51.33173816100003,5,,5,Südwest,,,0,5.0,167021,,,,,
4912,,,14,7,13,000,2018,05,07,2,3,3,2,0,,1,1,0,0,0,0,"734920,707599999970000","5698722,349600000300000",12.376788997000062,51.39102702800005,9,,9,Nord,,,0,9.0,167023,,,,,
4913,,,14,7,13,000,2018,05,19,7,2,1,7,0,,0,1,0,1,0,0,"737544,371999999970000","5700833,708599999500000",12.415843420000044,51.40888646900004,9,,9,Nord,,,0,9.0,167025,,,,,
4914,,,14,7,13,000,2018,05,13,7,3,8,1,0,,0,1,0,0,0,0,"740766,340699999940000","5694509,645300000000000",12.457799880000039,51.35076645800007,2,,2,Ost,,,0,2.0,167028,,,,,
4915,,,14,7,13,000,2018,05,13,7,2,7,1,0,,0,1,0,0,0,0,"737382,363299999970000","5699059,757399999500000",12.412331736000056,51.39303145000008,1,,1,Nordost,,,0,1.0,167030,,,,,
4916,,,14,7,13,000,2018,05,11,7,1,5,3,0,,1,0,0,0,0,1,"738379,562000000030000","5694355,127999999600000",12.423484372000075,51.35038547400006,2,,2,Ost,,,0,2.0,167033,,,,,
4917,,,14,7,13,000,2018,05,16,6,3,5,2,0,,1,1,0,0,0,0,"734296,174299999960000","5690915,986200000200000",12.362688462000051,51.32121190400005,4,,4,Süd,,,0,4.0,167067,,,,,
4918,,,14,7,13,000,2018,05,08,6,3,9,1,0,,0,1,0,0,0,0,"736083,100600000010000","5688066,107200000400000",12.386401486000068,51.29489197700008,4,,4,Süd,,,0,4.0,167070,,,,,
4919,,,14,7,13,000,2018,05,17,6,3,1,1,0,,1,1,0,0,0,0,"737685,729599999960000","5695332,779400000300000",12.41419191500006,51.35945139200004,1,,1,Nordost,,,0,1.0,167072,,,,,
4920,,,14,7,13,000,2018,05,09,6,3,4,2,0,,0,1,0,0,0,0,"729335,090600000000000","5690835,103500000200000",12.291560971000024,51.322507005000034,6,,6,West,,,0,6.0,167073,,,,,
4921,,,14,7,13,000,2018,05,18,7,3,5,3,0,,1,1,0,0,0,0,"733820,846800000060000","5692557,061700000400000",12.356955661000029,51.33613862200008,0,,0,Mitte,,,0,0.0,167082,,,,,
4922,,,14,7,13,000,2018,05,12,7,3,2,6,0,,1,0,0,0,0,0,"735016,081099999950000","5691704,371000000300000",12.373521341000071,51.32799188800004,0,,0,Mitte,,,0,0.0,167084,,,,,
4923,,,14,7,13,000,2018,05,18,7,3,0,7,0,,1,0,0,0,0,0,"734808,458600000010000","5691587,893000000200000",12.370469842000034,51.32703206600007,0,,0,Mitte,,,0,0.0,167085,,,,,
4924,,,14,7,13,000,2018,05,12,7,3,2,2,0,,0,1,0,0,0,0,"731472,923199999960000","5696647,876100000000000",12.32596884000003,51.37382153900006,8,,8,Nordwest,,,0,8.0,167087,,,,,
4925,,,14,7,13,000,2018,05,08,7,3,4,2,0,,0,1,0,0,0,0,"734342,087199999950000","5696050,518400000400000",12.366725339000027,51.36728286200008,9,,9,Nord,,,0,9.0,167090,,,,,
4926,,,14,7,13,000,2018,05,17,7,3,6,7,0,,0,1,1,0,0,0,"733682,906500000040000","5693858,048100000200000",12.355832595000038,51.34787367500007,0,,0,Mitte,,,0,0.0,167094,,,,,
4927,,,14,7,13,000,2018,05,17,5,3,5,2,0,,1,1,0,0,0,0,"733976,960700000050000","5695288,091000000000000",12.360987817000023,51.36058946900005,9,,9,Nord,,,0,9.0,167102,,,,,
4928,,,14,7,13,000,2018,05,18,5,3,2,6,0,,0,1,0,0,0,0,"734012,426499999940000","5695603,196399999800000",12.361703625000075,51.363403393000056,9,,9,Nord,,,0,9.0,167104,,,,,
4929,,,14,7,13,000,2018,05,12,5,3,0,7,0,,0,1,0,0,0,0,"741007,681300000050000","5693964,472099999900000",12.460890070000062,51.34577096000004,2,,2,Ost,,,0,2.0,167106,,,,,
4930,,,14,7,13,000,2018,05,10,6,3,5,3,0,,1,1,0,0,0,0,"739092,374799999990000","5697695,918899999900000",12.435947571000042,51.38007226500008,1,,1,Nordost,,,0,1.0,167130,,,,,
4931,,,14,7,13,000,2018,05,12,6,3,5,3,0,,0,1,0,0,0,1,"736070,131500000020000","5688109,492100000400000",12.386244487000056,51.295286790000034,4,,4,Süd,,,0,4.0,167133,,,,,
4932,,,14,7,13,000,2018,05,19,2,2,0,1,1,,0,1,0,0,0,0,"735754,192300000000000","5692888,156399999700000",12.384879954000041,51.33831248300004,0,,0,Mitte,,,0,0.0,167134,,,,,
4933,,,14,7,13,000,2018,05,14,6,2,1,6,0,,1,1,0,0,0,0,"738827,844000000040000","5691973,311400000000000",12.428312927000036,51.32881845700007,2,,2,Ost,,,0,2.0,167135,,,,,
4934,,,14,7,13,000,2018,05,14,4,3,1,5,0,,0,1,0,0,0,0,"736706,356600000060000","5697384,359199999800000",12.401516295000022,51.37827533700005,1,,1,Nordost,,,0,1.0,167155,,,,,
4935,,,14,7,13,000,2018,05,19,4,1,6,4,0,,0,0,1,0,0,1,"733878,971099999970000","5694951,397599999800000",12.359361497000066,51.35760748900003,9,,9,Nord,,,0,9.0,167157,,,,,
4936,,,14,7,13,000,2018,05,15,4,3,5,3,0,,1,1,0,0,0,0,"735823,946899999980000","5693443,391099999700000",12.386247237000077,51.34326749200005,0,,0,Mitte,,,0,0.0,167159,,,,,
4937,,,14,7,13,000,2018,05,13,4,3,5,3,0,,1,1,0,0,0,0,"734287,878600000050000","5698407,728299999600000",12.367501955000023,51.38846443600005,9,,9,Nord,,,0,9.0,167161,,,,,
4938,,,14,7,13,000,2018,05,13,5,3,5,3,0,,1,1,0,0,0,0,"734795,900600000050000","5692905,199199999700000",12.371157977000053,51.33886193500007,0,,0,Mitte,,,0,0.0,167177,,,,,
4939,,,14,7,13,000,2018,05,06,5,3,0,7,0,,1,0,0,0,0,1,"734741,337199999950000","5693849,158699999600000",12.37099827700007,51.347357817000045,0,,0,Mitte,,,0,0.0,167178,,,,,
4940,,,14,7,13,000,2018,05,11,5,3,2,2,0,,0,1,0,0,0,0,"735517,274800000010000","5692024,619199999600000",12.380913895000049,51.33065927000007,0,,0,Mitte,,,0,0.0,167180,,,,,
4941,,,14,7,13,000,2018,05,16,5,3,3,2,0,,1,1,0,0,0,0,"732996,295999999970000","5691269,432699999800000",12.344297423000057,51.32491842600007,5,,5,Südwest,,,0,5.0,167181,,,,,
4942,,,14,7,13,000,2018,05,20,5,3,5,3,1,,1,1,0,0,0,0,"729149,604599999960000","5691208,986899999900000",12.289143806000027,51.32593815200005,6,,6,West,,,0,6.0,167183,,,,,
4943,,,14,7,13,000,2018,05,06,5,2,1,7,0,,1,1,0,0,0,0,"736826,192500000000000","5695892,733400000300000",12.40224147500004,51.364836455000045,1,,1,Nordost,,,0,1.0,167186,,,,,
4944,,,14,7,13,000,2018,05,12,5,2,4,2,0,,0,1,0,0,0,0,"729352,719099999990000","5690703,385599999700000",12.291728805000048,51.32131744800006,6,,6,West,,,0,6.0,167187,,,,,
4945,,,14,7,13,000,2018,05,15,5,3,4,2,0,,0,1,0,0,0,0,"736065,070900000050000","5688533,489600000000000",12.386452364000036,51.299094826000044,4,,4,Süd,,,0,4.0,167189,,,,,
4946,,,14,7,13,000,2018,05,04,5,3,9,1,2,,0,0,0,1,0,0,"730723,215399999990000","5691647,203200000300000",12.311974246000034,51.32923601400006,7,,7,Alt-West,,,1,7.0,167191,,,,,
4947,,,14,7,13,000,2018,05,07,5,3,6,4,0,,0,1,1,0,0,0,"738520,153100000000000","5694895,862099999600000",12.425861979000047,51.35518005900008,1,,1,Nordost,,,0,1.0,167192,,,,,
4948,,,14,7,13,000,2018,05,14,5,3,5,3,0,,0,1,0,0,0,0,"732711,979000000050000","5691935,974000000400000",12.340659156000072,51.331018130000075,5,,5,Südwest,,,0,5.0,167194,,,,,
4949,,,14,7,13,000,2018,05,17,3,3,0,7,0,,1,0,0,0,0,0,"733908,180500000020000","5693219,815899999800000",12.358642431000021,51.34205193500003,0,,0,Mitte,,,0,0.0,167210,,,,,
4950,,,14,7,13,000,2018,05,15,3,3,2,6,0,,0,1,0,0,0,0,"736439,776199999960000","5693006,901200000200000",12.394783639000025,51.33909372900007,0,,0,Mitte,,,0,0.0,167212,,,,,
4951,,,14,7,13,000,2018,05,19,4,3,2,6,0,,0,1,0,0,0,0,"731176,478000000000000","5690686,182000000000000",12.317845782000063,51.32042499500005,7,,7,Alt-West,,,0,7.0,167221,,,,,
4952,,,14,7,13,000,2018,05,14,4,3,6,4,0,,0,0,1,0,0,1,"735465,978600000030000","5691858,627100000200000",12.380069224000067,51.32919050600003,0,,0,Mitte,,,0,0.0,167255,,,,,
4953,,,14,7,13,000,2018,05,10,4,3,5,2,0,,0,1,0,0,0,0,"734741,903799999970000","5694655,220700000400000",12.37153799400005,51.35459310200008,0,,0,Mitte,,,0,0.0,167257,,,,,
4954,,,14,7,13,000,2018,05,16,4,3,1,6,0,,0,1,0,0,0,0,"737634,649199999990000","5695336,381299999500000",12.413461984000037,51.35950508600007,1,,1,Nordost,,,0,1.0,167258,,,,,
4955,,,14,7,13,000,2018,05,11,4,3,2,6,0,,0,1,0,0,0,0,"729817,892100000060000","5693934,343600000300000",12.300477535000027,51.350134267000044,7,,7,Alt-West,,,0,7.0,167260,,,,,
4956,,,14,7,13,000,2018,05,20,3,3,5,3,1,,0,1,0,0,0,0,"735621,374599999980000","5689344,861700000200000",12.38063487200003,51.306561757000054,4,,4,Süd,,,0,4.0,167262,,,,,
4957,,,14,7,13,000,2018,05,15,4,3,5,3,0,,1,0,0,0,0,0,"734774,568399999990000","5689895,103500000200000",12.368869757000027,51.31185081900003,4,,4,Süd,,,0,4.0,167263,,,,,
4958,,,14,7,13,000,2018,05,07,3,3,6,4,0,,1,0,1,0,0,0,"734974,860800000020000","5692863,605800000000000",12.37369523700005,51.33841465800003,0,,0,Mitte,,,0,0.0,167264,,,,,
4959,,,14,7,13,000,2018,05,17,4,3,5,3,0,,1,1,0,0,0,0,"735400,803199999970000","5689507,558600000100000",12.377583404000063,51.30811343100004,4,,4,Süd,,,0,4.0,167265,,,,,