UNFALL_ID,FID_left,OBJECTID,ULAND,UREGBEZ,UKREIS,UGEMEINDE,UJAHR,UMONAT,USTUNDE,UWOCHENTAG,UKATEGORIE,UART,UTYP1,ULICHTVERH,IstStrasse,IstRad,IstPKW,IstFuss,IstKrad,IstGkfz,IstSonstig,LINREFX,LINREFY,XGCSWGS84,YGCSWGS84,index_right,FID_right,SBZ,Name,UIDENTSTLA,LICHT,STRZUSTAND,FID,OBJECTID_1,IstSonstige,UIDENTSTLAE,OID_,IstStrassenzustand,PLST
4960,,,14,7,13,000,2018,05,12,4,3,4,2,0,,1,1,0,0,0,0,"735707,630299999960000","5690900,000799999600000",12.382897743000058,51.32048550300004,4,,4,Süd,,,0,4.0,167266,,,,,
4961,,,14,7,13,000,2018,05,15,4,3,5,3,0,,1,0,0,0,0,1,"735085,597399999970000","5689896,058000000200000",12.373325163000061,51.31173101700006,4,,4,Süd,,,0,4.0,167267,,,,,
4962,,,14,7,13,000,2018,05,08,3,3,2,6,0,,0,1,0,0,0,0,"734646,127199999990000","5693794,650899999800000",12.369597630000044,51.34690783900004,0,,0,Mitte,,,0,0.0,167268,,,,,
4963,,,14,7,13,000,2018,05,07,4,3,5,3,0,,1,1,0,0,0,0,"739326,569400000040000","5696116,584099999600000",12.43824339400004,51.36579794700003,1,,1,Nordost,,,0,1.0,167269,,,,,
4964,,,14,7,13,000,2018,05,13,3,2,3,5,0,,1,1,0,0,0,0,"732301,395299999970000","5692435,017000000000000",12.335101185000042,51.335665738000046,7,,7,Alt-West,,,0,7.0,167270,,,,,
4965,,,14,7,13,000,2018,05,07,4,3,3,2,0,,1,1,0,0,0,0,"736407,698699999950000","5695210,725300000000000",12.395787494000047,51.35888895000005,9,,9,Nord,,,0,9.0,167272,,,,,
4966,,,14,7,13,000,2018,05,19,4,3,5,3,0,,1,0,0,0,0,1,"742271,163700000030000","5694562,805800000200000",12.479405136000025,51.35060423400006,2,,2,Ost,,,0,2.0,167273,,,,,
4967,,,14,7,13,000,2018,05,11,3,3,5,3,0,,1,1,0,0,0,0,"729321,349799999970000","5690828,865700000000000",12.291360092000048,51.32245654500008,6,,6,West,,,0,6.0,167274,,,,,
4968,,,14,7,13,000,2018,05,09,3,3,6,4,0,,1,0,1,0,0,0,"740252,979799999970000","5693903,098199999900000",12.450032210000074,51.34553951200007,2,,2,Ost,,,0,2.0,167277,,,,,
4969,,,14,7,13,000,2018,05,08,3,2,5,3,0,,1,1,0,0,0,0,"731971,468899999980000","5688707,897599999800000",12.327948508000077,51.30234273700006,5,,5,Südwest,,,0,5.0,167301,,,,,
4970,,,14,7,13,000,2018,05,18,3,3,4,2,0,,1,1,0,0,0,0,"735176,983000000010000","5695996,146400000000000",12.378661732000069,51.366449792000026,9,,9,Nord,,,0,9.0,167303,,,,,
4971,,,14,7,13,000,2018,05,18,3,3,4,2,0,,1,1,0,0,0,0,"735177,634100000020000","5695996,008299999900000",12.37867097800006,51.36644828300007,9,,9,Nord,,,0,9.0,167305,,,,,
4972,,,14,7,13,000,2018,05,10,3,3,1,5,0,,0,1,0,0,0,0,"736637,372100000040000","5688491,462600000200000",12.394618963000028,51.29848005900004,4,,4,Süd,,,0,4.0,167308,,,,,
4973,,,14,7,13,000,2018,05,08,2,3,4,2,0,,1,1,0,0,0,0,"736988,381700000030000","5692281,071999999700000",12.402162745000055,51.33235024000004,3,,3,Südost,,,0,3.0,167321,,,,,
4974,,,14,7,13,000,2018,05,09,2,3,5,3,0,,1,1,0,0,0,0,"742479,768000000040000","5692799,184999999600000",12.481194263000077,51.33468616500005,2,,2,Ost,,,0,2.0,167323,,,,,
4975,,,14,7,13,000,2018,05,19,2,2,7,1,1,,1,0,0,0,0,0,"734874,101900000010000","5695656,034400000200000",12.374093900000048,51.36352213500004,9,,9,Nord,,,0,9.0,167324,,,,,
4976,,,14,7,13,000,2018,05,08,2,3,1,6,0,,0,1,0,0,0,0,"734023,062900000020000","5690859,587100000100000",12.358738902000027,51.32081802400006,4,,4,Süd,,,0,4.0,167325,,,,,
4977,,,14,7,13,000,2018,05,05,2,3,0,4,2,,1,0,1,0,0,0,"730032,829200000040000","5691250,098600000100000",12.30182532200007,51.32595078400004,6,,6,West,,,0,6.0,167326,,,,,
4978,,,14,7,13,000,2018,05,22,2,3,8,1,2,,0,1,0,0,0,0,"730434,642400000010000","5691938,164800000400000",12.308027419000041,51.33196494400005,7,,7,Alt-West,,,0,7.0,167328,,,,,
4979,,,14,7,13,000,2018,05,17,2,3,2,6,0,,1,0,0,0,0,0,"735949,298900000050000","5687410,189799999800000",12.384052487000076,51.28905967700007,4,,4,Süd,,,0,4.0,167330,,,,,
4980,,,14,7,13,000,2018,05,16,2,3,2,6,0,,0,1,0,0,0,0,"734646,321499999960000","5693260,164599999800000",12.369248197000047,51.342109992000076,0,,0,Mitte,,,0,0.0,167331,,,,,
4981,,,14,7,13,000,2018,05,22,2,3,5,3,2,,1,1,0,0,0,0,"736421,674499999960000","5691199,031800000000000",12.39332479500007,51.322873455000035,0,,0,Mitte,,,0,0.0,167332,,,,,
4982,,,14,7,13,000,2018,05,09,2,3,3,2,0,,0,0,0,0,0,1,"735637,185799999980000","5695920,518799999700000",12.38521072900005,51.36558024900006,9,,9,Nord,,,0,9.0,167334,,,,,
4983,,,14,7,13,000,2018,05,15,2,3,4,2,0,,1,1,0,0,0,0,"738439,202999999980000","5699745,308799999800000",12.427954911000029,51.39874182400007,1,,1,Nordost,,,0,1.0,167336,,,,,
4984,,,14,7,13,000,2018,05,22,1,3,3,6,2,,1,1,0,0,0,0,"733150,031899999940000","5692084,475999999800000",12.347033211000053,51.33217179800005,5,,5,Südwest,,,0,5.0,167343,,,,,
4985,,,14,7,13,000,2018,05,08,1,2,0,1,0,,1,0,0,0,0,0,"737828,006900000040000","5691154,889899999800000",12.413441890000058,51.32189116400008,3,,3,Südost,,,0,3.0,167345,,,,,
4986,,,14,7,13,000,2018,05,11,1,3,2,6,0,,0,1,0,1,0,0,"739000,162999999940000","5688996,868999999900000",12.428787316000069,51.302029868000034,3,,3,Südost,,,0,3.0,167346,,,,,
4987,,,14,7,13,000,2018,05,06,1,3,5,3,0,,0,1,0,0,0,0,"735308,376799999970000","5689757,620199999800000",12.37642463800006,51.31039629400004,4,,4,Süd,,,0,4.0,167348,,,,,
4988,,,14,7,13,000,2018,05,18,1,1,9,7,0,,1,0,0,0,0,0,"733693,366799999960000","5690726,031999999700000",12.353928224000072,51.319754653000075,4,,4,Süd,,,0,4.0,167351,,,,,
4989,,,14,7,13,000,2018,05,12,1,3,3,6,0,,0,1,0,0,0,0,"736989,087599999970000","5691390,920699999700000",12.401580963000072,51.32435983100004,3,,3,Südost,,,0,3.0,167353,,,,,
4990,,,14,7,13,000,2018,05,19,7,2,5,7,0,,1,1,0,0,0,0,"737553,254800000000000","5691776,453800000300000",12.409920193000062,51.327585131000035,3,,3,Südost,,,0,3.0,167364,,,,,
4991,,,14,7,13,000,2018,05,10,7,3,5,3,0,,1,1,0,0,0,0,"738933,763299999990000","5688213,505099999700000",12.427312289000042,51.295026309000036,3,,3,Südost,,,0,3.0,167369,,,,,
4992,,,14,7,13,000,2018,05,15,1,3,1,7,0,,0,1,0,0,0,0,"729298,897499999960000","5691010,473500000300000",12.291155222000043,51.32409591500004,6,,6,West,,,0,6.0,167375,,,,,
4993,,,14,7,13,000,2018,05,17,1,3,6,6,0,,1,0,1,0,0,0,"732389,303500000040000","5692033,621700000000000",12.336099157000035,51.332026607000046,5,,5,Südwest,,,0,5.0,167378,,,,,
4994,,,14,7,13,000,2018,05,19,6,3,2,6,0,,0,1,0,0,0,0,"734009,285299999990000","5692353,900600000300000",12.359522628000036,51.33423744000004,0,,0,Mitte,,,0,0.0,167383,,,,,
4995,,,14,7,13,000,2018,05,21,4,3,5,3,1,,0,1,0,0,0,0,"737387,989199999950000","5691590,533800000300000",12.407428597000035,51.32598528300008,3,,3,Südost,,,1,3.0,167386,,,,,
4996,,,14,7,13,000,2018,05,17,6,3,4,2,0,,1,1,0,0,0,0,"731892,032000000010000","5692405,323200000500000",12.329215377000025,51.33556624400006,7,,7,Alt-West,,,0,7.0,167387,,,,,
4997,,,14,7,13,000,2018,05,15,6,3,2,6,0,,1,1,0,0,0,0,"732562,724999999980000","5692614,834400000100000",12.338963595000052,51.337173102000065,7,,7,Alt-West,,,0,7.0,167391,,,,,
4998,,,14,7,13,000,2018,05,15,6,3,6,4,0,,1,0,1,0,0,0,"739862,645900000000000","5692312,015599999600000",12.443366481000055,51.331423210000025,2,,2,Ost,,,0,2.0,167393,,,,,
4999,,,14,7,13,000,2018,05,20,6,3,3,2,1,,1,1,0,0,0,0,"735045,787900000000000","5690879,961799999700000",12.373403408000058,51.320579389000045,4,,4,Süd,,,0,4.0,167395,,,,,
5000,,,14,7,13,000,2018,05,14,6,3,5,3,0,,0,1,0,0,0,0,"735564,154300000050000","5690913,271599999600000",12.380851179000047,51.320664038000075,4,,4,Süd,,,0,4.0,167397,,,,,
5001,,,14,7,13,000,2018,05,12,7,3,2,6,0,,0,1,0,0,0,1,"736619,127100000040000","5693781,001500000200000",12.397868231000075,51.34596757000003,2,,2,Ost,,,0,2.0,167414,,,,,
5002,,,14,7,13,000,2018,05,05,5,3,5,3,0,,1,1,0,0,0,0,"737183,238999999940000","5693758,389999999700000",12.405938509000066,51.34552954800006,2,,2,Ost,,,0,2.0,167417,,,,,
5003,,,14,7,13,000,2018,05,14,5,3,5,7,0,,1,1,0,0,0,0,"732372,175900000030000","5698505,723299999700000",12.34008146800005,51.390131533000044,8,,8,Nordwest,,,0,8.0,167418,,,,,
5004,,,14,7,13,000,2018,05,22,7,2,8,1,2,,1,0,0,0,0,0,"734145,304899999990000","5696545,288300000100000",12.364229279000028,51.371805264000045,9,,9,Nord,,,0,9.0,167419,,,,,
5005,,,14,7,13,000,2018,05,20,5,3,5,3,0,,0,1,0,0,0,0,"734605,976400000040000","5692453,179700000200000",12.368138448000025,51.33488279900007,0,,0,Mitte,,,0,0.0,167420,,,,,
5006,,,14,7,13,000,2018,05,16,7,3,9,2,0,,1,1,0,0,0,0,"734808,067000000040000","5691559,735999999600000",12.370445682000025,51.32677947900004,0,,0,Mitte,,,0,0.0,167422,,,,,
5007,,,14,7,13,000,2018,05,10,7,3,6,4,0,,0,1,1,0,0,0,"733887,563399999980000","5692485,420900000300000",12.357864708000022,51.33546810300004,0,,0,Mitte,,,0,0.0,167425,,,,,
5008,,,14,7,13,000,2018,05,19,5,2,0,7,0,,0,1,0,0,0,1,"736520,330100000020000","5693460,404299999600000",12.39623922100003,51.343130950000045,2,,2,Ost,,,0,2.0,167426,,,,,
5009,,,14,7,13,000,2018,05,15,6,2,3,6,0,,1,0,0,0,0,0,"735007,466900000000000","5691892,519100000200000",12.373521985000025,51.32968433800005,0,,0,Mitte,,,0,0.0,167445,,,,,
5010,,,14,7,13,000,2018,05,15,6,3,5,3,0,,1,0,0,1,0,0,"730295,398000000040000","5693542,663999999900000",12.30706949100005,51.34642491300008,7,,7,Alt-West,,,0,7.0,167449,,,,,
5011,,,14,7,13,000,2018,05,15,4,3,5,3,0,,1,1,0,0,0,0,"735883,305000000050000","5692597,252100000200000",12.386537608000026,51.335647711000036,0,,0,Mitte,,,1,0.0,167453,,,,,
5012,,,14,7,13,000,2018,05,01,4,3,9,1,2,,0,1,0,0,0,0,"733810,201000000000000","5694139,286000000300000",12.357841974000053,51.35034586900008,0,,0,Mitte,,,1,0.0,167456,,,,,
5013,,,14,7,13,000,2018,05,18,4,3,6,4,0,,0,0,1,1,0,0,"734359,102199999960000","5695495,595700000400000",12.366603671000064,51.36229463500007,9,,9,Nord,,,1,9.0,167458,,,,,
5014,,,14,7,13,000,2018,05,15,5,3,5,3,0,,1,1,0,0,0,0,"735322,579900000010000","5692596,430100000500000",12.378501871000026,51.33587261800005,0,,0,Mitte,,,0,0.0,167482,,,,,
5015,,,14,7,13,000,2018,05,19,5,3,5,3,0,,1,1,0,0,0,0,"734929,099300000000000","5692145,758899999800000",12.372566064000068,51.331989890000045,0,,0,Mitte,,,0,0.0,167484,,,,,
5016,,,14,7,13,000,2018,05,16,5,3,5,3,0,,0,1,0,0,0,0,"729583,647099999940000","5690368,224600000300000",12.29482146600003,51.31821553800006,6,,6,West,,,0,6.0,167486,,,,,
5017,,,14,7,13,000,2018,05,07,3,3,3,6,0,,1,0,0,0,0,1,"739139,124199999960000","5691372,551000000000000",12.432369636000033,51.32329535700006,3,,3,Südost,,,0,3.0,167487,,,,,
5018,,,14,7,13,000,2018,05,16,5,3,1,7,0,,1,1,0,0,0,0,"728676,430000000050000","5691220,303399999600000",12.282371239000042,51.32623013300008,6,,6,West,,,0,6.0,167488,,,,,
5019,,,14,7,13,000,2018,05,15,3,3,5,3,0,,1,1,0,0,0,0,"733646,723000000000000","5693959,369400000200000",12.35538043400004,51.34879806200007,0,,0,Mitte,,,1,0.0,167489,,,,,
5020,,,14,7,13,000,2018,05,07,3,3,1,5,0,,1,1,0,0,0,0,"735138,680900000040000","5689253,802799999700000",12.373662205000073,51.30594393800004,4,,4,Süd,,,0,4.0,167490,,,,,
5021,,,14,7,13,000,2018,05,15,5,2,1,5,0,,1,1,0,0,0,0,"735041,765800000050000","5691038,154000000100000",12.373450072000026,51.32200104800006,4,,4,Süd,,,0,4.0,167491,,,,,
5022,,,14,7,13,000,2018,05,14,3,3,5,3,0,,1,1,0,0,0,0,"738802,408999999990000","5696258,240000000200000",12.430822770000077,51.36728998400008,1,,1,Nordost,,,0,1.0,167492,,,,,
5023,,,14,7,13,000,2018,05,09,5,3,2,6,0,,0,1,0,0,0,0,"735388,505000000000000","5690886,883000000400000",12.378317520000053,51.32049985100008,4,,4,Süd,,,0,4.0,167494,,,,,
5024,,,14,7,13,000,2018,05,09,3,3,5,3,0,,0,1,0,0,0,0,"734510,366700000010000","5691267,540900000400000",12.365988169000047,51.32427939200005,4,,4,Süd,,,0,4.0,167495,,,,,
5025,,,14,7,13,000,2018,05,13,5,3,5,3,0,,1,1,0,0,0,0,"737248,366999999970000","5692229,235000000300000",12.40585345900007,51.33177656600003,3,,3,Südost,,,0,3.0,167496,,,,,
5026,,,14,7,13,000,2018,05,14,5,3,6,4,0,,0,1,1,0,0,0,"734402,642200000000000","5696044,868300000200000",12.367589977000023,51.36720716200006,9,,9,Nord,,,0,9.0,167498,,,,,
5027,,,14,7,13,000,2018,05,17,4,3,3,5,0,,1,1,0,0,0,0,"736967,908799999980000","5693766,964200000300000",12.402857943000072,51.34569630200008,2,,2,Ost,,,0,2.0,167501,,,,,
5028,,,14,7,13,000,2018,06,11,4,3,5,3,0,,1,1,0,0,0,0,"735404,486999999960000","5691392,804399999800000",12.378880519000063,51.32503457000007,0,,0,Mitte,,,0,0.0,167502,,,,,
5029,,,14,7,13,000,2018,06,11,4,3,3,6,0,,0,1,0,1,0,0,"737411,904400000000000","5693210,794099999600000",12.408850819000065,51.340518864000046,2,,2,Ost,,,0,2.0,167503,,,,,
5030,,,14,7,13,000,2018,06,08,3,3,3,6,0,,1,0,0,0,1,0,"738852,391799999980000","5689348,834900000100000",12.426906945000042,51.30525109600006,3,,3,Südost,,,0,3.0,167506,,,,,
5031,,,14,7,13,000,2018,06,16,3,3,2,6,0,,0,1,0,0,0,0,"733673,186100000050000","5695703,324000000000000",12.356905041000061,51.36444181000007,9,,9,Nord,,,0,9.0,167508,,,,,
5032,,,14,7,13,000,2018,06,16,3,3,3,6,0,,1,0,0,0,0,1,"735047,848600000030000","5690802,957600000300000",12.373382167000045,51.31988731600006,4,,4,Süd,,,0,4.0,167511,,,,,
5033,,,14,7,13,000,2018,06,14,3,2,4,2,0,,0,1,0,0,0,0,"734726,789899999970000","5690884,777200000400000",12.368836783000063,51.32075429000008,4,,4,Süd,,,0,4.0,167514,,,,,
5034,,,14,7,13,000,2018,06,10,3,2,5,3,0,,1,0,0,0,0,1,"742266,452599999960000","5694600,453400000000000",12.479363234000061,51.35094414300005,2,,2,Ost,,,0,2.0,167554,,,,,
5035,,,14,7,13,000,2018,06,07,2,2,5,3,0,,1,0,0,0,0,0,"735038,498700000000000","5692880,671900000400000",12.374618490000046,51.33854155100005,0,,0,Mitte,,,0,0.0,167573,,,,,
5036,,,14,7,13,000,2018,06,17,2,3,6,4,0,,0,1,1,0,0,0,"728702,429200000010000","5691195,059700000100000",12.282727571000066,51.325993064000045,6,,6,West,,,0,6.0,167575,,,,,
5037,,,14,7,13,000,2018,06,15,2,3,4,2,0,,1,0,0,0,0,0,"735723,065500000030000","5690294,828499999800000",12.382718844000067,51.31504688600006,4,,4,Süd,,,0,4.0,167576,,,,,
5038,,,14,7,13,000,2018,06,18,2,3,5,3,0,,0,1,0,1,0,0,"734781,838200000000000","5695898,194699999900000",12.372930805000067,51.36573398300004,9,,9,Nord,,,0,9.0,167578,,,,,
5039,,,14,7,13,000,2018,06,16,2,3,2,6,0,,0,1,0,0,0,0,"739271,458400000000000","5691559,523500000100000",12.434390862000043,51.32491795700008,2,,2,Ost,,,0,2.0,167580,,,,,
5040,,,14,7,13,000,2018,06,10,2,3,3,7,0,,1,0,0,0,0,1,"736590,991299999990000","5699840,857200000400000",12.401498020000076,51.40037305800007,9,,9,Nord,,,0,9.0,167596,,,,,
5041,,,14,7,13,000,2018,06,13,2,3,2,6,0,,0,1,0,0,0,0,"736320,411100000030000","5695057,230000000400000",12.394434096000055,51.357547459000045,9,,9,Nord,,,0,9.0,167598,,,,,
5042,,,14,7,13,000,2018,06,17,2,3,5,2,0,,1,1,0,0,0,0,"734999,261300000010000","5692263,096099999700000",12.373648799000023,51.33301417200005,0,,0,Mitte,,,0,0.0,167600,,,,,
5043,,,14,7,13,000,2018,06,16,2,3,5,3,0,,0,1,0,0,0,0,"738086,196000000000000","5697557,152999999900000",12.421422758000062,51.37924948700004,1,,1,Nordost,,,0,1.0,167603,,,,,
5044,,,14,7,13,000,2018,06,08,2,3,2,6,0,,1,1,0,0,0,0,"738371,361999999960000","5691310,362999999900000",12.421329470000046,51.32305932400004,3,,3,Südost,,,0,3.0,167605,,,,,
5045,,,14,7,13,000,2018,06,12,1,3,1,7,0,,1,1,0,0,0,0,"734297,672200000030000","5693455,904099999900000",12.364380059000041,51.34401081000004,0,,0,Mitte,,,0,0.0,167606,,,,,
5046,,,14,7,13,000,2018,06,12,1,3,2,6,0,,1,1,0,0,0,0,"730035,198300000050000","5694237,325000000200000",12.30378857900007,51.35276623100003,7,,7,Alt-West,,,0,7.0,167608,,,,,
5047,,,14,7,13,000,2018,06,18,1,3,9,1,0,,0,1,0,0,0,0,"735821,524199999990000","5688969,563299999600000",12.383253209000031,51.30311008100006,4,,4,Süd,,,1,4.0,167610,,,,,
5048,,,14,7,13,000,2018,06,13,7,3,5,3,0,,1,1,0,0,0,0,"735001,415000000040000","5692243,756000000100000",12.37366690500005,51.33283967800003,0,,0,Mitte,,,0,0.0,167636,,,,,
5049,,,14,7,13,000,2018,06,12,1,3,1,5,0,,1,1,0,0,0,0,"736836,297600000050000","5693855,646599999600000",12.401030573000071,51.34654716600005,2,,2,Ost,,,0,2.0,167645,,,,,
5050,,,14,7,13,000,2018,06,17,1,3,5,3,0,,0,1,0,0,0,0,"731213,949999999950000","5688472,561999999900000",12.316948000000025,51.300538249000056,5,,5,Südwest,,,0,5.0,167648,,,,,
5051,,,14,7,13,000,2018,06,11,1,3,5,3,0,,0,1,0,0,0,0,"732094,087999999990000","5696572,572999999900000",12.334828799000036,51.372892069000045,8,,8,Nordwest,,,0,8.0,167650,,,,,
5052,,,14,7,13,000,2018,06,07,6,3,2,1,0,,0,1,0,0,0,0,"736376,494599999980000","5693005,796799999700000",12.393876025000054,51.33911012300007,0,,0,Mitte,,,0,0.0,167656,,,,,
5053,,,14,7,13,000,2018,06,14,6,3,2,6,0,,0,1,0,1,0,0,"735908,211200000020000","5694455,638100000100000",12.388125701000035,51.35231870100006,0,,0,Mitte,,,0,0.0,167658,,,,,
5054,,,14,7,13,000,2018,06,09,6,3,0,7,0,,1,0,0,0,0,0,"731759,769800000010000","5691281,696999999700000",12.326589195000054,51.325533568000026,5,,5,Südwest,,,0,5.0,167659,,,,,
5055,,,14,7,13,000,2018,06,12,6,3,5,3,0,,1,1,0,0,0,0,"736562,398799999970000","5699802,754499999800000",12.401062325000055,51.40004296800004,9,,9,Nord,,,0,9.0,167663,,,,,
5056,,,14,7,13,000,2018,06,13,7,3,0,7,0,,0,0,0,1,0,0,"735036,800500000010000","5695069,729500000400000",12.376039426000034,51.35819199400004,0,,0,Mitte,,,1,0.0,167668,,,,,
5057,,,14,7,13,000,2018,06,14,7,3,4,6,0,,1,0,0,0,0,0,"730032,590100000030000","5691249,979899999700000",12.301821819000054,51.32594981500006,6,,6,West,,,0,6.0,167670,,,,,
5058,,,14,7,13,000,2018,06,20,7,3,6,4,0,,0,0,1,0,0,1,"733718,002699999950000","5697321,946300000000000",12.358611773000064,51.37895289100004,9,,9,Nord,,,0,9.0,167672,,,,,
5059,,,14,7,13,000,2018,06,18,7,3,0,1,0,,1,0,0,0,0,0,"736602,669200000000000","5695502,858199999700000",12.398777074000066,51.36143002400007,9,,9,Nord,,,0,9.0,167674,,,,,
5060,,,14,7,13,000,2018,06,15,6,3,2,6,0,,0,1,0,1,0,0,"735172,015000000010000","5693550,752000000300000",12.376974392000022,51.344501222000076,0,,0,Mitte,,,0,0.0,167686,,,,,
5061,,,14,7,13,000,2018,06,09,6,3,7,1,0,,1,0,0,0,0,0,"730667,761000000060000","5691607,365000000200000",12.311153854000054,51.32890087700008,7,,7,Alt-West,,,0,7.0,167696,,,,,
5062,,,14,7,13,000,2018,06,18,6,3,1,7,0,,0,1,0,1,0,0,"731712,747800000010000","5691883,613800000400000",12.32630681300003,51.33095602600008,7,,7,Alt-West,,,1,7.0,167698,,,,,
5063,,,14,7,13,000,2018,06,14,6,3,2,2,0,,0,1,0,0,0,0,"742154,118499999980000","5693064,103600000000000",12.476708346000066,51.33720265900007,2,,2,Ost,,,0,2.0,167699,,,,,
5064,,,14,7,13,000,2018,06,11,6,3,5,3,0,,1,1,0,0,0,0,"739980,957000000050000","5692436,179700000200000",12.445145230000037,51.33248777100005,2,,2,Ost,,,0,2.0,167701,,,,,
5065,,,14,7,13,000,2018,06,11,5,3,3,2,0,,1,1,0,0,0,0,"734999,315300000020000","5692262,550900000100000",12.373649213000022,51.33300925600008,0,,0,Mitte,,,0,0.0,167706,,,,,
5066,,,14,7,13,000,2018,06,11,5,3,4,2,0,,1,1,0,0,0,0,"736063,366599999950000","5693599,151100000400000",12.38978191900003,51.34456627600008,0,,0,Mitte,,,0,0.0,167708,,,,,
5067,,,14,7,13,000,2018,06,07,5,3,1,5,0,,1,1,0,0,0,0,"732333,348299999950000","5690904,072800000200000",12.33456106400007,51.32190978600005,5,,5,Südwest,,,0,5.0,167710,,,,,
5068,,,14,7,13,000,2018,06,12,5,3,0,7,0,,1,0,0,0,0,0,"732427,626999999980000","5692052,034099999800000",12.336660325000025,51.33217623100006,5,,5,Südwest,,,0,5.0,167713,,,,,
5069,,,14,7,13,000,2018,06,14,5,3,1,5,0,,1,1,0,0,0,0,"735432,468400000010000","5689492,308199999900000",12.378026834000025,51.30796344300006,4,,4,Süd,,,0,4.0,167715,,,,,
5070,,,14,7,13,000,2018,06,16,5,3,5,2,0,,1,1,0,0,0,0,"735767,865600000020000","5692869,514100000300000",12.385063564000063,51.33813947600004,0,,0,Mitte,,,0,0.0,167716,,,,,
5071,,,14,7,13,000,2018,06,06,5,2,9,1,0,,0,0,0,1,0,0,"735694,632699999960000","5695768,549900000000000",12.385933765000061,51.364192313000046,9,,9,Nord,,,0,9.0,167718,,,,,
5072,,,14,7,13,000,2018,06,13,5,3,5,3,0,,1,0,0,0,0,1,"742272,865299999950000","5694362,384300000000000",12.479293121000069,51.34880465200007,2,,2,Ost,,,0,2.0,167720,,,,,
5073,,,14,7,13,000,2018,06,22,5,3,3,6,2,,1,0,0,0,0,1,"737578,006300000010000","5697065,034699999700000",12.413804783000046,51.37504510400004,1,,1,Nordost,,,0,1.0,167722,,,,,
5074,,,14,7,13,000,2018,05,07,5,3,3,3,0,,1,1,0,0,0,0,"735595,222199999960000","5693122,398600000000000",12.382756727000071,51.34048099100005,0,,0,Mitte,,,0,0.0,167756,,,,,
5075,,,14,7,13,000,2018,05,14,5,3,5,3,0,,0,1,0,1,0,0,"735896,811800000020000","5694566,948900000200000",12.38803606700003,51.35332258300008,9,,9,Nord,,,0,9.0,167758,,,,,
5076,,,14,7,13,000,2018,05,18,5,3,5,3,0,,1,1,0,0,0,0,"734782,580399999980000","5689846,693599999900000",12.368952652000075,51.311412965000045,4,,4,Süd,,,0,4.0,167759,,,,,
5077,,,14,7,13,000,2018,05,17,5,2,3,6,0,,1,1,0,0,0,0,"738157,275600000050000","5693612,838999999700000",12.419801575000065,51.343815911000036,2,,2,Ost,,,0,2.0,167761,,,,,
5078,,,14,7,13,000,2018,05,09,5,3,0,5,0,,0,1,0,0,0,0,"740915,135099999960000","5698446,756500000100000",12.462600031000022,51.38604100300006,1,,1,Nordost,,,0,1.0,167764,,,,,
5079,,,14,7,13,000,2018,05,14,5,1,5,3,0,,1,0,0,0,1,0,"736437,920200000050000","5693841,791799999800000",12.395311364000065,51.34658862300006,2,,2,Ost,,,0,2.0,167766,,,,,
5080,,,14,7,13,000,2018,05,21,5,3,5,3,1,,1,1,0,0,0,0,"733542,735600000010000","5694190,194500000200000",12.35404126900005,51.350912804000075,0,,0,Mitte,,,0,0.0,167768,,,,,
5081,,,14,7,13,000,2018,05,15,5,3,2,6,0,,1,1,0,0,0,0,"734633,019699999950000","5695381,618099999600000",12.370456051000076,51.361158483000054,9,,9,Nord,,,0,9.0,167770,,,,,
5082,,,14,7,13,000,2018,06,20,4,3,5,3,0,,1,1,0,0,0,0,"732037,910500000000000","5691870,773600000000000",12.330957799000032,51.33070821300004,7,,7,Alt-West,,,0,7.0,167775,,,,,
5083,,,14,7,13,000,2018,06,17,4,3,8,7,0,,1,0,0,0,0,0,"734222,935199999950000","5692852,104299999800000",12.362911759000042,51.338621612000054,0,,0,Mitte,,,0,0.0,167779,,,,,
5084,,,14,7,13,000,2018,06,14,4,3,5,2,0,,1,1,0,0,0,0,"734569,368699999990000","5692132,746700000000000",12.367402905000063,51.332021550000036,0,,0,Mitte,,,0,0.0,167780,,,,,
5085,,,14,7,13,000,2018,06,17,3,3,2,6,0,,1,1,0,0,0,0,"738373,125099999950000","5692500,725200000200000",12.422150867000028,51.33374321100007,2,,2,Ost,,,0,2.0,167793,,,,,
5086,,,14,7,13,000,2018,06,09,3,3,3,5,0,,1,1,0,0,0,0,"734617,767800000030000","5693624,981100000400000",12.369079329000044,51.34539651800003,0,,0,Mitte,,,0,0.0,167795,,,,,
5087,,,14,7,13,000,2018,06,18,3,3,2,6,0,,0,1,0,0,0,0,"734786,614300000020000","5692485,397400000100000",12.37074820600003,51.335097457000074,0,,0,Mitte,,,0,0.0,167797,,,,,
5088,,,14,7,13,000,2018,06,16,2,3,4,2,0,,1,1,0,0,0,0,"728530,882800000020000","5690768,619800000500000",12.279996198000049,51.32223374100005,6,,6,West,,,0,6.0,167798,,,,,
5089,,,14,7,13,000,2018,06,22,3,3,5,3,2,,0,1,0,0,0,0,"738135,158399999960000","5690519,842500000300000",12.417417810000074,51.31606251900007,3,,3,Südost,,,0,3.0,167799,,,,,
5090,,,14,7,13,000,2018,06,16,2,3,2,6,0,,0,1,0,0,0,0,"738055,706800000040000","5694026,034099999800000",12.418622154000047,51.347567265000066,1,,1,Nordost,,,0,1.0,167800,,,,,
5091,,,14,7,13,000,2018,06,07,2,3,5,3,0,,1,1,0,0,0,0,"736385,631799999970000","5695699,852199999600000",12.39579614400003,51.36328860100008,9,,9,Nord,,,0,9.0,167801,,,,,
5092,,,14,7,13,000,2018,06,07,3,3,5,3,0,,1,1,0,0,0,0,"741022,743600000050000","5695324,903599999800000",12.46202717400007,51.357975174000046,2,,2,Ost,,,0,2.0,167802,,,,,
5093,,,14,7,13,000,2018,06,10,2,3,2,2,0,,0,1,0,0,0,0,"737801,140000000010000","5695324,400999999600000",12.415840942000045,51.359327904000054,1,,1,Nordost,,,0,1.0,167803,,,,,
5094,,,14,7,13,000,2018,06,08,3,3,6,2,0,,0,1,1,0,0,0,"733251,332799999970000","5695836,299599999600000",12.35094312800004,51.36580881900005,8,,8,Nordwest,,,0,8.0,167804,,,,,