UNFALL_ID,FID_left,OBJECTID,ULAND,UREGBEZ,UKREIS,UGEMEINDE,UJAHR,UMONAT,USTUNDE,UWOCHENTAG,UKATEGORIE,UART,UTYP1,ULICHTVERH,IstStrasse,IstRad,IstPKW,IstFuss,IstKrad,IstGkfz,IstSonstig,LINREFX,LINREFY,XGCSWGS84,YGCSWGS84,index_right,FID_right,SBZ,Name,UIDENTSTLA,LICHT,STRZUSTAND,FID,OBJECTID_1,IstSonstige,UIDENTSTLAE,OID_,IstStrassenzustand,PLST
5229,,,14,7,13,000,2018,07,09,3,3,6,2,0,,0,1,1,0,0,0,"732487,388000000040000","5696384,479899999700000",12.340346594000039,51.371042775000035,8,,8,Nordwest,,,0,8.0,168259,,,,,
5230,,,14,7,13,000,2018,06,10,6,3,5,3,0,,1,1,0,0,0,0,"742017,415099999980000","5693996,107599999800000",12.475382854000031,51.345625978000044,2,,2,Ost,,,0,2.0,168260,,,,,
5231,,,14,7,13,000,2018,06,17,6,2,5,3,0,,0,1,0,0,0,0,"735621,540599999950000","5689344,588299999900000",12.380637069000045,51.306559234000076,4,,4,Süd,,,0,4.0,168262,,,,,
5232,,,14,7,13,000,2018,06,11,6,3,3,5,0,,0,1,0,0,0,0,"735135,596400000040000","5692382,711900000500000",12.375681319000023,51.33403154300004,0,,0,Mitte,,,0,0.0,168264,,,,,
5233,,,14,7,13,000,2018,07,08,3,3,3,2,0,,1,1,0,0,0,0,"737268,466499999980000","5694404,657499999700000",12.407590779000031,51.35129491600003,1,,1,Nordost,,,0,1.0,168266,,,,,
5234,,,14,7,13,000,2018,07,15,3,2,2,6,0,,0,1,0,1,0,0,"736643,755699999980000","5695712,341900000300000",12.399505526000041,51.36329326100008,9,,9,Nord,,,0,9.0,168269,,,,,
5235,,,14,7,13,000,2018,07,20,6,3,3,6,0,,0,1,0,0,0,1,"736360,225899999960000","5693779,797199999900000",12.39415660000003,51.34606445500003,2,,2,Ost,,,0,2.0,168274,,,,,
5236,,,14,7,13,000,2018,07,18,6,3,3,3,0,,0,1,0,1,0,0,"737314,793100000010000","5693201,161600000200000",12.407452688000035,51.34047293800006,2,,2,Ost,,,0,2.0,168276,,,,,
5237,,,14,7,13,000,2018,07,07,6,3,6,4,0,,0,1,1,0,0,0,"733995,805900000040000","5695411,503100000300000",12.361339200000032,51.361689512000055,9,,9,Nord,,,0,9.0,168277,,,,,
5238,,,14,7,13,000,2018,07,16,3,3,5,3,0,,0,1,0,0,0,0,"731980,617300000040000","5690977,186200000300000",12.329555253000024,51.32271002700003,5,,5,Südwest,,,0,5.0,168278,,,,,
5239,,,14,7,13,000,2018,07,16,3,3,0,6,0,,1,0,0,0,0,0,"732438,831400000020000","5692057,431200000500000",12.336824400000069,51.332220101000075,5,,5,Südwest,,,0,5.0,168284,,,,,
5240,,,14,7,13,000,2018,07,18,3,3,5,3,0,,1,1,0,0,0,0,"734084,353499999970000","5695131,666699999900000",12.362424695000072,51.35914110300007,9,,9,Nord,,,0,9.0,168288,,,,,
5241,,,14,7,13,000,2018,07,06,3,2,3,2,0,,0,1,0,0,0,1,"736731,165999999970000","5689059,199000000000000",12.39633843100006,51.30353720800008,4,,4,Süd,,,0,4.0,168297,,,,,
5242,,,14,7,13,000,2018,07,20,5,3,3,6,0,,1,1,0,0,0,0,"732972,858499999970000","5691183,808500000300000",12.343905671000073,51.32415940300007,5,,5,Südwest,,,0,5.0,168308,,,,,
5243,,,14,7,13,000,2018,07,16,5,3,1,5,0,,1,1,0,0,0,0,"738672,405200000040000","5693666,023900000400000",12.42721999500003,51.34407728900004,2,,2,Ost,,,0,2.0,168310,,,,,
5244,,,14,7,13,000,2018,07,18,5,2,4,6,0,,1,0,0,0,0,0,"738268,043100000010000","5695021,359000000200000",12.42233189700005,51.35641225400008,1,,1,Nordost,,,0,1.0,168312,,,,,
5245,,,14,7,13,000,2018,07,13,5,3,2,6,0,,0,1,0,0,0,0,"731518,563899999950000","5692137,874599999700000",12.323689486000035,51.333317555000065,7,,7,Alt-West,,,0,7.0,168313,,,,,
5246,,,14,7,13,000,2018,06,17,5,3,5,3,0,,1,1,0,0,0,0,"734804,449999999950000","5691693,361999999700000",12.370481890000065,51.327980455000045,0,,0,Mitte,,,0,0.0,168318,,,,,
5247,,,14,7,13,000,2018,06,08,5,2,5,3,0,,1,1,0,0,0,0,"733114,983099999950000","5691689,972600000000000",12.346272915000043,51.32864484800007,5,,5,Südwest,,,0,5.0,168320,,,,,
5248,,,14,7,13,000,2018,06,17,5,3,5,3,0,,1,0,0,0,0,1,"738859,477700000050000","5694329,275799999900000",12.430346076000035,51.34995197200004,2,,2,Ost,,,0,2.0,168322,,,,,
5249,,,14,7,13,000,2018,06,09,5,3,5,3,0,,0,1,0,1,0,0,"732688,126700000020000","5691861,448400000100000",12.340268710000032,51.33035889400003,5,,5,Südwest,,,0,5.0,168324,,,,,
5250,,,14,7,13,000,2018,07,11,4,3,4,6,0,,1,0,0,0,0,0,"736462,917400000030000","5692210,819699999900000",12.394586883000045,51.33193833100006,0,,0,Mitte,,,0,0.0,168335,,,,,
5251,,,14,7,13,000,2018,07,11,4,2,6,7,0,,0,0,1,0,0,1,"735216,543999999990000","5693746,144799999900000",12.377741697000033,51.346236712000064,0,,0,Mitte,,,0,0.0,168338,,,,,
5252,,,14,7,13,000,2018,07,07,4,3,3,2,0,,0,1,0,0,0,0,"732270,057799999950000","5691211,470999999900000",12.333854615000064,51.32469506700005,5,,5,Südwest,,,0,5.0,168342,,,,,
5253,,,14,7,13,000,2018,07,11,4,3,2,6,0,,0,1,0,1,0,0,"735649,565999999990000","5690915,704699999700000",12.382076336000068,51.32065051400008,4,,4,Süd,,,0,4.0,168344,,,,,
5254,,,14,7,13,000,2018,07,07,4,3,5,3,0,,1,1,0,0,0,0,"732367,361700000010000","5698830,102500000000000",12.340224656000032,51.39304532800003,8,,8,Nordwest,,,0,8.0,168346,,,,,
5255,,,14,7,13,000,2018,07,15,4,3,3,2,0,,1,1,0,0,0,0,"738662,863499999980000","5697622,433299999700000",12.429737686000067,51.37959335900007,1,,1,Nordost,,,0,1.0,168347,,,,,
5256,,,14,7,13,000,2018,07,14,4,3,4,6,0,,0,1,0,1,0,0,"738690,877100000040000","5693529,183799999800000",12.42739301000006,51.34284127600006,2,,2,Ost,,,0,2.0,168349,,,,,
5257,,,14,7,13,000,2018,07,09,4,2,5,2,0,,0,1,0,1,0,0,"737740,471800000060000","5694927,689299999700000",12.41470608000003,51.35579241800008,1,,1,Nordost,,,0,1.0,168350,,,,,
5258,,,14,7,13,000,2018,07,16,4,3,6,2,0,,0,1,1,0,0,0,"736540,500000000000000","5693783,433000000200000",12.396742887000073,51.34602211500004,2,,2,Ost,,,0,2.0,168352,,,,,
5259,,,14,7,13,000,2018,06,07,4,3,5,3,0,,1,1,0,0,0,0,"737122,284499999950000","5692261,954300000300000",12.404068667000047,51.33212283200004,3,,3,Südost,,,0,3.0,168368,,,,,
5260,,,14,7,13,000,2018,06,15,4,3,1,2,0,,1,0,0,0,0,0,"737862,721000000020000","5692123,934299999800000",12.414585828000043,51.330574814000045,3,,3,Südost,,,0,3.0,168369,,,,,
5261,,,14,7,13,000,2018,06,13,4,3,2,6,0,,0,1,0,0,0,0,"735108,337100000000000","5694144,094100000300000",12.376453540000057,51.34985359800004,0,,0,Mitte,,,0,0.0,168371,,,,,
5262,,,14,7,13,000,2018,06,16,4,3,5,4,0,,0,1,1,0,0,0,"736706,349399999950000","5689733,426500000100000",12.396430289000023,51.30959953800004,4,,4,Süd,,,0,4.0,168373,,,,,
5263,,,14,7,13,000,2018,06,11,4,3,2,2,0,,0,1,0,0,0,0,"734014,532200000020000","5700445,576500000400000",12.364923730000044,51.406869673000074,9,,9,Nord,,,0,9.0,168375,,,,,
5264,,,14,7,13,000,2018,06,13,4,3,6,4,0,,0,1,1,0,0,0,"736964,188399999980000","5691361,918800000100000",12.401204975000041,51.32410987600008,3,,3,Südost,,,0,3.0,168378,,,,,
5265,,,14,7,13,000,2018,06,07,4,2,5,2,0,,0,1,0,0,0,0,"739331,994100000010000","5695705,726800000300000",12.438044718000071,51.36210791500008,1,,1,Nordost,,,0,1.0,168380,,,,,
5266,,,14,7,13,000,2018,06,17,4,2,4,6,0,,1,0,0,0,0,0,"732694,229000000050000","5690518,702999999700000",12.339479673000028,51.318302962000075,5,,5,Südwest,,,0,5.0,168381,,,,,
5267,,,14,7,13,000,2018,06,16,4,3,1,5,0,,1,1,0,0,0,0,"735695,417900000000000","5695757,901100000400000",12.385937968000064,51.36409640100004,9,,9,Nord,,,0,9.0,168383,,,,,
5268,,,14,7,13,000,2018,07,16,3,3,3,2,0,,1,1,0,0,0,0,"733294,674000000000000","5692967,434000000400000",12.349684069000034,51.34003845600006,0,,0,Mitte,,,0,0.0,168384,,,,,
5269,,,14,7,13,000,2018,06,15,4,1,9,1,0,,0,0,0,1,0,0,"739211,168799999980000","5695753,840400000100000",12.436344751000036,51.36259065000007,1,,1,Nordost,,,0,1.0,168385,,,,,
5270,,,14,7,13,000,2018,07,13,7,3,5,3,0,,1,0,0,0,0,0,"735165,458499999950000","5692704,278800000400000",12.37632149500007,51.33690569700008,0,,0,Mitte,,,0,0.0,168410,,,,,
5271,,,14,7,13,000,2018,07,15,2,3,5,3,0,,1,1,0,0,0,0,"736950,580599999990000","5693113,768199999800000",12.402174956000067,51.33984036900006,2,,2,Ost,,,0,2.0,168414,,,,,
5272,,,14,7,13,000,2018,07,17,2,3,5,3,0,,1,1,0,0,0,0,"734569,347300000020000","5692132,813900000400000",12.367402642000059,51.332022162000044,0,,0,Mitte,,,0,0.0,168416,,,,,
5273,,,14,7,13,000,2018,07,17,2,3,5,3,0,,0,1,0,1,0,0,"731888,511000000060000","5689130,088000000500000",12.327034831000049,51.30616647200003,5,,5,Südwest,,,0,5.0,168418,,,,,
5274,,,14,7,13,000,2018,07,09,2,3,5,3,0,,1,1,0,0,0,0,"736387,400499999990000","5688102,178600000200000",12.39078207800003,51.295089551000046,4,,4,Süd,,,0,4.0,168419,,,,,
5275,,,14,7,13,000,2018,07,09,2,3,5,3,0,,1,1,0,0,0,0,"738031,967300000020000","5695929,331299999700000",12.419555064000065,51.36466106600005,1,,1,Nordost,,,0,1.0,168420,,,,,
5276,,,14,7,13,000,2018,07,14,2,3,2,2,0,,0,1,0,0,0,0,"735839,806199999990000","5694531,309799999900000",12.387195252000026,51.35302633400005,0,,0,Mitte,,,0,0.0,168422,,,,,
5277,,,14,7,13,000,2018,07,20,2,3,6,4,0,,0,0,1,0,0,1,"742416,253000000030000","5692614,447900000000000",12.480158518000053,51.33305515300003,2,,2,Ost,,,0,2.0,168424,,,,,
5278,,,14,7,13,000,2018,07,07,6,3,5,3,0,,1,1,0,0,0,0,"736754,816499999960000","5688652,710000000000000",12.396407490000058,51.29987863900004,4,,4,Süd,,,0,4.0,168425,,,,,
5279,,,14,7,13,000,2018,07,17,6,3,5,3,0,,1,1,0,0,0,0,"735332,762100000050000","5692188,908900000200000",12.378378610000027,51.332210356000076,0,,0,Mitte,,,0,0.0,168426,,,,,
5280,,,14,7,13,000,2018,07,16,6,3,2,6,0,,0,1,0,0,0,1,"730162,025700000000000","5693303,045699999700000",12.305002774000059,51.344327873000054,7,,7,Alt-West,,,0,7.0,168428,,,,,
5281,,,14,7,13,000,2018,07,10,6,3,2,6,0,,0,1,0,0,0,1,"734542,054400000020000","5695426,728799999700000",12.369181522000076,51.36160096800006,9,,9,Nord,,,0,9.0,168434,,,,,
5282,,,14,7,13,000,2018,07,16,1,3,0,1,0,,0,0,0,1,0,0,"738383,805300000010000","5692507,960500000000000",12.422308742000041,51.33380367900003,2,,2,Ost,,,0,2.0,168455,,,,,
5283,,,14,7,13,000,2018,07,14,1,3,3,2,0,,0,1,0,0,0,1,"735095,928700000050000","5694527,866000000400000",12.37652915800004,51.35330359400007,0,,0,Mitte,,,0,0.0,168457,,,,,
5284,,,14,7,13,000,2018,07,15,5,2,5,2,0,,1,1,0,0,0,0,"730139,523300000000000","5693240,211299999600000",12.30463961700002,51.34377291800007,7,,7,Alt-West,,,0,7.0,168459,,,,,
5285,,,14,7,13,000,2018,07,10,1,3,5,3,0,,1,1,0,0,0,0,"735113,759800000000000","5688741,521900000100000",12.372967850000066,51.30135577300007,4,,4,Süd,,,0,4.0,168460,,,,,
5286,,,14,7,13,000,2018,07,09,5,2,6,4,0,,0,1,1,0,0,0,"736687,958300000060000","5697154,682000000000000",12.40109945100005,51.37622140800005,1,,1,Nordost,,,0,1.0,168461,,,,,
5287,,,14,7,13,000,2018,07,15,5,3,6,6,0,,1,0,1,0,0,0,"741881,890499999980000","5694013,264399999800000",12.473452209000072,51.34583764100006,2,,2,Ost,,,0,2.0,168462,,,,,
5288,,,14,7,13,000,2018,07,16,5,3,5,3,0,,1,1,0,0,0,0,"736522,629199999970000","5693233,893699999900000",12.396121734000076,51.341096797000034,2,,2,Ost,,,0,2.0,168465,,,,,
5289,,,14,7,13,000,2018,07,10,5,2,5,2,0,,0,1,0,0,0,1,"734805,697700000020000","5692639,670699999700000",12.37112335200004,51.33647439900005,0,,0,Mitte,,,0,0.0,168469,,,,,
5290,,,14,7,13,000,2018,07,18,5,3,0,5,0,,1,0,0,0,0,1,"735890,393599999950000","5693495,789300000300000",12.38723428000003,51.34371026800005,0,,0,Mitte,,,0,0.0,168471,,,,,
5291,,,14,7,13,000,2018,07,19,7,3,5,2,0,,1,1,0,0,0,0,"735093,274399999990000","5689777,046099999900000",12.373356692000073,51.31065954600007,4,,4,Süd,,,0,4.0,168483,,,,,
5292,,,14,7,13,000,2018,07,23,7,3,5,2,2,,0,1,0,0,0,0,"738252,666100000030000","5690873,504099999600000",12.41933718200005,51.319187801000055,3,,3,Südost,,,0,3.0,168484,,,,,
5293,,,14,7,13,000,2018,07,16,4,2,3,2,0,,1,1,0,0,0,0,"734995,297600000050000","5692256,469499999700000",12.373587632000067,51.33295632700003,0,,0,Mitte,,,0,0.0,168501,,,,,
5294,,,14,7,13,000,2018,07,19,6,3,5,3,0,,1,1,0,0,0,0,"735823,407200000020000","5693442,753100000300000",12.386239079000063,51.34326198900004,0,,0,Mitte,,,1,0.0,168503,,,,,
5295,,,14,7,13,000,2018,07,14,4,2,5,3,0,,1,0,0,0,0,1,"735280,486299999990000","5690883,900600000300000",12.376768148000053,51.32051775300005,4,,4,Süd,,,0,4.0,168504,,,,,
5296,,,14,7,13,000,2018,07,20,6,3,8,1,1,,0,1,0,0,0,0,"745802,172600000050000","5692310,359799999700000",12.52845919300006,51.32887291800006,2,,2,Ost,,,1,2.0,168505,,,,,
5297,,,14,7,13,000,2018,07,09,4,3,4,1,0,,0,1,0,0,0,0,"730506,064900000000000","5693670,509499999700000",12.310172049000073,51.34748719700008,7,,7,Alt-West,,,0,7.0,168507,,,,,
5298,,,14,7,13,000,2018,07,08,6,3,2,6,0,,0,1,0,0,0,1,"731518,118800000050000","5691593,544400000000000",12.323329458000046,51.328431366000075,5,,5,Südwest,,,0,5.0,168508,,,,,
5299,,,14,7,13,000,2018,07,14,4,3,3,4,0,,1,1,1,0,0,0,"735459,772099999940000","5692960,004099999600000",12.380708167000023,51.33907939000005,0,,0,Mitte,,,0,0.0,168509,,,,,
5300,,,14,7,13,000,2018,08,11,4,3,1,7,0,,0,1,0,0,0,0,"737544,608400000030000","5691953,550400000100000",12.409914350000065,51.32917837000008,3,,3,Südost,,,0,3.0,168511,,,,,
5301,,,14,7,13,000,2018,07,18,6,3,6,4,0,,0,1,1,0,0,0,"737540,197000000040000","5693359,021300000100000",12.410788254000067,51.34179577800006,2,,2,Ost,,,1,2.0,168512,,,,,
5302,,,14,7,13,000,2018,07,16,6,2,2,6,0,,0,1,0,1,0,0,"735629,076000000000000","5695937,837200000000000",12.385105915000054,51.36573906700005,9,,9,Nord,,,0,9.0,168514,,,,,
5303,,,14,7,13,000,2018,08,06,4,2,8,1,0,,0,1,0,0,0,0,"733213,544699999970000","5693922,668200000200000",12.349146975000053,51.34864648800004,0,,0,Mitte,,,0,0.0,168517,,,,,
5304,,,14,7,13,000,2018,07,07,6,3,5,2,0,,0,1,0,0,0,1,"736858,155999999960000","5692705,400999999600000",12.400578878000033,51.336213318000034,3,,3,Südost,,,0,3.0,168518,,,,,
5305,,,14,7,13,000,2018,07,16,5,3,2,6,0,,1,0,0,0,0,0,"739005,712000000060000","5692201,248999999800000",12.43101413100004,51.33078969200005,2,,2,Ost,,,0,2.0,168546,,,,,
5306,,,14,7,13,000,2018,07,09,3,3,2,2,0,,0,1,0,0,0,0,"734201,876999999980000","5692892,525000000400000",12.362636548000069,51.338993121000044,0,,0,Mitte,,,0,0.0,168547,,,,,
5307,,,14,7,13,000,2018,07,22,5,3,5,3,2,,1,1,0,0,0,0,"735167,397499999960000","5693598,465800000400000",12.37693972300002,51.34493142700006,0,,0,Mitte,,,0,0.0,168548,,,,,
5308,,,14,7,13,000,2018,07,20,5,3,2,2,0,,0,1,0,0,0,0,"731760,282000000010000","5689794,211000000100000",12.325629776000028,51.31218042900008,5,,5,Südwest,,,0,5.0,168549,,,,,
5309,,,14,7,13,000,2018,07,18,3,3,3,5,0,,1,1,0,0,0,0,"735274,948100000040000","5689760,711400000400000",12.375947904000043,51.310437860000036,4,,4,Süd,,,0,4.0,168550,,,,,
5310,,,14,7,13,000,2018,07,15,5,3,4,6,0,,1,0,0,0,0,0,"737192,396900000050000","5700104,297399999600000",12.410304130000043,51.40248660700007,9,,9,Nord,,,0,9.0,168551,,,,,
5311,,,14,7,13,000,2018,07,07,3,2,4,2,0,,1,1,0,0,0,0,"735306,764899999950000","5689757,770999999700000",12.376401651000037,51.310398314000054,4,,4,Süd,,,0,4.0,168552,,,,,
5312,,,14,7,13,000,2018,07,08,5,3,5,3,0,,0,1,0,0,0,0,"729020,868099999960000","5694336,892500000100000",12.289310576000048,51.354069683000034,7,,7,Alt-West,,,0,7.0,168553,,,,,
5313,,,14,7,13,000,2018,07,11,5,3,2,6,0,,0,1,0,0,0,0,"731279,557999999960000","5697155,486999999700000",12.323525764000067,51.378457025000046,8,,8,Nordwest,,,0,8.0,168555,,,,,
5314,,,14,7,13,000,2018,07,11,5,3,4,2,0,,1,1,0,0,0,0,"737186,818500000050000","5693842,834599999700000",12.406046067000034,51.34628603500005,2,,2,Ost,,,0,2.0,168559,,,,,
5315,,,14,7,13,000,2018,07,15,5,3,6,2,0,,0,1,1,0,0,0,"734519,421800000010000","5695430,406100000300000",12.368859434000058,51.36164331900005,9,,9,Nord,,,0,9.0,168561,,,,,
5316,,,14,7,13,000,2018,07,07,5,3,2,2,0,,0,1,0,1,0,0,"735177,602799999990000","5689046,720800000200000",12.37408313700007,51.30406900600008,4,,4,Süd,,,0,4.0,168564,,,,,
5317,,,14,7,13,000,2018,07,16,2,3,5,3,0,,1,1,0,0,0,0,"735333,033900000040000","5692189,183100000000000",12.378382685000076,51.332212705000074,0,,0,Mitte,,,0,0.0,168588,,,,,
5318,,,14,7,13,000,2018,07,14,2,3,6,4,0,,0,1,1,0,0,0,"731987,925700000020000","5690642,859400000400000",12.32944242700006,51.31970585900007,5,,5,Südwest,,,0,5.0,168590,,,,,
5319,,,14,7,13,000,2018,07,18,2,3,6,4,0,,0,1,1,0,0,0,"735601,292299999970000","5697085,287499999600000",12.385467894000044,51.37605035800004,9,,9,Nord,,,0,9.0,168591,,,,,
5320,,,14,7,13,000,2018,07,10,2,3,2,6,0,,0,1,0,1,0,0,"737070,301100000040000","5697113,499499999900000",12.406555656000023,51.37569227800003,1,,1,Nordost,,,0,1.0,168594,,,,,
5321,,,14,7,13,000,2018,07,20,2,3,5,3,0,,1,1,0,0,0,0,"728892,977500000040000","5700995,514100000300000",12.291767162000042,51.41389614800005,8,,8,Nordwest,,,0,8.0,168596,,,,,
5322,,,14,7,13,000,2018,07,15,2,3,2,6,0,,0,1,0,1,0,0,"727464,650999999950000","5690853,251000000200000",12.264773803000026,51.323420757000065,6,,6,West,,,0,6.0,168597,,,,,
5323,,,14,7,13,000,2018,07,06,2,3,5,3,0,,1,1,0,0,0,0,"734940,137600000020000","5698628,974000000400000",12.377005992000022,51.39018082200005,9,,9,Nord,,,0,9.0,168600,,,,,
5324,,,14,7,13,000,2018,07,09,3,3,6,7,0,,0,0,1,0,1,0,"735032,840600000000000","5691485,313500000200000",12.37361701900005,51.326018618000035,0,,0,Mitte,,,0,0.0,168602,,,,,
5325,,,14,7,13,000,2018,07,15,3,3,6,4,0,,1,0,1,0,0,0,"734584,754300000030000","5695292,166199999900000",12.369705029000045,51.36037545600004,9,,9,Nord,,,0,9.0,168611,,,,,
5326,,,14,7,13,000,2018,07,18,4,3,5,3,0,,1,1,0,0,0,0,"740996,988600000040000","5696236,396599999600000",12.462275481000063,51.366167215000075,2,,2,Ost,,,0,2.0,168614,,,,,
5327,,,14,7,13,000,2018,07,08,3,3,2,6,0,,0,1,0,0,0,0,"741205,726900000010000","5696060,486499999600000",12.46514912400005,51.364499754000065,2,,2,Ost,,,0,2.0,168615,,,,,
5328,,,14,7,13,000,2018,07,08,4,2,5,2,0,,1,1,0,0,0,0,"736063,790000000040000","5691532,391900000200000",12.38841853200006,51.32601437500006,0,,0,Mitte,,,0,0.0,168616,,,,,
5329,,,14,7,13,000,2018,07,08,4,2,2,6,0,,0,0,0,1,0,1,"734124,322999999970000","5690897,467000000200000",12.360214395000071,51.32111640000005,4,,4,Süd,,,0,4.0,168618,,,,,
5330,,,14,7,13,000,2018,07,19,4,3,9,2,0,,1,1,0,0,0,0,"735145,594999999970000","5688846,457499999600000",12.37349284000004,51.302284576000034,4,,4,Süd,,,0,4.0,168620,,,,,
5331,,,14,7,13,000,2018,07,07,3,3,6,4,0,,0,0,1,1,0,0,"735543,501599999960000","5697399,622299999900000",12.384847356000023,51.37889586600005,9,,9,Nord,,,0,9.0,168628,,,,,
5332,,,14,7,13,000,2018,07,19,1,2,1,5,0,,1,1,0,0,0,0,"735153,812599999950000","5693310,472699999800000",12.376554827000064,51.342351921000045,0,,0,Mitte,,,0,0.0,168633,,,,,
5333,,,14,7,13,000,2018,07,14,1,2,5,2,0,,1,1,0,0,0,0,"731970,892499999960000","5688709,466599999900000",12.327941273000022,51.30235705600006,5,,5,Südwest,,,0,5.0,168635,,,,,
5334,,,14,7,13,000,2018,07,11,1,3,2,6,0,,0,1,0,0,0,0,"734008,972900000050000","5695604,272599999800000",12.36165481200004,51.36341447600006,9,,9,Nord,,,0,9.0,168637,,,,,
5335,,,14,7,13,000,2018,07,14,3,2,5,2,0,,0,1,0,1,0,0,"733225,944800000060000","5693907,830299999600000",12.349315004000061,51.348508207000066,0,,0,Mitte,,,0,0.0,168642,,,,,
5336,,,14,7,13,000,2018,07,06,3,3,5,3,0,,0,1,0,1,0,0,"735607,236999999960000","5694415,405000000300000",12.383784560000038,51.35208239500008,0,,0,Mitte,,,0,0.0,168654,,,,,
5337,,,14,7,13,000,2018,07,11,3,3,5,2,0,,0,1,0,0,0,0,"734805,696400000020000","5692640,482400000100000",12.37112386800004,51.33648168600007,0,,0,Mitte,,,0,0.0,168655,,,,,
5338,,,14,7,13,000,2018,07,10,3,3,1,5,0,,1,1,0,0,0,0,"734214,160500000000000","5696359,975499999700000",12.36509469300006,51.37011343300003,9,,9,Nord,,,0,9.0,168659,,,,,
5339,,,14,7,13,000,2018,07,15,3,3,6,2,0,,0,1,1,0,0,0,"733178,590699999940000","5695911,757899999600000",12.349949493000054,51.366516035000075,8,,8,Nordwest,,,0,8.0,168662,,,,,
5340,,,14,7,13,000,2018,07,11,7,3,4,2,0,,1,1,0,0,0,0,"737183,189900000000000","5693756,296199999700000",12.405936410000038,51.34551077500004,2,,2,Ost,,,0,2.0,168663,,,,,
5341,,,14,7,13,000,2018,07,11,7,3,1,5,0,,1,1,0,0,0,0,"732451,910500000000000","5696270,035899999600000",12.339762964000045,51.370029972000054,8,,8,Nordwest,,,0,8.0,168664,,,,,
5342,,,14,7,13,000,2018,07,18,3,3,3,5,0,,1,1,0,0,0,0,"737344,987800000000000","5693752,175200000400000",12.408252659000027,51.34540626300003,2,,2,Ost,,,0,2.0,168665,,,,,
5343,,,14,7,13,000,2018,07,06,7,2,5,3,0,,0,1,0,0,0,1,"734006,433199999970000","5695594,224100000200000",12.361611785000036,51.36332532200004,9,,9,Nord,,,0,9.0,168666,,,,,
5344,,,14,7,13,000,2018,07,06,3,2,5,3,0,,1,0,0,0,0,1,"733904,606600000060000","5690817,652200000400000",12.35701442100003,51.32049029800004,4,,4,Süd,,,0,4.0,168667,,,,,
5345,,,14,7,13,000,2018,07,17,2,3,5,1,0,,1,1,0,0,0,0,"735585,201299999960000","5692245,482900000200000",12.38203319400003,51.33261368400008,0,,0,Mitte,,,0,0.0,168687,,,,,
5346,,,14,7,13,000,2018,07,10,2,3,2,2,0,,0,1,0,0,0,0,"730259,113800000050000","5691363,614500000100000",12.305140879000021,51.326878280000074,6,,6,West,,,0,6.0,168690,,,,,
5347,,,14,7,13,000,2018,07,13,6,3,5,3,0,,1,1,0,0,0,0,"731934,148999999980000","5692283,949900000400000",12.329739928000038,51.334459527000035,7,,7,Alt-West,,,0,7.0,168692,,,,,
5348,,,14,7,13,000,2018,07,20,2,3,5,3,0,,1,1,0,0,0,0,"735136,513200000040000","5693716,759800000100000",12.376575180000032,51.34600604800005,0,,0,Mitte,,,0,0.0,168693,,,,,
5349,,,14,7,13,000,2018,07,18,6,3,4,6,0,,0,1,0,1,0,0,"735699,266399999960000","5687340,889200000100000",12.380427424000061,51.288541112000075,4,,4,Süd,,,0,4.0,168694,,,,,
5350,,,14,7,13,000,2018,07,18,2,3,5,3,0,,0,1,0,1,0,0,"734920,444900000000000","5699418,166500000300000",12.377245608000067,51.39727297100006,9,,9,Nord,,,0,9.0,168695,,,,,
5351,,,14,7,13,000,2018,07,09,6,3,0,2,0,,1,1,0,0,0,0,"736565,728299999960000","5690726,855499999600000",12.395075212000052,51.31857523000008,0,,0,Mitte,,,0,0.0,168697,,,,,
5352,,,14,7,13,000,2018,07,10,6,3,1,6,0,,1,1,0,0,0,0,"735161,036500000050000","5692041,144999999600000",12.375820440000041,51.33095499600006,0,,0,Mitte,,,0,0.0,168699,,,,,
5353,,,14,7,13,000,2018,08,06,5,3,5,3,0,,1,1,0,0,0,0,"734476,702000000050000","5693078,666000000200000",12.366697678000037,51.34055075300006,0,,0,Mitte,,,0,0.0,168708,,,,,
5354,,,14,7,13,000,2018,08,12,5,3,2,6,0,,0,1,0,0,0,0,"737087,771500000030000","5696326,036500000400000",12.40628106400004,51.368616701000064,1,,1,Nordost,,,0,1.0,168710,,,,,
5355,,,14,7,13,000,2018,08,06,5,3,6,2,0,,0,1,1,0,0,0,"737583,881000000050000","5692040,753999999700000",12.410535164000066,51.32994471400008,3,,3,Südost,,,0,3.0,168711,,,,,
5356,,,14,7,13,000,2018,08,18,7,3,2,6,0,,0,1,0,1,0,0,"735033,413799999980000","5690881,876100000000000",12.373227405000023,51.32060168300006,4,,4,Süd,,,0,4.0,168717,,,,,
5357,,,14,7,13,000,2018,08,20,3,3,6,4,1,,1,0,1,0,0,0,"737182,415500000000000","5693723,305400000000000",12.405903335000062,51.34521497000003,2,,2,Ost,,,0,2.0,168734,,,,,
5358,,,14,7,13,000,2018,08,11,3,2,6,7,0,,0,1,1,0,0,0,"734971,731000000030000","5692070,854299999800000",12.373127540000041,51.33129990800006,0,,0,Mitte,,,0,0.0,168736,,,,,
5359,,,14,7,13,000,2018,08,09,3,3,5,3,0,,0,1,0,0,0,0,"736866,814800000050000","5690830,837700000000000",12.399457168000026,51.319383352000045,0,,0,Mitte,,,0,0.0,168738,,,,,
5360,,,14,7,13,000,2018,08,13,4,3,3,2,0,,1,1,0,0,0,0,"732391,975800000010000","5691545,587500000400000",12.33581919900007,51.32764456000007,5,,5,Südwest,,,0,5.0,168739,,,,,
5361,,,14,7,13,000,2018,08,07,4,3,7,7,0,,1,0,0,0,0,0,"738160,988000000010000","5692284,538999999900000",12.418966693000073,51.33189159800003,2,,2,Ost,,,0,2.0,168740,,,,,
5362,,,14,7,13,000,2018,08,08,3,3,0,6,0,,1,0,0,0,0,0,"735094,192000000040000","5697029,798399999700000",12.378158042000052,51.37576241800008,9,,9,Nord,,,0,9.0,168741,,,,,