UNFALL_ID,FID_left,OBJECTID,ULAND,UREGBEZ,UKREIS,UGEMEINDE,UJAHR,UMONAT,USTUNDE,UWOCHENTAG,UKATEGORIE,UART,UTYP1,ULICHTVERH,IstStrasse,IstRad,IstPKW,IstFuss,IstKrad,IstGkfz,IstSonstig,LINREFX,LINREFY,XGCSWGS84,YGCSWGS84,index_right,FID_right,SBZ,Name,UIDENTSTLA,LICHT,STRZUSTAND,FID,OBJECTID_1,IstSonstige,UIDENTSTLAE,OID_,IstStrassenzustand,PLST
5363,,,14,7,13,000,2018,08,15,4,3,2,6,0,,0,1,0,0,0,0,"732803,680900000040000","5694155,785199999800000",12.343424210000023,51.35090709500008,0,,0,Mitte,,,0,0.0,168742,,,,,
5364,,,14,7,13,000,2018,08,16,3,3,4,2,0,,1,1,0,0,0,0,"734795,862500000050000","5692483,591099999800000",12.370879542000068,51.335077425000065,0,,0,Mitte,,,0,0.0,168743,,,,,
5365,,,14,7,13,000,2018,08,17,4,3,1,3,0,,1,0,0,0,0,1,"733864,723400000020000","5693228,896200000300000",12.358025553000061,51.34215131900004,0,,0,Mitte,,,0,0.0,168745,,,,,
5366,,,14,7,13,000,2018,08,09,7,3,8,1,0,,0,0,0,0,0,1,"735096,544400000010000","5694425,634899999900000",12.37647045500006,51.352385680000054,0,,0,Mitte,,,0,0.0,168761,,,,,
5367,,,14,7,13,000,2018,08,09,3,3,5,3,0,,1,1,0,0,0,0,"737181,598299999950000","5693664,997399999800000",12.405852782000068,51.34469193400008,2,,2,Ost,,,0,2.0,168776,,,,,
5368,,,14,7,13,000,2018,08,17,3,3,5,3,0,,1,1,0,0,0,0,"731019,075900000050000","5693986,494599999900000",12.317730938000068,51.35011551300005,7,,7,Alt-West,,,0,7.0,168779,,,,,
5369,,,14,7,13,000,2018,08,08,2,3,5,2,0,,1,1,0,0,0,0,"737637,906599999990000","5692162,780199999900000",12.41139060200004,51.331017459000066,3,,3,Südost,,,0,3.0,168781,,,,,
5370,,,14,7,13,000,2018,08,14,2,3,3,2,0,,1,1,0,0,0,0,"734735,277200000010000","5690348,537399999800000",12.368605392000063,51.31593725700003,4,,4,Süd,,,0,4.0,168782,,,,,
5371,,,14,7,13,000,2018,08,17,3,3,3,2,0,,1,1,0,0,0,0,"734400,205300000030000","5696044,817699999500000",12.367554999000049,51.36720771300003,9,,9,Nord,,,0,9.0,168783,,,,,
5372,,,14,7,13,000,2018,08,11,2,2,5,3,0,,1,1,0,0,0,0,"734794,720199999980000","5692477,689199999900000",12.370859283000073,51.335024919000034,0,,0,Mitte,,,0,0.0,168784,,,,,
5373,,,14,7,13,000,2018,08,11,3,2,1,6,0,,0,1,0,0,0,0,"734828,657800000040000","5695605,553999999500000",12.373408959000074,51.363087790000066,9,,9,Nord,,,0,9.0,168785,,,,,
5374,,,14,7,13,000,2018,08,09,2,3,6,4,0,,0,1,1,0,0,0,"736738,122199999980000","5689354,715300000300000",12.396634070000061,51.30618693400004,4,,4,Süd,,,0,4.0,168786,,,,,
5375,,,14,7,13,000,2018,08,16,3,3,1,6,0,,0,1,0,0,0,0,"733479,677400000040000","5690647,821399999800000",12.350815812000064,51.31914030200005,5,,5,Südwest,,,0,5.0,168787,,,,,
5376,,,14,7,13,000,2018,08,19,3,2,6,4,0,,0,0,1,0,0,1,"734787,367699999940000","5692485,647699999600000",12.370759167000074,51.335099393000064,0,,0,Mitte,,,0,0.0,168788,,,,,
5377,,,14,7,13,000,2018,08,06,2,3,5,3,0,,0,1,0,0,0,1,"734462,791100000030000","5691193,121500000400000",12.365257624000037,51.32363097500007,4,,4,Süd,,,0,4.0,168789,,,,,
5378,,,14,7,13,000,2018,08,18,2,2,5,3,0,,0,1,0,1,0,0,"743138,645000000020000","5691557,184999999600000",12.489787414000034,51.323257572000045,2,,2,Ost,,,0,2.0,168791,,,,,
5379,,,14,7,13,000,2018,08,15,2,3,5,3,0,,1,1,0,0,0,0,"737405,294699999970000","5693654,013899999700000",12.409051567000063,51.34449998400004,2,,2,Ost,,,0,2.0,168794,,,,,
5380,,,14,7,13,000,2018,08,11,2,3,2,2,0,,0,0,0,1,1,0,"730975,532400000030000","5688916,012500000200000",12.313820819000057,51.304615854000076,5,,5,Südwest,,,0,5.0,168835,,,,,
5381,,,14,7,13,000,2018,08,11,2,3,2,6,0,,0,1,0,0,0,0,"739163,788999999990000","5688833,228000000100000",12.431020604000025,51.30049234200004,3,,3,Südost,,,0,3.0,168836,,,,,
5382,,,14,7,13,000,2018,08,11,2,3,2,2,0,,1,1,0,0,0,0,"734498,409499999950000","5691585,353699999900000",12.366025938000064,51.32713715700004,0,,0,Mitte,,,0,0.0,168838,,,,,
5383,,,14,7,13,000,2018,08,12,2,2,4,2,0,,0,1,0,0,0,0,"730411,318199999980000","5690952,960500000000000",12.30705628000004,51.32313021200008,6,,6,West,,,0,6.0,168839,,,,,
5384,,,14,7,13,000,2018,08,08,2,3,6,4,0,,0,1,1,0,0,0,"732042,473899999980000","5690705,390599999600000",12.33026456500005,51.32024494900003,5,,5,Südwest,,,0,5.0,168842,,,,,
5385,,,14,7,13,000,2018,08,20,1,3,5,3,0,,1,1,0,0,0,0,"734823,723000000000000","5694846,380500000000000",12.372837102000062,51.35627522200008,0,,0,Mitte,,,0,0.0,168846,,,,,
5386,,,14,7,13,000,2018,08,12,2,3,3,6,0,,0,1,0,0,1,0,"730406,753200000040000","5690965,347199999700000",12.306998882000073,51.32324325600007,6,,6,West,,,0,6.0,168847,,,,,
5387,,,14,7,13,000,2018,08,22,1,2,5,3,2,,0,0,1,1,0,0,"737183,098800000040000","5693752,416000000200000",12.405932520000022,51.345475984000075,2,,2,Ost,,,0,2.0,168848,,,,,
5388,,,14,7,13,000,2018,08,12,2,3,5,3,0,,0,1,0,0,0,0,"732057,422999999950000","5692939,069000000100000",12.331933266000021,51.34029009400007,7,,7,Alt-West,,,0,7.0,168849,,,,,
5389,,,14,7,13,000,2018,08,18,1,2,5,3,0,,1,1,0,0,0,0,"728720,669200000000000","5695024,925499999900000",12.285448873000064,51.36036715100005,7,,7,Alt-West,,,0,7.0,168868,,,,,
5390,,,14,7,13,000,2018,08,13,1,3,2,6,0,,0,1,0,0,0,1,"734898,997500000060000","5690896,414699999600000",12.371311410000033,51.32078769100008,4,,4,Süd,,,0,4.0,168870,,,,,
5391,,,14,7,13,000,2018,08,18,7,3,5,3,0,,1,1,0,0,0,0,"738674,765800000050000","5689254,862999999900000",12.424300518000052,51.30448209700006,3,,3,Südost,,,0,3.0,168876,,,,,
5392,,,14,7,13,000,2018,08,15,7,3,5,3,0,,1,1,0,0,0,0,"735175,882100000050000","5693551,605100000300000",12.377030381000054,51.34450728000007,0,,0,Mitte,,,0,0.0,168878,,,,,
5393,,,14,7,13,000,2018,08,07,6,3,5,3,0,,1,1,0,0,0,0,"731656,823600000000000","5696554,566900000000000",12.328545658000053,51.37290894700004,8,,8,Nordwest,,,0,8.0,168882,,,,,
5394,,,14,7,13,000,2018,08,14,6,3,3,2,0,,1,1,0,0,0,0,"733084,626599999960000","5691581,031299999900000",12.345766711000067,51.32767935900006,5,,5,Südwest,,,0,5.0,168887,,,,,
5395,,,14,7,13,000,2018,08,17,7,2,4,2,0,,0,1,0,1,0,0,"743238,351600000050000","5694199,689199999900000",12.493019751000077,51.34693214300006,2,,2,Ost,,,0,2.0,168891,,,,,
5396,,,14,7,13,000,2018,08,15,6,3,5,3,0,,1,1,0,0,0,0,"735277,887899999970000","5690986,123300000100000",12.376798378000046,51.32143641600004,4,,4,Süd,,,0,4.0,168894,,,,,
5397,,,14,7,13,000,2018,08,15,7,2,1,5,0,,1,1,0,0,0,0,"734459,223299999950000","5695452,430499999800000",12.368010807000076,51.36186586200006,9,,9,Nord,,,0,9.0,168896,,,,,
5398,,,14,7,13,000,2018,08,22,6,3,5,3,2,,0,1,0,0,0,0,"733629,871099999990000","5692373,587700000000000",12.354098557000043,51.33457014100003,0,,0,Mitte,,,1,0.0,168897,,,,,
5399,,,14,7,13,000,2018,08,14,7,3,3,6,0,,0,1,0,1,0,0,"730607,091999999950000","5696917,792999999600000",12.313725465000061,51.376596765000045,8,,8,Nordwest,,,0,8.0,168899,,,,,
5400,,,14,7,13,000,2018,08,14,7,3,6,4,0,,0,1,1,0,0,0,"732412,888900000020000","5696177,821600000400000",12.339143066000076,51.369218164000074,8,,8,Nordwest,,,0,8.0,168901,,,,,
5401,,,14,7,13,000,2018,08,17,7,2,3,7,0,,0,1,0,0,0,1,"735038,578800000020000","5696508,624200000400000",12.37701581400006,51.37110722500006,9,,9,Nord,,,0,9.0,168902,,,,,
5402,,,14,7,13,000,2018,08,06,7,2,5,3,0,,0,1,0,0,0,0,"734977,557999999960000","5696036,123999999800000",12.375828458000058,51.36689116400004,9,,9,Nord,,,0,9.0,168904,,,,,
5403,,,14,7,13,000,2018,08,22,7,3,5,3,2,,0,1,0,0,0,0,"732333,252699999950000","5693062,615700000000000",12.33596708500005,51.341286506000074,7,,7,Alt-West,,,0,7.0,168905,,,,,
5404,,,14,7,13,000,2018,08,14,6,3,6,7,0,,0,1,1,0,0,0,"734387,945300000020000","5693577,637900000400000",12.365754060000029,51.34506633900003,0,,0,Mitte,,,0,0.0,168920,,,,,
5405,,,14,7,13,000,2018,08,17,7,3,3,2,0,,1,1,0,0,0,0,"736168,618999999950000","5692945,494900000300000",12.390856994000046,51.33865521000007,0,,0,Mitte,,,0,0.0,168921,,,,,
5406,,,14,7,13,000,2018,08,15,6,3,6,3,0,,0,1,1,0,0,0,"738719,423500000030000","5690956,851599999700000",12.426078911000047,51.31974031500005,3,,3,Südost,,,0,3.0,168923,,,,,
5407,,,14,7,13,000,2018,08,22,6,2,0,1,2,,1,0,0,0,0,0,"733091,399699999950000","5694107,673399999700000",12.347517227000026,51.35035730300007,0,,0,Mitte,,,0,0.0,168927,,,,,
5408,,,14,7,13,000,2018,08,07,6,2,5,3,0,,1,1,0,0,0,0,"731474,612199999970000","5696647,030199999900000",12.325992514000063,51.37381325700005,8,,8,Nordwest,,,0,8.0,168929,,,,,
5409,,,14,7,13,000,2018,08,20,6,3,5,3,0,,1,1,0,0,0,0,"735635,978000000000000","5695643,207000000400000",12.385009687000036,51.36309153500008,9,,9,Nord,,,0,9.0,168931,,,,,
5410,,,14,7,13,000,2018,08,10,6,3,5,3,0,,1,1,0,0,0,0,"734606,560900000040000","5691620,422500000300000",12.367598565000037,51.32740736100004,0,,0,Mitte,,,0,0.0,168933,,,,,
5411,,,14,7,13,000,2018,08,18,6,3,1,6,0,,0,1,0,1,0,0,"742020,972799999990000","5693164,732900000200000",12.474868861000061,51.338162526000076,2,,2,Ost,,,0,2.0,168935,,,,,
5412,,,14,7,13,000,2018,08,15,6,2,5,2,0,,1,0,0,0,1,0,"733908,515000000010000","5693218,092000000200000",12.358646093000061,51.34203632200007,0,,0,Mitte,,,0,0.0,168936,,,,,
5413,,,14,7,13,000,2018,08,08,6,3,0,7,0,,0,0,0,0,0,1,"735873,188800000000000","5691835,814700000000000",12.385888604000058,51.32881703700008,0,,0,Mitte,,,0,0.0,168938,,,,,
5414,,,14,7,13,000,2018,08,13,6,3,2,6,0,,0,1,0,0,0,1,"734893,966499999980000","5692531,541500000300000",12.37231698200003,51.33546733800006,0,,0,Mitte,,,0,0.0,168941,,,,,
5415,,,14,7,13,000,2018,08,07,6,3,3,2,0,,1,1,0,0,0,0,"735756,297900000010000","5692869,849999999600000",12.384898013000054,51.33814728700003,0,,0,Mitte,,,0,0.0,168942,,,,,
5416,,,14,7,13,000,2018,08,14,6,3,0,4,0,,0,0,1,0,0,1,"735075,252600000010000","5689842,650999999600000",12.373141806000035,51.311255886000026,4,,4,Süd,,,0,4.0,168945,,,,,
5417,,,14,7,13,000,2018,08,10,6,3,6,4,0,,0,1,1,0,0,0,"729477,367800000010000","5690035,501400000400000",12.29308483400007,51.31527150000005,6,,6,West,,,0,6.0,168948,,,,,
5418,,,14,7,13,000,2018,08,21,6,3,5,3,1,,0,1,0,0,0,0,"735310,735400000010000","5689757,399400000500000",12.376458272000036,51.31039333700005,4,,4,Süd,,,0,4.0,168950,,,,,
5419,,,14,7,13,000,2018,08,15,5,3,2,2,0,,1,1,0,0,0,0,"735291,135299999970000","5693612,800800000300000",12.378722720000042,51.34500890800007,0,,0,Mitte,,,0,0.0,168973,,,,,
5420,,,14,7,13,000,2018,08,10,5,3,4,2,0,,0,1,0,0,0,0,"728686,540900000020000","5689588,672899999700000",12.281469721000065,51.311578524000026,6,,6,West,,,0,6.0,168975,,,,,
5421,,,14,7,13,000,2018,08,15,5,3,5,2,0,,1,0,0,1,0,0,"733670,103400000020000","5697378,417299999900000",12.357961845000034,51.379479513000035,9,,9,Nord,,,0,9.0,168976,,,,,
5422,,,14,7,13,000,2018,08,15,5,3,5,3,0,,1,1,0,0,0,0,"731760,282000000010000","5689794,211000000100000",12.325629776000028,51.31218042900008,5,,5,Südwest,,,0,5.0,168977,,,,,
5423,,,14,7,13,000,2018,08,20,5,3,4,2,1,,0,1,0,0,0,0,"736450,154800000020000","5693007,904500000200000",12.394933039000023,51.33909841900004,0,,0,Mitte,,,1,0.0,168979,,,,,
5424,,,14,7,13,000,2018,08,16,5,3,5,3,0,,1,1,0,0,0,0,"727700,596000000020000","5690582,965900000200000",12.267981760000055,51.32089993300008,6,,6,West,,,0,6.0,168980,,,,,
5425,,,14,7,13,000,2018,08,16,5,2,5,3,0,,1,0,0,0,0,0,"735111,529600000010000","5694192,470400000000000",12.376531255000032,51.350286520000054,0,,0,Mitte,,,0,0.0,168981,,,,,
5426,,,14,7,13,000,2018,08,14,5,3,4,2,0,,0,1,0,1,0,0,"731614,676600000010000","5688541,015399999900000",12.322730792000073,51.30098989600003,5,,5,Südwest,,,0,5.0,168982,,,,,
5427,,,14,7,13,000,2018,08,14,5,2,8,7,0,,0,1,0,0,0,0,"732706,200900000050000","5690517,806099999700000",12.33965058800004,51.31829001500006,5,,5,Südwest,,,0,5.0,168983,,,,,
5428,,,14,7,13,000,2018,08,21,5,1,4,2,2,,0,1,0,1,0,0,"737503,837999999990000","5697069,890999999800000",12.412744320000058,51.37511971400005,1,,1,Nordost,,,0,1.0,168984,,,,,
5429,,,14,7,13,000,2018,08,15,5,3,5,2,0,,1,1,0,0,0,0,"734525,509800000000000","5693149,707899999800000",12.36744395900007,51.34116832800004,0,,0,Mitte,,,0,0.0,168987,,,,,
5430,,,14,7,13,000,2018,08,09,4,3,2,2,0,,0,1,0,0,0,0,"742281,951899999990000","5694025,850800000100000",12.47919433900006,51.34578026600008,2,,2,Ost,,,0,2.0,169006,,,,,
5431,,,14,7,13,000,2018,08,10,4,3,5,3,0,,1,1,0,0,0,0,"734892,109000000050000","5694340,053999999500000",12.373483329000067,51.35170199600003,0,,0,Mitte,,,0,0.0,169007,,,,,
5432,,,14,7,13,000,2018,08,06,4,3,2,2,1,,0,1,0,0,0,0,"729913,390699999990000","5693410,009200000200000",12.301507944000036,51.34538868700008,7,,7,Alt-West,,,0,7.0,169009,,,,,
5433,,,14,7,13,000,2018,08,17,4,2,0,1,0,,1,0,0,0,0,0,"730626,305700000030000","5691579,842000000200000",12.310542034000036,51.32867061200005,6,,6,West,,,0,6.0,169012,,,,,
5434,,,14,7,13,000,2018,08,18,5,3,4,2,0,,1,1,0,0,0,0,"735756,264300000040000","5692869,589200000300000",12.384897359000036,51.33814496000008,0,,0,Mitte,,,1,0.0,169016,,,,,
5435,,,14,7,13,000,2018,08,16,1,2,5,3,0,,1,1,0,0,0,0,"737133,858000000010000","5692342,894999999600000",12.404288364000024,51.332844539000064,3,,3,Südost,,,0,3.0,169027,,,,,
5436,,,14,7,13,000,2018,08,10,3,3,5,3,0,,0,1,0,1,0,0,"737481,256100000000000","5694517,079400000200000",12.410716009000055,51.35221515500007,1,,1,Nordost,,,0,1.0,169030,,,,,
5437,,,14,7,13,000,2018,08,21,1,3,5,2,2,,0,1,0,0,0,0,"734639,330300000030000","5695393,467500000300000",12.370554349000031,51.36126224100008,9,,9,Nord,,,0,9.0,169031,,,,,
5438,,,14,7,13,000,2018,08,06,6,3,5,3,1,,1,1,0,0,0,0,"732367,460800000000000","5698830,180200000300000",12.34022612900003,51.39304598500007,8,,8,Nordwest,,,0,8.0,169034,,,,,
5439,,,14,7,13,000,2018,08,18,4,3,3,6,0,,1,0,0,0,0,0,"734596,517899999980000","5692435,738900000200000",12.367991424000024,51.33473014400005,0,,0,Mitte,,,0,0.0,169046,,,,,
5440,,,14,7,13,000,2018,08,08,7,3,2,6,0,,0,1,0,0,0,0,"734787,753200000040000","5693012,723199999900000",12.371112094000068,51.33983047700008,0,,0,Mitte,,,0,0.0,169047,,,,,
5441,,,14,7,13,000,2018,08,13,7,3,6,4,0,,1,0,1,0,0,0,"735049,557599999940000","5692400,812699999700000",12.374460361000047,51.33422958600005,0,,0,Mitte,,,0,0.0,169048,,,,,
5442,,,14,7,13,000,2018,08,12,7,3,5,3,0,,1,1,0,0,0,0,"740532,663799999980000","5690683,605700000200000",12.451867565000043,51.31652422600007,3,,3,Südost,,,0,3.0,169049,,,,,
5443,,,14,7,13,000,2018,08,11,4,2,5,3,0,,1,1,0,0,0,0,"739953,742199999980000","5694168,077800000100000",12.445922095000071,51.34804425900006,2,,2,Ost,,,0,2.0,169053,,,,,
5444,,,14,7,13,000,2018,08,20,7,2,0,1,1,,0,0,0,1,0,0,"737262,349900000030000","5695138,960199999600000",12.407992668000077,51.357888596000066,1,,1,Nordost,,,0,1.0,169055,,,,,
5445,,,14,7,13,000,2018,08,20,7,3,3,2,2,,0,1,0,1,0,0,"738858,783100000000000","5694329,267000000000000",12.430336114000056,51.34995218500006,2,,2,Ost,,,0,2.0,169057,,,,,
5446,,,14,7,13,000,2018,08,10,3,3,5,3,0,,1,1,0,0,0,0,"734875,450799999990000","5694490,588600000400000",12.373343873000067,51.35306013200005,0,,0,Mitte,,,0,0.0,169059,,,,,
5447,,,14,7,13,000,2018,08,08,5,3,3,2,0,,1,1,0,0,0,0,"735168,351499999990000","5693427,336000000100000",12.376840376000075,51.343394913000054,0,,0,Mitte,,,1,0.0,169061,,,,,
5448,,,14,7,13,000,2018,08,16,3,3,5,2,0,,1,1,0,0,0,0,"735497,964099999980000","5692042,414800000400000",12.380648963000056,51.33082700400007,0,,0,Mitte,,,0,0.0,169063,,,,,
5449,,,14,7,13,000,2018,08,09,3,3,1,5,0,,1,1,0,0,0,0,"736257,650000000020000","5692787,158099999700000",12.392027860000042,51.33719696400004,0,,0,Mitte,,,0,0.0,169065,,,,,
5450,,,14,7,13,000,2018,08,10,3,2,6,7,0,,0,1,1,0,0,0,"738656,932099999980000","5690989,999099999700000",12.425205946000062,51.320064056000035,3,,3,Südost,,,0,3.0,169076,,,,,
5451,,,14,7,13,000,2018,08,13,6,3,5,2,0,,1,1,0,0,0,0,"737250,330399999980000","5692228,554399999800000",12.40588113800004,51.331769638000026,3,,3,Südost,,,0,3.0,169077,,,,,
5452,,,14,7,13,000,2018,08,07,6,3,3,6,0,,1,1,0,0,0,0,"739494,834999999960000","5691859,810999999800000",12.437792671000068,51.32751929500006,2,,2,Ost,,,1,2.0,169079,,,,,
5453,,,14,7,13,000,2018,08,10,4,2,0,7,0,,0,0,0,0,0,1,"733246,497899999960000","5690590,520700000200000",12.347437958000057,51.31872155700006,5,,5,Südwest,,,0,5.0,169095,,,,,
5454,,,14,7,13,000,2018,08,14,4,3,6,4,0,,0,1,1,0,0,0,"727110,505499999970000","5688617,207899999800000",12.25827593400004,51.30348824600003,6,,6,West,,,0,6.0,169105,,,,,
5455,,,14,7,13,000,2018,08,16,3,2,5,3,0,,0,1,0,0,0,1,"740846,520299999970000","5694779,476800000300000",12.459131725000077,51.353154380000035,2,,2,Ost,,,0,2.0,169109,,,,,
5456,,,14,7,13,000,2018,08,13,5,3,5,3,0,,0,1,0,0,0,0,"739757,775000000020000","5688232,315999999600000",12.43912189300005,51.29484888300004,3,,3,Südost,,,1,3.0,169111,,,,,
5457,,,14,7,13,000,2018,08,07,5,3,1,5,0,,1,1,0,0,0,0,"736429,182200000040000","5693507,321999999700000",12.39496403000004,51.34358999900007,2,,2,Ost,,,0,2.0,169113,,,,,
5458,,,14,7,13,000,2018,08,00,5,3,6,6,2,,0,1,1,0,0,0,"731003,093499999960000","5688641,677400000400000",12.314037972000051,51.30214197200007,5,,5,Südwest,,,0,5.0,169114,,,,,
5459,,,14,7,13,000,2018,08,13,5,3,6,4,0,,0,1,1,0,0,0,"734301,136799999980000","5695701,551099999800000",12.365908201000025,51.36416728100005,9,,9,Nord,,,1,9.0,169115,,,,,
5460,,,14,7,13,000,2018,08,15,5,2,5,3,0,,0,1,0,1,0,0,"730992,761999999990000","5688490,185999999800000",12.313791985000023,51.30078622700006,5,,5,Südwest,,,0,5.0,169119,,,,,
5461,,,14,7,13,000,2018,08,09,5,3,4,6,0,,0,1,0,0,0,0,"737878,345100000040000","5692891,953099999600000",12.41532245600007,51.337462017000064,2,,2,Ost,,,0,2.0,169120,,,,,
5462,,,14,7,13,000,2018,08,17,5,3,4,6,0,,1,0,0,0,1,0,"735392,441100000050000","5691130,895300000000000",12.37853500400007,51.32268856500008,4,,4,Süd,,,1,4.0,169122,,,,,
5463,,,14,7,13,000,2018,08,15,5,3,5,3,0,,1,1,0,0,0,0,"739081,957500000020000","5689366,753499999600000",12.430206284000064,51.30531557900008,3,,3,Südost,,,0,3.0,169125,,,,,
5464,,,14,7,13,000,2018,08,18,5,3,5,2,0,,1,1,0,0,0,0,"734407,033700000030000","5692972,021300000100000",12.365629022000064,51.33962218600004,0,,0,Mitte,,,1,0.0,169126,,,,,
5465,,,14,7,13,000,2018,08,15,5,2,5,3,0,,1,0,0,1,0,0,"735174,168700000040000","5693484,160400000400000",12.376961280000046,51.343902582000055,0,,0,Mitte,,,0,0.0,169128,,,,,
5466,,,14,7,13,000,2018,08,14,5,3,5,3,0,,1,1,0,0,0,0,"734569,340100000030000","5692132,836600000000000",12.367402554000023,51.33202236900007,0,,0,Mitte,,,0,0.0,169129,,,,,
5467,,,14,7,13,000,2018,08,11,6,3,5,3,0,,1,1,0,0,0,0,"735298,833800000020000","5690247,097900000400000",12.376610822000032,51.31479398300007,4,,4,Süd,,,0,4.0,169135,,,,,
5468,,,14,7,13,000,2018,08,10,4,3,5,2,0,,1,1,0,0,0,0,"733391,984199999950000","5692148,917000000400000",12.350542444000041,51.33265103200006,5,,5,Südwest,,,0,5.0,169156,,,,,
5469,,,14,7,13,000,2018,08,13,4,3,6,4,0,,1,0,1,0,0,0,"734828,057099999980000","5695604,850999999800000",12.373399881000068,51.363081728000054,9,,9,Nord,,,0,9.0,169158,,,,,
5470,,,14,7,13,000,2018,08,17,4,2,5,3,0,,1,1,0,0,0,0,"734477,684200000020000","5693078,046299999600000",12.366711346000045,51.34054478500008,0,,0,Mitte,,,0,0.0,169159,,,,,
5471,,,14,7,13,000,2018,08,16,4,3,5,3,0,,1,1,0,0,0,0,"738704,027699999980000","5691059,574199999700000",12.425927142000035,51.320668803000046,3,,3,Südost,,,0,3.0,169160,,,,,
5472,,,14,7,13,000,2018,08,18,4,2,3,3,0,,1,1,0,0,0,0,"737280,274500000060000","5696670,628399999800000",12.409271498000066,51.37162938400007,1,,1,Nordost,,,0,1.0,169162,,,,,
5473,,,14,7,13,000,2018,08,14,4,3,2,2,0,,0,1,0,0,0,1,"735310,302299999980000","5692605,676699999700000",12.378332039000043,51.335960698000065,0,,0,Mitte,,,0,0.0,169163,,,,,
5474,,,14,7,13,000,2018,08,18,5,3,3,7,0,,1,1,0,0,0,0,"735157,978699999980000","5692921,104799999900000",12.376357448000022,51.33885509700008,0,,0,Mitte,,,1,0.0,169165,,,,,
5475,,,14,7,13,000,2018,08,12,2,3,8,1,0,,0,0,0,1,0,0,"734793,888200000040000","5693574,454400000200000",12.371570376000022,51.344870264000065,0,,0,Mitte,,,0,0.0,169176,,,,,
5476,,,14,7,13,000,2018,08,16,2,3,2,6,0,,1,1,0,0,0,0,"735466,497699999950000","5691876,113099999700000",12.380088215000058,51.32934725100006,0,,0,Mitte,,,0,0.0,169179,,,,,
5477,,,14,7,13,000,2018,08,11,2,3,4,3,0,,0,1,0,1,0,0,"737714,638000000040000","5692547,105999999700000",12.412746416000061,51.334435116000066,2,,2,Ost,,,0,2.0,169183,,,,,
5478,,,14,7,13,000,2018,08,11,6,3,3,2,0,,1,1,0,0,0,0,"737378,301199999990000","5693161,533300000200000",12.408336417000044,51.34009072500004,2,,2,Ost,,,0,2.0,169188,,,,,
5479,,,14,7,13,000,2018,08,08,3,3,3,5,0,,1,1,0,0,0,0,"735318,595399999990000","5689567,109799999700000",12.376445341000021,51.308681973000034,4,,4,Süd,,,0,4.0,169196,,,,,
5480,,,14,7,13,000,2018,08,15,3,3,5,2,0,,0,1,0,1,0,0,"736568,471800000060000","5697197,248399999900000",12.399414063000052,51.376653273000045,1,,1,Nordost,,,0,1.0,169198,,,,,
5481,,,14,7,13,000,2018,08,07,3,2,5,3,0,,1,1,0,0,0,0,"732593,667999999950000","5691593,984000000200000",12.338740654000048,51.32799657500004,5,,5,Südwest,,,1,5.0,169199,,,,,
5482,,,14,7,13,000,2018,08,17,3,2,5,2,0,,1,1,0,0,0,0,"730619,287000000010000","5689626,972600000000000",12.309178408000037,51.31114256600006,5,,5,Südwest,,,0,5.0,169202,,,,,
5483,,,14,7,13,000,2018,08,21,5,3,5,3,2,,1,1,0,0,0,0,"736341,871599999950000","5692763,019799999900000",12.393218766000075,51.33694530000008,0,,0,Mitte,,,1,0.0,169209,,,,,
5484,,,14,7,13,000,2018,08,16,4,3,2,6,0,,0,1,0,0,0,0,"739769,716699999990000","5695389,958700000300000",12.444107667000026,51.35908914100003,2,,2,Ost,,,0,2.0,169214,,,,,
5485,,,14,7,13,000,2018,08,15,5,3,5,3,0,,1,1,0,0,0,0,"732825,349999999980000","5691190,541000000200000",12.341796716000033,51.32428022000005,5,,5,Südwest,,,1,5.0,169220,,,,,
5486,,,14,7,13,000,2018,08,19,6,3,3,3,0,,1,0,0,0,0,1,"733079,818899999950000","5690611,757399999500000",12.345064122000053,51.318980485000054,5,,5,Südwest,,,0,5.0,169243,,,,,
5487,,,14,7,13,000,2018,08,09,2,3,1,5,0,,1,0,0,0,0,1,"735228,482199999970000","5693938,244300000400000",12.378039734000026,51.34795612000005,0,,0,Mitte,,,0,0.0,169244,,,,,
5488,,,14,7,13,000,2018,08,14,2,3,1,3,0,,1,1,0,0,0,0,"730676,452399999950000","5690339,469800000100000",12.31045799800006,51.31751548700004,5,,5,Südwest,,,0,5.0,169246,,,,,
5489,,,14,7,13,000,2018,08,18,2,3,1,3,0,,1,1,0,0,0,0,"737069,585199999970000","5691321,725800000100000",12.402688169000044,51.32370519300008,3,,3,Südost,,,0,3.0,169248,,,,,
5490,,,14,7,13,000,2018,08,19,2,2,5,3,0,,1,1,0,0,0,0,"735285,919899999980000","5690883,986800000100000",12.376846043000057,51.32051628000005,4,,4,Süd,,,0,4.0,169249,,,,,
5491,,,14,7,13,000,2018,08,09,4,3,3,5,0,,1,1,0,0,0,0,"735596,286199999970000","5692587,919099999600000",12.382418468000026,51.335682904000066,0,,0,Mitte,,,0,0.0,169253,,,,,
5492,,,14,7,13,000,2018,08,11,4,2,3,2,0,,0,1,0,0,0,1,"736706,545000000040000","5689657,496000000300000",12.396382717000051,51.30891788900004,4,,4,Süd,,,0,4.0,169262,,,,,
5493,,,14,7,13,000,2018,09,04,5,3,5,3,2,,0,1,0,0,0,1,"737638,192999999970000","5692162,753700000200000",12.41139468800003,51.33101710200003,3,,3,Südost,,,0,3.0,169267,,,,,
5494,,,14,7,13,000,2018,09,16,4,2,5,3,0,,1,1,0,0,0,0,"736065,076000000000000","5688533,391300000300000",12.386452372000065,51.29909394200007,4,,4,Süd,,,0,4.0,169268,,,,,
5495,,,14,7,13,000,2018,09,02,1,3,0,7,2,,1,0,0,0,0,0,"740550,579099999970000","5689127,365600000100000",12.45107495800005,51.30254832000003,3,,3,Südost,,,0,3.0,169270,,,,,
5496,,,14,7,13,000,2018,09,16,7,3,6,6,0,,0,1,1,0,0,0,"729876,220800000010000","5693726,916899999600000",12.301179766000075,51.34824860700007,7,,7,Alt-West,,,0,7.0,169280,,,,,
5497,,,14,7,13,000,2018,09,08,6,3,6,7,0,,1,0,1,0,0,0,"737492,394500000050000","5691832,164800000400000",12.409085365000067,51.32811060600005,3,,3,Südost,,,0,3.0,169296,,,,,