UNFALL_ID,FID_left,OBJECTID,ULAND,UREGBEZ,UKREIS,UGEMEINDE,UJAHR,UMONAT,USTUNDE,UWOCHENTAG,UKATEGORIE,UART,UTYP1,ULICHTVERH,IstStrasse,IstRad,IstPKW,IstFuss,IstKrad,IstGkfz,IstSonstig,LINREFX,LINREFY,XGCSWGS84,YGCSWGS84,index_right,FID_right,SBZ,Name,UIDENTSTLA,LICHT,STRZUSTAND,FID,OBJECTID_1,IstSonstige,UIDENTSTLAE,OID_,IstStrassenzustand,PLST
5498,,,14,7,13,000,2018,09,13,7,3,4,2,0,,1,0,0,0,0,1,"732333,255499999970000","5691372,830099999900000",12.334865235000052,51.326117744000044,5,,5,Südwest,,,0,5.0,169297,,,,,
5499,,,14,7,13,000,2018,09,15,4,3,6,4,0,,1,0,1,0,0,0,"731875,025600000050000","5689199,527499999900000",12.326886820000027,51.306795313000066,5,,5,Südwest,,,0,5.0,169299,,,,,
5500,,,14,7,13,000,2018,09,14,3,3,5,2,0,,1,1,0,0,0,0,"728559,055300000010000","5690489,968799999900000",12.280221209000047,51.319720903000075,6,,6,West,,,0,6.0,169302,,,,,
5501,,,14,7,13,000,2018,09,07,6,3,0,1,0,,1,0,0,0,0,0,"735078,478699999980000","5692048,540599999900000",12.374642379000022,51.33105550600004,0,,0,Mitte,,,0,0.0,169307,,,,,
5502,,,14,7,13,000,2018,09,14,6,3,1,6,0,,0,1,0,0,0,0,"734788,161199999970000","5692725,872000000400000",12.370928861000039,51.33725541700005,0,,0,Mitte,,,0,0.0,169309,,,,,
5503,,,14,7,13,000,2018,09,10,3,1,0,1,0,,0,1,0,0,0,0,"731883,908799999980000","5698633,006799999600000",12.333159075000026,51.39147379000008,8,,8,Nordwest,,,0,8.0,169310,,,,,
5504,,,14,7,13,000,2018,09,15,6,3,5,3,0,,1,1,0,0,0,0,"731973,253799999950000","5693978,688900000400000",12.331404252000027,51.349656854000045,7,,7,Alt-West,,,0,7.0,169311,,,,,
5505,,,14,7,13,000,2018,09,11,7,3,5,2,0,,1,0,0,1,0,0,"730181,981700000000000","5689968,314799999800000",12.303134936000049,51.31438382300007,5,,5,Südwest,,,0,5.0,169312,,,,,
5506,,,14,7,13,000,2018,09,15,6,3,5,3,0,,1,0,0,0,0,0,"731779,808800000000000","5691736,264200000100000",12.327171915000065,51.32960597400006,5,,5,Südwest,,,0,5.0,169313,,,,,
5507,,,14,7,13,000,2018,09,08,6,2,5,3,0,,1,1,0,0,0,0,"736071,175300000000000","5689665,520100000300000",12.387288548000072,51.30925375000004,4,,4,Süd,,,0,4.0,169315,,,,,
5508,,,14,7,13,000,2018,09,01,6,3,1,7,2,,1,1,0,0,0,0,"737994,314699999990000","5691159,158099999700000",12.415827131000071,51.32185994000008,3,,3,Südost,,,0,3.0,169317,,,,,
5509,,,14,7,13,000,2018,09,08,6,3,5,3,0,,1,1,0,0,0,0,"738015,876999999980000","5692043,714700000400000",12.416726652000023,51.329790701000036,2,,2,Ost,,,0,2.0,169318,,,,,
5510,,,14,7,13,000,2018,09,18,3,3,5,2,0,,1,1,0,0,0,0,"736665,657000000010000","5689869,093500000400000",12.39593750000006,51.31083423300004,4,,4,Süd,,,0,4.0,169319,,,,,
5511,,,14,7,13,000,2018,09,09,6,3,2,6,0,,0,1,0,0,0,0,"731656,648599999960000","5696554,651999999800000",12.328543203000038,51.37290978200008,8,,8,Nordwest,,,0,8.0,169320,,,,,
5512,,,14,7,13,000,2018,09,17,3,3,6,4,0,,0,0,1,1,0,0,"736221,457700000030000","5693689,073099999700000",12.392107434000025,51.34530777300006,0,,0,Mitte,,,0,0.0,169321,,,,,
5513,,,14,7,13,000,2018,09,13,6,3,5,3,0,,1,1,0,0,0,0,"737627,984199999950000","5695336,841199999700000",12.413366735000068,51.35951200100004,1,,1,Nordost,,,0,1.0,169322,,,,,
5514,,,14,7,13,000,2018,09,09,6,2,4,2,0,,0,1,0,0,1,0,"738792,614999999990000","5696082,187300000300000",12.430564119000053,51.36571388700003,1,,1,Nordost,,,0,1.0,169324,,,,,
5515,,,14,7,13,000,2018,09,09,3,3,0,5,0,,1,0,0,0,1,0,"735045,699999999950000","5691756,217100000000000",12.373979904000066,51.328445042000055,0,,0,Mitte,,,0,0.0,169325,,,,,
5516,,,14,7,13,000,2018,09,16,6,3,3,6,0,,0,1,0,0,0,0,"736179,615800000030000","5689665,712200000000000",12.38884172400003,51.30921049500006,4,,4,Süd,,,0,4.0,169337,,,,,
5517,,,14,7,13,000,2018,09,12,5,3,3,6,0,,1,1,0,0,0,0,"737438,880000000000000","5693009,428399999600000",12.409103172000073,51.33870013300003,2,,2,Ost,,,0,2.0,169339,,,,,
5518,,,14,7,13,000,2018,09,07,4,3,3,2,0,,1,1,0,0,0,0,"735243,560599999970000","5692297,705299999600000",12.377172272000053,51.33322385000008,0,,0,Mitte,,,0,0.0,169340,,,,,
5519,,,14,7,13,000,2018,09,17,6,3,5,3,0,,1,1,0,0,0,0,"737346,293999999990000","5688909,809999999600000",12.405047517000071,51.301940192000075,4,,4,Süd,,,0,4.0,169350,,,,,
5520,,,14,7,13,000,2018,09,16,5,3,3,6,0,,1,1,0,0,0,0,"730863,308500000040000","5685158,627200000000000",12.309785377000026,51.27093121000007,5,,5,Südwest,,,0,5.0,169359,,,,,
5521,,,14,7,13,000,2018,09,07,5,3,6,4,0,,0,1,1,0,0,0,"731699,230600000010000","5690704,184399999700000",12.325346479000075,51.32037398600005,5,,5,Südwest,,,0,5.0,169364,,,,,
5522,,,14,7,13,000,2018,09,11,7,2,6,6,0,,1,0,1,0,0,0,"732712,415999999970000","5695080,682000000000000",12.342720739000072,51.359246932000076,0,,0,Mitte,,,0,0.0,169372,,,,,
5523,,,14,7,13,000,2018,09,12,4,3,2,5,0,,1,1,0,0,0,0,"732517,044299999950000","5691912,189199999900000",12.337850383000045,51.33088433800003,5,,5,Südwest,,,0,5.0,169394,,,,,
5524,,,14,7,13,000,2018,09,08,4,3,0,1,0,,1,0,0,0,0,1,"736357,213499999950000","5693582,125699999700000",12.393982206000032,51.34429137300003,0,,0,Mitte,,,0,0.0,169396,,,,,
5525,,,14,7,13,000,2018,09,09,4,2,5,2,0,,1,1,0,0,0,0,"731155,413999999990000","5693988,988199999600000",12.31968702000006,51.350082472000054,7,,7,Alt-West,,,0,7.0,169398,,,,,
5526,,,14,7,13,000,2018,09,19,5,3,5,7,1,,0,1,0,0,0,0,"737181,363299999970000","5693758,457600000300000",12.405911670000023,51.34553093800008,2,,2,Ost,,,0,2.0,169401,,,,,
5527,,,14,7,13,000,2018,09,15,4,3,2,2,0,,1,0,0,0,0,0,"731755,652800000040000","5696411,744900000300000",12.32986999600007,51.37158655500008,8,,8,Nordwest,,,0,8.0,169402,,,,,
5528,,,14,7,13,000,2018,09,21,4,3,5,3,1,,1,0,0,0,0,0,"730673,727100000020000","5695950,817499999900000",12.314053820000026,51.36788929000005,8,,8,Nordwest,,,0,8.0,169403,,,,,
5529,,,14,7,13,000,2018,09,12,4,3,5,3,0,,0,1,0,0,0,0,"735262,925200000060000","5695216,250300000400000",12.379378277000058,51.35941363900008,0,,0,Mitte,,,0,0.0,169405,,,,,
5530,,,14,7,13,000,2018,09,18,4,3,5,3,0,,1,1,0,0,0,0,"735314,112500000050000","5692454,015300000100000",12.378286466000077,51.33459775800003,0,,0,Mitte,,,0,0.0,169408,,,,,
5531,,,14,7,13,000,2018,09,15,6,3,5,3,0,,1,1,0,0,0,0,"734291,100400000000000","5695623,848799999800000",12.365713104000065,51.36347393200003,9,,9,Nord,,,0,9.0,169409,,,,,
5532,,,14,7,13,000,2018,09,14,4,3,5,3,0,,0,1,0,1,0,0,"738042,364100000010000","5691164,360899999700000",12.416518921000034,51.32188654200007,3,,3,Südost,,,0,3.0,169410,,,,,
5533,,,14,7,13,000,2018,09,16,2,3,5,3,0,,1,1,0,0,0,0,"731708,027099999950000","5692456,277400000000000",12.326611588000048,51.33609864600004,7,,7,Alt-West,,,0,7.0,169411,,,,,
5534,,,14,7,13,000,2018,09,06,4,2,3,2,1,,1,1,0,0,0,0,"732978,748099999970000","5694174,899600000100000",12.345946358000049,51.351006950000055,0,,0,Mitte,,,0,0.0,169412,,,,,
5535,,,14,7,13,000,2018,09,06,4,3,4,6,1,,1,0,0,0,0,0,"734634,530400000050000","5692151,805300000100000",12.368349160000037,51.33216575300003,0,,0,Mitte,,,0,0.0,169414,,,,,
5536,,,14,7,13,000,2018,09,12,5,3,6,6,0,,1,0,1,0,0,0,"737919,270400000040000","5697064,160299999600000",12.41869852000002,51.37489439800004,1,,1,Nordost,,,0,1.0,169415,,,,,
5537,,,14,7,13,000,2018,09,15,4,3,5,3,0,,1,1,0,0,0,0,"735161,403900000030000","5693239,358599999900000",12.376616668000054,51.341710437000074,0,,0,Mitte,,,0,0.0,169416,,,,,
5538,,,14,7,13,000,2018,09,17,4,3,3,6,0,,1,1,0,0,0,0,"734076,428900000060000","5695156,844999999700000",12.362327642000025,51.35937037900004,9,,9,Nord,,,0,9.0,169417,,,,,
5539,,,14,7,13,000,2018,09,16,2,3,4,2,0,,1,1,0,0,0,0,"732401,750000000000000","5690886,053000000300000",12.335529267000027,51.32172009300007,5,,5,Südwest,,,0,5.0,169418,,,,,
5540,,,14,7,13,000,2018,09,12,6,3,4,2,0,,0,1,0,0,0,1,"737559,483899999990000","5693384,824199999700000",12.411081876000026,51.34201932800005,2,,2,Ost,,,0,2.0,169457,,,,,
5541,,,14,7,13,000,2018,09,12,5,3,5,3,0,,1,1,0,0,0,0,"734635,925900000030000","5690902,879200000300000",12.367547019000028,51.32095425600005,4,,4,Süd,,,0,4.0,169459,,,,,
5542,,,14,7,13,000,2018,09,07,3,3,5,2,0,,1,1,0,0,0,0,"735519,086000000010000","5692023,002000000300000",12.38093877800003,51.33064400400008,0,,0,Mitte,,,0,0.0,169460,,,,,
5543,,,14,7,13,000,2018,09,09,3,3,5,3,0,,0,1,0,1,0,0,"737593,984900000040000","5693454,943599999900000",12.411623109000061,51.342634306000036,2,,2,Ost,,,0,2.0,169464,,,,,
5544,,,14,7,13,000,2018,09,08,6,3,3,7,0,,0,1,0,0,0,1,"734785,447999999970000","5692625,201000000400000",12.370823629000029,51.33635287300007,0,,0,Mitte,,,1,0.0,169471,,,,,
5545,,,14,7,13,000,2018,09,20,1,3,0,6,1,,1,1,0,0,0,0,"734171,939000000010000","5692169,078999999900000",12.361731960000043,51.33251144400003,0,,0,Mitte,,,0,0.0,169491,,,,,
5546,,,14,7,13,000,2018,09,18,7,3,3,6,0,,1,0,0,0,0,0,"735140,776799999990000","5690879,662700000200000",12.374763964000067,51.320537460000025,4,,4,Süd,,,0,4.0,169495,,,,,
5547,,,14,7,13,000,2018,09,10,1,3,5,3,0,,0,1,0,0,0,0,"730306,888500000000000","5688552,757000000200000",12.304010488000074,51.30162574900004,5,,5,Südwest,,,1,5.0,169497,,,,,
5548,,,14,7,13,000,2018,09,09,2,3,5,2,0,,1,1,0,0,0,0,"742285,111099999980000","5694030,409599999900000",12.479242718000023,51.34581983700008,2,,2,Ost,,,0,2.0,169511,,,,,
5549,,,14,7,13,000,2018,09,11,6,2,5,2,0,,1,1,0,0,0,0,"737593,937200000040000","5693454,951799999900000",12.411622431000069,51.342634399000076,2,,2,Ost,,,0,2.0,169519,,,,,
5550,,,14,7,13,000,2018,09,16,6,3,1,5,0,,1,1,0,0,0,0,"731745,779100000040000","5689742,335099999800000",12.325388344000032,51.31172065100003,5,,5,Südwest,,,0,5.0,169535,,,,,
5551,,,14,7,13,000,2018,09,07,6,3,5,3,0,,1,0,0,0,0,0,"732961,485200000000000","5692857,975900000000000",12.344837253000037,51.33919248900003,7,,7,Alt-West,,,0,7.0,169536,,,,,
5552,,,14,7,13,000,2018,09,18,6,3,1,5,0,,1,1,0,0,0,0,"737753,407499999970000","5694654,048899999800000",12.414708708000035,51.353330819000064,1,,1,Nordost,,,1,1.0,169538,,,,,
5553,,,14,7,13,000,2018,09,22,6,3,5,3,2,,1,1,0,0,0,0,"738525,526300000030000","5696682,227199999600000",12.427136922000045,51.37121194400004,1,,1,Nordost,,,1,1.0,169539,,,,,
5554,,,14,7,13,000,2018,09,00,6,2,5,3,2,,1,0,0,1,0,0,"733904,864300000020000","5690817,733300000400000",12.357018166000046,51.320490920000054,4,,4,Süd,,,0,4.0,169540,,,,,
5555,,,14,7,13,000,2018,09,14,6,2,3,6,0,,0,1,0,1,0,0,"737784,582900000040000","5693745,326000000400000",12.414548607000029,51.34516110000004,2,,2,Ost,,,0,2.0,169541,,,,,
5556,,,14,7,13,000,2018,09,14,5,3,5,3,0,,1,1,0,0,0,0,"729600,154100000040000","5688605,119900000300000",12.293923282000037,51.30238123200007,5,,5,Südwest,,,0,5.0,169561,,,,,
5557,,,14,7,13,000,2018,09,11,6,2,5,3,0,,0,1,0,0,0,1,"727782,137800000030000","5689138,620500000200000",12.268227629000023,51.30790087300005,6,,6,West,,,0,6.0,169562,,,,,
5558,,,14,7,13,000,2018,09,14,6,2,5,3,0,,1,1,0,0,0,0,"742270,922200000030000","5694562,789099999700000",12.479401663000033,51.350604187000044,2,,2,Ost,,,0,2.0,169563,,,,,
5559,,,14,7,13,000,2018,09,16,5,3,2,2,0,,0,0,0,1,0,1,"729788,334299999990000","5694039,992200000200000",12.300122008000073,51.351094627000066,7,,7,Alt-West,,,0,7.0,169564,,,,,
5560,,,14,7,13,000,2018,09,12,5,3,5,2,0,,0,1,0,1,0,0,"738874,942900000020000","5693549,840200000400000",12.430044808000048,51.34294938600004,2,,2,Ost,,,0,2.0,169566,,,,,
5561,,,14,7,13,000,2018,09,19,5,3,2,2,1,,0,1,0,0,0,0,"734312,895800000060000","5695496,181800000400000",12.365941526000029,51.36231895200007,9,,9,Nord,,,0,9.0,169568,,,,,
5562,,,14,7,13,000,2018,09,15,5,3,1,6,0,,0,1,0,0,0,0,"726842,981099999980000","5697745,493200000400000",12.260260047000031,51.385543393000034,8,,8,Nordwest,,,0,8.0,169578,,,,,
5563,,,14,7,13,000,2018,09,13,5,3,1,5,0,,1,0,0,0,1,0,"734318,362399999980000","5695843,162999999700000",12.36624849900005,51.36543134300007,9,,9,Nord,,,0,9.0,169589,,,,,
5564,,,14,7,13,000,2018,09,18,5,3,1,1,0,,1,1,0,0,0,0,"735053,988099999960000","5691049,759399999900000",12.373632818000033,51.32210017400007,4,,4,Süd,,,0,4.0,169594,,,,,
5565,,,14,7,13,000,2018,09,16,5,3,5,2,0,,1,0,0,0,0,0,"735161,374199999960000","5693239,589300000100000",12.376616395000042,51.341712520000044,0,,0,Mitte,,,0,0.0,169596,,,,,
5566,,,14,7,13,000,2018,09,19,5,2,5,3,2,,0,1,0,0,0,1,"735119,091000000010000","5693980,508299999900000",12.37649964600007,51.34838075000005,0,,0,Mitte,,,0,0.0,169598,,,,,
5567,,,14,7,13,000,2018,09,13,5,3,1,6,0,,0,1,0,0,0,0,"730707,823399999990000","5689555,248300000100000",12.310400168000058,51.310462819000065,5,,5,Südwest,,,0,5.0,169600,,,,,
5568,,,14,7,13,000,2018,09,11,5,3,6,4,0,,0,1,1,0,0,0,"732293,727599999980000","5692575,966599999900000",12.335083212000029,51.33693413700007,7,,7,Alt-West,,,0,7.0,169602,,,,,
5569,,,14,7,13,000,2018,09,18,5,3,3,2,0,,1,1,0,0,0,0,"734237,869100000010000","5696305,328499999800000",12.365398696000057,51.36961312300008,9,,9,Nord,,,0,9.0,169605,,,,,
5570,,,14,7,13,000,2018,09,11,5,3,9,1,0,,0,1,0,0,0,0,"735672,633099999980000","5695871,880199999500000",12.385686787000054,51.365128955000046,9,,9,Nord,,,0,9.0,169608,,,,,
5571,,,14,7,13,000,2018,09,01,5,3,3,6,2,,1,1,0,0,0,0,"735620,091800000050000","5696907,834599999700000",12.385619896000037,51.37444970400003,9,,9,Nord,,,0,9.0,169610,,,,,
5572,,,14,7,13,000,2018,09,11,5,3,5,3,0,,0,1,0,0,0,1,"738934,259599999990000","5688213,591900000300000",12.427319453000052,51.29502688000008,3,,3,Südost,,,0,3.0,169612,,,,,
5573,,,14,7,13,000,2018,09,16,4,3,5,3,0,,1,1,0,0,0,0,"727586,066499999960000","5693244,961400000400000",12.268041229000062,51.34484343100007,7,,7,Alt-West,,,0,7.0,169632,,,,,
5574,,,14,7,13,000,2018,09,07,4,3,0,1,0,,1,0,0,0,0,0,"731779,786899999950000","5693017,612599999600000",12.328005244000053,51.341108398000074,7,,7,Alt-West,,,0,7.0,169634,,,,,
5575,,,14,7,13,000,2018,09,15,4,3,4,6,0,,1,0,0,0,0,0,"740554,981000000030000","5691308,364000000100000",12.45260866600006,51.32212241800005,2,,2,Ost,,,0,2.0,169636,,,,,
5576,,,14,7,13,000,2018,09,23,4,3,1,5,2,,1,1,0,0,0,0,"734814,128999999960000","5689656,480000000400000",12.369279317000064,51.30969250700008,4,,4,Süd,,,0,4.0,169639,,,,,
5577,,,14,7,13,000,2018,09,13,4,3,5,3,0,,1,0,0,0,0,1,"731483,103000000000000","5688734,132000000200000",12.320971888000031,51.30277699100003,5,,5,Südwest,,,0,5.0,169640,,,,,
5578,,,14,7,13,000,2018,09,22,4,3,5,3,2,,1,0,0,0,0,1,"736550,600699999950000","5693451,550800000300000",12.396667181000055,51.343038886000045,2,,2,Ost,,,0,2.0,169641,,,,,
5579,,,14,7,13,000,2018,09,09,4,3,5,3,0,,1,1,0,0,0,0,"738015,899100000040000","5692043,812099999700000",12.41672703300003,51.32979156600004,2,,2,Ost,,,0,2.0,169642,,,,,
5580,,,14,7,13,000,2018,09,19,4,3,6,6,1,,0,1,1,0,0,0,"737489,630000000000000","5696728,169900000100000",12.412312254000028,51.372058380000055,1,,1,Nordost,,,0,1.0,169643,,,,,
5581,,,14,7,13,000,2018,09,12,4,3,5,3,0,,0,1,0,0,0,0,"738345,661500000050000","5690572,019000000300000",12.420467780000024,51.316442737000045,3,,3,Südost,,,0,3.0,169644,,,,,
5582,,,14,7,13,000,2018,09,11,4,2,6,2,0,,0,1,1,0,0,0,"736515,842100000010000","5687405,997399999800000",12.392159973000048,51.28878711400006,4,,4,Süd,,,0,4.0,169645,,,,,
5583,,,14,7,13,000,2018,09,20,4,3,5,3,2,,0,1,0,0,0,0,"737927,966600000040000","5692862,018699999900000",12.416013540000051,51.337172569000074,2,,2,Ost,,,0,2.0,169646,,,,,
5584,,,14,7,13,000,2018,09,09,4,2,5,3,0,,1,1,0,0,0,0,"731055,006300000010000","5697842,822599999600000",12.32075171100007,51.38471851000003,8,,8,Nordwest,,,0,8.0,169647,,,,,
5585,,,14,7,13,000,2018,09,07,4,3,2,6,0,,1,1,0,0,0,0,"736590,829400000050000","5695458,410299999600000",12.398577756000066,51.36103598400007,9,,9,Nord,,,0,9.0,169648,,,,,
5586,,,14,7,13,000,2018,09,15,3,3,4,7,0,,0,1,0,0,0,0,"737640,342999999990000","5690781,097000000100000",12.410504440000068,51.31861438100003,3,,3,Südost,,,0,3.0,169672,,,,,
5587,,,14,7,13,000,2018,09,04,3,3,2,3,2,,1,1,0,0,0,0,"733390,360299999940000","5697657,863300000300000",12.354132741000058,51.382103004000044,8,,8,Nordwest,,,0,8.0,169674,,,,,
5588,,,14,7,13,000,2018,09,17,3,2,5,3,0,,1,0,0,0,0,0,"732859,094000000040000","5691726,650000000400000",12.342630407000058,51.32907889100005,5,,5,Südwest,,,0,5.0,169676,,,,,
5589,,,14,7,13,000,2018,09,17,3,2,1,5,0,,1,1,0,0,0,0,"729336,660799999950000","5697559,922399999600000",12.295916864000048,51.38287564900003,8,,8,Nordwest,,,0,8.0,169679,,,,,
5590,,,14,7,13,000,2018,09,10,3,3,2,2,0,,0,1,0,0,0,0,"734162,749500000030000","5692191,435399999800000",12.36161497300003,51.33271591000005,0,,0,Mitte,,,0,0.0,169680,,,,,
5591,,,14,7,13,000,2018,09,09,3,3,1,2,0,,1,1,0,0,0,0,"735097,485899999970000","5697035,869699999700000",12.378209301000027,51.37581555200006,9,,9,Nord,,,0,9.0,169681,,,,,
5592,,,14,7,13,000,2018,09,08,3,3,1,5,0,,1,1,0,0,0,0,"737301,554200000010000","5693902,114900000400000",12.407730075000075,51.34677025900004,2,,2,Ost,,,0,2.0,169683,,,,,
5593,,,14,7,13,000,2018,09,16,3,2,5,2,0,,1,1,0,0,0,0,"734891,761399999960000","5694338,086400000400000",12.373477047000051,51.35168447700005,0,,0,Mitte,,,0,0.0,169685,,,,,
5594,,,14,7,13,000,2018,09,09,3,3,6,4,0,,1,0,1,0,0,0,"732509,159800000020000","5691330,415599999900000",12.337357868000026,51.32566513900008,5,,5,Südwest,,,0,5.0,169687,,,,,
5595,,,14,7,13,000,2018,09,09,3,3,3,2,0,,1,1,0,0,0,0,"732992,675999999980000","5691256,950000000200000",12.344237400000054,51.324807855000074,5,,5,Südwest,,,0,5.0,169689,,,,,
5596,,,14,7,13,000,2018,09,16,3,3,5,3,0,,1,1,0,0,0,0,"741888,371399999950000","5689389,934500000400000",12.470407951000027,51.304338296000026,3,,3,Südost,,,0,3.0,169692,,,,,
5597,,,14,7,13,000,2018,09,09,3,3,6,2,0,,0,1,1,0,0,0,"735759,618299999970000","5692924,382799999800000",12.384981691000064,51.33863541200003,0,,0,Mitte,,,0,0.0,169694,,,,,
5598,,,14,7,13,000,2018,09,10,2,3,6,4,0,,0,0,1,0,0,1,"737693,592900000050000","5692419,442499999900000",12.412359690000073,51.33329800100006,2,,2,Ost,,,0,2.0,169714,,,,,
5599,,,14,7,13,000,2018,09,10,2,3,5,2,0,,0,1,0,0,0,1,"729281,743400000040000","5689785,799700000300000",12.29012201100005,51.31310872600005,6,,6,West,,,1,6.0,169716,,,,,
5600,,,14,7,13,000,2018,09,15,2,3,2,6,0,,0,1,0,0,0,0,"730297,552700000000000","5693544,915599999900000",12.307101834000036,51.34644425300007,7,,7,Alt-West,,,1,7.0,169718,,,,,
5601,,,14,7,13,000,2018,09,10,2,3,5,3,0,,1,1,0,0,0,0,"734568,963800000030000","5692134,019000000300000",12.367397940000046,51.33203313800004,0,,0,Mitte,,,0,0.0,169720,,,,,
5602,,,14,7,13,000,2018,09,16,2,3,2,6,0,,0,1,0,0,0,0,"735311,470800000010000","5692446,344999999700000",12.378243545000032,51.33452999900004,0,,0,Mitte,,,0,0.0,169722,,,,,
5603,,,14,7,13,000,2018,09,15,2,3,1,2,0,,1,0,0,0,0,1,"735019,941800000030000","5692401,133999999600000",12.374036188000048,51.33424470800003,0,,0,Mitte,,,0,0.0,169740,,,,,
5604,,,14,7,13,000,2018,09,15,2,3,2,6,0,,0,1,0,0,0,0,"733935,466000000010000","5696910,161999999500000",12.361459980000063,51.37516699300005,9,,9,Nord,,,0,9.0,169742,,,,,
5605,,,14,7,13,000,2018,09,07,2,3,5,3,0,,1,1,0,0,0,0,"738015,860299999940000","5692043,641499999900000",12.416726364000056,51.32979005100003,2,,2,Ost,,,0,2.0,169745,,,,,
5606,,,14,7,13,000,2018,09,18,2,3,3,6,0,,0,1,0,1,0,0,"733966,226099999970000","5697614,731499999800000",12.36236501600007,51.38147883500005,9,,9,Nord,,,0,9.0,169747,,,,,
5607,,,14,7,13,000,2018,09,08,2,3,1,5,0,,1,1,0,0,0,0,"735490,625699999980000","5695646,747600000400000",12.382927894000034,51.363183579000065,9,,9,Nord,,,0,9.0,169751,,,,,
5608,,,14,7,13,000,2018,09,07,2,2,5,2,0,,1,1,0,0,0,0,"735869,088299999940000","5691969,202300000000000",12.385918134000065,51.33001606100004,0,,0,Mitte,,,0,0.0,169753,,,,,
5609,,,14,7,13,000,2018,09,11,1,3,3,6,0,,0,1,0,1,0,0,"742459,330100000020000","5692609,103900000500000",12.48077207700004,51.332988828000055,2,,2,Ost,,,1,2.0,169766,,,,,
5610,,,14,7,13,000,2018,09,16,7,2,5,3,0,,0,1,0,1,0,0,"734734,808399999980000","5691177,956100000100000",12.369144676000076,51.32338268600006,4,,4,Süd,,,0,4.0,169784,,,,,
5611,,,14,7,13,000,2018,09,20,1,3,5,2,2,,1,1,0,0,0,0,"737377,705199999970000","5692671,124599999700000",12.408001070000068,51.335689037000066,3,,3,Südost,,,0,3.0,169785,,,,,
5612,,,14,7,13,000,2018,09,04,7,3,1,1,2,,1,1,0,0,0,0,"736149,647800000040000","5691827,174900000000000",12.38984391300005,51.32862478800007,0,,0,Mitte,,,1,0.0,169796,,,,,
5613,,,14,7,13,000,2018,09,15,7,3,1,5,0,,1,1,0,0,0,0,"737622,215100000030000","5695326,823900000200000",12.413277333000053,51.359424499000056,1,,1,Nordost,,,0,1.0,169798,,,,,
5614,,,14,7,13,000,2018,09,20,7,2,5,3,2,,1,1,0,0,0,0,"735767,910200000040000","5692887,549700000300000",12.38507614100007,51.33830135000005,0,,0,Mitte,,,0,0.0,169800,,,,,
5615,,,14,7,13,000,2018,09,16,6,3,0,6,0,,1,0,0,0,0,1,"732435,872300000050000","5691673,822499999800000",12.336531786000023,51.32877775900005,5,,5,Südwest,,,0,5.0,169803,,,,,
5616,,,14,7,13,000,2018,09,21,6,3,1,6,2,,0,1,0,1,0,0,"734818,653000000050000","5692508,463000000500000",12.37122252200004,51.33529127700007,0,,0,Mitte,,,1,0.0,169804,,,,,
5617,,,14,7,13,000,2018,09,17,6,3,3,7,0,,1,1,0,0,0,0,"737208,360100000050000","5693347,701100000200000",12.406024985000045,51.34183269600004,2,,2,Ost,,,1,2.0,169806,,,,,
5618,,,14,7,13,000,2018,10,18,1,2,3,5,1,,1,0,0,0,0,1,"735340,272299999950000","5693119,413099999500000",12.379100935000054,51.34055976500008,0,,0,Mitte,,,0,0.0,169816,,,,,
5619,,,14,7,13,000,2018,10,05,1,3,2,2,2,,0,1,0,0,0,0,"732892,828800000020000","5690897,286700000100000",12.342571917000043,51.32162015100005,5,,5,Südwest,,,0,5.0,169817,,,,,
5620,,,14,7,13,000,2018,10,11,7,3,4,6,0,,1,0,0,0,0,0,"735145,476400000040000","5689208,923999999600000",12.37372995100003,51.305538280000064,4,,4,Süd,,,0,4.0,169821,,,,,
5621,,,14,7,13,000,2018,10,18,7,2,6,4,0,,0,1,1,0,0,0,"737397,848699999970000","5699296,654600000000000",12.412712304000024,51.395151346000034,9,,9,Nord,,,0,9.0,169822,,,,,
5622,,,14,7,13,000,2018,10,10,7,3,5,3,0,,1,0,0,0,0,0,"734727,172900000010000","5690907,174300000100000",12.36885701400007,51.32095517800008,4,,4,Süd,,,0,4.0,169823,,,,,
5623,,,14,7,13,000,2018,10,01,1,3,3,5,2,,1,1,0,0,0,0,"735008,672799999940000","5692138,588200000100000",12.37370154100006,51.33189265200008,0,,0,Mitte,,,0,0.0,169848,,,,,
5624,,,14,7,13,000,2018,10,07,6,3,5,3,0,,1,1,0,0,0,0,"737392,884800000000000","5691601,779600000000000",12.40750622400003,51.326084183000034,3,,3,Südost,,,0,3.0,169849,,,,,
5625,,,14,7,13,000,2018,10,02,1,3,6,4,2,,0,1,1,0,0,0,"735058,453100000040000","5689740,679399999800000",12.372834010000076,51.310347483000044,4,,4,Süd,,,0,4.0,169850,,,,,
5626,,,14,7,13,000,2018,10,17,6,3,1,2,0,,1,1,0,0,0,0,"734784,755400000020000","5692497,577700000300000",12.370729595000057,51.33520756000007,0,,0,Mitte,,,0,0.0,169851,,,,,
5627,,,14,7,13,000,2018,10,14,6,3,2,2,0,,1,1,0,0,1,0,"734732,653399999950000","5690208,680100000500000",12.368475766000074,51.31468291500005,4,,4,Süd,,,0,4.0,169854,,,,,
5628,,,14,7,13,000,2018,10,11,6,2,4,6,0,,0,1,0,0,0,0,"731151,937400000050000","5693988,936900000100000",12.319637148000027,51.35008342500004,7,,7,Alt-West,,,0,7.0,169858,,,,,
5629,,,14,7,13,000,2018,10,17,6,2,6,2,0,,0,1,1,0,0,0,"731751,696699999970000","5690851,417899999800000",12.326193810000063,51.32167431200003,5,,5,Südwest,,,0,5.0,169860,,,,,
5630,,,14,7,13,000,2018,10,08,7,2,5,2,0,,1,1,0,0,0,0,"741843,922400000040000","5695456,011800000400000",12.473888382000041,51.358803058000035,2,,2,Ost,,,0,2.0,169872,,,,,
5631,,,14,7,13,000,2018,10,14,7,3,6,6,0,,1,0,1,0,0,0,"734915,240299999950000","5692525,102599999900000",12.37261759100005,51.335400754000034,0,,0,Mitte,,,0,0.0,169874,,,,,