UNFALL_ID,FID_left,OBJECTID,ULAND,UREGBEZ,UKREIS,UGEMEINDE,UJAHR,UMONAT,USTUNDE,UWOCHENTAG,UKATEGORIE,UART,UTYP1,ULICHTVERH,IstStrasse,IstRad,IstPKW,IstFuss,IstKrad,IstGkfz,IstSonstig,LINREFX,LINREFY,XGCSWGS84,YGCSWGS84,index_right,FID_right,SBZ,Name,UIDENTSTLA,LICHT,STRZUSTAND,FID,OBJECTID_1,IstSonstige,UIDENTSTLAE,OID_,IstStrassenzustand,PLST
5632,,,14,7,13,000,2018,10,13,7,3,3,6,0,,1,0,0,0,0,1,"734913,063199999980000","5690903,681300000300000",12.371517696000069,51.32084711300007,4,,4,Süd,,,0,4.0,169876,,,,,
5633,,,14,7,13,000,2018,10,20,5,3,2,2,2,,1,1,0,0,0,0,"734680,368299999970000","5694727,849700000100000",12.370703715000047,51.35527046000004,0,,0,Mitte,,,0,0.0,169895,,,,,
5634,,,14,7,13,000,2018,10,07,6,3,3,2,0,,1,1,0,0,0,0,"733819,169800000030000","5692551,213999999700000",12.356927791000032,51.33608682000005,0,,0,Mitte,,,0,0.0,169896,,,,,
5635,,,14,7,13,000,2018,10,04,5,2,6,6,2,,1,0,1,0,0,0,"740890,845899999960000","5690205,424300000100000",12.456674847000045,51.31208075200004,3,,3,Südost,,,0,3.0,169897,,,,,
5636,,,14,7,13,000,2018,10,10,6,3,5,3,0,,0,1,0,1,0,0,"731605,461200000020000","5692935,171400000300000",12.325453108000033,51.34043937100006,7,,7,Alt-West,,,0,7.0,169898,,,,,
5637,,,14,7,13,000,2018,10,06,6,3,3,2,1,,1,1,0,0,0,0,"735588,072700000020000","5692239,487999999900000",12.382070375000069,51.33255868200007,0,,0,Mitte,,,0,0.0,169899,,,,,
5638,,,14,7,13,000,2018,10,10,5,3,5,3,0,,1,1,0,0,0,0,"739383,987100000030000","5691716,230499999600000",12.436108165000064,51.326277196000035,2,,2,Ost,,,0,2.0,169900,,,,,
5639,,,14,7,13,000,2018,10,18,5,3,4,2,1,,0,1,0,0,0,0,"735470,432000000030000","5697584,330299999600000",12.383921680000071,51.38058415000006,9,,9,Nord,,,0,9.0,169902,,,,,
5640,,,14,7,13,000,2018,10,13,5,3,2,6,0,,0,1,0,0,0,0,"734787,799899999980000","5695356,622100000300000",12.372658805000071,51.36087017500006,9,,9,Nord,,,0,9.0,169905,,,,,
5641,,,14,7,13,000,2018,10,16,5,3,5,3,0,,0,1,0,0,0,0,"732265,131000000050000","5691211,034900000300000",12.333783744000073,51.32469316300006,5,,5,Südwest,,,0,5.0,169907,,,,,
5642,,,14,7,13,000,2018,10,15,5,2,5,2,0,,1,1,0,0,0,0,"735401,982899999940000","5690909,732800000300000",12.378525680000052,51.32069938400008,4,,4,Süd,,,0,4.0,169909,,,,,
5643,,,14,7,13,000,2018,10,07,5,3,6,4,0,,0,0,1,1,0,0,"735578,487899999950000","5695841,427600000100000",12.384316654000031,51.36489465000005,9,,9,Nord,,,0,9.0,169911,,,,,
5644,,,14,7,13,000,2018,10,16,5,3,6,4,0,,0,1,1,0,0,0,"737075,319999999950000","5693315,957000000400000",12.404097179000075,51.341603243000066,2,,2,Ost,,,0,2.0,169928,,,,,
5645,,,14,7,13,000,2018,10,15,5,2,6,2,0,,0,1,1,0,0,0,"732720,658599999970000","5696021,824500000100000",12.343454704000067,51.36769183500007,8,,8,Nordwest,,,0,8.0,169930,,,,,
5646,,,14,7,13,000,2018,10,15,5,2,4,6,0,,1,1,0,0,0,0,"735391,214500000000000","5691181,934600000300000",12.378551131000052,51.32314721900008,4,,4,Süd,,,0,4.0,169933,,,,,
5647,,,14,7,13,000,2018,10,10,5,3,4,2,0,,0,1,0,0,0,0,"736464,828100000040000","5687482,785000000100000",12.391480527000056,51.28949755900004,4,,4,Süd,,,0,4.0,169935,,,,,
5648,,,14,7,13,000,2018,10,20,4,3,5,7,2,,0,1,0,0,0,0,"735068,263900000020000","5696018,153199999600000",12.377117284000065,51.36669232700007,9,,9,Nord,,,0,9.0,169948,,,,,
5649,,,14,7,13,000,2018,10,18,4,3,6,6,0,,0,1,1,0,0,0,"732161,988099999960000","5699473,126899999600000",12.337698346000025,51.39890155900008,8,,8,Nordwest,,,0,8.0,169950,,,,,
5650,,,14,7,13,000,2018,10,20,3,3,9,1,2,,0,1,0,0,0,0,"735598,223699999970000","5693398,592500000300000",12.382982459000061,51.34295894300004,0,,0,Mitte,,,1,0.0,169958,,,,,
5651,,,14,7,13,000,2018,10,18,3,2,5,3,0,,0,1,0,0,0,0,"735518,797499999990000","5692039,176400000200000",12.380945334000046,51.33078931000006,0,,0,Mitte,,,1,0.0,169960,,,,,
5652,,,14,7,13,000,2018,10,15,3,2,0,7,0,,1,0,0,0,0,0,"736265,539100000050000","5692485,599299999900000",12.391940920000025,51.33448683100005,0,,0,Mitte,,,1,0.0,169962,,,,,
5653,,,14,7,13,000,2018,10,13,3,3,1,6,0,,1,1,0,0,0,0,"728388,895000000020000","5691135,481399999900000",12.278196932000071,51.325584167000045,6,,6,West,,,1,6.0,169964,,,,,
5654,,,14,7,13,000,2018,10,11,3,3,5,3,0,,0,1,0,0,0,0,"730420,255800000040000","5690954,466400000300000",12.30718530400003,51.32314011100004,7,,7,Alt-West,,,0,7.0,169967,,,,,
5655,,,14,7,13,000,2018,10,17,3,3,5,1,0,,0,1,0,0,0,0,"735268,124799999990000","5695215,422700000000000",12.379452279000077,51.35940405800005,0,,0,Mitte,,,1,0.0,169969,,,,,
5656,,,14,7,13,000,2018,10,17,3,3,5,3,0,,0,1,0,0,0,0,"731600,440999999990000","5690501,078999999900000",12.323799295000072,51.31859095300007,5,,5,Südwest,,,0,5.0,169972,,,,,
5657,,,14,7,13,000,2018,10,03,4,3,7,1,2,,1,0,0,0,0,0,"734838,777899999990000","5692992,195899999700000",12.371829816000059,51.33962514600006,0,,0,Mitte,,,0,0.0,169978,,,,,
5658,,,14,7,13,000,2018,10,15,4,3,6,4,0,,0,1,1,0,0,0,"731729,706699999980000","5690705,011900000300000",12.325783619000049,51.32036900400004,5,,5,Südwest,,,0,5.0,169980,,,,,
5659,,,14,7,13,000,2018,10,16,4,3,2,6,0,,0,0,0,1,0,1,"739823,026399999970000","5694776,810499999700000",12.444458692000069,51.35356321900008,2,,2,Ost,,,0,2.0,169982,,,,,
5660,,,14,7,13,000,2018,10,17,4,3,4,2,0,,1,1,0,0,0,0,"733824,894699999950000","5692556,433500000300000",12.357013257000062,51.33613131900006,0,,0,Mitte,,,0,0.0,169984,,,,,
5661,,,14,7,13,000,2018,10,17,4,3,6,4,1,,0,1,1,0,0,0,"737297,941899999980000","5696701,899799999800000",12.409545735000052,51.371902695000074,1,,1,Nordost,,,0,1.0,169986,,,,,
5662,,,14,7,13,000,2018,10,13,4,3,5,2,0,,1,1,0,0,0,0,"738188,924000000000000","5692414,271999999900000",12.419453689000022,51.33304437900006,2,,2,Ost,,,0,2.0,169989,,,,,
5663,,,14,7,13,000,2018,10,15,4,3,5,3,0,,0,1,0,1,0,0,"740846,446600000020000","5694779,203999999900000",12.45913048400007,51.35315196300007,2,,2,Ost,,,0,2.0,169991,,,,,
5664,,,14,7,13,000,2018,10,17,4,2,2,6,0,,0,1,0,0,0,1,"734951,055300000010000","5690882,845700000400000",12.372048223000036,51.32064439800007,4,,4,Süd,,,0,4.0,169993,,,,,
5665,,,14,7,13,000,2018,10,08,4,2,5,3,0,,1,1,0,0,0,0,"734151,022699999970000","5695637,559399999700000",12.363713566000058,51.363654749000034,9,,9,Nord,,,0,9.0,169995,,,,,
5666,,,14,7,13,000,2018,10,19,2,3,0,1,0,,0,0,0,1,0,0,"735778,738600000040000","5693142,875699999700000",12.385400338000068,51.34058873500004,0,,0,Mitte,,,0,0.0,170004,,,,,
5667,,,14,7,13,000,2018,10,12,2,3,6,2,0,,0,1,1,0,0,0,"732140,585599999990000","5690675,210500000000000",12.331650457000023,51.31993401200003,5,,5,Südwest,,,1,5.0,170006,,,,,
5668,,,14,7,13,000,2018,10,17,2,3,2,2,0,,1,1,0,0,0,0,"737746,021799999990000","5692151,933899999600000",12.412932449000039,51.330874926000035,3,,3,Südost,,,0,3.0,170008,,,,,
5669,,,14,7,13,000,2018,10,12,2,2,5,3,0,,1,1,0,0,0,0,"739941,622100000040000","5698066,280500000300000",12.448378329000036,51.38303827900006,1,,1,Nordost,,,0,1.0,170010,,,,,
5670,,,14,7,13,000,2018,10,11,3,3,2,2,0,,0,1,0,1,0,0,"735143,916199999980000","5689218,330099999900000",12.373713805000023,51.30562335800005,4,,4,Süd,,,0,4.0,170024,,,,,
5671,,,14,7,13,000,2018,10,12,3,3,5,3,0,,1,1,0,0,0,0,"731697,939200000020000","5692631,234699999900000",12.326580816000046,51.337673315000075,7,,7,Alt-West,,,0,7.0,170026,,,,,
5672,,,14,7,13,000,2018,10,09,3,3,2,6,0,,0,1,0,0,0,0,"741894,131000000050000","5693997,039300000300000",12.473616614000036,51.34568680600006,2,,2,Ost,,,0,2.0,170028,,,,,
5673,,,14,7,13,000,2018,09,21,1,3,5,3,2,,0,0,0,1,0,1,"735088,313899999950000","5689716,651399999900000",12.373245850000046,51.31011946600006,4,,4,Süd,,,0,4.0,170030,,,,,
5674,,,14,7,13,000,2018,09,15,1,3,5,2,0,,0,1,0,0,0,1,"734818,228800000040000","5694103,475599999500000",12.372268176000034,51.34960890600007,0,,0,Mitte,,,0,0.0,170032,,,,,
5675,,,14,7,13,000,2018,09,21,1,3,2,6,2,,0,1,0,0,0,0,"734105,377800000020000","5695058,072999999900000",12.362677708000035,51.35847183200008,9,,9,Nord,,,0,9.0,170033,,,,,
5676,,,14,7,13,000,2018,09,11,7,3,6,7,0,,0,0,1,0,0,1,"736883,234500000020000","5688688,115899999600000",12.398269750000054,51.30014304500003,4,,4,Süd,,,0,4.0,170052,,,,,
5677,,,14,7,13,000,2018,09,19,7,3,0,6,1,,1,0,0,0,0,1,"740728,466099999960000","5696747,326600000300000",12.458771204000072,51.370866928000055,1,,1,Nordost,,,0,1.0,170053,,,,,
5678,,,14,7,13,000,2018,10,11,2,3,5,3,0,,0,1,0,0,0,0,"728536,716099999960000","5689940,976800000300000",12.27954935200006,51.31480142800007,6,,6,West,,,0,6.0,170066,,,,,
5679,,,14,7,13,000,2018,09,13,6,3,2,6,0,,0,1,0,0,0,0,"737373,359799999980000","5693152,855200000100000",12.408259818000033,51.340014893000046,2,,2,Ost,,,0,2.0,170067,,,,,
5680,,,14,7,13,000,2018,10,17,2,3,3,6,0,,1,0,0,0,0,1,"733038,446099999940000","5690602,050699999600000",12.344465099000047,51.31891029500008,5,,5,Südwest,,,0,5.0,170068,,,,,
5681,,,14,7,13,000,2018,09,08,6,3,5,3,0,,1,1,0,0,0,0,"737252,376700000020000","5694948,314100000100000",12.407722569000043,51.35618151500006,1,,1,Nordost,,,0,1.0,170070,,,,,
5682,,,14,7,13,000,2018,10,16,2,2,4,6,0,,1,0,0,0,0,0,"735111,516700000040000","5694191,642900000300000",12.376530524000032,51.350279097000055,0,,0,Mitte,,,0,0.0,170071,,,,,
5683,,,14,7,13,000,2018,09,16,6,3,5,3,0,,1,1,0,0,0,0,"735173,221000000020000","5693463,575000000200000",12.376934101000074,51.34371819300003,0,,0,Mitte,,,0,0.0,170072,,,,,
5684,,,14,7,13,000,2018,10,11,2,3,2,6,0,,0,1,0,0,1,1,"735211,832700000030000","5694046,905299999800000",12.377872877000073,51.348938385000054,0,,0,Mitte,,,0,0.0,170073,,,,,
5685,,,14,7,13,000,2018,09,09,6,2,5,3,0,,1,1,0,0,0,0,"729913,263000000040000","5693411,578599999700000",12.301507127000036,51.34540282700004,7,,7,Alt-West,,,0,7.0,170074,,,,,
5686,,,14,7,13,000,2018,09,12,6,3,1,5,0,,1,0,0,0,1,0,"736905,684800000050000","5693048,176699999700000",12.401487927000062,51.33927031800005,3,,3,Südost,,,1,3.0,170079,,,,,
5687,,,14,7,13,000,2018,09,17,6,3,1,5,0,,1,0,0,0,1,0,"735045,480199999990000","5691363,609799999700000",12.373717859000067,51.32492093500008,4,,4,Süd,,,0,4.0,170081,,,,,
5688,,,14,7,13,000,2018,11,11,7,2,4,2,0,,1,1,0,0,0,0,"737373,398000000040000","5693158,769100000200000",12.408264307000024,51.340067960000056,2,,2,Ost,,,0,2.0,170093,,,,,
5689,,,14,7,13,000,2018,11,12,7,2,6,4,0,,0,0,1,0,0,1,"735111,545300000000000","5694193,479399999600000",12.376532147000034,51.35029557000007,0,,0,Mitte,,,0,0.0,170095,,,,,
5690,,,14,7,13,000,2018,11,16,7,3,5,3,2,,1,1,0,0,0,0,"734372,375000000000000","5692372,809999999600000",12.364738073000069,51.33425767500006,0,,0,Mitte,,,0,0.0,170097,,,,,
5691,,,14,7,13,000,2018,11,16,7,3,1,5,0,,1,1,0,0,0,0,"734946,987500000050000","5695788,051900000300000",12.375226198000064,51.36467703300008,9,,9,Nord,,,0,9.0,170100,,,,,
5692,,,14,7,13,000,2018,10,17,4,3,6,2,0,,1,0,1,0,0,0,"735756,158199999950000","5692868,766200000400000",12.384895294000046,51.33813761600004,0,,0,Mitte,,,0,0.0,170104,,,,,
5693,,,14,7,13,000,2018,10,18,4,3,5,3,2,,1,1,0,0,0,0,"735272,227599999980000","5691183,798399999700000",12.376847736000059,51.32321316200006,4,,4,Süd,,,0,4.0,170106,,,,,
5694,,,14,7,13,000,2018,10,17,4,3,5,3,1,,0,1,0,0,0,0,"734644,826899999990000","5693253,347000000100000",12.369222284000045,51.34204941100006,0,,0,Mitte,,,0,0.0,170108,,,,,
5695,,,14,7,13,000,2018,10,11,4,3,2,6,0,,0,1,0,0,0,0,"734772,153000000050000","5698940,411999999500000",12.374801799000068,51.39304588200008,9,,9,Nord,,,0,9.0,170110,,,,,
5696,,,14,7,13,000,2018,11,07,6,3,3,5,0,,1,1,0,0,0,0,"736858,986999999960000","5693048,099299999900000",12.400818658000048,51.33928907500007,3,,3,Südost,,,0,3.0,170115,,,,,
5697,,,14,7,13,000,2018,11,16,6,2,0,7,0,,0,1,0,0,0,1,"734277,743999999950000","5695511,513399999600000",12.36544759800006,51.362471070000026,9,,9,Nord,,,0,9.0,170116,,,,,
5698,,,14,7,13,000,2018,11,08,6,3,6,4,0,,1,0,1,0,0,0,"734747,008999999960000","5690908,093299999800000",12.369141783000032,51.32095524500005,4,,4,Süd,,,0,4.0,170118,,,,,
5699,,,14,7,13,000,2018,11,21,6,2,5,3,2,,1,0,0,0,0,1,"735065,596699999990000","5690670,425400000100000",12.37354904700004,51.318690322000066,4,,4,Süd,,,0,4.0,170120,,,,,
5700,,,14,7,13,000,2018,11,11,6,3,3,6,0,,1,1,0,0,0,0,"731863,229500000020000","5689256,259200000200000",12.326754741000059,51.30730938900007,5,,5,Südwest,,,0,5.0,170122,,,,,
5701,,,14,7,13,000,2018,10,12,3,3,8,1,0,,0,1,0,0,0,0,"734442,211299999970000","5697089,263299999800000",12.368846124000072,51.37656571400004,9,,9,Nord,,,0,9.0,170130,,,,,
5702,,,14,7,13,000,2018,10,07,3,3,3,6,0,,1,0,0,0,0,0,"735800,259300000030000","5691396,604600000200000",12.384553124000035,51.32490479300003,0,,0,Mitte,,,0,0.0,170136,,,,,
5703,,,14,7,13,000,2018,10,17,3,3,1,3,0,,1,1,0,0,0,0,"733913,679699999980000","5693201,953200000300000",12.358709515000044,51.341889328000036,0,,0,Mitte,,,0,0.0,170137,,,,,
5704,,,14,7,13,000,2018,10,17,3,3,5,3,1,,0,1,0,0,0,0,"736065,008000000030000","5688534,705699999800000",12.386452268000028,51.29910576900005,4,,4,Süd,,,0,4.0,170139,,,,,
5705,,,14,7,13,000,2018,10,11,3,3,1,6,0,,0,1,0,0,0,0,"735045,513799999960000","5691362,382000000200000",12.373717530000022,51.32490990000008,4,,4,Süd,,,0,4.0,170141,,,,,
5706,,,14,7,13,000,2018,11,06,5,3,1,6,1,,0,1,0,1,0,0,"737201,698399999990000","5693398,073800000400000",12.405963064000048,51.34228762400005,2,,2,Ost,,,0,2.0,170143,,,,,
5707,,,14,7,13,000,2018,11,05,5,3,0,7,2,,1,0,0,0,0,0,"736485,900700000000000","5688791,789099999700000",12.392649109000047,51.301238788000035,4,,4,Süd,,,0,4.0,170147,,,,,
5708,,,14,7,13,000,2018,11,08,5,3,5,3,0,,0,1,0,0,0,1,"727784,123099999970000","5689139,866299999900000",12.268256860000065,51.30791126300005,6,,6,West,,,0,6.0,170149,,,,,
5709,,,14,7,13,000,2018,11,16,5,3,3,2,1,,1,1,0,0,0,0,"734450,119100000010000","5692131,880300000300000",12.365693597000075,51.332062938000036,0,,0,Mitte,,,0,0.0,170151,,,,,
5710,,,14,7,13,000,2018,11,11,5,3,5,3,0,,1,1,0,0,0,0,"727735,460899999950000","5688842,676900000300000",12.267370205000077,51.30526274600004,6,,6,West,,,0,6.0,170153,,,,,
5711,,,14,7,13,000,2018,10,06,2,3,5,3,2,,1,0,0,0,0,0,"734304,696899999980000","5691823,055400000000000",12.36340677000004,51.32935069800004,0,,0,Mitte,,,0,0.0,170177,,,,,
5712,,,14,7,13,000,2018,10,07,2,3,5,3,1,,1,1,0,0,0,0,"742017,406500000040000","5693996,107699999600000",12.475382730000035,51.34562598300005,2,,2,Ost,,,0,2.0,170179,,,,,
5713,,,14,7,13,000,2018,10,07,2,2,1,5,2,,1,1,0,0,0,0,"735072,457700000030000","5690384,501199999800000",12.373458862000064,51.316120915000056,4,,4,Süd,,,0,4.0,170180,,,,,
5714,,,14,7,13,000,2018,10,10,4,3,8,1,0,,0,0,0,1,0,0,"739124,969599999950000","5693713,210900000300000",12.43373777000005,51.34431067600008,2,,2,Ost,,,0,2.0,170191,,,,,
5715,,,14,7,13,000,2018,10,14,4,3,5,3,0,,0,1,0,0,0,0,"737665,007699999960000","5691877,911700000100000",12.411588934000065,51.328449146000025,3,,3,Südost,,,0,3.0,170196,,,,,
5716,,,14,7,13,000,2018,10,01,4,3,4,2,2,,1,1,0,0,0,0,"734245,627300000050000","5692148,442099999600000",12.362774294000076,51.33229585500004,0,,0,Mitte,,,0,0.0,170198,,,,,
5717,,,14,7,13,000,2018,10,17,1,3,5,3,0,,1,1,0,0,0,0,"727208,253299999980000","5693565,146599999600000",12.262829777000036,51.34786896900005,7,,7,Alt-West,,,0,7.0,170204,,,,,
5718,,,14,7,13,000,2018,10,16,1,3,3,6,0,,0,1,0,0,0,0,"732041,694800000060000","5690715,367700000300000",12.330259897000076,51.320334829000046,5,,5,Südwest,,,0,5.0,170206,,,,,
5719,,,14,7,13,000,2018,10,09,1,3,5,3,0,,1,1,0,0,0,0,"742270,939900000000000","5694562,790300000500000",12.479401918000065,51.35060419000007,2,,2,Ost,,,0,2.0,170207,,,,,
5720,,,14,7,13,000,2018,10,07,3,3,5,2,0,,1,1,0,0,0,0,"738697,719999999970000","5689273,004999999900000",12.424641347000033,51.30463531600003,3,,3,Südost,,,0,3.0,170216,,,,,
5721,,,14,7,13,000,2018,10,06,3,3,3,3,1,,1,1,0,0,0,0,"734869,637100000050000","5694503,658900000200000",12.373269156000049,51.35317985800003,0,,0,Mitte,,,1,0.0,170218,,,,,
5722,,,14,7,13,000,2018,10,06,3,2,2,6,1,,0,1,0,0,0,0,"735387,297499999990000","5690886,880800000400000",12.378300220000028,51.32050033100006,4,,4,Süd,,,1,4.0,170220,,,,,
5723,,,14,7,13,000,2018,10,18,3,3,2,2,2,,0,1,0,0,0,0,"737284,010800000050000","5692941,541799999800000",12.406838588000028,51.33815541900003,2,,2,Ost,,,1,2.0,170221,,,,,
5724,,,14,7,13,000,2018,10,17,7,3,5,3,0,,1,1,0,0,0,0,"736354,001000000050000","5687463,519999999600000",12.389881236000065,51.28937062300008,4,,4,Süd,,,0,4.0,170224,,,,,
5725,,,14,7,13,000,2018,10,13,7,3,6,4,0,,0,1,1,0,0,0,"732628,057000000030000","5692595,652999999900000",12.339887346000069,51.33697419600003,7,,7,Alt-West,,,0,7.0,170226,,,,,
5726,,,14,7,13,000,2018,10,13,7,3,6,7,0,,1,0,1,0,0,0,"734920,965300000040000","5693011,034799999600000",12.37302009900003,51.33976030400004,0,,0,Mitte,,,0,0.0,170229,,,,,
5727,,,14,7,13,000,2018,10,20,7,2,5,3,1,,0,1,0,0,0,0,"737637,563399999980000","5692162,811800000300000",12.411385706000033,51.33101788600004,3,,3,Südost,,,0,3.0,170232,,,,,
5728,,,14,7,13,000,2018,10,08,6,3,5,3,0,,1,1,0,0,0,0,"734537,170500000010000","5695592,947499999800000",12.369221092000032,51.36309502700004,9,,9,Nord,,,0,9.0,170246,,,,,
5729,,,14,7,13,000,2018,10,15,6,3,5,7,0,,0,1,0,0,0,1,"737283,623999999950000","5692939,716799999600000",12.406831829000055,51.33813919900007,2,,2,Ost,,,0,2.0,170248,,,,,
5730,,,14,7,13,000,2018,10,19,2,3,5,3,2,,1,1,0,0,0,0,"735923,145099999970000","5692740,183000000200000",12.387203170000078,51.33691417000006,0,,0,Mitte,,,0,0.0,170249,,,,,
5731,,,14,7,13,000,2018,10,12,6,3,3,3,0,,0,1,0,0,0,1,"735005,434200000020000","5691910,042100000200000",12.37350441500007,51.32984247100006,0,,0,Mitte,,,0,0.0,170250,,,,,
5732,,,14,7,13,000,2018,10,07,2,3,5,3,0,,1,1,0,0,0,0,"739220,300000000050000","5689688,934000000400000",12.432403296000075,51.308149324000055,3,,3,Südost,,,1,3.0,170251,,,,,
5733,,,14,7,13,000,2018,10,00,6,3,6,7,2,,0,1,1,0,0,0,"737266,941299999950000","5690895,816399999900000",12.405232049000062,51.31979992000004,0,,0,Mitte,,,0,0.0,170252,,,,,
5734,,,14,7,13,000,2018,10,06,5,3,5,3,2,,0,1,0,1,0,0,"731889,983299999960000","5692885,449400000300000",12.329498578000027,51.33987706900007,7,,7,Alt-West,,,0,7.0,170269,,,,,
5735,,,14,7,13,000,2018,10,18,5,2,6,4,1,,0,1,1,0,0,0,"730166,696800000030000","5689974,297100000100000",12.302919847000055,51.314443708000056,6,,6,West,,,0,6.0,170271,,,,,
5736,,,14,7,13,000,2018,10,16,5,3,3,2,0,,1,1,0,0,0,0,"738277,351499999990000","5693725,422000000300000",12.421597832000032,51.34477613900003,2,,2,Ost,,,0,2.0,170273,,,,,
5737,,,14,7,13,000,2018,10,08,5,3,5,2,0,,1,1,0,0,0,0,"734773,855199999990000","5693730,349299999900000",12.371386037000036,51.346277910000026,0,,0,Mitte,,,0,0.0,170275,,,,,
5738,,,14,7,13,000,2018,10,17,1,2,6,4,2,,0,1,1,0,0,0,"736848,006799999970000","5693046,967500000300000",12.400660549000065,51.33928348900008,3,,3,Südost,,,1,3.0,170288,,,,,
5739,,,14,7,13,000,2018,10,10,7,3,4,2,0,,0,1,0,1,0,0,"735399,251399999950000","5690888,273000000000000",12.37847238300003,51.32050788300006,4,,4,Süd,,,0,4.0,170301,,,,,
5740,,,14,7,13,000,2018,10,19,4,3,2,2,2,,0,1,0,0,0,0,"735501,025299999980000","5692055,998599999600000",12.380701803000022,51.33094766900007,0,,0,Mitte,,,0,0.0,170302,,,,,
5741,,,14,7,13,000,2018,10,06,4,3,4,2,1,,1,1,0,0,0,0,"736407,660999999960000","5695210,746899999700000",12.395786968000039,51.35888916000005,9,,9,Nord,,,0,9.0,170305,,,,,
5742,,,14,7,13,000,2018,10,10,4,3,0,1,0,,1,0,0,0,0,0,"734553,167600000040000","5698741,789099999700000",12.371528589000036,51.39135352000005,9,,9,Nord,,,0,9.0,170307,,,,,
5743,,,14,7,13,000,2018,10,17,4,3,5,3,0,,1,1,0,0,0,0,"736593,838200000000000","5693862,923600000300000",12.397560205000048,51.34671343900004,2,,2,Ost,,,0,2.0,170308,,,,,
5744,,,14,7,13,000,2018,10,15,4,3,5,3,0,,1,1,0,0,0,0,"731310,209999999960000","5693990,013000000300000",12.321906744000046,51.35002870200003,7,,7,Alt-West,,,0,7.0,170310,,,,,
5745,,,14,7,13,000,2018,10,10,4,3,6,7,0,,0,1,1,0,0,0,"734776,675000000050000","5691299,784000000000000",12.369824703000063,51.324458993000064,4,,4,Süd,,,0,4.0,170312,,,,,
5746,,,14,7,13,000,2018,10,00,6,2,7,7,2,,1,0,0,0,0,0,"731791,907400000030000","5691745,638100000100000",12.327351371000077,51.329685192000056,5,,5,Südwest,,,1,5.0,170316,,,,,
5747,,,14,7,13,000,2018,10,08,6,3,5,3,0,,1,1,0,0,0,0,"737815,122600000000000","5693488,124499999900000",12.414814542000045,51.34283969000006,2,,2,Ost,,,1,2.0,170319,,,,,
5748,,,14,7,13,000,2018,10,05,6,3,4,2,2,,1,1,0,0,0,0,"735587,698100000040000","5692244,701100000200000",12.382068454000034,51.33260563200008,0,,0,Mitte,,,1,0.0,170321,,,,,
5749,,,14,7,13,000,2018,10,16,6,3,1,5,0,,1,1,0,0,0,0,"735903,239799999980000","5692140,944799999700000",12.386521153000047,51.33154350700005,0,,0,Mitte,,,0,0.0,170322,,,,,
5750,,,14,7,13,000,2018,10,07,6,3,5,3,0,,0,1,0,0,0,0,"739509,826699999980000","5689424,080099999900000",12.436371732000055,51.30565030500003,3,,3,Südost,,,1,3.0,170325,,,,,
5751,,,14,7,13,000,2018,10,12,6,2,1,3,0,,1,1,0,0,0,0,"728611,606000000030000","5690347,017599999900000",12.28088242800004,51.31841648400007,6,,6,West,,,0,6.0,170327,,,,,
5752,,,14,7,13,000,2018,10,08,6,3,2,6,0,,0,1,0,0,1,0,"734785,421399999990000","5692497,791600000100000",12.370739280000066,51.33520920500007,0,,0,Mitte,,,0,0.0,170330,,,,,
5753,,,14,7,13,000,2018,10,17,3,2,4,2,0,,1,1,0,0,0,0,"737377,470899999960000","5693160,296900000400000",12.408323694000046,51.34007997400005,2,,2,Ost,,,0,2.0,170331,,,,,
5754,,,14,7,13,000,2018,10,08,6,3,5,2,0,,1,1,0,0,0,0,"737203,812599999950000","5693376,639600000300000",12.405979087000048,51.34209434700006,2,,2,Ost,,,0,2.0,170332,,,,,
5755,,,14,7,13,000,2018,10,08,3,3,3,2,0,,1,1,0,0,0,0,"737714,638000000040000","5692547,105999999700000",12.412746416000061,51.334435116000066,2,,2,Ost,,,0,2.0,170333,,,,,
5756,,,14,7,13,000,2018,10,16,3,3,5,3,0,,1,0,0,0,0,0,"733577,367300000040000","5690679,004900000100000",12.352235673000052,51.319380135000074,5,,5,Südwest,,,0,5.0,170335,,,,,
5757,,,14,7,13,000,2018,10,05,5,3,0,1,2,,1,0,0,0,0,0,"735120,140999999950000","5688764,997600000400000",12.373074688000031,51.30156386700003,4,,4,Süd,,,1,4.0,170352,,,,,
5758,,,14,7,13,000,2018,10,08,5,3,2,6,0,,0,1,0,0,0,0,"734628,490499999960000","5695399,467000000200000",12.370402883000054,51.36132057100008,9,,9,Nord,,,1,9.0,170354,,,,,
5759,,,14,7,13,000,2018,10,14,5,3,5,3,0,,0,1,0,0,0,0,"740108,059000000010000","5687875,427000000100000",12.44389674200005,51.291497965000076,3,,3,Südost,,,0,3.0,170359,,,,,
5760,,,14,7,13,000,2018,10,10,5,2,6,4,0,,0,0,1,0,0,1,"730739,283999999990000","5693713,350399999900000",12.313542938000069,51.347777164000036,7,,7,Alt-West,,,0,7.0,170361,,,,,
5761,,,14,7,13,000,2018,10,19,2,3,2,6,2,,0,1,0,0,0,0,"737129,714299999990000","5692940,538099999500000",12.40462678700004,51.33821076900006,2,,2,Ost,,,0,2.0,170362,,,,,
5762,,,14,7,13,000,2018,10,14,2,3,1,5,0,,0,1,0,0,0,0,"737159,378099999970000","5694840,990000000200000",12.406317811000065,51.35525698400005,1,,1,Nordost,,,0,1.0,170364,,,,,
5763,,,14,7,13,000,2018,10,12,2,3,5,3,0,,1,1,0,0,0,0,"733143,042000000020000","5697874,366800000000000",12.350727051000035,51.38414805900004,8,,8,Nordwest,,,0,8.0,170366,,,,,
5764,,,14,7,13,000,2018,10,10,2,3,5,2,0,,1,1,0,0,0,0,"732720,545200000050000","5696016,195200000000000",12.34344939400006,51.36764134900005,8,,8,Nordwest,,,0,8.0,170367,,,,,
5765,,,14,7,13,000,2018,10,11,2,2,5,2,0,,0,1,0,0,0,1,"728913,821899999980000","5689661,043600000400000",12.284771713000055,51.31213685400007,6,,6,West,,,0,6.0,170369,,,,,