UNFALL_ID,FID_left,OBJECTID,ULAND,UREGBEZ,UKREIS,UGEMEINDE,UJAHR,UMONAT,USTUNDE,UWOCHENTAG,UKATEGORIE,UART,UTYP1,ULICHTVERH,IstStrasse,IstRad,IstPKW,IstFuss,IstKrad,IstGkfz,IstSonstig,LINREFX,LINREFY,XGCSWGS84,YGCSWGS84,index_right,FID_right,SBZ,Name,UIDENTSTLA,LICHT,STRZUSTAND,FID,OBJECTID_1,IstSonstige,UIDENTSTLAE,OID_,IstStrassenzustand,PLST
5766,,,14,7,13,000,2018,11,10,3,3,6,6,0,,0,1,1,0,0,0,"736979,971000000020000","5693026,477000000000000",12.402538071000038,51.33904458600006,2,,2,Ost,,,0,2.0,170380,,,,,
5767,,,14,7,13,000,2018,11,07,2,3,0,7,0,,1,0,0,0,0,0,"737652,467700000040000","5693322,404400000300000",12.412372821000076,51.341420192000044,2,,2,Ost,,,0,2.0,170385,,,,,
5768,,,14,7,13,000,2018,11,15,2,3,2,6,0,,1,1,0,0,0,0,"731943,841699999990000","5693135,397599999800000",12.330433263000032,51.342098831000044,7,,7,Alt-West,,,0,7.0,170387,,,,,
5769,,,14,7,13,000,2018,11,20,2,3,5,3,2,,1,1,0,0,0,0,"731832,443600000000000","5691422,738300000300000",12.327722171000062,51.32677006100005,5,,5,Südwest,,,0,5.0,170390,,,,,
5770,,,14,7,13,000,2018,11,14,2,2,6,4,0,,0,0,1,0,0,1,"733088,701600000030000","5690610,458499999700000",12.345190521000063,51.31896518700006,5,,5,Südwest,,,0,5.0,170392,,,,,
5771,,,14,7,13,000,2018,11,07,2,3,5,3,0,,1,1,0,0,0,0,"732384,979700000030000","5696306,774299999700000",12.33882709900007,51.37038714600004,8,,8,Nordwest,,,1,8.0,170393,,,,,
5772,,,14,7,13,000,2018,11,22,2,3,1,5,2,,0,1,0,0,0,0,"736493,271700000040000","5693784,962299999800000",12.396066979000068,51.346055490000026,2,,2,Ost,,,0,2.0,170395,,,,,
5773,,,14,7,13,000,2018,11,15,2,3,5,2,0,,1,1,0,0,0,0,"737387,839099999980000","5691590,188900000400000",12.407426217000022,51.32598225000004,3,,3,Südost,,,0,3.0,170397,,,,,
5774,,,14,7,13,000,2018,11,18,2,3,5,3,2,,0,1,0,0,0,0,"735100,708400000000000","5690878,679200000100000",12.374189320000028,51.32054518800004,4,,4,Süd,,,0,4.0,170399,,,,,
5775,,,14,7,13,000,2018,11,07,2,3,3,6,0,,1,0,0,0,0,0,"732334,059400000030000","5692159,688799999700000",12.335389737000071,51.33318084600006,7,,7,Alt-West,,,0,7.0,170401,,,,,
5776,,,14,7,13,000,2018,11,06,2,3,0,1,2,,0,0,0,1,0,0,"736332,860200000000000","5694371,743400000000000",12.394157345000053,51.351389244000075,1,,1,Nordost,,,1,1.0,170404,,,,,
5777,,,14,7,13,000,2018,11,08,2,3,5,2,0,,1,1,0,0,0,0,"732081,493999999950000","5692452,905000000300000",12.331961497000066,51.33591609200005,7,,7,Alt-West,,,1,7.0,170407,,,,,
5778,,,14,7,13,000,2018,11,17,2,3,2,6,2,,0,1,0,0,0,0,"730178,104399999950000","5689971,319299999600000",12.303081334000069,51.31441236300003,5,,5,Südwest,,,1,5.0,170409,,,,,
5779,,,14,7,13,000,2018,11,11,1,3,2,7,0,,0,1,0,0,0,0,"736092,064600000040000","5691505,740600000100000",12.388805967000053,51.32576341300006,0,,0,Mitte,,,1,0.0,170430,,,,,
5780,,,14,7,13,000,2018,11,19,1,3,5,3,2,,0,1,0,0,1,0,"739495,386300000010000","5691860,773199999700000",12.437801215000036,51.32752769900003,2,,2,Ost,,,0,2.0,170433,,,,,
5781,,,14,7,13,000,2018,11,17,7,2,6,4,2,,0,1,1,0,0,0,"732053,307400000050000","5690701,654099999900000",12.33041733400006,51.32020698900004,5,,5,Südwest,,,0,5.0,170436,,,,,
5782,,,14,7,13,000,2018,11,13,1,3,5,2,0,,1,1,0,0,0,0,"737763,208199999990000","5690344,808400000400000",12.411973533000037,51.31464691100007,3,,3,Südost,,,1,3.0,170437,,,,,
5783,,,14,7,13,000,2018,11,16,1,2,6,5,0,,0,0,1,0,0,1,"732218,331000000010000","5691099,014999999700000",12.33304025600006,51.32370669000005,5,,5,Südwest,,,0,5.0,170439,,,,,
5784,,,14,7,13,000,2018,11,17,1,3,3,2,2,,1,0,0,0,0,1,"734291,101299999980000","5695623,855499999600000",12.365713121000056,51.363473991000035,9,,9,Nord,,,0,9.0,170441,,,,,
5785,,,14,7,13,000,2018,11,11,6,3,3,2,0,,1,1,0,0,0,0,"735173,077900000030000","5693462,366100000200000",12.376931252000077,51.343707401000074,0,,0,Mitte,,,0,0.0,170455,,,,,
5786,,,14,7,13,000,2018,11,07,6,2,5,3,0,,0,1,0,1,0,0,"734633,571400000020000","5690884,716599999900000",12.367501337000022,51.320792191000066,4,,4,Süd,,,1,4.0,170457,,,,,
5787,,,14,7,13,000,2018,11,11,7,3,5,3,0,,1,1,0,0,0,0,"732479,690799999980000","5692084,635999999900000",12.337427647000027,51.33244761200007,7,,7,Alt-West,,,1,7.0,170458,,,,,
5788,,,14,7,13,000,2018,11,14,7,3,8,7,0,,1,0,0,0,0,0,"731309,926800000020000","5684573,635999999900000",12.315798492000056,51.265498681000054,5,,5,Südwest,,,1,5.0,170459,,,,,
5789,,,14,7,13,000,2018,11,07,6,3,0,7,1,,1,0,0,0,0,0,"737888,658000000050000","5690609,301000000000000",12.413946758000066,51.316968588000066,3,,3,Südost,,,0,3.0,170460,,,,,
5790,,,14,7,13,000,2018,11,05,7,2,6,6,2,,0,1,1,0,0,0,"732930,044899999980000","5694407,212899999700000",12.345400220000045,51.35311229700005,0,,0,Mitte,,,1,0.0,170461,,,,,
5791,,,14,7,13,000,2018,11,14,7,3,3,6,0,,0,1,0,0,0,1,"737262,125200000010000","5692299,453099999600000",12.40609734700007,51.33240111100008,3,,3,Südost,,,0,3.0,170462,,,,,
5792,,,14,7,13,000,2018,11,05,6,2,5,3,2,,1,1,0,0,0,0,"730661,023000000040000","5690361,847000000100000",12.310251440000059,51.31772262100003,6,,6,West,,,0,6.0,170463,,,,,
5793,,,14,7,13,000,2018,11,09,6,3,1,6,0,,0,1,0,0,0,1,"738229,199400000040000","5696063,042600000300000",12.422472629000026,51.36577857700007,1,,1,Nordost,,,0,1.0,170467,,,,,
5794,,,14,7,13,000,2018,11,14,6,3,6,4,0,,0,1,1,0,0,0,"735418,489100000010000","5693050,787300000000000",12.380176541000026,51.339911381000036,0,,0,Mitte,,,0,0.0,170473,,,,,
5795,,,14,7,13,000,2018,11,15,6,3,3,6,0,,1,1,0,0,0,1,"735076,417000000020000","5690878,094999999700000",12.373840951000034,51.32054997900008,4,,4,Süd,,,0,4.0,170474,,,,,
5796,,,14,7,13,000,2018,11,11,6,3,1,3,0,,1,1,0,0,0,0,"738237,050000000050000","5689894,012699999800000",12.418459273000053,51.31040243000007,3,,3,Südost,,,1,3.0,170476,,,,,
5797,,,14,7,13,000,2018,11,14,6,3,4,2,0,,1,1,0,0,0,0,"735069,718299999950000","5688597,206799999800000",12.372242167000024,51.30007851900007,4,,4,Süd,,,0,4.0,170479,,,,,
5798,,,14,7,13,000,2018,11,19,6,2,6,6,1,,0,1,1,0,0,0,"738642,810799999980000","5693597,180900000000000",12.426749714000039,51.34347178500008,2,,2,Ost,,,0,2.0,170481,,,,,
5799,,,14,7,13,000,2018,11,17,6,2,6,4,2,,0,1,1,0,0,0,"735837,329200000040000","5697716,378800000100000",12.389272066000046,51.38161717400004,9,,9,Nord,,,0,9.0,170484,,,,,
5800,,,14,7,13,000,2018,11,17,6,2,0,1,2,,1,0,0,0,0,0,"742277,009199999970000","5694228,716400000300000",12.479261548000068,51.347603167000045,2,,2,Ost,,,0,2.0,170486,,,,,
5801,,,14,7,13,000,2018,11,09,5,3,5,3,0,,1,1,0,0,0,0,"734834,030000000030000","5692991,752999999600000",12.371761481000021,51.33962313100005,0,,0,Mitte,,,0,0.0,170496,,,,,
5802,,,14,7,13,000,2018,11,15,5,3,2,2,0,,0,1,0,0,0,0,"733627,970300000040000","5692371,799800000200000",12.354070146000026,51.33455487300006,0,,0,Mitte,,,0,0.0,170497,,,,,
5803,,,14,7,13,000,2018,11,09,5,3,1,7,0,,1,1,0,0,0,0,"735839,785200000040000","5691855,711500000200000",12.385423170000024,51.329009486000075,0,,0,Mitte,,,0,0.0,170499,,,,,
5804,,,14,7,13,000,2018,11,05,5,3,3,2,1,,1,1,0,0,0,0,"730408,968800000030000","5693643,467400000400000",12.308762700000045,51.34728380300004,7,,7,Alt-West,,,0,7.0,170501,,,,,
5805,,,14,7,13,000,2018,11,14,5,3,6,4,0,,0,1,1,0,0,0,"738416,124599999980000","5695145,610500000400000",12.424538021000046,51.35746541800006,1,,1,Nordost,,,0,1.0,170504,,,,,
5806,,,14,7,13,000,2018,11,09,5,3,5,3,0,,0,1,0,0,0,1,"731811,988000000010000","5691273,472000000100000",12.327332009000031,51.32543846000004,5,,5,Südwest,,,0,5.0,170507,,,,,
5807,,,14,7,13,000,2018,11,11,5,3,5,2,0,,1,1,0,0,0,0,"735775,774399999990000","5693092,115700000000000",12.385324254000068,51.34013432900008,0,,0,Mitte,,,0,0.0,170509,,,,,
5808,,,14,7,13,000,2018,11,20,5,3,5,3,2,,1,1,0,0,0,0,"737355,925300000000000","5692913,318099999800000",12.407850344000053,51.33787207100005,2,,2,Ost,,,0,2.0,170510,,,,,
5809,,,14,7,13,000,2018,11,14,5,3,1,5,0,,1,1,0,0,0,0,"735038,027299999960000","5691163,781899999800000",12.37347933500007,51.323130279000054,4,,4,Süd,,,0,4.0,170511,,,,,
5810,,,14,7,13,000,2018,11,15,5,2,6,4,0,,0,1,1,0,0,0,"731838,648599999960000","5692380,250699999700000",12.328434037000022,51.33536293700007,7,,7,Alt-West,,,0,7.0,170512,,,,,
5811,,,14,7,13,000,2018,11,09,5,3,1,5,0,,1,1,0,0,0,0,"735005,122199999980000","5691904,353600000000000",12.37349619300005,51.32979153800005,0,,0,Mitte,,,0,0.0,170513,,,,,
5812,,,14,7,13,000,2018,11,07,5,3,2,2,0,,0,1,0,0,0,0,"736753,096600000050000","5688652,688900000400000",12.396382849000076,51.29987916500005,4,,4,Süd,,,0,4.0,170515,,,,,
5813,,,14,7,13,000,2018,11,09,5,2,5,3,0,,0,1,0,1,0,0,"734138,837300000010000","5695563,805300000100000",12.363490289000026,51.362997722000046,9,,9,Nord,,,0,9.0,170517,,,,,
5814,,,14,7,13,000,2018,11,12,5,3,5,3,0,,0,1,0,0,0,1,"742286,244900000050000","5694030,568000000000000",12.479259075000073,51.34582077500005,2,,2,Ost,,,0,2.0,170518,,,,,
5815,,,14,7,13,000,2018,11,06,5,3,6,4,2,,0,1,1,0,0,0,"734563,754399999980000","5695819,195100000100000",12.369751481000037,51.365114936000055,9,,9,Nord,,,0,9.0,170520,,,,,
5816,,,14,7,13,000,2018,11,11,4,3,1,5,0,,1,1,0,0,0,0,"734765,922700000000000","5691308,201100000200000",12.36967620200005,51.32453898500006,4,,4,Süd,,,0,4.0,170537,,,,,
5817,,,14,7,13,000,2018,11,08,4,3,3,2,0,,1,1,0,0,0,0,"736399,043300000020000","5691422,375500000100000",12.393148687000064,51.32488764000004,0,,0,Mitte,,,0,0.0,170539,,,,,
5818,,,14,7,13,000,2018,11,22,4,3,5,3,2,,0,1,0,0,0,0,"737638,612500000050000","5692162,715099999700000",12.41140067300006,51.33101658000004,3,,3,Südost,,,0,3.0,170541,,,,,
5819,,,14,7,13,000,2018,11,10,4,3,3,6,0,,1,0,0,0,0,0,"735067,871500000010000","5690572,682000000000000",12.373517203000063,51.31781199800008,4,,4,Süd,,,0,4.0,170543,,,,,
5820,,,14,7,13,000,2018,11,13,4,3,3,2,0,,1,1,0,0,0,0,"731545,857300000030000","5696611,346800000400000",12.326991117000034,51.37346389500004,8,,8,Nordwest,,,0,8.0,170546,,,,,
5821,,,14,7,13,000,2018,11,13,4,3,3,5,0,,1,1,0,0,0,0,"734713,480400000000000","5693717,115700000000000",12.370511933000046,51.346184049000044,0,,0,Mitte,,,0,0.0,170547,,,,,
5822,,,14,7,13,000,2018,11,07,4,3,3,2,0,,1,1,0,0,0,0,"734798,694299999970000","5696049,160600000100000",12.373272187000055,51.36708213800006,9,,9,Nord,,,0,9.0,170548,,,,,
5823,,,14,7,13,000,2018,11,08,4,3,4,2,0,,1,1,0,0,0,0,"731891,621399999950000","5692405,187900000300000",12.32920940400004,51.33556519700005,7,,7,Alt-West,,,0,7.0,170549,,,,,
5824,,,14,7,13,000,2018,11,06,4,3,5,3,2,,1,1,0,0,0,0,"736071,020699999990000","5689665,535400000400000",12.387286344000074,51.30925395200006,4,,4,Süd,,,1,4.0,170550,,,,,
5825,,,14,7,13,000,2018,11,06,4,2,0,7,0,,0,0,0,0,0,1,"733898,104000000050000","5690815,603600000000000",12.35691992300002,51.32047458100004,4,,4,Süd,,,0,4.0,170551,,,,,
5826,,,14,7,13,000,2018,11,05,4,3,5,3,2,,1,1,0,0,0,0,"739234,864999999990000","5699129,208999999800000",12.438956603000065,51.39287703200006,1,,1,Nordost,,,0,1.0,170552,,,,,
5827,,,14,7,13,000,2018,11,18,4,3,5,2,2,,1,1,0,0,0,0,"734282,214799999960000","5693502,828700000400000",12.364189384000042,51.34443839700003,0,,0,Mitte,,,0,0.0,170554,,,,,
5828,,,14,7,13,000,2018,11,10,4,3,1,5,0,,0,1,0,0,0,0,"739384,083300000060000","5692288,604000000300000",12.436493991000077,51.33141467100006,2,,2,Ost,,,0,2.0,170555,,,,,
5829,,,14,7,13,000,2018,11,15,3,3,3,5,0,,1,1,0,0,0,0,"735434,040900000020000","5693145,335599999900000",12.380461919000027,51.34075363800008,0,,0,Mitte,,,0,0.0,170580,,,,,
5830,,,14,7,13,000,2018,11,06,3,3,2,6,0,,0,1,0,0,0,0,"734750,619599999980000","5693845,736200000200000",12.37112907200003,51.34732326200003,0,,0,Mitte,,,0,0.0,170581,,,,,
5831,,,14,7,13,000,2018,11,05,3,3,1,7,2,,1,1,0,0,0,0,"736556,662900000000000","5693866,209699999500000",12.397029547000045,51.34675840600005,2,,2,Ost,,,0,2.0,170583,,,,,
5832,,,14,7,13,000,2018,11,18,3,3,5,2,0,,1,1,0,0,0,0,"734795,748999999950000","5692483,004800000200000",12.37087752900004,51.33507220900003,0,,0,Mitte,,,0,0.0,170586,,,,,
5833,,,14,7,13,000,2018,11,12,3,3,4,2,0,,1,1,0,0,0,0,"738933,243000000020000","5688213,414200000500000",12.427304780000043,51.29502571100005,3,,3,Südost,,,0,3.0,170587,,,,,
5834,,,14,7,13,000,2018,11,05,3,3,6,2,2,,0,1,1,0,0,0,"737918,383099999980000","5695323,909000000000000",12.41752150900004,51.35927441300004,1,,1,Nordost,,,0,1.0,170589,,,,,
5835,,,14,7,13,000,2018,11,14,3,3,4,6,0,,0,1,0,1,0,0,"734767,224300000000000","5691389,028699999700000",12.369748081000068,51.32526399200003,4,,4,Süd,,,0,4.0,170593,,,,,
5836,,,14,7,13,000,2018,11,18,3,3,2,6,2,,0,1,0,0,0,0,"733575,387499999950000","5690678,355700000200000",12.352206887000023,51.319375120000075,5,,5,Südwest,,,1,5.0,170597,,,,,
5837,,,14,7,13,000,2018,11,07,3,3,0,1,0,,0,0,0,1,0,0,"735946,147000000000000","5688557,940800000000000",12.384765707000042,51.299363594000056,4,,4,Süd,,,1,4.0,170600,,,,,
5838,,,14,7,13,000,2018,11,19,3,3,1,5,2,,1,1,0,0,0,0,"734507,679099999950000","5694999,809000000400000",12.368407227000034,51.35778295700004,9,,9,Nord,,,1,9.0,170602,,,,,
5839,,,14,7,13,000,2018,11,15,3,3,3,2,0,,1,1,0,0,0,0,"730869,449400000040000","5691742,558600000100000",12.314131405000069,51.33003268300007,7,,7,Alt-West,,,1,7.0,170603,,,,,
5840,,,14,7,13,000,2018,11,11,3,3,5,7,0,,0,1,0,0,0,1,"731261,944400000040000","5691971,761199999600000",12.319904275000056,51.33193077400006,7,,7,Alt-West,,,1,7.0,170605,,,,,
5841,,,14,7,13,000,2018,11,07,3,3,5,3,0,,0,1,0,0,0,0,"731774,675900000030000","5691017,583399999900000",12.326631045000056,51.32315659300008,5,,5,Südwest,,,1,5.0,170608,,,,,
5842,,,14,7,13,000,2018,11,14,3,3,5,2,0,,0,1,0,0,0,1,"739100,551800000020000","5699445,659199999600000",12.437242709000031,51.395773991000056,1,,1,Nordost,,,1,1.0,170609,,,,,
5843,,,14,7,13,000,2018,11,18,3,2,6,6,1,,0,1,1,0,0,0,"730748,389899999950000","5686096,318199999600000",12.308746038000038,51.279395460000046,5,,5,Südwest,,,1,5.0,170612,,,,,
5844,,,14,7,13,000,2018,11,17,2,3,2,6,2,,0,1,0,0,0,0,"733752,977599999980000","5693698,322200000300000",12.356732133000037,51.34641108400007,0,,0,Mitte,,,0,0.0,170630,,,,,
5845,,,14,7,13,000,2018,11,16,2,3,0,7,0,,1,0,0,0,0,0,"735937,924400000020000","5693817,471199999600000",12.388128668000036,51.346578038000075,0,,0,Mitte,,,0,0.0,170631,,,,,
5846,,,14,7,13,000,2018,11,12,2,3,0,7,0,,1,1,0,0,0,0,"732392,005800000040000","5691545,664599999800000",12.335819679000053,51.32764524000004,5,,5,Südwest,,,0,5.0,170633,,,,,
5847,,,14,7,13,000,2018,11,07,2,3,0,1,1,,1,0,0,0,0,0,"731762,813500000050000","5689971,958300000100000",12.325781521000067,51.31377501000003,5,,5,Südwest,,,1,5.0,170634,,,,,
5848,,,14,7,13,000,2018,11,17,2,3,1,5,2,,1,1,0,0,0,0,"734287,614500000030000","5696191,170900000300000",12.366036867000048,51.36856788400007,9,,9,Nord,,,0,9.0,170636,,,,,
5849,,,14,7,13,000,2018,11,15,2,3,6,4,0,,0,1,1,0,0,0,"737932,228299999960000","5695246,739500000100000",12.417668398000046,51.35857594700008,1,,1,Nordost,,,0,1.0,170638,,,,,
5850,,,14,7,13,000,2018,11,15,1,2,3,6,0,,1,0,0,0,0,0,"736175,011399999960000","5691067,220700000400000",12.389703816000065,51.321792722000055,0,,0,Mitte,,,0,0.0,170655,,,,,
5851,,,14,7,13,000,2018,12,07,2,3,6,4,2,,0,1,1,0,0,0,"735721,870000000000000","5695501,623399999900000",12.386147423000068,51.36178502100006,9,,9,Nord,,,1,9.0,170662,,,,,
5852,,,14,7,13,000,2018,12,16,2,3,5,3,1,,1,1,0,0,0,0,"735836,721000000020000","5694978,974999999600000",12.387447703000078,51.35704595800007,9,,9,Nord,,,1,9.0,170663,,,,,
5853,,,14,7,13,000,2018,12,15,2,3,5,3,0,,0,1,0,0,0,0,"733742,178500000040000","5692479,299700000300000",12.355777283000066,51.33547292600008,0,,0,Mitte,,,0,0.0,170665,,,,,
5854,,,14,7,13,000,2018,12,16,2,3,5,2,2,,1,1,0,0,0,0,"734745,834700000010000","5690775,036399999600000",12.369037363000075,51.31976135100007,4,,4,Süd,,,1,4.0,170666,,,,,
5855,,,14,7,13,000,2018,12,13,2,3,2,2,0,,0,1,0,0,0,0,"738461,854999999980000","5690286,201000000400000",12.421940980000045,51.31382857300008,3,,3,Südost,,,0,3.0,170668,,,,,
5856,,,14,7,13,000,2018,12,15,2,2,0,1,0,,1,1,0,0,0,0,"736982,735899999970000","5692319,534300000400000",12.402107429000068,51.33269783500003,3,,3,Südost,,,1,3.0,170670,,,,,
5857,,,14,7,13,000,2018,12,22,1,3,9,1,2,,0,1,0,0,0,0,"736296,156599999990000","5694100,822900000000000",12.393451364000043,51.34897267300005,0,,0,Mitte,,,1,0.0,170697,,,,,
5858,,,14,7,13,000,2018,12,08,3,3,3,2,0,,1,1,0,0,0,0,"734190,003600000050000","5692885,761900000300000",12.36246193900007,51.33893730200003,0,,0,Mitte,,,1,0.0,170699,,,,,
5859,,,14,7,13,000,2018,12,16,1,2,6,2,2,,0,1,1,0,0,0,"737015,495499999960000","5697119,868499999900000",12.405773874000033,51.375772322000046,1,,1,Nordost,,,1,1.0,170700,,,,,
5860,,,14,7,13,000,2018,12,08,3,3,5,3,0,,0,1,0,0,0,0,"732437,393000000040000","5691678,161999999500000",12.336556405000067,51.32881609200007,5,,5,Südwest,,,1,5.0,170701,,,,,
5861,,,14,7,13,000,2018,12,10,3,3,5,3,0,,0,1,0,0,0,0,"735249,805900000040000","5688918,929700000200000",12.375032874000055,51.30289207200008,4,,4,Süd,,,1,4.0,170703,,,,,
5862,,,14,7,13,000,2018,12,20,3,3,3,7,2,,0,1,0,0,0,1,"736084,947000000040000","5692632,276999999800000",12.389450324000052,51.33587843600003,0,,0,Mitte,,,1,0.0,170705,,,,,
5863,,,14,7,13,000,2018,12,16,3,3,6,4,2,,0,1,1,0,0,0,"738679,329499999990000","5693631,903699999700000",12.427296364000028,51.343768124000064,2,,2,Ost,,,1,2.0,170707,,,,,
5864,,,14,7,13,000,2018,12,22,3,3,6,2,2,,0,0,1,0,0,1,"734776,849000000050000","5692495,038999999900000",12.370614623000051,51.335188036000034,0,,0,Mitte,,,1,0.0,170708,,,,,
5865,,,14,7,13,000,2018,12,09,3,2,2,2,0,,1,1,0,0,0,0,"735444,621999999970000","5691683,061999999900000",12.379647246000047,51.32762341400007,0,,0,Mitte,,,1,0.0,170710,,,,,
5866,,,14,7,13,000,2018,12,10,7,3,3,6,0,,0,1,0,1,0,0,"735152,095300000040000","5693637,169300000200000",12.376745958000072,51.34528517200005,0,,0,Mitte,,,1,0.0,170717,,,,,
5867,,,14,7,13,000,2018,12,12,7,3,2,1,0,,0,1,0,1,0,0,"734825,339599999950000","5692537,613099999700000",12.371337555000025,51.33555017900005,0,,0,Mitte,,,1,0.0,170720,,,,,
5868,,,14,7,13,000,2018,12,16,4,2,5,3,2,,0,1,0,0,0,1,"737839,404699999960000","5695037,288499999800000",12.416197614000055,51.356734782000046,1,,1,Nordost,,,1,1.0,170726,,,,,
5869,,,14,7,13,000,2018,12,07,4,3,5,2,0,,1,0,0,0,0,1,"734776,849000000050000","5692495,038999999900000",12.370614623000051,51.335188036000034,0,,0,Mitte,,,1,0.0,170732,,,,,
5870,,,14,7,13,000,2018,12,05,4,3,5,3,2,,0,1,0,0,0,0,"734606,223400000020000","5692453,054100000300000",12.368141905000073,51.33488157000005,0,,0,Mitte,,,1,0.0,170739,,,,,
5871,,,14,7,13,000,2018,11,15,6,3,6,4,0,,0,1,1,0,0,0,"739735,483800000050000","5691794,839399999900000",12.441196643000069,51.326834768000026,2,,2,Ost,,,1,2.0,170741,,,,,
5872,,,14,7,13,000,2018,11,06,6,3,6,4,2,,0,1,1,0,0,0,"731867,611999999960000","5696448,691300000100000",12.331499805000021,51.37187252000007,8,,8,Nordwest,,,0,8.0,170743,,,,,
5873,,,14,7,13,000,2018,11,13,6,3,5,3,0,,0,1,0,0,0,0,"739940,544299999950000","5694096,907499999700000",12.445684964000066,51.34741102700008,2,,2,Ost,,,1,2.0,170746,,,,,
5874,,,14,7,13,000,2018,11,14,6,2,6,4,0,,0,1,1,0,0,0,"735142,553599999980000","5693735,272800000400000",12.376673986000071,51.34616972900005,0,,0,Mitte,,,1,0.0,170748,,,,,
5875,,,14,7,13,000,2018,12,06,2,3,5,3,2,,1,1,0,0,0,0,"732961,861000000030000","5692856,990000000200000",12.344841994000035,51.339183485000035,7,,7,Alt-West,,,1,7.0,170751,,,,,
5876,,,14,7,13,000,2018,12,14,2,3,2,2,0,,0,1,0,0,0,0,"737334,941499999960000","5691471,511500000000000",12.406589359000066,51.32493906000008,3,,3,Südost,,,1,3.0,170753,,,,,
5877,,,14,7,13,000,2018,12,17,2,3,6,7,2,,0,1,1,0,0,0,"734836,240899999980000","5693915,185499999700000",12.372402159000046,51.347911303000046,0,,0,Mitte,,,0,0.0,170755,,,,,
5878,,,14,7,13,000,2018,12,09,2,2,5,3,0,,0,1,0,1,0,0,"731779,922600000050000","5691739,860299999800000",12.327175884000042,51.32963820900005,5,,5,Südwest,,,0,5.0,170756,,,,,
5879,,,14,7,13,000,2018,12,16,4,3,5,2,2,,0,1,0,0,0,0,"729335,177400000040000","5690834,655700000000000",12.291561927000032,51.32250295000006,6,,6,West,,,1,6.0,170764,,,,,
5880,,,14,7,13,000,2018,11,17,5,3,6,4,2,,0,1,1,0,0,0,"732438,549899999980000","5691681,542200000000000",12.33657518700005,51.32884596200006,5,,5,Südwest,,,0,5.0,170774,,,,,
5881,,,14,7,13,000,2018,11,19,5,3,3,7,2,,0,1,0,1,0,0,"734821,861799999960000","5694092,139000000400000",12.372312775000069,51.34950564400003,0,,0,Mitte,,,0,0.0,170776,,,,,
5882,,,14,7,13,000,2018,11,19,5,2,6,2,2,,0,1,1,0,0,0,"732392,010099999960000","5696300,600700000300000",12.338923890000046,51.37032885100007,8,,8,Nordwest,,,0,8.0,170782,,,,,
5883,,,14,7,13,000,2018,11,09,5,2,5,3,0,,0,1,0,0,0,0,"737280,528300000010000","5693756,187900000300000",12.407331458000044,51.34546918700005,2,,2,Ost,,,0,2.0,170783,,,,,
5884,,,14,7,13,000,2018,11,17,5,3,5,2,2,,1,1,0,0,0,0,"734771,941600000020000","5693730,095599999700000",12.37135844100004,51.34627642300006,0,,0,Mitte,,,0,0.0,170785,,,,,
5885,,,14,7,13,000,2018,11,06,5,3,7,7,2,,1,0,0,0,0,0,"734027,238099999960000","5696758,502799999900000",12.362676381000028,51.37376782700005,9,,9,Nord,,,0,9.0,170788,,,,,
5886,,,14,7,13,000,2018,12,20,1,3,4,2,2,,1,1,0,0,0,0,"736341,052999999960000","5692763,145200000100000",12.393207118000078,51.33694676600004,0,,0,Mitte,,,0,0.0,170805,,,,,
5887,,,14,7,13,000,2018,12,23,1,3,3,1,2,,0,1,0,1,0,0,"729008,039100000050000","5693904,506400000300000",12.28884842900004,51.350193266000076,7,,7,Alt-West,,,0,7.0,170807,,,,,
5888,,,14,7,13,000,2018,11,14,4,3,2,2,0,,0,1,0,0,0,0,"732210,043999999990000","5698975,150000000400000",12.338062237000031,51.394411750000074,8,,8,Nordwest,,,0,8.0,170821,,,,,
5889,,,14,7,13,000,2018,11,07,4,3,2,6,0,,0,1,0,0,0,0,"737272,003799999950000","5692313,994699999700000",12.406248576000053,51.332527517000074,3,,3,Südost,,,0,3.0,170824,,,,,
5890,,,14,7,13,000,2018,11,11,4,3,2,6,0,,0,1,0,0,0,0,"735100,404199999990000","5693972,183899999600000",12.376226291000023,51.34831375500005,0,,0,Mitte,,,0,0.0,170827,,,,,
5891,,,14,7,13,000,2018,11,18,4,3,5,3,2,,1,1,0,0,0,0,"735113,948300000050000","5688742,197999999900000",12.37297099400007,51.30136176500008,4,,4,Süd,,,0,4.0,170829,,,,,
5892,,,14,7,13,000,2018,12,16,6,3,6,7,0,,0,1,1,0,0,0,"735169,952399999950000","5693140,621000000300000",12.376673985000025,51.34082059900004,0,,0,Mitte,,,0,0.0,170838,,,,,
5893,,,14,7,13,000,2018,12,06,6,3,6,4,1,,0,1,1,0,0,0,"734573,167600000040000","5692132,427000000100000",12.367457129000059,51.33201711400005,0,,0,Mitte,,,1,0.0,170840,,,,,
5894,,,14,7,13,000,2018,12,17,6,2,4,2,2,,0,1,0,0,0,0,"742506,577000000050000","5691940,157999999800000",12.480993818000059,51.326964642000064,2,,2,Ost,,,1,2.0,170844,,,,,
5895,,,14,7,13,000,2018,12,13,6,3,6,4,0,,1,0,1,0,0,0,"735306,941600000020000","5692215,143299999600000",12.378025953000076,51.33245652700003,0,,0,Mitte,,,1,0.0,170846,,,,,
5896,,,14,7,13,000,2018,12,19,6,3,1,3,2,,1,0,0,0,0,0,"734663,046699999950000","5691320,541799999800000",12.36821045000005,51.32469220100006,4,,4,Süd,,,1,4.0,170849,,,,,
5897,,,14,7,13,000,2018,11,09,3,3,2,6,0,,0,1,0,0,0,1,"737249,683399999980000","5692228,778699999700000",12.405872017000036,51.33177192100004,3,,3,Südost,,,0,3.0,170853,,,,,
5898,,,14,7,13,000,2018,12,19,6,3,5,2,2,,1,1,0,0,0,0,"735589,107100000020000","5692242,833900000000000",12.382087409000064,51.33258828800007,0,,0,Mitte,,,1,0.0,170854,,,,,
5899,,,14,7,13,000,2018,11,14,3,3,5,3,0,,0,1,0,0,0,0,"737898,537499999980000","5702242,305599999600000",12.421871431000056,51.42138135600004,9,,9,Nord,,,0,9.0,170855,,,,,