UNFALL_ID,FID_left,OBJECTID,ULAND,UREGBEZ,UKREIS,UGEMEINDE,UJAHR,UMONAT,USTUNDE,UWOCHENTAG,UKATEGORIE,UART,UTYP1,ULICHTVERH,IstStrasse,IstRad,IstPKW,IstFuss,IstKrad,IstGkfz,IstSonstig,LINREFX,LINREFY,XGCSWGS84,YGCSWGS84,index_right,FID_right,SBZ,Name,UIDENTSTLA,LICHT,STRZUSTAND,FID,OBJECTID_1,IstSonstige,UIDENTSTLAE,OID_,IstStrassenzustand,PLST
5900,,,14,7,13,000,2018,12,11,6,3,5,3,0,,0,1,0,0,1,0,"736724,079099999970000","5689060,837799999900000",12.396238035000067,51.30355486500008,4,,4,Süd,,,1,4.0,170857,,,,,
5901,,,14,7,13,000,2018,11,08,3,3,6,4,0,,0,1,1,0,0,0,"734147,311899999970000","5696465,683199999900000",12.36420563400003,51.37108986800007,9,,9,Nord,,,1,9.0,170858,,,,,
5902,,,14,7,13,000,2018,11,17,3,3,2,4,2,,1,1,1,0,0,0,"738549,295999999970000","5690968,129200000300000",12.42364948200003,51.319912884000075,3,,3,Südost,,,0,3.0,170859,,,,,
5903,,,14,7,13,000,2018,12,14,2,3,5,3,0,,1,1,0,0,0,0,"734409,850499999940000","5692666,329099999700000",12.365468220000025,51.33687699300003,0,,0,Mitte,,,1,0.0,170860,,,,,
5904,,,14,7,13,000,2018,12,16,6,3,6,4,2,,0,1,1,0,0,0,"735816,085399999980000","5692885,877899999700000",12.38576542100003,51.33826636900005,0,,0,Mitte,,,1,0.0,170861,,,,,
5905,,,14,7,13,000,2018,11,13,3,3,5,3,0,,0,1,0,0,0,0,"736047,862300000040000","5688178,156100000300000",12.385971041000062,51.29591237000005,4,,4,Süd,,,0,4.0,170862,,,,,
5906,,,14,7,13,000,2018,12,17,4,3,4,2,2,,1,1,0,0,0,0,"733497,905600000060000","5695760,882700000000000",12.354429419000041,51.36503055000003,9,,9,Nord,,,1,9.0,170863,,,,,
5907,,,14,7,13,000,2018,11,16,3,2,1,5,1,,1,1,0,0,0,0,"735951,783999999990000","5692240,520999999700000",12.387282661000029,51.33241719500006,0,,0,Mitte,,,0,0.0,170865,,,,,
5908,,,14,7,13,000,2018,12,06,2,3,2,2,1,,0,1,0,0,0,0,"737373,724799999970000","5693158,542100000200000",12.408268839000073,51.34006578600008,2,,2,Ost,,,1,2.0,170868,,,,,
5909,,,14,7,13,000,2018,12,06,2,3,5,2,2,,1,1,0,0,0,0,"734525,610200000000000","5693149,809100000200000",12.36744546500006,51.34116919500008,0,,0,Mitte,,,1,0.0,170872,,,,,
5910,,,14,7,13,000,2018,12,11,2,3,2,6,0,,0,1,0,0,0,0,"730399,709900000020000","5689796,533900000200000",12.306142820000048,51.312753643000065,5,,5,Südwest,,,1,5.0,170877,,,,,
5911,,,14,7,13,000,2018,11,17,2,2,5,3,2,,1,1,0,0,0,0,"736542,177999999960000","5690723,877700000100000",12.394735891000039,51.318558290000055,0,,0,Mitte,,,0,0.0,170879,,,,,
5912,,,14,7,13,000,2018,11,18,2,3,5,3,2,,0,1,0,0,0,0,"735606,478099999950000","5694416,329500000000000",12.383774294000034,51.35209100800006,0,,0,Mitte,,,0,0.0,170882,,,,,
5913,,,14,7,13,000,2018,11,07,2,3,2,6,0,,0,1,0,0,0,1,"731858,459700000010000","5689281,946899999900000",12.326703119000058,51.307541927000045,5,,5,Südwest,,,0,5.0,170884,,,,,
5914,,,14,7,13,000,2018,12,08,5,3,5,3,1,,1,1,0,0,0,0,"732552,154699999960000","5692612,912700000200000",12.338810856000066,51.337160174000076,7,,7,Alt-West,,,1,7.0,170889,,,,,
5915,,,14,7,13,000,2018,12,17,5,3,5,3,2,,1,1,0,0,0,0,"734518,930000000050000","5695446,686999999900000",12.368863116000057,51.36178966600005,9,,9,Nord,,,0,9.0,170891,,,,,
5916,,,14,7,13,000,2018,12,13,5,3,5,3,0,,0,1,0,0,0,0,"734755,485800000020000","5691171,385099999600000",12.369436581000059,51.32331517100005,4,,4,Süd,,,0,4.0,170894,,,,,
5917,,,14,7,13,000,2018,12,22,5,3,5,3,2,,1,0,0,0,0,1,"735333,160000000030000","5692189,310399999800000",12.37838457600003,51.33221379500003,0,,0,Mitte,,,0,0.0,170895,,,,,
5918,,,14,7,13,000,2018,11,17,7,3,6,4,1,,0,0,1,0,0,1,"735111,242300000040000","5694177,366200000000000",12.376517161000038,51.35015105800005,0,,0,Mitte,,,0,0.0,170911,,,,,
5919,,,14,7,13,000,2018,12,16,4,3,4,2,1,,1,1,0,0,0,0,"734955,721999999950000","5698640,342500000300000",12.377237104000073,51.39027641800004,9,,9,Nord,,,0,9.0,170915,,,,,
5920,,,14,7,13,000,2018,11,11,6,3,6,2,0,,0,1,1,0,0,0,"740179,800000000050000","5693908,135999999900000",12.448986791000038,51.34561564900008,2,,2,Ost,,,0,2.0,170917,,,,,
5921,,,14,7,13,000,2018,12,18,4,2,5,3,2,,1,1,0,0,0,0,"735322,918500000030000","5692592,156999999700000",12.378503900000055,51.33583412100006,0,,0,Mitte,,,0,0.0,170918,,,,,
5922,,,14,7,13,000,2018,11,11,6,3,5,3,0,,1,1,0,0,0,0,"732285,057000000030000","5698933,151999999800000",12.339111120000041,51.39400405300006,8,,8,Nordwest,,,0,8.0,170919,,,,,
5923,,,14,7,13,000,2018,12,10,2,3,2,2,0,,0,1,0,0,0,0,"732609,153100000000000","5692304,327499999700000",12.339426217000039,51.33436678800007,7,,7,Alt-West,,,1,7.0,170920,,,,,
5924,,,14,7,13,000,2018,12,09,4,3,6,2,0,,0,1,1,0,0,0,"734475,022600000030000","5693079,779900000400000",12.366674342000067,51.34056144400006,0,,0,Mitte,,,0,0.0,170921,,,,,
5925,,,14,7,13,000,2018,11,17,6,3,6,7,2,,0,1,1,0,0,0,"733007,176300000050000","5691552,300900000100000",12.344638217000067,51.327453183000046,5,,5,Südwest,,,0,5.0,170922,,,,,
5926,,,14,7,13,000,2018,11,20,6,3,7,1,2,,0,0,0,1,0,0,"729763,522299999950000","5691142,265300000100000",12.297897138000053,51.32509158100004,6,,6,West,,,0,6.0,170923,,,,,
5927,,,14,7,13,000,2018,11,11,6,3,6,4,0,,1,0,1,0,0,0,"731804,485600000010000","5693130,649500000300000",12.328432813000063,51.342113038000036,7,,7,Alt-West,,,0,7.0,170926,,,,,
5928,,,14,7,13,000,2018,12,15,4,3,2,2,0,,0,1,0,0,0,0,"738351,371000000040000","5692369,406999999700000",12.421751313000073,51.33257362400008,2,,2,Ost,,,0,2.0,170927,,,,,
5929,,,14,7,13,000,2018,12,14,4,3,5,3,0,,0,1,0,0,0,0,"741024,132400000000000","5695325,465400000100000",12.462047464000023,51.35797962700008,2,,2,Ost,,,0,2.0,170928,,,,,
5930,,,14,7,13,000,2018,12,07,3,3,3,2,1,,1,0,0,0,0,1,"730164,116700000010000","5693308,890300000100000",12.305036524000059,51.344379493000076,7,,7,Alt-West,,,1,7.0,170960,,,,,
5931,,,14,7,13,000,2018,12,11,4,2,6,4,0,,0,1,1,0,0,0,"742038,856299999980000","5693996,539099999700000",12.475690435000047,51.34562072400007,2,,2,Ost,,,1,2.0,170962,,,,,
5932,,,14,7,13,000,2018,12,11,3,3,6,2,0,,0,1,1,0,0,0,"736917,661599999990000","5690791,823400000100000",12.40015961000006,51.31901198600008,0,,0,Mitte,,,1,0.0,170963,,,,,
5933,,,14,7,13,000,2018,11,16,5,3,5,3,0,,1,1,0,0,0,0,"736337,659400000000000","5692057,955299999600000",12.392690720000076,51.33061824600003,0,,0,Mitte,,,0,0.0,170965,,,,,
5934,,,14,7,13,000,2018,12,05,3,2,6,4,2,,0,1,1,0,0,0,"736232,004700000050000","5693695,058600000100000",12.392262574000029,51.34535711800004,0,,0,Mitte,,,1,0.0,170966,,,,,
5935,,,14,7,13,000,2018,11,20,5,3,5,3,2,,1,1,0,0,0,0,"737941,928700000050000","5695402,980899999800000",12.417911963000051,51.359974298000054,1,,1,Nordost,,,0,1.0,170967,,,,,
5936,,,14,7,13,000,2018,12,19,3,3,6,2,2,,0,1,1,0,0,0,"735322,920399999940000","5692591,618700000500000",12.378503572000056,51.33582928800007,0,,0,Mitte,,,0,0.0,170968,,,,,
5937,,,14,7,13,000,2018,11,08,5,3,5,2,0,,1,1,0,0,0,0,"732239,961000000010000","5692831,710699999700000",12.334479421000026,51.339251844000046,7,,7,Alt-West,,,1,7.0,170969,,,,,
5938,,,14,7,13,000,2018,11,16,5,3,6,4,1,,0,1,1,0,0,0,"735057,642699999970000","5692574,399500000300000",12.374690746000056,51.33578442400005,0,,0,Mitte,,,0,0.0,170971,,,,,
5939,,,14,7,13,000,2018,12,09,2,2,6,2,0,,0,0,1,0,0,1,"731448,544200000000000","5696545,407200000200000",12.325552462000076,51.37291163500004,8,,8,Nordwest,,,0,8.0,170975,,,,,
5940,,,14,7,13,000,2018,12,08,1,3,8,1,0,,0,1,0,0,0,0,"736286,647000000000000","5694094,611999999700000",12.393310932000077,51.34892087600008,0,,0,Mitte,,,1,0.0,170980,,,,,
5941,,,14,7,13,000,2018,12,14,7,3,3,2,0,,0,1,0,0,0,0,"735273,363999999940000","5691580,961500000200000",12.377126145000034,51.32677777400005,0,,0,Mitte,,,1,0.0,170987,,,,,
5942,,,14,7,13,000,2018,12,11,7,3,2,6,0,,0,1,0,0,0,0,"732888,538399999960000","5690892,086500000200000",12.342507055000056,51.32157522600005,5,,5,Südwest,,,1,5.0,170989,,,,,
5943,,,14,7,13,000,2018,12,15,6,3,5,3,0,,0,1,0,0,0,0,"733541,798799999990000","5694188,411999999500000",12.354026670000053,51.35089718800003,0,,0,Mitte,,,1,0.0,171001,,,,,
5944,,,14,7,13,000,2018,12,18,6,3,5,2,2,,0,1,0,0,0,0,"740523,567500000000000","5687416,851800000300000",12.449536070000022,51.28720662000006,3,,3,Südost,,,1,3.0,171005,,,,,
5945,,,14,7,13,000,2018,12,11,6,3,1,5,0,,1,1,0,0,0,0,"735057,527000000000000","5690916,548999999600000",12.373595695000063,51.32090296100006,4,,4,Süd,,,1,4.0,171008,,,,,
5946,,,14,7,13,000,2018,12,07,6,3,5,2,1,,1,1,0,0,0,0,"739737,219300000000000","5695506,372200000100000",12.443720218000067,51.36014774300003,2,,2,Ost,,,1,2.0,171010,,,,,
5947,,,14,7,13,000,2018,12,16,6,3,2,6,1,,0,1,0,0,0,0,"734765,769600000000000","5695365,802600000100000",12.37234899300006,51.36096168500006,9,,9,Nord,,,0,9.0,171012,,,,,
5948,,,14,7,13,000,2018,12,15,6,3,3,5,0,,0,1,0,0,0,1,"737144,992699999940000","5692935,375400000300000",12.404842296000027,51.338158057000044,2,,2,Ost,,,1,2.0,171014,,,,,
5949,,,14,7,13,000,2018,12,13,6,3,0,7,0,,0,0,1,0,0,1,"739972,689999999940000","5692436,563799999700000",12.445027039000024,51.332494706000034,2,,2,Ost,,,0,2.0,171017,,,,,
5950,,,14,7,13,000,2018,12,19,5,3,3,6,2,,0,1,0,1,0,0,"735589,286599999990000","5691968,762600000000000",12.381908785000064,51.330128064000064,0,,0,Mitte,,,1,0.0,171036,,,,,
5951,,,14,7,13,000,2018,12,16,5,3,4,2,2,,0,1,0,0,0,0,"735061,194499999980000","5690880,402400000000000",12.373624404000054,51.320576980000055,4,,4,Süd,,,1,4.0,171037,,,,,
5952,,,14,7,13,000,2018,12,08,5,3,5,3,1,,0,1,0,0,0,0,"736296,874799999990000","5687742,476300000200000",12.389247995000062,51.29189831900004,4,,4,Süd,,,1,4.0,171039,,,,,
5953,,,14,7,13,000,2018,12,15,5,3,5,2,0,,0,1,0,0,0,0,"734805,696600000020000","5692640,335300000400000",12.371123774000068,51.33648036500006,0,,0,Mitte,,,0,0.0,171041,,,,,
5954,,,14,7,13,000,2018,12,16,4,3,5,3,2,,1,1,0,0,0,0,"736510,713100000050000","5693463,178899999700000",12.39610323200003,51.34315985500007,0,,0,Mitte,,,1,0.0,171066,,,,,
5955,,,14,7,13,000,2018,12,16,4,3,6,2,2,,0,1,1,0,0,0,"740591,989399999960000","5691584,407399999900000",12.453325087000053,51.32458444200006,2,,2,Ost,,,1,2.0,171068,,,,,
5956,,,14,7,13,000,2018,12,13,3,3,2,2,0,,1,1,0,0,0,0,"731803,242899999950000","5691209,254700000400000",12.327164953000022,51.32486555500003,5,,5,Südwest,,,0,5.0,171098,,,,,
5957,,,14,7,13,000,2018,12,16,3,3,2,6,2,,0,1,0,0,0,0,"734252,099999999980000","5691992,090099999700000",12.362764258000027,51.33088969800008,0,,0,Mitte,,,0,0.0,171100,,,,,
5958,,,14,7,13,000,2018,12,16,3,3,0,1,2,,1,0,0,0,0,0,"735023,354500000020000","5692401,047399999600000",12.374085034000075,51.33424252100008,0,,0,Mitte,,,0,0.0,171102,,,,,
5959,,,14,7,13,000,2018,12,07,3,3,5,3,0,,0,1,0,0,0,0,"735995,966900000000000","5699800,126000000200000",12.392932333000033,51.40025523700007,9,,9,Nord,,,1,9.0,171105,,,,,
5960,,,14,7,13,000,2018,12,13,3,3,5,3,0,,1,1,0,0,0,0,"733009,106999999960000","5690592,508899999800000",12.344038572000045,51.31883665500004,5,,5,Südwest,,,0,5.0,171108,,,,,
5961,,,14,7,13,000,2018,12,15,3,3,2,6,0,,0,1,0,0,0,0,"741429,219099999990000","5695551,616399999700000",12.468008116000021,51.35983748900003,2,,2,Ost,,,0,2.0,171110,,,,,
5962,,,14,7,13,000,2018,12,16,3,2,5,2,2,,0,1,0,1,0,0,"737757,042800000050000","5693474,405899999700000",12.413972998000077,51.34274084100008,2,,2,Ost,,,0,2.0,171113,,,,,
5963,,,14,7,13,000,2018,12,09,2,3,5,3,0,,0,1,0,0,0,0,"734446,431100000050000","5692130,718399999700000",12.365639987000066,51.33205402800007,0,,0,Mitte,,,1,0.0,171146,,,,,
5964,,,14,7,13,000,2018,12,13,2,3,2,6,0,,0,0,0,0,1,1,"737918,682299999990000","5693882,719100000300000",12.416562386000066,51.346338236000065,2,,2,Ost,,,0,2.0,171148,,,,,
5965,,,14,7,13,000,2018,12,07,2,3,5,2,1,,1,1,0,0,0,0,"733856,145699999990000","5693448,302400000400000",12.358046701000035,51.34412435100006,0,,0,Mitte,,,0,0.0,171150,,,,,
5966,,,14,7,13,000,2018,12,11,2,3,6,4,0,,0,1,1,0,0,0,"740868,184499999970000","5695045,627999999600000",12.459622403000026,51.35553405300004,2,,2,Ost,,,0,2.0,171155,,,,,
5967,,,14,7,13,000,2018,12,12,1,3,2,6,0,,0,1,0,0,0,0,"732306,035400000050000","5690625,400000000400000",12.333988206000072,51.319419356000026,5,,5,Südwest,,,0,5.0,171156,,,,,
5968,,,14,7,13,000,2018,12,19,2,2,1,1,2,,1,1,0,0,0,0,"738863,170999999970000","5693671,739699999800000",12.429957866000052,51.34404848300005,2,,2,Ost,,,1,2.0,171157,,,,,
5969,,,14,7,13,000,2018,12,18,2,3,3,6,2,,1,0,0,0,0,1,"735076,599799999970000","5690878,099399999700000",12.373843573000045,51.32054994300006,4,,4,Süd,,,1,4.0,171158,,,,,
5970,,,14,7,13,000,2018,12,02,1,3,6,4,2,,0,1,1,0,0,0,"735083,193800000010000","5694961,723899999600000",12.376633211000069,51.35720331200008,0,,0,Mitte,,,1,0.0,171159,,,,,
5971,,,14,7,13,000,2018,12,18,2,3,3,6,2,,1,1,0,0,0,0,"732546,878999999960000","5691999,896599999600000",12.33833512600006,51.331659466000076,5,,5,Südwest,,,1,5.0,171160,,,,,
5972,,,14,7,13,000,2018,12,18,2,1,6,2,2,,0,0,1,0,1,0,"728898,709999999960000","5700995,386099999800000",12.291849373000048,51.413892686000054,8,,8,Nordwest,,,1,8.0,171162,,,,,
5973,,,14,7,13,000,2018,12,12,7,3,2,6,0,,0,1,0,0,0,0,"733001,104700000030000","5690593,334499999900000",12.34392447700003,51.31884734300007,5,,5,Südwest,,,1,5.0,171167,,,,,
5974,,,14,7,13,000,2018,12,17,1,3,5,3,1,,1,1,0,0,0,0,"734367,495899999980000","5694965,976200000400000",12.366375119000054,51.35753709000005,9,,9,Nord,,,1,9.0,171177,,,,,
5975,,,14,7,13,000,2018,12,18,6,3,5,3,2,,0,1,0,0,0,0,"733592,124100000020000","5694194,316399999900000",12.354751966000038,51.35092951000007,0,,0,Mitte,,,1,0.0,171179,,,,,
5976,,,14,7,13,000,2018,12,18,1,2,3,7,2,,0,1,0,0,0,1,"731261,774500000060000","5691971,662899999900000",12.319901776000052,51.33192996100007,7,,7,Alt-West,,,1,7.0,171180,,,,,
5977,,,14,7,13,000,2018,12,16,6,3,2,6,2,,0,1,0,0,0,0,"737162,098899999980000","5694217,243499999900000",12.405941184000028,51.34965706600008,0,,0,Mitte,,,1,0.0,171181,,,,,
5978,,,14,7,13,000,2018,12,20,6,3,3,2,2,,1,1,0,0,0,0,"735017,758299999990000","5695115,902200000400000",12.37579691600007,51.35861433100007,0,,0,Mitte,,,1,0.0,171182,,,,,
5979,,,14,7,13,000,2018,12,15,1,3,2,6,0,,0,1,0,0,0,0,"734357,911800000000000","5692928,417700000100000",12.364896342000065,51.339251027000046,0,,0,Mitte,,,1,0.0,171183,,,,,
5980,,,14,7,13,000,2018,12,09,6,3,5,3,0,,0,1,0,0,0,0,"729340,031800000000000","5694714,368999999900000",12.294129720000058,51.35732962000003,7,,7,Alt-West,,,1,7.0,171184,,,,,
5981,,,14,7,13,000,2018,12,22,1,3,9,6,2,,0,1,0,0,0,0,"734757,134899999950000","5687108,748599999600000",12.366787792000025,51.28684631400006,4,,4,Süd,,,1,4.0,171185,,,,,
5982,,,14,7,13,000,2018,12,14,7,3,2,6,0,,0,1,0,0,0,0,"735013,778000000050000","5692380,409000000000000",12.373934193000025,51.33406122000008,0,,0,Mitte,,,0,0.0,171196,,,,,
5983,,,14,7,13,000,2018,12,16,7,3,5,7,2,,1,1,0,0,0,0,"734842,043500000030000","5693291,590200000400000",12.372074037000061,51.34231127700008,0,,0,Mitte,,,0,0.0,171198,,,,,
5984,,,14,7,13,000,2018,12,12,7,3,0,1,0,,1,0,0,0,0,0,"734920,922999999950000","5692689,027999999900000",12.37280712300003,51.33686986500004,0,,0,Mitte,,,1,0.0,171199,,,,,
5985,,,14,7,13,000,2018,12,20,7,3,4,1,2,,0,1,0,0,0,1,"730854,093499999960000","5686162,745400000400000",12.310301937000077,51.27994896900003,5,,5,Südwest,,,0,5.0,171201,,,,,
5986,,,14,7,13,000,2018,12,14,7,3,5,3,0,,0,1,0,0,0,0,"733893,462300000010000","5696567,942200000400000",12.360632365000072,51.372112376000075,9,,9,Nord,,,0,9.0,171203,,,,,
5987,,,14,7,13,000,2018,12,13,6,3,5,2,0,,1,1,0,0,0,0,"737755,707999999980000","5690340,304999999700000",12.411863106000055,51.314609621000045,3,,3,Südost,,,0,3.0,171208,,,,,
5988,,,14,7,13,000,2018,12,09,6,3,2,6,0,,0,1,0,0,0,0,"729488,250000000000000","5689827,999099999700000",12.293107215000077,51.31340433200006,6,,6,West,,,0,6.0,171209,,,,,
5989,,,14,7,13,000,2018,12,14,5,3,4,2,0,,0,1,0,0,0,0,"735066,000600000030000","5690233,962600000200000",12.373267156000054,51.31477228500006,4,,4,Süd,,,0,4.0,171210,,,,,
5990,,,14,7,13,000,2018,12,14,5,3,5,3,0,,0,1,0,0,0,0,"729900,746999999970000","5700645,622000000400000",12.306007485000066,51.410347589000025,8,,8,Nordwest,,,0,8.0,171212,,,,,
5991,,,14,7,13,000,2018,12,11,5,3,5,3,0,,0,1,0,0,0,1,"734819,320300000020000","5696323,435999999800000",12.373749086000032,51.36953560000006,9,,9,Nord,,,0,9.0,171213,,,,,
5992,,,14,7,13,000,2018,12,15,6,3,3,2,0,,1,1,0,0,0,0,"735904,489500000030000","5694585,707100000200000",12.388158564000037,51.35348777400003,9,,9,Nord,,,0,9.0,171214,,,,,
5993,,,14,7,13,000,2018,12,06,5,3,5,3,2,,1,1,0,0,0,0,"738385,098000000000000","5691248,910000000100000",12.421485155000028,51.32250196900003,3,,3,Südost,,,1,3.0,171238,,,,,
5994,,,14,7,13,000,2018,12,17,5,3,5,2,1,,0,1,0,0,0,1,"729353,082199999950000","5690702,321800000000000",12.291733323000074,51.32130775100006,6,,6,West,,,1,6.0,171241,,,,,
5995,,,14,7,13,000,2018,12,15,4,3,4,1,0,,0,1,0,0,0,1,"731766,378499999990000","5690047,512199999800000",12.32588167800003,51.31445179500008,5,,5,Südwest,,,1,5.0,171243,,,,,
5996,,,14,7,13,000,2018,12,08,2,3,9,1,0,,0,1,0,0,0,0,"736289,312900000020000","5694096,353199999800000",12.393350300000066,51.34893539700005,0,,0,Mitte,,,1,0.0,171256,,,,,
5997,,132715,14,7,13,000,2019,01,07,6,3,3,6,0,,0,1,0,0,0,,"740804,863463973630000","5697126,251831194400000",12.46012339500004,51.37423559600006,1,,1,Nordost,,,1,1.0,,0,,,,
5998,,132862,14,7,13,000,2019,01,07,5,2,4,2,2,,1,1,0,0,0,,"735291,186303271910000","5690263,271176885800000",12.376511952000044,51.314942322000036,4,,4,Süd,,,0,4.0,,0,,,,
5999,,132999,14,7,13,000,2019,01,18,3,3,2,6,2,,0,1,0,0,0,,"729338,167279931720000","5693172,435152988900000",12.293109506000064,51.343488292000075,7,,7,Alt-West,,,1,7.0,,0,,,,
6000,,133070,14,7,13,000,2019,01,19,5,3,2,2,2,,1,1,0,0,0,,"742166,712358369490000","5690969,637807399000000",12.475465758000041,51.31839856100004,2,,2,Ost,,,2,2.0,,0,,,,
6001,,133092,14,7,13,000,2019,01,08,7,2,4,2,0,,0,1,0,0,0,,"740523,539030830380000","5687422,154204452400000",12.449539233000053,51.28725422500003,3,,3,Südost,,,1,3.0,,0,,,,
6002,,133106,14,7,13,000,2019,01,17,1,3,5,3,1,,0,1,0,0,0,,"736681,044270331970000","5695558,230594534400000",12.39993763800004,51.36189441100004,1,,1,Nordost,,,0,1.0,,0,,,,
6003,,133147,14,7,13,000,2019,01,15,6,3,9,1,0,,0,1,0,0,0,,"731485,484822376630000","5697136,022777773400000",12.326466934000052,51.37819839200006,8,,8,Nordwest,,,1,8.0,,0,,,,
6004,,133175,14,7,13,000,2019,01,07,2,3,8,1,2,,0,1,0,0,0,,"729856,399333570150000","5692870,201494958300000",12.300342580000063,51.34056585600007,7,,7,Alt-West,,,1,7.0,,0,,,,
6005,,133305,14,7,13,000,2019,01,00,1,2,8,1,2,,0,1,0,0,0,,"740549,222322641870000","5687422,516524992900000",12.449907105000023,51.28724663300005,3,,3,Südost,,,1,3.0,,0,,,,
6006,,133381,14,7,13,000,2019,01,17,2,3,5,3,2,,1,1,0,0,0,,"735174,636312143880000","5693551,330268301100000",12.377012344000036,51.34450532900007,0,,0,Mitte,,,1,0.0,,0,,,,
6007,,133421,14,7,13,000,2019,01,10,3,3,8,1,0,,0,1,0,0,0,,"736308,103113589810000","5694132,676757995000000",12.39364375100007,51.349253633000046,0,,0,Mitte,,,1,0.0,,0,,,,
6008,,133618,14,7,13,000,2019,01,11,2,3,2,2,0,,0,1,0,0,1,,"728688,389999999660000","5693235,630000000800000",12.28383629600006,51.34431733200006,7,,7,Alt-West,,,1,7.0,,0,,,,
6009,,133672,14,7,13,000,2019,01,06,4,3,5,3,2,,1,1,0,0,0,,"732523,249864229930000","5692414,072155706600000",12.338266832000045,51.33538706000007,7,,7,Alt-West,,,0,7.0,,0,,,,
6010,,133685,14,7,13,000,2019,01,16,3,3,6,4,0,,0,0,1,0,0,,"734908,552324116230000","5693528,362344000500000",12.37318344700003,51.344409160000055,0,,0,Mitte,,,0,0.0,,1,,,,
6011,,133687,14,7,13,000,2019,01,04,3,3,5,3,2,,0,1,0,0,0,,"738417,359233802180000","5699900,352701827900000",12.427745615000049,51.40014264200005,1,,1,Nordost,,,0,1.0,,0,,,,
6012,,133689,14,7,13,000,2019,01,16,3,3,9,1,0,,0,1,0,0,1,,"730428,125962703490000","5700987,136201687200000",12.31379952900005,51.41319929900004,8,,8,Nordwest,,,1,8.0,,0,,,,
6013,,133702,14,7,13,000,2019,01,18,2,3,2,2,2,,0,1,0,0,0,,"728041,522000001740000","5684241,646000001600000",12.26881706100005,51.263834934000045,5,,5,Südwest,,,1,5.0,,0,,,,
6014,,133730,14,7,13,000,2019,01,14,7,3,0,4,0,,0,0,1,0,0,,"735410,038428382020000","5693522,619589647300000",12.380367329000023,51.344150193000075,0,,0,Mitte,,,0,0.0,,1,,,,
6015,,133744,14,7,13,000,2019,01,09,6,2,2,6,0,,0,1,0,0,0,,"730357,504864577200000","5701044,422730021200000",12.312822957000037,51.413742238000054,8,,8,Nordwest,,,0,8.0,,0,,,,
6016,,133775,14,7,13,000,2019,01,17,5,3,5,3,2,,0,1,0,0,0,,"735062,533681083470000","5690249,598785892100000",12.37322780200003,51.31491407300007,4,,4,Süd,,,0,4.0,,0,,,,
6017,,133795,14,7,13,000,2019,01,16,4,3,4,2,2,,0,1,0,0,0,,"740887,751537336970000","5696362,685745406900000",12.460794749000058,51.36734705300006,2,,2,Ost,,,0,2.0,,0,,,,
6018,,133797,14,7,13,000,2019,01,19,4,2,3,6,2,,0,1,0,0,0,,"741917,580694153900000","5684686,069583414100000",12.46764169100004,51.26210603200008,3,,3,Südost,,,0,3.0,,0,,,,
6019,,133798,14,7,13,000,2019,01,16,4,3,5,3,1,,1,1,0,0,0,,"735174,070387811400000","5693551,205423917600000",12.377004151000051,51.34450444200007,0,,0,Mitte,,,0,0.0,,0,,,,
6020,,133807,14,7,13,000,2019,01,14,3,3,2,6,0,,0,1,0,0,0,,"732316,722774287690000","5692434,995196355500000",12.335320824000064,51.33565928100006,7,,7,Alt-West,,,1,7.0,,0,,,,
6021,,133841,14,7,13,000,2019,01,11,4,3,5,3,0,,0,1,0,0,0,,"742258,385004735550000","5694730,729139989200000",12.479336267000065,51.35211685400003,2,,2,Ost,,,0,2.0,,0,,,,
6022,,133843,14,7,13,000,2019,01,08,2,3,5,2,0,,1,1,0,0,0,,"736494,048000001350000","5694625,089999999900000",12.396636263000062,51.353596279000044,1,,1,Nordost,,,0,1.0,,0,,,,
6023,,133852,14,7,13,000,2019,01,22,2,2,8,1,2,,0,1,0,0,0,,"735813,587000002150000","5698214,968000002200000",12.389262446000032,51.38610245400008,9,,9,Nord,,,2,9.0,,0,,,,
6024,,133871,14,7,13,000,2019,01,02,3,2,9,1,2,,0,0,0,0,1,,"744526,981436498460000","5692993,143592461900000",12.510659506000025,51.33555051900004,2,,2,Ost,,,2,2.0,,0,,,,
6025,,133873,14,7,13,000,2019,01,05,3,2,8,1,2,,0,1,0,0,1,,"744573,167412871490000","5692796,015431178700000",12.511185940000075,51.33376141800005,2,,2,Ost,,,2,2.0,,0,,,,
6026,,133875,14,7,13,000,2019,01,15,3,3,6,4,0,,0,0,1,0,0,,"739074,694419216360000","5694940,924557309600000",12.433841782000059,51.35535153400008,2,,2,Ost,,,1,2.0,,1,,,,
6027,,133901,14,7,13,000,2019,01,20,2,3,6,4,2,,0,1,1,0,0,,"734105,423098985110000","5693267,424792535600000",12.36150066600004,51.34239812000004,0,,0,Mitte,,,1,0.0,,0,,,,
6028,,133904,14,7,13,000,2019,01,11,2,3,5,2,0,,0,1,0,1,0,,"732496,220553982070000","5692412,357039945200000",12.337878368000077,51.33538271400005,7,,7,Alt-West,,,0,7.0,,0,,,,
6029,,133906,14,7,13,000,2019,01,16,2,3,3,6,2,,0,1,0,0,0,,"728869,993823635390000","5698650,339562540900000",12.28992468000007,51.39285270900007,8,,8,Nordwest,,,1,8.0,,0,,,,
6030,,133908,14,7,13,000,2019,01,18,2,3,2,6,2,,0,1,0,0,0,,"732322,476088902910000","5692433,064423769700000",12.335402014000067,51.33563959900005,7,,7,Alt-West,,,1,7.0,,0,,,,
6031,,133925,14,7,13,000,2019,01,19,6,3,2,2,2,,0,1,0,0,0,,"726969,057543769480000","5686122,621579440300000",12.254664754000032,51.28114944500004,5,,5,Südwest,,,1,5.0,,0,,,,
6032,,133973,14,7,13,000,2019,01,15,7,3,4,2,0,,0,1,0,0,0,,"740891,048000000420000","5696352,698000002700000",12.46083525000006,51.36725601000006,2,,2,Ost,,,1,2.0,,0,,,,
6033,,133983,14,7,13,000,2019,01,09,5,3,5,3,0,,1,0,0,0,0,,"734633,341703763230000","5697039,065660947900000",12.371554353000022,51.37603618900005,9,,9,Nord,,,1,9.0,,1,,,,
6034,,134014,14,7,13,000,2019,01,10,4,3,6,2,0,,0,1,1,0,0,,"734469,642852154560000","5697039,181638388000000",12.369206534000057,51.37610483800006,9,,9,Nord,,,1,9.0,,0,,,,