UNFALL_ID,FID_left,OBJECTID,ULAND,UREGBEZ,UKREIS,UGEMEINDE,UJAHR,UMONAT,USTUNDE,UWOCHENTAG,UKATEGORIE,UART,UTYP1,ULICHTVERH,IstStrasse,IstRad,IstPKW,IstFuss,IstKrad,IstGkfz,IstSonstig,LINREFX,LINREFY,XGCSWGS84,YGCSWGS84,index_right,FID_right,SBZ,Name,UIDENTSTLA,LICHT,STRZUSTAND,FID,OBJECTID_1,IstSonstige,UIDENTSTLAE,OID_,IstStrassenzustand,PLST
6437,,140070,14,7,13,000,2019,12,08,6,3,3,6,0,,1,0,0,0,0,,"733847,367040568960000","5693191,495469357800000",12.357752236000067,51.34182273000005,0,,0,Mitte,,,0,0.0,,0,,,,
6438,,140071,14,7,13,000,2019,12,18,6,3,5,1,2,,0,1,0,1,0,,"744544,356198882680000","5692258,164761455700000",12.510404056000027,51.32894654300003,2,,2,Ost,,,1,2.0,,0,,,,
6439,,140074,14,7,13,000,2019,12,17,6,2,4,2,2,,0,1,0,1,0,,"734181,356000000610000","5697030,764000004200000",12.365066135000063,51.376148228000034,9,,9,Nord,,,0,9.0,,0,,,,
6440,,140079,14,7,13,000,2019,12,11,6,3,2,6,0,,0,1,0,0,1,,"726973,354439008050000","5686118,459646135600000",12.25472362000005,51.28111036900003,5,,5,Südwest,,,0,5.0,,0,,,,
6441,,140105,14,7,13,000,2019,11,06,5,3,4,2,2,,1,1,0,0,0,,"732081,493999999950000","5692452,905000003100000",12.331961497000066,51.33591609200005,7,,7,Alt-West,,,1,7.0,,0,,,,
6442,,140106,14,7,13,000,2019,11,18,5,3,6,4,2,,0,1,1,0,0,,"733995,033796031960000","5693234,527656303700000",12.359896906000074,51.342148259000055,0,,0,Mitte,,,1,0.0,,0,,,,
6443,,140112,14,7,13,000,2019,11,07,5,3,6,4,0,,0,1,1,0,0,,"734173,473205691200000","5697029,746912892900000",12.364952403000075,51.37614234800003,9,,9,Nord,,,0,9.0,,0,,,,
6444,,140158,14,7,13,000,2019,12,16,4,3,5,3,0,,1,1,0,0,0,,"732081,493999999950000","5692452,905000003100000",12.331961497000066,51.33591609200005,7,,7,Alt-West,,,0,7.0,,0,,,,
6445,,140169,14,7,13,000,2019,11,16,4,2,6,4,2,,0,1,1,0,0,,"734149,213523406540000","5693285,645416820400000",12.36214026700003,51.34254364600008,0,,0,Mitte,,,1,0.0,,0,,,,
6446,,140194,14,7,13,000,2019,11,19,3,2,5,3,2,,0,1,0,0,0,,"742267,840779525230000","5694732,520900251300000",12.479473022000036,51.35212890500003,2,,2,Ost,,,1,2.0,,1,,,,
6447,,140199,14,7,13,000,2019,12,11,3,3,6,2,0,,0,1,1,0,0,,"735584,125786856750000","5697094,218643156800000",12.385227603000033,51.376137647000064,9,,9,Nord,,,0,9.0,,0,,,,
6448,,140232,14,7,13,000,2019,12,05,2,3,5,3,2,,1,1,0,0,0,,"736436,839000823910000","5693417,617709677700000",12.395014209000067,51.342781614000046,0,,0,Mitte,,,0,0.0,,0,,,,
6449,,140233,14,7,13,000,2019,12,18,2,3,2,6,2,,0,1,0,0,0,,"736674,241999999620000","5695573,730000002300000",12.399850421000053,51.362036369000066,9,,9,Nord,,,1,9.0,,1,,,,
6450,,140234,14,7,13,000,2019,12,05,2,2,5,2,2,,0,1,0,0,0,,"740535,547000000250000","5686693,728000002000000",12.449220764000074,51.28071098100003,3,,3,Südost,,,0,3.0,,0,,,,
6451,,140252,14,7,13,000,2019,11,05,2,3,3,6,2,,0,1,0,0,1,,"742622,815234644340000","5695678,341517835900000",12.485205964000045,51.360466528000075,2,,2,Ost,,,1,2.0,,0,,,,
6452,,140253,14,7,13,000,2019,11,09,2,3,5,3,0,,0,1,0,0,0,,"728395,447000000630000","5690402,970000002500000",12.277821546000041,51.319005581000056,6,,6,West,,,1,6.0,,1,,,,
6453,,140298,14,7,13,000,2019,11,14,1,3,2,2,0,,0,1,0,0,0,,"733908,172034168620000","5693211,029768854400000",12.358636539000031,51.34197306900006,0,,0,Mitte,,,1,0.0,,0,,,,
6454,,140311,14,7,13,000,2019,11,17,6,2,2,6,2,,0,1,0,0,0,,"742053,497484388760000","5694685,880858331900000",12.476368973000035,51.35180160900006,2,,2,Ost,,,1,2.0,,0,,,,
6455,,140348,14,7,13,000,2019,11,07,5,3,3,2,0,,1,1,0,0,0,,"727926,691931675190000","5690225,990352997600000",12.270992859000046,51.317604721000066,6,,6,West,,,1,6.0,,0,,,,
6456,,140350,14,7,13,000,2019,11,23,5,3,5,3,2,,0,1,0,0,0,,"728043,135524402370000","5684237,718522900700000",12.268837645000076,51.26379903000003,5,,5,Südwest,,,1,5.0,,0,,,,
6457,,140395,14,7,13,000,2019,12,13,7,3,0,2,0,,0,1,0,0,0,,"735174,478059045040000","5693551,295357253400000",12.377010053000049,51.34450508100008,0,,0,Mitte,,,0,0.0,,1,,,,
6458,,140448,14,7,13,000,2019,12,15,5,3,2,6,0,,0,1,0,0,0,,"728036,730141348210000","5690266,425725683600000",12.272595118000027,51.31792364000006,6,,6,West,,,0,6.0,,0,,,,
6459,,140449,14,7,13,000,2019,12,09,5,3,0,3,0,,0,1,0,0,0,,"734143,737606889570000","5693283,214320892500000",12.362060185000075,51.342524078000054,0,,0,Mitte,,,1,0.0,,1,,,,
6460,,140452,14,7,13,000,2019,12,18,5,3,2,6,1,,0,1,0,0,0,,"730438,740651821720000","5700977,000258769800000",12.313945320000073,51.413103998000054,8,,8,Nordwest,,,1,8.0,,0,,,,
6461,,140560,14,7,13,000,2019,12,10,2,3,5,3,0,,1,1,0,0,0,,"735288,293627465140000","5690263,125037983100000",12.376470422000068,51.31494220600007,4,,4,Süd,,,1,4.0,,0,,,,
6462,,140575,14,7,13,000,2019,12,14,2,3,5,3,0,,0,1,0,0,0,,"737347,577915064060000","5690243,943796331100000",12.405953319000048,51.31391501400003,4,,4,Süd,,,1,4.0,,0,,,,
6463,,140578,14,7,13,000,2019,12,17,2,3,2,6,0,,0,1,0,0,0,,"740168,442796094340000","5694424,906428400400000",12.44917263800005,51.35025880200004,2,,2,Ost,,,0,2.0,,0,,,,
6464,,140579,14,7,13,000,2019,12,14,2,3,5,3,0,,1,1,0,0,0,,"739757,775000001300000","5688232,315999997800000",12.43912189300005,51.29484888300004,3,,3,Südost,,,0,3.0,,0,,,,
6465,,140607,14,7,13,000,2019,12,00,1,1,6,4,2,,0,1,1,0,0,,"735389,089442746710000","5693535,101803274800000",12.380075325000064,51.34427091100008,0,,0,Mitte,,,1,0.0,,0,,,,
6466,,140629,14,7,13,000,2019,12,00,7,3,6,4,2,,0,0,1,0,0,,"734812,219064313920000","5693530,680569982200000",12.371804245000021,51.34446976300006,0,,0,Mitte,,,1,0.0,,1,,,,
6467,,140632,14,7,13,000,2019,12,17,7,3,2,6,2,,0,1,0,0,0,,"736236,844000001440000","5693697,805000001600000",12.392333757000074,51.34537975900008,0,,0,Mitte,,,1,0.0,,0,,,,
6468,,140633,14,7,13,000,2019,12,17,7,3,5,3,2,,1,1,0,0,0,,"735077,054000000470000","5690251,313000002900000",12.37343691600006,51.31492346400006,4,,4,Süd,,,1,4.0,,0,,,,
6469,,140651,14,7,13,000,2019,12,11,6,3,5,3,0,,0,1,0,0,0,,"727199,550000001680000","5693381,956000000200000",12.262588102000052,51.34622787700005,7,,7,Alt-West,,,0,7.0,,0,,,,
6470,,140653,14,7,13,000,2019,12,16,6,3,2,6,2,,0,1,0,0,0,,"729400,803689760160000","5683890,872150767600000",12.288042180000048,51.26014067800003,5,,5,Südwest,,,0,5.0,,1,,,,
6471,,140656,14,7,13,000,2019,12,23,6,2,6,4,2,,0,0,1,0,0,,"727457,272706397810000","5690086,859794057900000",12.264179198000022,51.31654350700006,6,,6,West,,,1,6.0,,1,,,,
6472,,140694,14,7,13,000,2019,12,00,5,3,5,2,2,,0,1,0,0,0,,"740890,382500135340000","5696364,330931037700000",12.460833588000071,51.36736070400008,2,,2,Ost,,,1,2.0,,0,,,,
6473,,140695,14,7,13,000,2019,12,18,5,2,5,2,2,,0,1,0,0,0,,"728395,447000000630000","5690402,970000002500000",12.277821546000041,51.319005581000056,6,,6,West,,,0,6.0,,0,,,,
6474,,140712,14,7,13,000,2019,12,06,4,3,4,2,1,,0,1,0,0,0,,"736673,074000000950000","5695575,456000000200000",12.39983482200006,51.36205234800008,9,,9,Nord,,,0,9.0,,0,,,,
6475,,140764,14,7,13,000,2019,12,06,5,3,9,1,2,,0,1,0,0,0,,"735334,742719858880000","5688597,228203376800000",12.376037066000038,51.29996924800008,4,,4,Süd,,,1,4.0,,0,,,,
6476,,140775,14,7,13,000,2019,12,06,2,3,2,2,2,,0,1,0,0,0,,"739637,614000001920000","5694462,883999999600000",12.441589505000024,51.35082370500004,2,,2,Ost,,,0,2.0,,0,,,,
6477,,140779,14,7,13,000,2019,12,17,4,2,4,2,2,,0,1,0,0,0,,"736426,624286582690000","5692747,933026241100000",12.394423276000055,51.33677465100004,3,,3,Südost,,,1,3.0,,0,,,,
6478,,140780,14,7,13,000,2019,12,06,2,2,5,3,1,,0,1,0,0,0,,"728105,521132946950000","5691043,689947972100000",12.27407789800003,51.324873815000046,6,,6,West,,,1,6.0,,0,,,,
6479,,140783,14,7,13,000,2019,12,18,4,3,1,7,2,,0,1,0,0,0,,"728085,485000001270000","5684074,911000002200000",12.269339832000071,51.26232049500004,5,,5,Südwest,,,1,5.0,,1,,,,
6480,,140785,14,7,13,000,2019,12,18,4,3,3,2,2,,0,1,0,0,0,,"735174,049303570760000","5693551,200772678500000",12.377003845000047,51.34450440900008,0,,0,Mitte,,,1,0.0,,0,,,,
6481,,140789,14,7,13,000,2019,12,17,4,2,4,2,2,,0,1,0,1,0,,"740891,048000000420000","5696352,698000002700000",12.46083525000006,51.36725601000006,2,,2,Ost,,,1,2.0,,0,,,,
6482,,140810,14,7,13,000,2019,12,23,3,2,0,7,2,,1,0,0,0,0,,"737344,726501969620000","5690854,769651485600000",12.406318976000023,51.31939904300003,3,,3,Südost,,,1,3.0,,0,,,,
6483,,140819,14,7,13,000,2019,12,06,1,2,8,7,2,,0,1,0,0,0,,"744659,086084065030000","5692513,057589188200000",12.512222655000073,51.33118489800006,2,,2,Ost,,,0,2.0,,0,,,,
6484,,255852,14,7,13,000,2019,01,10,5,3,5,3,0,,0,1,0,0,0,,"737813,714299177750000","5692137,811323912800000",12.413892924000038,51.33071986500005,3,,3,Südost,,,0,3.0,,0,,,,
6485,,255856,14,7,13,000,2019,01,15,5,2,0,3,0,,0,1,0,0,0,,"738148,796226128000000","5694780,998902207200000",12.420461532000047,51.35430478400008,1,,1,Nordost,,,1,1.0,,1,,,,
6486,,255859,14,7,13,000,2019,01,16,6,2,6,4,1,,0,1,1,0,0,,"730674,731492457910000","5697258,157752646100000",12.314916597000035,51.37962470000008,8,,8,Nordwest,,,1,8.0,,0,,,,
6487,,255864,14,7,13,000,2019,01,09,6,3,6,4,0,,0,1,1,0,0,,"737528,303369715810000","5693346,354501709300000",12.41060935300004,51.34168704900003,2,,2,Ost,,,0,2.0,,0,,,,
6488,,255867,14,7,13,000,2019,01,11,5,3,6,4,0,,1,0,1,0,0,,"731847,097680002450000","5688702,038865596100000",12.326163654000027,51.302340799000035,5,,5,Südwest,,,0,5.0,,0,,,,
6489,,255883,14,7,13,000,2019,01,07,4,2,6,4,0,,0,1,1,0,0,,"731856,458908775820000","5689923,968665896000000",12.327091702000075,51.31330607500007,5,,5,Südwest,,,0,5.0,,0,,,,
6490,,255887,14,7,13,000,2019,01,19,4,3,6,4,2,,0,1,1,0,0,,"737509,122629079970000","5691546,554819088400000",12.409134720000054,51.32553996900003,3,,3,Südost,,,0,3.0,,0,,,,
6491,,255909,14,7,13,000,2019,01,12,6,3,4,2,0,,1,1,0,0,0,,"732335,623970746060000","5696217,573935315000000",12.338060977000055,51.369606615000066,8,,8,Nordwest,,,1,8.0,,0,,,,
6492,,255924,14,7,13,000,2019,01,18,6,3,5,3,2,,1,1,0,0,0,,"735613,563000000080000","5694404,964000001500000",12.383868332000077,51.35198605200003,0,,0,Mitte,,,1,0.0,,0,,,,
6493,,255942,14,7,13,000,2019,01,14,3,3,5,3,0,,0,1,0,0,0,,"737974,681690412570000","5690943,080689040900000",12.41540167100004,51.31992863700003,3,,3,Südost,,,1,3.0,,0,,,,
6494,,255985,14,7,13,000,2019,01,15,6,3,5,3,0,,0,1,0,0,0,,"729819,986612238920000","5700942,144354647000000",12.305040344000076,51.41304216600008,8,,8,Nordwest,,,1,8.0,,0,,,,
6495,,256052,14,7,13,000,2019,01,13,6,3,5,3,0,,1,1,0,0,0,,"734787,400810214690000","5693008,051705554100000",12.371103964000042,51.339788689000045,0,,0,Mitte,,,1,0.0,,0,,,,
6496,,256065,14,7,13,000,2019,01,20,6,2,5,3,1,,0,1,0,0,0,,"735117,320953840390000","5693979,712501544500000",12.376473748000024,51.34837433800004,0,,0,Mitte,,,1,0.0,,0,,,,
6497,,256111,14,7,13,000,2019,01,23,6,3,1,5,2,,0,1,0,0,0,,"738255,075513795950000","5690884,200983759000000",12.419378842000071,51.319282807000036,3,,3,Südost,,,1,3.0,,1,,,,
6498,,256153,14,7,13,000,2019,01,08,2,3,2,6,0,,0,1,0,0,0,,"739943,719236699860000","5690251,511935494800000",12.443141397000034,51.31289445700003,3,,3,Südost,,,2,3.0,,0,,,,
6499,,256161,14,7,13,000,2019,01,07,4,3,5,3,1,,1,1,0,0,0,,"735041,447499332950000","5691049,434154234800000",12.373452948000022,51.322102434000044,4,,4,Süd,,,1,4.0,,0,,,,
6500,,256167,14,7,13,000,2019,01,05,2,3,5,3,2,,0,1,0,0,1,,"735117,617452953010000","5693979,845800669900000",12.376478086000077,51.34837541200005,0,,0,Mitte,,,1,0.0,,0,,,,
6501,,256183,14,7,13,000,2019,01,17,5,3,5,3,2,,0,1,0,0,0,,"734191,092000000180000","5692884,765999998900000",12.362476883000056,51.33892791400007,0,,0,Mitte,,,1,0.0,,0,,,,
6502,,256184,14,7,13,000,2019,01,10,7,3,5,3,0,,0,1,0,0,0,,"735442,987856287510000","5693208,582481078800000",12.38063195500007,51.34131765700005,0,,0,Mitte,,,1,0.0,,1,,,,
6503,,256185,14,7,13,000,2019,01,14,3,3,3,6,0,,1,0,0,0,0,,"737182,636269872080000","5693647,308199126300000",12.405855876000032,51.344532722000054,2,,2,Ost,,,1,2.0,,1,,,,
6504,,256186,14,7,13,000,2019,01,16,5,3,1,5,1,,1,1,0,0,0,,"734503,894240383990000","5692127,457213817200000",12.366461235000031,51.33200106600003,0,,0,Mitte,,,0,0.0,,0,,,,
6505,,256190,14,7,13,000,2019,01,17,5,3,5,3,2,,1,1,0,0,0,,"735291,013840863480000","5692388,492374122100000",12.377912197000057,51.334019158000046,0,,0,Mitte,,,0,0.0,,0,,,,
6506,,256191,14,7,13,000,2019,01,18,5,2,8,1,2,,0,1,0,0,0,,"735819,071000002320000","5688972,535000002000000",12.383220043000051,51.30313777200007,4,,4,Süd,,,1,4.0,,0,,,,
6507,,256192,14,7,13,000,2019,01,19,5,3,5,3,2,,0,1,0,0,0,,"740790,846154963600000","5688596,069250056500000",12.454156886000021,51.29767802100008,3,,3,Südost,,,0,3.0,,0,,,,
6508,,256193,14,7,13,000,2019,01,09,6,3,2,6,0,,0,1,0,0,0,,"734121,454499153420000","5696557,225130017800000",12.36389508800005,51.371922245000064,9,,9,Nord,,,2,9.0,,0,,,,
6509,,256195,14,7,13,000,2019,01,06,3,3,5,2,2,,1,1,0,0,0,,"735266,029998021200000","5691394,182124055900000",12.376897791000033,51.32510420700004,4,,4,Süd,,,0,4.0,,0,,,,
6510,,256197,14,7,13,000,2019,01,06,5,3,2,6,2,,0,1,0,0,0,,"730308,334263049070000","5689866,767806842900000",12.304879305000043,51.313421117000075,5,,5,Südwest,,,1,5.0,,0,,,,
6511,,256199,14,7,13,000,2019,01,11,6,2,0,7,0,,0,1,0,0,0,,"735753,027426453310000","5693334,104348370800000",12.385158447000038,51.34231591500003,0,,0,Mitte,,,2,0.0,,0,,,,
6512,,256200,14,7,13,000,2019,01,19,1,3,5,3,2,,0,1,0,0,0,,"737974,766738382170000","5690943,060777813200000",12.41540287600003,51.31992842300008,3,,3,Südost,,,0,3.0,,0,,,,
6513,,256208,14,7,13,000,2019,01,19,6,3,6,2,2,,0,1,1,0,0,,"732335,889346287590000","5696223,971474157600000",12.338068964000058,51.36966393400007,8,,8,Nordwest,,,0,8.0,,0,,,,
6514,,256216,14,7,13,000,2019,01,23,5,2,5,3,2,,0,1,0,0,0,,"735269,331041831520000","5691293,710992811200000",12.376878775000023,51.32420097600004,4,,4,Süd,,,1,4.0,,0,,,,
6515,,256221,14,7,13,000,2019,01,16,4,3,6,4,1,,0,1,1,0,0,,"733052,304053188300000","5695895,326592072800000",12.348127761000057,51.366420359000074,8,,8,Nordwest,,,1,8.0,,0,,,,
6516,,256224,14,7,13,000,2019,01,11,4,2,6,7,0,,0,0,1,0,0,,"732392,983263834380000","5692035,473029069600000",12.336153094000053,51.33204172300003,5,,5,Südwest,,,1,5.0,,1,,,,
6517,,256226,14,7,13,000,2019,01,18,7,3,0,1,0,,0,0,0,0,0,,"736905,215832893740000","5693184,154525954300000",12.40157165100004,51.34049106600003,2,,2,Ost,,,0,2.0,,1,,,,
6518,,256228,14,7,13,000,2019,01,07,4,2,4,2,0,,0,1,0,0,0,,"740595,150198334830000","5700201,809003567300000",12.459199217000048,51.40192916700005,1,,1,Nordost,,,1,1.0,,0,,,,
6519,,256230,14,7,13,000,2019,01,00,1,3,1,1,2,,1,1,0,0,0,,"735063,658798308110000","5696019,065581504300000",12.377051851000033,51.36670242300005,9,,9,Nord,,,1,9.0,,0,,,,
6520,,256236,14,7,13,000,2019,01,17,3,3,5,3,2,,0,1,0,0,0,,"732182,383905435910000","5691018,981671750500000",12.332473118000053,51.32300291800004,5,,5,Südwest,,,0,5.0,,1,,,,
6521,,256242,14,7,13,000,2019,01,07,2,3,0,1,0,,1,0,0,0,0,,"737049,340131968260000","5691724,022320985800000",12.402665667000065,51.327324694000026,3,,3,Südost,,,2,3.0,,0,,,,
6522,,256245,14,7,13,000,2019,01,18,5,3,8,1,2,,0,1,0,1,0,,"727829,418252409440000","5690617,959175387400000",12.269849760000056,51.321162515000026,6,,6,West,,,1,6.0,,0,,,,
6523,,256253,14,7,13,000,2019,01,09,2,3,1,1,0,,1,1,0,0,0,,"735077,191177370030000","5695379,856429867400000",12.376823432000037,51.36095908500005,0,,0,Mitte,,,2,0.0,,0,,,,
6524,,256255,14,7,13,000,2019,01,11,5,3,6,7,0,,0,1,1,0,0,,"734801,897300706250000","5691514,221358358900000",12.370327304000057,51.326373466000064,0,,0,Mitte,,,0,0.0,,0,,,,
6525,,256256,14,7,13,000,2019,01,15,2,3,9,1,0,,0,1,0,0,0,,"737316,006000000050000","5696083,732000000800000",12.409392214000036,51.36634647600005,1,,1,Nordost,,,2,1.0,,0,,,,
6526,,256258,14,7,13,000,2019,01,01,6,3,0,7,2,,0,1,0,0,0,,"732519,226000001650000","5690852,860000003100000",12.337190616000044,51.32137413500004,5,,5,Südwest,,,0,5.0,,0,,,,
6527,,256260,14,7,13,000,2019,01,09,3,3,2,6,0,,0,1,0,0,0,,"729924,833131212740000","5694328,198510298500000",12.302265040000066,51.35362666000003,7,,7,Alt-West,,,2,7.0,,0,,,,
6528,,256272,14,7,13,000,2019,01,12,7,3,4,6,0,,0,1,0,0,0,,"740857,209953081790000","5685828,517379839000000",12.45324138500007,51.27280922400007,3,,3,Südost,,,1,3.0,,0,,,,
6529,,256273,14,7,13,000,2019,01,17,3,3,3,6,1,,1,1,0,0,0,,"734275,902417459530000","5691915,429685600100000",12.363054920000025,51.330191754000055,0,,0,Mitte,,,1,0.0,,0,,,,
6530,,256274,14,7,13,000,2019,01,13,6,2,6,4,0,,0,1,1,0,0,,"731632,380459918640000","5692234,691724399100000",12.325383431000034,51.33414032500008,7,,7,Alt-West,,,0,7.0,,0,,,,
6531,,256275,14,7,13,000,2019,01,07,3,3,6,4,1,,0,1,1,0,0,,"730802,233041128140000","5689560,535818036600000",12.311755833000063,51.31047201400003,5,,5,Südwest,,,1,5.0,,0,,,,
6532,,256278,14,7,13,000,2019,01,16,3,3,5,3,0,,0,1,0,0,0,,"736120,317841885610000","5695097,481424238500000",12.391592139000068,51.35799193500003,9,,9,Nord,,,0,9.0,,0,,,,
6533,,256281,14,7,13,000,2019,01,19,2,3,3,5,2,,0,1,0,0,0,,"735420,383224715480000","5693066,430073469900000",12.380214026000033,51.34005101100007,0,,0,Mitte,,,1,0.0,,1,,,,
6534,,256283,14,7,13,000,2019,01,17,3,3,6,2,2,,0,1,1,0,0,,"729061,765706415290000","5694972,293698431900000",12.290305981000074,51.359757269000056,7,,7,Alt-West,,,1,7.0,,0,,,,
6535,,256286,14,7,13,000,2019,01,10,3,3,3,6,0,,0,1,0,0,0,,"733959,765431218780000","5696860,601443881200000",12.361775876000024,51.37471210600006,9,,9,Nord,,,1,9.0,,1,,,,
6536,,256290,14,7,13,000,2019,01,16,3,3,5,3,2,,0,1,0,0,0,,"727483,129268247630000","5689017,802892120600000",12.263867894000043,51.30693580500008,6,,6,West,,,1,6.0,,1,,,,
6537,,256291,14,7,13,000,2019,01,15,4,2,1,5,0,,1,1,0,0,0,,"736605,933181992730000","5693781,402920100800000",12.397679390000064,51.34597666500008,2,,2,Ost,,,0,2.0,,0,,,,
6538,,256294,14,7,13,000,2019,01,07,3,3,0,7,1,,1,0,0,0,0,,"737750,028459769670000","5694726,170806538300000",12.414708450000035,51.353979596000045,1,,1,Nordost,,,1,1.0,,0,,,,
6539,,256295,14,7,13,000,2019,01,18,5,3,9,1,2,,0,1,0,0,0,,"735999,871394326910000","5700684,392358006900000",12.393576454000026,51.408190872000034,9,,9,Nord,,,1,9.0,,0,,,,
6540,,256297,14,7,13,000,2019,01,09,6,3,2,6,0,,0,1,0,0,0,,"732458,888879848640000","5691741,523892374700000",12.336905738000041,51.32937609100003,5,,5,Südwest,,,1,5.0,,0,,,,
6541,,256301,14,7,13,000,2019,01,17,7,3,5,3,2,,0,1,0,0,0,,"736759,103249403650000","5699845,780026415400000",12.403913689000035,51.40034712600004,9,,9,Nord,,,0,9.0,,0,,,,
6542,,256306,14,7,13,000,2019,01,07,2,3,8,1,1,,0,1,0,0,0,,"741084,441999999810000","5689636,377000000300000",12.45906293400003,51.30689123800005,3,,3,Südost,,,2,3.0,,0,,,,
6543,,256312,14,7,13,000,2019,01,08,6,3,5,3,0,,0,1,0,0,0,,"734922,017998649740000","5690450,111420465600000",12.37134717400005,51.31677197800008,4,,4,Süd,,,2,4.0,,0,,,,
6544,,256320,14,7,13,000,2019,01,06,5,3,5,3,2,,1,1,0,0,0,,"732367,486804103480000","5698830,200569445300000",12.34022651500004,51.39304615700007,8,,8,Nordwest,,,0,8.0,,0,,,,
6545,,256321,14,7,13,000,2019,01,10,2,3,5,3,0,,0,1,0,0,0,,"740846,410588703120000","5694779,070784859400000",12.459129877000066,51.353150783000046,2,,2,Ost,,,0,2.0,,0,,,,
6546,,256334,14,7,13,000,2019,01,18,2,3,5,2,2,,0,1,0,0,0,,"733226,382724622260000","5693908,008845789400000",12.34932139800003,51.34850963000008,0,,0,Mitte,,,1,0.0,,0,,,,
6547,,256336,14,7,13,000,2019,01,11,2,3,5,3,0,,0,1,0,0,0,,"731897,193212826740000","5689083,244138961700000",12.327128734000041,51.30574242500006,5,,5,Südwest,,,1,5.0,,0,,,,
6548,,256337,14,7,13,000,2019,01,12,7,3,5,3,0,,0,1,0,0,0,,"738793,778438987210000","5696433,686390463300000",12.430816833000051,51.36886838400005,1,,1,Nordost,,,1,1.0,,0,,,,
6549,,256338,14,7,13,000,2019,01,22,3,3,0,1,2,,1,0,0,0,0,,"737705,309000000360000","5692553,898000000000000",12.412617271000045,51.33449998000003,2,,2,Ost,,,1,2.0,,0,,,,
6550,,256339,14,7,13,000,2019,01,18,2,3,1,7,2,,0,1,0,0,0,,"732261,267910181540000","5696530,991321237800000",12.337199371000054,51.37245046500004,8,,8,Nordwest,,,1,8.0,,0,,,,
6551,,256343,14,7,13,000,2019,01,07,2,3,5,3,1,,1,1,0,0,0,,"734555,942949110640000","5691370,222701501100000",12.366708687000028,51.32518232400008,4,,4,Süd,,,1,4.0,,0,,,,
6552,,256345,14,7,13,000,2019,01,15,5,3,3,5,0,,1,1,0,0,0,,"736910,797774175180000","5693046,597591267900000",12.401560150000023,51.33925401300007,2,,2,Ost,,,0,2.0,,0,,,,
6553,,256348,14,7,13,000,2019,01,08,2,3,1,5,1,,1,1,0,0,0,,"738018,508464892390000","5691373,004571640900000",12.416316478000056,51.32376930800007,3,,3,Südost,,,0,3.0,,0,,,,
6554,,256353,14,7,13,000,2019,01,00,6,3,5,3,2,,1,0,0,0,0,,"735277,192938991820000","5691050,774217693100000",12.376831085000049,51.322017035000044,4,,4,Süd,,,1,4.0,,1,,,,
6555,,256356,14,7,13,000,2019,01,07,2,3,9,1,1,,1,0,0,0,0,,"741445,381146022120000","5695529,966538237400000",12.46822512600005,51.35963630500004,2,,2,Ost,,,2,2.0,,0,,,,
6556,,256359,14,7,13,000,2019,01,16,2,3,5,3,1,,0,1,0,0,0,,"733454,134833674880000","5695492,039131503600000",12.353625305000037,51.36263525700008,9,,9,Nord,,,2,9.0,,0,,,,
6557,,256362,14,7,13,000,2019,01,12,6,3,6,4,0,,0,1,1,0,0,,"739523,581639654000000","5689429,963745832400000",12.436572650000073,51.305697329000054,3,,3,Südost,,,0,3.0,,0,,,,
6558,,256363,14,7,13,000,2019,01,13,3,3,5,3,0,,0,1,0,0,0,,"738648,568848352880000","5695291,077816879400000",12.427967938000052,51.358673546000034,1,,1,Nordost,,,0,1.0,,0,,,,
6559,,256374,14,7,13,000,2019,01,15,1,3,6,7,0,,0,1,1,0,0,,"735313,120674503040000","5689719,522720797000000",12.376467453000032,51.31005235500004,4,,4,Süd,,,0,4.0,,0,,,,
6560,,256377,14,7,13,000,2019,01,17,1,1,6,4,2,,0,1,1,0,0,,"730626,757142035290000","5691669,133712369900000",12.310606286000052,51.32947199800003,6,,6,West,,,1,6.0,,0,,,,
6561,,256379,14,7,13,000,2019,01,14,7,3,5,3,0,,0,1,0,0,0,,"736073,727311030960000","5691522,995183188500000",12.388554680000027,51.32592590400003,0,,0,Mitte,,,0,0.0,,0,,,,
6562,,256382,14,7,13,000,2019,01,22,7,3,4,7,2,,0,1,0,0,0,,"735416,169890738090000","5693300,995656276100000",12.380308695000053,51.34215829000004,0,,0,Mitte,,,1,0.0,,0,,,,
6563,,256384,14,7,13,000,2019,01,00,1,2,8,1,2,,0,1,0,0,0,,"734786,567414726130000","5692745,236148912500000",12.370918784000025,51.33742989500007,0,,0,Mitte,,,1,0.0,,0,,,,
6564,,256386,14,7,13,000,2019,01,20,7,3,5,3,2,,1,1,0,0,0,,"735629,840999908750000","5690915,231979919600000",12.381793457000072,51.320654439000066,4,,4,Süd,,,1,4.0,,0,,,,
6565,,256388,14,7,13,000,2019,01,10,7,3,5,3,0,,1,1,0,0,0,,"729145,639932789840000","5694601,683935375900000",12.291269948000036,51.35639645200007,7,,7,Alt-West,,,1,7.0,,0,,,,
6566,,256390,14,7,13,000,2019,01,17,3,2,5,2,2,,0,1,0,0,0,,"736685,558148581530000","5693032,084649035700000",12.398322630000052,51.339217535000046,3,,3,Südost,,,1,3.0,,1,,,,
6567,,256391,14,7,13,000,2019,01,17,7,3,0,7,2,,0,0,0,1,0,,"732702,488000001760000","5690530,721000000800000",12.33960582800006,51.31840746700004,5,,5,Südwest,,,1,5.0,,0,,,,
6568,,256395,14,7,13,000,2019,01,11,7,3,5,3,0,,0,1,0,0,0,,"737997,435721532440000","5695110,573506027500000",12.418512168000063,51.35732642500005,1,,1,Nordost,,,1,1.0,,0,,,,
6569,,256396,14,7,13,000,2019,01,18,7,2,7,1,2,,0,1,0,0,0,,"739499,324404209850000","5694002,560050535900000",12.43929759200006,51.34675023600005,2,,2,Ost,,,1,2.0,,1,,,,
6570,,256398,14,7,13,000,2019,01,03,7,3,5,3,2,,0,1,0,0,0,,"735100,117290321740000","5693972,057824937600000",12.37622209500006,51.348312742000076,0,,0,Mitte,,,1,0.0,,0,,,,