UNFALL_ID,FID_left,OBJECTID,ULAND,UREGBEZ,UKREIS,UGEMEINDE,UJAHR,UMONAT,USTUNDE,UWOCHENTAG,UKATEGORIE,UART,UTYP1,ULICHTVERH,IstStrasse,IstRad,IstPKW,IstFuss,IstKrad,IstGkfz,IstSonstig,LINREFX,LINREFY,XGCSWGS84,YGCSWGS84,index_right,FID_right,SBZ,Name,UIDENTSTLA,LICHT,STRZUSTAND,FID,OBJECTID_1,IstSonstige,UIDENTSTLAE,OID_,IstStrassenzustand,PLST
6571,,256399,14,7,13,000,2019,01,07,5,3,3,2,1,,0,0,0,0,0,,"737022,494719656180000","5691457,644719570900000",12.402103923000027,51.32494483900007,3,,3,Südost,,,0,3.0,,1,,,,
6572,,256403,14,7,13,000,2019,01,08,3,3,5,3,0,,1,1,0,0,0,,"734323,514319042680000","5692142,564267784400000",12.363886487000059,51.33221101200007,0,,0,Mitte,,,0,0.0,,0,,,,
6573,,256407,14,7,13,000,2019,01,07,2,3,3,5,0,,1,1,0,0,0,,"735618,639116745440000","5689834,092849962400000",12.380918763000068,51.31095440300004,4,,4,Süd,,,2,4.0,,0,,,,
6574,,256409,14,7,13,000,2019,01,16,5,3,0,2,1,,0,0,0,0,0,,"732464,090915648270000","5691756,817216457800000",12.336990253000067,51.32951124900006,5,,5,Südwest,,,0,5.0,,1,,,,
6575,,256422,14,7,13,000,2019,02,06,4,3,5,2,1,,1,1,0,0,0,,"730536,242904396730000","5691507,860799096500000",12.309204975000057,51.328060943000025,7,,7,Alt-West,,,0,7.0,,0,,,,
6576,,256431,14,7,13,000,2019,02,18,3,3,5,3,2,,1,1,0,0,0,,"732926,030276432630000","5691018,681202072700000",12.343126876000042,51.32269628100005,5,,5,Südwest,,,0,5.0,,0,,,,
6577,,256432,14,7,13,000,2019,02,15,3,3,4,2,0,,0,1,0,0,0,,"735469,826999999580000","5697585,801000000900000",12.383913977000077,51.38059760200008,9,,9,Nord,,,0,9.0,,0,,,,
6578,,256433,14,7,13,000,2019,02,09,3,3,5,3,0,,0,1,0,0,0,,"737565,484512390570000","5692606,742965022100000",12.41064893600003,51.33503273900004,2,,2,Ost,,,0,2.0,,0,,,,
6579,,256442,14,7,13,000,2019,02,12,2,3,5,3,0,,0,1,0,1,0,,"732021,742082953450000","5691856,825964238500000",12.330717038000046,51.33058960300008,5,,5,Südwest,,,0,5.0,,0,,,,
6580,,256443,14,7,13,000,2019,02,09,2,3,5,2,0,,1,1,0,0,0,,"727572,050385457460000","5693315,283632550400000",12.26788526200005,51.34548034800008,7,,7,Alt-West,,,0,7.0,,0,,,,
6581,,256445,14,7,13,000,2019,02,16,2,3,3,6,0,,0,1,0,1,0,,"735663,764999999660000","5696057,237000001600000",12.385682454000062,51.36679643800005,9,,9,Nord,,,0,9.0,,0,,,,
6582,,256457,14,7,13,000,2019,02,16,1,3,2,6,0,,0,1,0,0,0,,"733472,619797972030000","5694410,140398364500000",12.353180426000051,51.352915962000054,0,,0,Mitte,,,0,0.0,,0,,,,
6583,,256458,14,7,13,000,2019,02,21,1,3,1,7,2,,1,0,0,1,0,,"731269,936071309260000","5691528,147959517300000",12.31973090300005,51.327945260000035,7,,7,Alt-West,,,0,7.0,,0,,,,
6584,,256468,14,7,13,000,2019,02,18,7,3,0,7,1,,1,0,0,0,0,,"735553,329492609020000","5691996,544306263300000",12.381411945000025,51.33039233200003,0,,0,Mitte,,,0,0.0,,0,,,,
6585,,256469,14,7,13,000,2019,02,17,7,3,6,4,1,,0,1,1,0,0,,"731760,928708907220000","5689934,534520451000000",12.325730208000039,51.31343983000005,5,,5,Südwest,,,0,5.0,,0,,,,
6586,,256470,14,7,13,000,2019,02,09,7,3,4,2,0,,0,1,0,0,0,,"730727,925919540230000","5693725,634898057200000",12.313388084000053,51.34789205100003,7,,7,Alt-West,,,0,7.0,,0,,,,
6587,,256471,14,7,29,260,2019,02,13,7,2,9,7,0,,0,1,0,0,0,,"734820,887264842170000","5687253,687391316500000",12.36779567800005,51.28812108500006,4,,4,Süd,,,0,4.0,,0,,,,
6588,,256475,14,7,13,000,2019,02,12,6,3,3,6,0,,0,1,0,0,1,,"734707,245505694300000","5693395,328997761000000",12.370210455000063,51.34329813700003,0,,0,Mitte,,,0,0.0,,0,,,,
6589,,256476,14,7,13,000,2019,02,07,6,3,5,3,0,,0,1,0,0,0,,"733982,710000000890000","5695413,229000002100000",12.36115256000005,51.36171039700008,9,,9,Nord,,,0,9.0,,0,,,,
6590,,256477,14,7,13,000,2019,02,20,6,3,6,4,2,,0,1,1,0,0,,"733181,338417695840000","5695858,344145171300000",12.349953872000071,51.36603543600006,8,,8,Nordwest,,,0,8.0,,0,,,,
6591,,256478,14,7,13,000,2019,02,18,6,3,2,6,2,,0,1,0,0,0,,"735054,610286169690000","5690583,445489464300000",12.373334337000074,51.31791409300007,4,,4,Süd,,,0,4.0,,0,,,,
6592,,256480,14,7,13,000,2019,02,07,6,2,6,4,2,,0,1,1,0,0,,"729242,233363940380000","5694934,863063221800000",12.29286955300006,51.35934847400006,7,,7,Alt-West,,,0,7.0,,0,,,,
6593,,256494,14,7,13,000,2019,02,13,5,3,3,2,0,,1,0,0,0,0,,"734519,332303833220000","5692540,146985502900000",12.366954091000025,51.33569919000007,0,,0,Mitte,,,0,0.0,,0,,,,
6594,,256495,14,7,13,000,2019,02,14,5,3,2,6,0,,0,1,0,0,0,,"729783,675717581990000","5691145,156455729200000",12.29818775800004,51.32510939600007,6,,6,West,,,0,6.0,,0,,,,
6595,,256496,14,7,13,000,2019,02,14,5,3,3,6,0,,0,0,0,0,0,,"737186,670709560630000","5692927,910098958800000",12.405434588000048,51.33807366700006,3,,3,Südost,,,0,3.0,,1,,,,
6596,,256498,14,7,13,000,2019,02,05,5,3,5,3,2,,1,1,0,0,0,,"733593,375000000000000","5694195,051000000900000",12.354770379000058,51.35093559000006,0,,0,Mitte,,,0,0.0,,0,,,,
6597,,256503,14,7,13,000,2019,02,19,4,2,5,3,2,,1,0,0,0,0,,"731709,758219332430000","5693088,546835133800000",12.327047711000034,51.34177370200007,7,,7,Alt-West,,,0,7.0,,0,,,,
6598,,256504,14,7,13,000,2019,02,10,5,3,0,4,0,,0,1,1,0,0,,"731971,632171562870000","5690911,301371635900000",12.32938365700005,51.32212225500007,5,,5,Südwest,,,0,5.0,,0,,,,
6599,,256505,14,7,13,000,2019,02,18,4,3,2,6,2,,0,1,0,0,0,,"735080,512923006900000","5690102,742397422000000",12.373388544000022,51.31358840300004,4,,4,Süd,,,0,4.0,,0,,,,
6600,,256506,14,7,13,000,2019,02,18,4,2,6,4,1,,0,1,1,0,0,,"732024,143577487210000","5690710,914101932200000",12.330005560000075,51.320302007000066,5,,5,Südwest,,,0,5.0,,0,,,,
6601,,256511,14,7,13,000,2019,02,16,3,3,3,7,0,,0,1,0,0,0,,"739798,488514121620000","5693958,612131737200000",12.443555772000025,51.34622966500007,2,,2,Ost,,,0,2.0,,0,,,,
6602,,256512,14,7,13,000,2019,02,19,3,1,6,4,2,,0,1,1,0,0,,"734328,173000000420000","5693360,498000001500000",12.364754439000023,51.34314183200007,0,,0,Mitte,,,0,0.0,,0,,,,
6603,,256516,14,7,13,000,2019,02,14,2,3,6,4,0,,1,0,1,0,0,,"736055,035125967120000","5691540,678615642700000",12.388298590000034,51.32609239100003,0,,0,Mitte,,,0,0.0,,0,,,,
6604,,256522,14,7,13,000,2019,02,00,1,3,0,1,2,,1,0,0,0,0,,"737577,226856031460000","5693743,904611358400000",12.41157572800006,51.34523502700006,2,,2,Ost,,,0,2.0,,0,,,,
6605,,256523,14,7,13,000,2019,02,09,1,3,5,2,0,,1,1,0,0,0,,"736794,383000002240000","5693773,367000000600000",12.400375085000064,51.34582607400006,2,,2,Ost,,,1,2.0,,0,,,,
6606,,256529,14,7,13,000,2019,02,12,7,3,5,2,0,,0,1,0,0,0,,"737190,937363443900000","5692060,915064260400000",12.404918547000022,51.33028966000006,3,,3,Südost,,,0,3.0,,0,,,,
6607,,256530,14,7,13,000,2019,02,13,7,3,3,6,0,,1,1,0,0,0,,"734505,288648708720000","5695450,898112218800000",12.36867029800004,51.361833096000055,9,,9,Nord,,,0,9.0,,0,,,,
6608,,256531,14,7,13,000,2019,02,14,7,3,5,3,0,,0,1,0,0,0,,"732094,088000000450000","5696572,573000000800000",12.334828799000036,51.372892069000045,8,,8,Nordwest,,,0,8.0,,0,,,,
6609,,256532,14,7,13,000,2019,02,17,7,3,6,4,2,,0,0,1,0,0,,"733612,591412352400000","5694050,113408213500000",12.354950727000073,51.349626656000055,0,,0,Mitte,,,0,0.0,,1,,,,
6610,,256540,14,7,13,000,2019,02,09,6,3,1,1,0,,0,1,0,1,0,,"734814,275822153310000","5696152,581299418600000",12.37356391700007,51.36800403600006,9,,9,Nord,,,1,9.0,,0,,,,
6611,,256541,14,7,13,000,2019,02,20,6,3,5,2,2,,1,1,0,0,0,,"734579,041494761590000","5691402,904484503000000",12.367061126000067,51.32546616800005,0,,0,Mitte,,,0,0.0,,0,,,,
6612,,256543,14,7,13,000,2019,02,12,6,3,1,5,0,,1,1,0,0,0,,"731981,490513445810000","5693070,228842964400000",12.330930422000051,51.341498468000054,7,,7,Alt-West,,,0,7.0,,0,,,,
6613,,256551,14,7,13,000,2019,02,19,5,3,4,2,2,,1,0,0,0,0,,"737323,677594861950000","5689346,120832901400000",12.405013791000044,51.30586600600003,4,,4,Süd,,,1,4.0,,0,,,,
6614,,256552,14,7,13,000,2019,02,08,5,3,2,6,0,,0,1,0,0,0,,"735676,885851719420000","5696243,090018691500000",12.385993777000067,51.36845925200004,9,,9,Nord,,,0,9.0,,0,,,,
6615,,256553,14,7,13,000,2019,02,16,5,2,6,4,0,,1,0,1,0,0,,"736981,852985189300000","5692329,265852550000000",12.402101250000044,51.332785554000054,3,,3,Südost,,,0,3.0,,0,,,,
6616,,256556,14,7,13,000,2019,02,15,5,3,6,4,0,,0,1,1,0,0,,"731760,841778102330000","5689791,148720927500000",12.325635805000047,51.31215271100007,5,,5,Südwest,,,0,5.0,,0,,,,
6617,,256562,14,7,13,000,2019,02,15,4,3,5,3,0,,1,1,0,0,0,,"735105,932613565590000","5694831,550255253900000",12.37687320200007,51.35602542500004,0,,0,Mitte,,,0,0.0,,0,,,,
6618,,256563,14,7,13,000,2019,02,16,4,3,6,4,0,,0,1,1,0,0,,"737090,672149536200000","5691710,077980626400000",12.40324855800003,51.327182304000075,3,,3,Südost,,,0,3.0,,0,,,,
6619,,256564,14,7,13,000,2019,02,08,4,3,5,3,0,,0,1,0,0,0,,"735088,571198185910000","5689716,237685119700000",12.373249263000048,51.31011564600004,4,,4,Süd,,,0,4.0,,0,,,,
6620,,256565,14,7,13,000,2019,02,16,4,3,1,7,0,,0,1,0,0,0,,"737319,358576356430000","5697137,436153911100000",12.410143637000033,51.37580311500005,1,,1,Nordost,,,0,1.0,,0,,,,
6621,,256567,14,7,13,000,2019,02,18,4,2,5,3,2,,1,1,0,0,0,,"735640,207727350290000","5693583,364042956400000",12.383706455000038,51.34460010600003,0,,0,Mitte,,,0,0.0,,0,,,,
6622,,256574,14,7,13,000,2019,02,21,3,3,2,5,2,,0,1,0,0,0,,"737298,656747949310000","5692986,055120715900000",12.407078125000055,51.33854886300003,2,,2,Ost,,,0,2.0,,0,,,,
6623,,256575,14,7,13,000,2019,02,10,3,3,2,2,0,,0,1,0,0,0,,"729904,111349514690000","5693527,145123038400000",12.301450570000043,51.34644397200003,7,,7,Alt-West,,,0,7.0,,1,,,,
6624,,256582,14,7,13,000,2019,02,15,2,3,6,4,0,,0,1,1,0,0,,"732069,001735202970000","5690768,126959737400000",12.330685434000031,51.32079730300006,5,,5,Südwest,,,0,5.0,,0,,,,
6625,,256583,14,7,13,000,2019,02,13,2,3,2,6,0,,0,1,0,0,0,,"732909,741682269610000","5690573,999311616600000",12.342603044000043,51.31871117700007,5,,5,Südwest,,,0,5.0,,0,,,,
6626,,256585,14,7,13,000,2019,02,09,2,3,6,2,0,,0,1,1,0,0,,"736691,880665168170000","5689812,551641661700000",12.396275565000053,51.31031579800003,4,,4,Süd,,,2,4.0,,0,,,,
6627,,256586,14,7,13,000,2019,02,11,2,3,5,3,0,,0,1,0,0,1,,"729395,997999998740000","5700949,383000003200000",12.298958517000074,51.41327879500005,8,,8,Nordwest,,,0,8.0,,0,,,,
6628,,256587,14,7,13,000,2019,02,05,2,3,6,4,2,,0,1,1,0,0,,"735104,409949135040000","5697083,586696352800000",12.378340173000026,51.37624100700003,9,,9,Nord,,,1,9.0,,0,,,,
6629,,256588,14,7,13,000,2019,02,17,2,2,5,2,2,,1,1,0,0,0,,"733227,759681896310000","5693908,570394042900000",12.349341504000051,51.34851410600004,0,,0,Mitte,,,0,0.0,,0,,,,
6630,,256589,14,7,13,000,2019,02,22,2,3,6,4,2,,0,0,1,0,0,,"737197,166308441200000","5693446,449572812800000",12.405930333000072,51.342723739000064,2,,2,Ost,,,0,2.0,,1,,,,
6631,,256590,14,7,13,000,2019,02,15,2,3,6,2,0,,0,1,1,0,0,,"732041,186999999920000","5690700,188000001000000",12.330242744000032,51.32019877100004,5,,5,Südwest,,,0,5.0,,0,,,,
6632,,256594,14,7,13,000,2019,02,16,5,3,5,3,0,,1,1,0,0,0,,"729550,724966436620000","5694223,181751586500000",12.296833783000068,51.352835138000046,7,,7,Alt-West,,,0,7.0,,0,,,,
6633,,256603,14,7,13,000,2019,02,04,7,3,8,1,2,,0,1,0,0,0,,"735096,947188628840000","5698335,568532880400000",12.379061533000026,51.38748221700007,9,,9,Nord,,,0,9.0,,0,,,,
6634,,256604,14,7,13,000,2019,02,02,7,2,5,3,2,,0,1,0,0,0,,"735404,574947037730000","5691393,274078734200000",12.378882089000058,51.32503875000003,0,,0,Mitte,,,1,0.0,,0,,,,
6635,,256613,14,7,13,000,2019,02,07,6,3,2,2,1,,0,1,0,0,0,,"738161,640993957410000","5689966,791636752000000",12.417427880000048,51.31108724900008,3,,3,Südost,,,1,3.0,,1,,,,
6636,,256614,14,7,13,000,2019,02,22,6,3,9,1,2,,0,0,0,1,0,,"737345,349347448910000","5695360,669973816700000",12.409330495000063,51.35984400800004,1,,1,Nordost,,,0,1.0,,0,,,,
6637,,256615,14,7,13,000,2019,02,08,6,3,5,3,0,,0,1,0,0,0,,"733743,722818515260000","5695384,325072506400000",12.357706860000064,51.36154930500004,9,,9,Nord,,,0,9.0,,0,,,,
6638,,256616,14,7,13,000,2019,02,20,6,3,4,2,2,,0,1,0,0,0,,"739101,297688260670000","5699445,907223926900000",12.437253578000025,51.39577590300007,1,,1,Nordost,,,0,1.0,,0,,,,
6639,,256627,14,7,13,000,2019,01,18,5,3,5,3,2,,1,1,0,0,0,,"734744,735533589500000","5694659,020308746000000",12.371581096000057,51.35462603900004,0,,0,Mitte,,,0,0.0,,0,,,,
6640,,256628,14,7,13,000,2019,01,17,5,3,5,3,2,,0,1,0,0,0,,"734749,241718363020000","5691054,022438447900000",12.369269849000034,51.32226424800007,4,,4,Süd,,,0,4.0,,0,,,,
6641,,256629,14,7,13,000,2019,01,11,5,3,5,3,0,,1,1,0,0,0,,"737187,136553028600000","5692060,936897389600000",12.404864104000069,51.33029144100004,3,,3,Südost,,,0,3.0,,0,,,,
6642,,256630,14,7,13,000,2019,01,18,5,1,6,4,2,,0,1,1,0,0,,"734571,393920272590000","5694870,693882046300000",12.369235591000063,51.35659767300007,9,,9,Nord,,,0,9.0,,0,,,,
6643,,256642,14,7,13,000,2019,01,15,4,3,6,5,0,,0,1,1,0,0,,"737020,207065334540000","5689521,904545886400000",12.400784724000061,51.30757028900007,4,,4,Süd,,,0,4.0,,0,,,,
6644,,256643,14,7,13,000,2019,01,11,4,3,6,6,0,,0,0,1,0,0,,"741333,867894575930000","5686935,675947656900000",12.460809509000057,51.282545095000046,3,,3,Südost,,,0,3.0,,1,,,,
6645,,256655,14,7,13,000,2019,01,12,3,3,6,4,0,,0,1,1,0,0,,"735145,143446476200000","5693385,154064683200000",12.376479893000067,51.343025872000055,0,,0,Mitte,,,1,0.0,,0,,,,
6646,,256656,14,7,13,000,2019,01,09,3,3,3,6,0,,0,1,0,0,1,,"733821,524438750930000","5692556,161428717900000",12.356964781000045,51.33613026300003,0,,0,Mitte,,,1,0.0,,0,,,,
6647,,256657,14,7,13,000,2019,01,13,3,2,3,6,0,,1,0,0,0,1,,"735059,657628523190000","5690835,920855904000000",12.373573064000027,51.32017833000003,4,,4,Süd,,,0,4.0,,0,,,,
6648,,256658,14,7,13,000,2019,01,07,3,3,6,4,2,,0,1,1,0,0,,"735460,878577291970000","5691812,283369209600000",12.379965533000075,51.32877662000004,0,,0,Mitte,,,1,0.0,,0,,,,
6649,,256659,14,7,13,000,2019,01,16,3,3,2,6,0,,0,1,0,0,0,,"737386,521275704730000","5696863,903031304500000",12.410924218000048,51.37331981900007,1,,1,Nordost,,,0,1.0,,0,,,,
6650,,256663,14,7,13,000,2019,02,10,5,2,5,3,0,,1,0,0,0,0,,"735905,780356929640000","5694588,585677798800000",12.388178977000052,51.35351307700006,9,,9,Nord,,,0,9.0,,0,,,,
6651,,256674,14,7,13,000,2019,03,17,6,3,5,2,1,,0,1,0,0,0,,"740112,633954940360000","5698120,406047254800000",12.450867860000074,51.38345179300006,1,,1,Nordost,,,1,1.0,,0,,,,
6652,,256688,14,7,13,000,2019,03,12,5,3,6,4,0,,0,1,1,0,0,,"733380,883823584770000","5693530,444183856200000",12.351288585000077,51.34505698600003,0,,0,Mitte,,,1,0.0,,0,,,,
6653,,256689,14,7,13,000,2019,03,18,6,2,6,4,2,,0,1,1,0,0,,"734906,175892294380000","5690896,256623646200000",12.37141414000007,51.320783309000035,4,,4,Süd,,,1,4.0,,0,,,,
6654,,256690,14,7,13,000,2019,03,15,5,3,2,6,0,,0,1,0,0,0,,"732441,688153912310000","5690611,984093757300000",12.335922769000035,51.31924353100004,5,,5,Südwest,,,1,5.0,,0,,,,
6655,,256691,14,7,13,000,2019,03,13,5,3,1,5,0,,0,1,0,1,0,,"732649,199136177080000","5691455,938264949200000",12.339446209000073,51.326734671000054,5,,5,Südwest,,,1,5.0,,0,,,,
6656,,256692,14,7,13,000,2019,03,08,5,3,6,6,0,,0,1,1,0,0,,"736028,493019081650000","5695973,642059920400000",12.390857020000055,51.36589466100003,9,,9,Nord,,,0,9.0,,0,,,,
6657,,256702,14,7,13,000,2019,03,16,4,3,5,3,0,,0,1,0,0,0,,"738413,366673475130000","5690642,362569320900000",12.421484573000043,51.31704578000006,3,,3,Südost,,,0,3.0,,0,,,,
6658,,256712,14,7,13,000,2019,03,16,3,3,1,7,0,,1,0,0,0,0,,"734783,543609085490000","5689848,051072850800000",12.36896734100003,51.31142475300004,4,,4,Süd,,,0,4.0,,1,,,,
6659,,256713,14,7,13,000,2019,03,09,3,3,0,7,0,,0,0,0,0,1,,"733814,502425392160000","5694817,896518264000000",12.358349472000043,51.35643564600008,0,,0,Mitte,,,0,0.0,,1,,,,
6660,,256714,14,7,13,000,2019,03,12,3,2,6,4,0,,0,1,1,0,0,,"737816,648402601480000","5693777,561257831800000",12.41502971400007,51.34543703200006,2,,2,Ost,,,0,2.0,,0,,,,
6661,,256728,14,7,13,000,2019,03,08,2,3,1,2,0,,1,0,0,0,1,,"736733,202453684060000","5692717,089862776900000",12.398796073000028,51.33637026400004,3,,3,Südost,,,0,3.0,,0,,,,
6662,,256729,14,7,13,000,2019,03,19,2,3,6,2,2,,0,1,1,0,0,,"733988,203100369310000","5692378,701631521800000",12.359236811000073,51.334468740000034,0,,0,Mitte,,,1,0.0,,0,,,,
6663,,256730,14,7,13,000,2019,03,15,2,3,3,2,0,,0,1,0,0,0,,"740846,221459020860000","5694778,370598735300000",12.45912669300003,51.35314457800007,2,,2,Ost,,,0,2.0,,1,,,,
6664,,256731,14,7,13,000,2019,03,07,2,3,5,2,0,,1,0,0,0,0,,"735462,008000000380000","5691821,260999999900000",12.379987646000075,51.32885673900006,0,,0,Mitte,,,0,0.0,,1,,,,
6665,,256732,14,7,13,000,2019,03,13,2,2,6,2,0,,0,1,1,0,0,,"734993,787677519950000","5693934,986593365700000",12.374673492000056,51.348023942000054,0,,0,Mitte,,,0,0.0,,0,,,,
6666,,256733,14,7,13,000,2019,03,15,2,3,6,2,0,,1,0,1,0,0,,"735502,691102306360000","5689743,098853325500000",12.379198053000039,51.31018558900007,4,,4,Süd,,,0,4.0,,0,,,,
6667,,256741,14,7,13,000,2019,03,01,1,3,5,3,2,,1,1,0,0,0,,"735497,679888555780000","5692704,397237945300000",12.381082439000068,51.33676928700004,0,,0,Mitte,,,0,0.0,,0,,,,
6668,,256746,14,7,13,000,2019,03,23,7,3,5,3,2,,1,1,0,0,0,,"734785,447999999860000","5692625,201000001300000",12.370823629000029,51.33635287300007,0,,0,Mitte,,,0,0.0,,0,,,,
6669,,256747,14,7,13,000,2019,03,11,7,3,2,6,0,,0,1,0,0,0,,"732201,128090130170000","5690657,047077581300000",12.33250595000004,51.31974626200008,5,,5,Südwest,,,0,5.0,,0,,,,
6670,,256749,14,7,13,000,2019,03,10,7,3,5,3,0,,0,1,0,0,0,,"737654,988457432020000","5690796,846213886500000",12.410724721000065,51.31874963100006,3,,3,Südost,,,0,3.0,,0,,,,
6671,,256750,14,7,13,000,2019,03,11,7,3,5,3,0,,0,1,0,0,0,,"735545,064307180230000","5697394,670061331200000",12.384866488000057,51.37885076600003,9,,9,Nord,,,0,9.0,,0,,,,
6672,,256759,14,7,13,000,2019,03,13,6,3,3,2,0,,0,1,0,0,0,,"734044,646485365000000","5696726,709290098400000",12.36290512200003,51.37347526100007,9,,9,Nord,,,0,9.0,,1,,,,
6673,,256760,14,7,13,000,2019,03,08,6,3,5,3,0,,1,1,0,0,0,,"736327,202450135720000","5693625,973509892800000",12.393581175000065,51.34469743400007,0,,0,Mitte,,,0,0.0,,0,,,,
6674,,256761,14,7,13,000,2019,03,07,6,3,5,3,0,,1,1,0,0,0,,"731780,140774845150000","5691739,965490134400000",12.327179079000075,51.32963906400005,5,,5,Südwest,,,0,5.0,,0,,,,
6675,,256762,14,7,13,000,2019,03,07,6,3,6,4,0,,0,0,1,0,0,,"737400,208870410920000","5690589,935524832500000",12.406937435000032,51.31699872200005,3,,3,Südost,,,0,3.0,,1,,,,
6676,,256764,14,7,13,000,2019,03,14,6,2,5,3,0,,1,1,0,0,0,,"740091,360801733100000","5693924,881326155700000",12.44773056300005,51.34580330400007,2,,2,Ost,,,0,2.0,,0,,,,
6677,,256765,14,7,13,000,2019,03,19,6,3,5,3,2,,1,1,0,0,0,,"731709,715680381280000","5693088,584106361500000",12.327047125000036,51.34177405400004,7,,7,Alt-West,,,0,7.0,,0,,,,
6678,,256775,14,7,13,000,2019,03,17,5,2,2,2,0,,0,1,0,0,0,,"730536,186410291120000","5691507,922180088200000",12.309204205000071,51.32806151700004,7,,7,Alt-West,,,0,7.0,,0,,,,
6679,,256777,14,7,13,000,2019,03,09,5,3,5,3,0,,0,1,0,0,0,,"738236,237870100890000","5690240,389492826500000",12.418678954000029,51.313511848000076,3,,3,Südost,,,0,3.0,,0,,,,
6680,,256778,14,7,13,000,2019,03,16,5,3,0,7,0,,0,1,0,0,0,,"737419,137087529530000","5694048,950003746900000",12.409513316000073,51.348039164000056,2,,2,Ost,,,0,2.0,,0,,,,
6681,,256779,14,7,13,000,2019,03,17,5,3,1,5,1,,1,1,0,0,0,,"737168,957844011490000","5691974,594440590600000",12.404546179000022,51.32952400200003,3,,3,Südost,,,0,3.0,,0,,,,
6682,,256780,14,7,13,000,2019,03,07,5,3,3,6,0,,1,1,0,0,0,,"733733,820096796380000","5693753,671756500400000",12.356493873000034,51.34691580800006,0,,0,Mitte,,,0,0.0,,0,,,,
6683,,256789,14,7,13,000,2019,03,12,4,3,1,6,0,,0,1,0,0,0,,"735373,404183516280000","5699741,338437637300000",12.383959509000022,51.39998613500006,9,,9,Nord,,,0,9.0,,0,,,,
6684,,256793,14,7,13,000,2019,03,19,1,3,3,3,2,,0,1,0,1,0,,"733441,038470320400000","5693373,168804623200000",12.35204769400002,51.343620497000074,0,,0,Mitte,,,1,0.0,,0,,,,
6685,,256795,14,7,13,000,2019,03,18,4,2,5,3,2,,1,0,0,0,0,,"732511,045596185140000","5691337,529563691500000",12.337389527000028,51.32572822800006,5,,5,Südwest,,,0,5.0,,0,,,,
6686,,256796,14,7,13,000,2019,03,13,4,3,5,3,0,,1,1,0,0,0,,"729484,358465797270000","5690502,155088784200000",12.293485264000026,51.31945789800005,6,,6,West,,,0,6.0,,0,,,,
6687,,256803,14,7,13,000,2019,03,12,6,3,6,4,0,,0,1,1,0,0,,"739195,072000000630000","5688813,149000003900000",12.431455069000037,51.30029897500003,3,,3,Südost,,,0,3.0,,0,,,,
6688,,256816,14,7,13,000,2019,03,20,3,3,4,2,2,,0,0,0,1,0,,"734262,736944874750000","5691962,363898247500000",12.362897131000068,51.330618480000055,0,,0,Mitte,,,0,0.0,,1,,,,
6689,,256817,14,7,13,000,2019,03,19,3,3,2,6,1,,0,1,0,0,0,,"735042,731687074530000","5695055,347735498100000",12.376114961000042,51.35806044600008,0,,0,Mitte,,,0,0.0,,0,,,,
6690,,256818,14,7,13,000,2019,03,09,3,3,3,2,0,,1,0,0,0,0,,"735422,592001713810000","5692977,929642139000000",12.380187184000022,51.33925568900003,0,,0,Mitte,,,0,0.0,,1,,,,
6691,,256819,14,7,13,000,2019,03,15,3,2,1,7,0,,0,1,0,0,0,,"736148,455088317390000","5697454,392519168600000",12.393560801000035,51.379136241000026,9,,9,Nord,,,0,9.0,,0,,,,
6692,,256837,14,7,13,000,2019,03,06,2,3,4,2,0,,1,1,0,0,0,,"732653,499908708970000","5691452,438925793400000",12.339505546000055,51.32670150000007,5,,5,Südwest,,,0,5.0,,0,,,,
6693,,256839,14,7,13,000,2019,03,12,2,3,5,3,0,,0,1,0,0,0,,"728859,574731336910000","5694327,391831450200000",12.286991986000032,51.35404936500004,7,,7,Alt-West,,,0,7.0,,0,,,,
6694,,256840,14,7,13,000,2019,03,16,2,3,4,2,0,,1,1,0,0,0,,"742015,791195777240000","5693996,119860645400000",12.47535958900005,51.34562677900004,2,,2,Ost,,,0,2.0,,0,,,,
6695,,256841,14,7,13,000,2019,03,20,2,3,3,5,2,,0,1,0,0,0,,"731229,335212264210000","5696582,942755730800000",12.32243287800003,51.37333786900007,8,,8,Nordwest,,,0,8.0,,0,,,,
6696,,256842,14,7,13,000,2019,03,05,2,3,4,2,1,,0,1,0,0,0,,"730728,173646584150000","5693725,994146738200000",12.313391868000053,51.347895176000065,7,,7,Alt-West,,,0,7.0,,0,,,,
6697,,256843,14,7,13,000,2019,03,09,2,3,5,3,0,,0,1,0,0,1,,"743303,323207195850000","5694340,224175792200000",12.494046953000066,51.348165676000065,2,,2,Ost,,,0,2.0,,0,,,,
6698,,256853,14,7,13,000,2019,03,14,1,3,5,3,0,,0,1,0,0,0,,"737695,133000001310000","5692430,487999999900000",12.41238912600005,51.33339650200003,2,,2,Ost,,,1,2.0,,0,,,,
6699,,256854,14,7,13,000,2019,03,10,1,2,6,4,0,,0,1,1,0,0,,"737113,645948357880000","5693761,058684721600000",12.40494282800006,51.34558253100005,2,,2,Ost,,,0,2.0,,0,,,,
6700,,256858,14,7,13,000,2019,03,17,7,3,1,5,0,,1,1,0,0,0,,"734902,563778581100000","5691919,681714559000000",12.372036809000065,51.32997148900006,0,,0,Mitte,,,0,0.0,,0,,,,
6701,,256859,14,7,13,000,2019,03,22,7,3,6,2,2,,0,1,1,0,0,,"737368,461666572840000","5693162,197081029400000",12.408195849000037,51.340100790000065,2,,2,Ost,,,0,2.0,,0,,,,
6702,,256868,14,7,13,000,2019,03,18,6,3,5,3,2,,1,1,0,0,0,,"736511,566999999810000","5693464,412000002300000",12.396116289000076,51.34317056900005,0,,0,Mitte,,,1,0.0,,0,,,,
6703,,256869,14,7,13,000,2019,03,19,6,3,3,6,2,,1,0,0,0,0,,"736623,607470512390000","5693780,814866621000000",12.397932324000067,51.34596403000006,2,,2,Ost,,,1,2.0,,1,,,,
6704,,256870,14,7,13,000,2019,03,03,6,3,9,1,2,,0,1,0,0,0,,"737453,485392795880000","5695346,700811697200000",12.410871529000076,51.359673445000055,1,,1,Nordost,,,1,1.0,,0,,,,