UNFALL_ID,FID_left,OBJECTID,ULAND,UREGBEZ,UKREIS,UGEMEINDE,UJAHR,UMONAT,USTUNDE,UWOCHENTAG,UKATEGORIE,UART,UTYP1,ULICHTVERH,IstStrasse,IstRad,IstPKW,IstFuss,IstKrad,IstGkfz,IstSonstig,LINREFX,LINREFY,XGCSWGS84,YGCSWGS84,index_right,FID_right,SBZ,Name,UIDENTSTLA,LICHT,STRZUSTAND,FID,OBJECTID_1,IstSonstige,UIDENTSTLAE,OID_,IstStrassenzustand,PLST
6705,,256871,14,7,13,000,2019,03,12,6,3,2,2,0,,0,1,0,0,0,,"742282,748392289500000","5694030,079657390700000",12.479208632000052,51.34581788200006,2,,2,Ost,,,0,2.0,,0,,,,
6706,,256876,14,7,13,000,2019,03,15,6,3,5,3,0,,0,1,0,0,0,,"735469,343378826980000","5697586,763482073300000",12.383907678000071,51.380606442000044,9,,9,Nord,,,1,9.0,,0,,,,
6707,,256881,14,7,13,000,2019,02,12,5,3,6,4,0,,1,0,1,0,0,,"735170,248057498600000","5693140,612751487600000",12.376678217000062,51.340820403000066,0,,0,Mitte,,,0,0.0,,0,,,,
6708,,256882,14,7,13,000,2019,02,13,5,3,5,3,0,,1,1,0,0,0,,"731781,115892815400000","5691740,435590418100000",12.327193357000056,51.329642887000034,5,,5,Südwest,,,0,5.0,,0,,,,
6709,,256883,14,7,13,000,2019,02,12,5,3,5,3,0,,1,1,0,0,0,,"730411,968409691940000","5690951,196333080500000",12.307064455000045,51.32311411200004,6,,6,West,,,0,6.0,,0,,,,
6710,,256895,14,7,13,000,2019,02,14,4,3,1,2,0,,1,1,0,0,0,,"735014,156640102160000","5691984,958021016800000",12.373678798000071,51.33051134200008,0,,0,Mitte,,,0,0.0,,0,,,,
6711,,256897,14,7,13,000,2019,02,18,4,3,3,5,2,,1,1,0,0,0,,"736911,361322989690000","5693046,423542376600000",12.401568110000028,51.339252216000034,2,,2,Ost,,,0,2.0,,0,,,,
6712,,256898,14,7,13,000,2019,02,20,4,3,3,2,2,,1,1,0,0,0,,"735172,952102148910000","5693461,304070854600000",12.376928747000022,51.34369792000007,0,,0,Mitte,,,0,0.0,,0,,,,
6713,,256899,14,7,13,000,2019,02,14,4,3,5,3,0,,1,1,0,0,0,,"735910,752860018980000","5688684,817444171800000",12.384342755000034,51.30051714500007,4,,4,Süd,,,0,4.0,,0,,,,
6714,,256913,14,7,13,000,2019,02,19,3,3,2,6,1,,0,1,0,0,0,,"734189,353426262740000","5692886,356890570400000",12.36245301300005,51.33894291100006,0,,0,Mitte,,,0,0.0,,0,,,,
6715,,256914,14,7,13,000,2019,02,16,3,3,5,3,0,,0,1,0,0,0,,"730714,377187587320000","5689549,959322139600000",12.310490618000074,51.31041268400003,5,,5,Südwest,,,0,5.0,,0,,,,
6716,,256915,14,7,13,000,2019,02,17,3,3,5,3,0,,1,1,0,0,0,,"737633,277189150450000","5695336,478070043000000",12.41344237800007,51.35950652900004,1,,1,Nordost,,,0,1.0,,0,,,,
6717,,256916,14,7,13,000,2019,02,10,3,3,4,2,0,,1,1,0,0,0,,"731230,548655292020000","5696566,155571091900000",12.322439362000068,51.37318668000006,8,,8,Nordwest,,,0,8.0,,0,,,,
6718,,256917,14,7,13,000,2019,02,08,3,3,5,3,0,,1,1,0,0,0,,"731773,278661591000000","5690161,136863986000000",12.326054353000075,51.31546897700008,5,,5,Südwest,,,0,5.0,,0,,,,
6719,,256918,14,7,13,000,2019,03,08,6,3,2,6,0,,0,1,0,0,0,,"730585,272280242290000","5689654,656369814600000",12.30870909500004,51.311404863000064,5,,5,Südwest,,,0,5.0,,0,,,,
6720,,256926,14,7,13,000,2019,02,12,2,3,2,2,0,,0,1,0,0,0,,"732199,019534640010000","5691056,019568385600000",12.33273557700005,51.32332861100008,5,,5,Südwest,,,0,5.0,,1,,,,
6721,,256927,14,7,13,000,2019,02,08,2,3,3,5,0,,1,0,0,0,0,,"734353,739384498450000","5693240,636749515300000",12.365041992000045,51.34205536600007,0,,0,Mitte,,,0,0.0,,1,,,,
6722,,256933,14,7,13,000,2019,02,14,1,3,5,3,0,,0,1,0,0,0,,"737581,852015478540000","5692041,348773904100000",12.410506490000046,51.32995090000003,3,,3,Südost,,,0,3.0,,0,,,,
6723,,256934,14,7,13,000,2019,02,07,1,3,5,3,0,,0,1,0,0,0,,"734977,558000001130000","5696036,124000001700000",12.375828458000058,51.36689116400004,9,,9,Nord,,,0,9.0,,0,,,,
6724,,256939,14,7,13,000,2019,02,19,7,3,2,2,1,,0,1,0,0,0,,"734792,835695843210000","5692636,196915295000000",12.370936745000051,51.33644852700007,0,,0,Mitte,,,0,0.0,,0,,,,
6725,,256940,14,7,13,000,2019,02,04,7,3,5,3,2,,0,1,0,0,0,,"735404,526797664350000","5691393,016895700200000",12.378881230000047,51.32503646100008,0,,0,Mitte,,,0,0.0,,0,,,,
6726,,256941,14,7,13,000,2019,02,18,7,3,5,3,2,,1,1,0,0,0,,"738334,352440811690000","5690886,152902869500000",12.420515734000048,51.31926713100006,3,,3,Südost,,,0,3.0,,0,,,,
6727,,256942,14,7,13,000,2019,02,12,7,3,2,2,0,,0,1,0,0,0,,"732980,008471035400000","5694174,604682847900000",12.345964232000028,51.351003786000035,0,,0,Mitte,,,0,0.0,,0,,,,
6728,,256948,14,7,13,000,2019,02,13,6,3,3,5,0,,0,1,0,0,0,,"736921,855897686440000","5693177,729693237700000",12.401805850000073,51.34042646300003,2,,2,Ost,,,0,2.0,,0,,,,
6729,,256949,14,7,13,000,2019,02,16,6,3,5,3,1,,0,1,0,0,0,,"727384,081472794530000","5690250,812399424600000",12.263235216000055,51.31804462500003,6,,6,West,,,1,6.0,,0,,,,
6730,,256950,14,7,13,000,2019,02,22,6,3,5,3,2,,1,1,0,0,0,,"729177,531295284630000","5699224,553285433000000",12.294708244000049,51.39788333600006,8,,8,Nordwest,,,0,8.0,,0,,,,
6731,,256951,14,7,13,000,2019,02,12,6,3,5,3,0,,1,1,0,0,0,,"740547,866592226550000","5691719,218301519800000",12.452783977000024,51.325813115000074,2,,2,Ost,,,0,2.0,,0,,,,
6732,,256957,14,7,13,000,2019,04,12,7,3,5,3,0,,0,1,0,0,0,,"731779,731336474420000","5691739,768101614000000",12.327173083000048,51.329637459000026,5,,5,Südwest,,,0,5.0,,0,,,,
6733,,256958,14,7,13,000,2019,04,18,7,3,5,2,0,,1,1,0,0,0,,"738333,784775764680000","5690886,019385118000000",12.420507513000075,51.31926617000005,3,,3,Südost,,,0,3.0,,0,,,,
6734,,256973,14,7,13,000,2019,04,15,6,2,1,3,0,,0,1,0,1,0,,"731971,234302517030000","5688708,536115327800000",12.327945563000071,51.302348564000056,5,,5,Südwest,,,0,5.0,,0,,,,
6735,,256974,14,7,13,000,2019,04,21,6,3,1,5,2,,1,1,0,0,0,,"735391,628082457000000","5691162,869140621300000",12.37854446800003,51.32297591000008,4,,4,Süd,,,0,4.0,,0,,,,
6736,,256975,14,7,13,000,2019,04,15,6,3,3,7,0,,1,1,0,0,0,,"736315,500889106650000","5692770,099640095600000",12.392845564000027,51.337019808000036,0,,0,Mitte,,,0,0.0,,0,,,,
6737,,256976,14,7,13,000,2019,04,15,6,3,2,6,0,,0,1,0,0,0,,"735260,715969487090000","5695212,049740189700000",12.379343825000035,51.35937684900006,0,,0,Mitte,,,0,0.0,,0,,,,
6738,,256977,14,7,13,000,2019,04,15,6,3,5,2,0,,0,1,0,0,0,,"733670,236800929530000","5694712,255949135900000",12.356211787000063,51.35554669800007,0,,0,Mitte,,,0,0.0,,1,,,,
6739,,256990,14,7,13,000,2019,04,07,5,3,8,1,0,,0,0,0,1,0,,"740825,986012140290000","5686673,634410047900000",12.453363937000063,51.28040796000005,3,,3,Südost,,,0,3.0,,0,,,,
6740,,256991,14,7,13,000,2019,04,06,5,3,4,2,0,,1,1,0,0,0,,"732894,069707574320000","5690896,677617337600000",12.342589296000028,51.321614175000036,5,,5,Südwest,,,0,5.0,,0,,,,
6741,,256992,14,7,13,000,2019,04,18,5,3,6,4,0,,0,1,1,0,0,,"735301,125287337230000","5692029,654168235100000",12.377820127000064,51.33079391800004,0,,0,Mitte,,,0,0.0,,0,,,,
6742,,256993,14,7,13,000,2019,04,16,5,3,2,6,0,,0,1,0,0,0,,"734416,820910937150000","5698482,068905584500000",12.36940091300005,51.38907851000005,9,,9,Nord,,,0,9.0,,0,,,,
6743,,257007,14,7,13,000,2019,04,09,4,3,5,3,0,,0,1,0,0,0,,"735607,236999999730000","5694415,405000001200000",12.383784560000038,51.35208239500008,0,,0,Mitte,,,0,0.0,,0,,,,
6744,,257008,14,7,13,000,2019,04,14,4,3,3,6,0,,0,0,0,1,0,,"731829,267806125800000","5691397,492898076800000",12.327660249000076,51.32654473200006,5,,5,Südwest,,,0,5.0,,1,,,,
6745,,257009,14,7,13,000,2019,04,17,4,3,6,4,0,,0,0,1,0,0,,"734130,314095211220000","5696542,815908871600000",12.364012659000025,51.37178925000006,9,,9,Nord,,,0,9.0,,1,,,,
6746,,257010,14,7,13,000,2019,04,09,4,3,5,2,0,,1,1,0,0,0,,"736222,333736475560000","5692526,186467113000000",12.391348720000053,51.33486909700008,0,,0,Mitte,,,0,0.0,,0,,,,
6747,,257011,14,7,13,000,2019,04,14,4,3,0,7,0,,0,1,0,0,0,,"737084,273758434690000","5692961,417405294300000",12.403989500000023,51.33841713000004,3,,3,Südost,,,0,3.0,,1,,,,
6748,,257021,14,7,13,000,2019,04,07,3,3,0,7,0,,0,1,1,0,0,,"735312,024086283520000","5689764,487552229300000",12.37648140400006,51.310456431000034,4,,4,Süd,,,0,4.0,,0,,,,
6749,,257022,14,7,13,000,2019,04,20,3,2,6,4,2,,1,0,1,0,0,,"729412,848367926660000","5694859,966045614300000",12.295267645000024,51.35860726300007,7,,7,Alt-West,,,0,7.0,,0,,,,
6750,,257023,14,7,13,000,2019,04,15,3,3,2,6,0,,0,1,0,0,0,,"739739,768865242600000","5692651,114184880600000",12.44183408300006,51.33451867600007,2,,2,Ost,,,0,2.0,,0,,,,
6751,,257043,14,7,13,000,2019,04,07,2,3,5,3,0,,0,1,0,0,0,,"738927,468687073330000","5695113,129366474200000",12.431846872000051,51.35695912300008,1,,1,Nordost,,,0,1.0,,0,,,,
6752,,257044,14,7,13,000,2019,04,05,2,2,5,3,1,,1,1,0,0,0,,"736013,440966014750000","5697119,940840264800000",12.391402134000032,51.37619028300003,9,,9,Nord,,,0,9.0,,0,,,,
6753,,257064,14,7,13,000,2019,03,13,7,2,6,4,0,,1,0,1,0,0,,"735413,998888805510000","5692992,696797579500000",12.380073796000033,51.33939180100003,0,,0,Mitte,,,0,0.0,,0,,,,
6754,,257065,14,7,13,000,2019,03,11,7,3,6,4,0,,0,0,1,1,0,,"734556,656857370400000","5691371,307274987900000",12.366719629000045,51.325191765000056,4,,4,Süd,,,0,4.0,,0,,,,
6755,,257066,14,7,13,000,2019,03,10,7,3,4,2,0,,0,1,0,0,0,,"730842,931442682630000","5693893,513840513300000",12.315145527000027,51.34935239500004,7,,7,Alt-West,,,0,7.0,,0,,,,
6756,,257067,14,7,13,000,2019,03,12,7,3,1,5,0,,1,1,0,0,0,,"735180,013522277590000","5689029,487230172400000",12.374106303000076,51.303913314000056,4,,4,Süd,,,0,4.0,,0,,,,
6757,,257068,14,7,13,000,2019,03,21,7,2,0,1,2,,1,0,0,0,0,,"735074,718324730170000","5689661,779810529200000",12.373014979000061,51.309632530000044,4,,4,Süd,,,0,4.0,,0,,,,
6758,,257069,14,7,13,000,2019,03,18,7,3,5,3,0,,1,1,0,0,0,,"737517,007000000220000","5694934,335000002800000",12.411506966000047,51.35594550400003,1,,1,Nordost,,,0,1.0,,0,,,,
6759,,257070,14,7,13,000,2019,03,18,7,3,6,7,0,,0,1,1,0,0,,"733788,911746375260000","5692916,677932638700000",12.356734040000049,51.339379859000076,0,,0,Mitte,,,0,0.0,,0,,,,
6760,,257071,14,7,13,000,2019,03,09,7,3,2,6,0,,0,1,0,0,0,,"741869,235418932510000","5694488,951493760600000",12.47359401400007,51.35011252000004,2,,2,Ost,,,0,2.0,,0,,,,
6761,,257084,14,7,13,000,2019,03,17,6,3,2,6,0,,0,1,0,0,0,,"728819,918105095620000","5690675,902790542700000",12.284077770000067,51.32128523700004,6,,6,West,,,0,6.0,,0,,,,
6762,,257085,14,7,13,000,2019,03,05,6,3,5,3,1,,0,1,0,0,0,,"729778,052664203570000","5691144,387215916100000",12.298106696000048,51.32510476200008,6,,6,West,,,1,6.0,,0,,,,
6763,,257086,14,7,13,000,2019,03,07,6,3,6,4,0,,0,1,1,0,0,,"730173,102411281320000","5694126,581786569200000",12.30569401300005,51.35171626200008,7,,7,Alt-West,,,0,7.0,,0,,,,
6764,,257087,14,7,13,000,2019,03,16,6,3,5,3,0,,0,1,0,0,0,,"740846,584693728950000","5694779,715347483800000",12.459132809000039,51.353156494000075,2,,2,Ost,,,0,2.0,,1,,,,
6765,,257088,14,7,13,000,2019,03,15,6,3,2,6,0,,0,1,0,0,0,,"730668,654113199560000","5692291,337834885300000",12.311609426000075,51.335040510000056,7,,7,Alt-West,,,0,7.0,,1,,,,
6766,,257089,14,7,13,000,2019,03,13,6,2,6,4,0,,0,1,1,0,0,,"734589,061277683820000","5692631,179594779400000",12.368013266000048,51.33648758100003,0,,0,Mitte,,,0,0.0,,0,,,,
6767,,257096,14,7,13,000,2019,03,16,5,3,3,6,0,,1,1,0,0,0,,"732911,142482888880000","5690968,378515791100000",12.342880724000054,51.32225082400004,5,,5,Südwest,,,1,5.0,,0,,,,
6768,,257097,14,7,13,000,2019,03,10,5,3,9,1,0,,1,0,0,0,0,,"730974,373999999840000","5686857,432000001900000",12.312472633000027,51.286136449000026,5,,5,Südwest,,,1,5.0,,0,,,,
6769,,257098,14,7,13,000,2019,03,15,5,3,3,6,0,,1,1,0,0,0,,"735009,850981613620000","5691735,694185433900000",12.373452732000032,51.328275631000054,0,,0,Mitte,,,0,0.0,,0,,,,
6770,,257116,14,7,13,000,2019,03,22,4,2,5,3,2,,1,1,0,0,0,,"737298,214000000620000","5695376,857000000800000",12.408665506000034,51.36000898900005,1,,1,Nordost,,,1,1.0,,0,,,,
6771,,257117,14,7,13,000,2019,03,14,4,3,4,2,0,,0,1,0,0,0,,"738794,709423532710000","5696080,046995420000000",12.430592713000067,51.36569379500003,1,,1,Nordost,,,0,1.0,,0,,,,
6772,,257125,14,7,13,000,2019,03,17,3,3,6,2,1,,0,1,1,0,0,,"738462,556683718230000","5690300,179491706200000",12.421960375000026,51.31395374900006,3,,3,Südost,,,1,3.0,,0,,,,
6773,,257126,14,7,13,000,2019,03,09,3,3,5,3,0,,0,1,0,0,0,,"735442,608817838130000","5693208,641177687800000",12.380626562000032,51.34131834100003,0,,0,Mitte,,,0,0.0,,1,,,,
6774,,257127,14,7,13,000,2019,03,10,3,3,6,7,0,,0,0,1,0,0,,"737419,485781026070000","5696919,475473370400000",12.411434088000021,51.37380485800003,1,,1,Nordost,,,0,1.0,,1,,,,
6775,,257137,14,7,13,000,2019,03,08,2,3,5,3,0,,0,1,0,0,0,,"735016,068391857670000","5695331,408228786700000",12.37591504900007,51.36054948200007,9,,9,Nord,,,1,9.0,,0,,,,
6776,,257139,14,7,13,000,2019,03,16,2,2,6,4,0,,1,0,1,0,0,,"734944,384077125230000","5695271,042644046200000",12.37484738300003,51.36003726400003,9,,9,Nord,,,1,9.0,,0,,,,
6777,,257151,14,7,13,000,2019,03,19,1,3,5,3,2,,1,1,0,0,0,,"739511,641000000760000","5688482,386000003700000",12.435765863000029,51.29719703400008,3,,3,Südost,,,0,3.0,,0,,,,
6778,,257155,14,7,13,000,2019,03,12,7,3,5,3,0,,0,1,0,0,0,,"727242,078062985090000","5693206,339013548600000",12.263085656000044,51.34463430100004,7,,7,Alt-West,,,0,7.0,,0,,,,
6779,,257156,14,7,13,000,2019,03,12,7,3,6,2,0,,1,0,1,0,0,,"735057,787764834240000","5690908,937884582200000",12.373594413000035,51.32083453300004,4,,4,Süd,,,0,4.0,,0,,,,
6780,,257168,14,7,13,000,2019,03,12,6,3,5,2,0,,1,1,0,0,0,,"737280,544488063080000","5693755,895219193800000",12.40733149500005,51.34546655300005,2,,2,Ost,,,0,2.0,,0,,,,
6781,,257169,14,7,13,000,2019,03,11,6,3,5,2,0,,1,1,0,0,0,,"734282,079420968890000","5693503,254051631300000",12.364187724000033,51.34444227100005,0,,0,Mitte,,,0,0.0,,0,,,,
6782,,257170,14,7,13,000,2019,03,14,6,3,4,2,0,,1,1,0,0,0,,"736337,927293884570000","5692058,277815595300000",12.392694772000027,51.33062102900004,0,,0,Mitte,,,0,0.0,,0,,,,
6783,,257171,14,7,13,000,2019,03,03,6,3,1,1,2,,1,1,0,0,0,,"732610,203748628500000","5691487,492287304300000",12.338908082000046,51.32703386800006,5,,5,Südwest,,,0,5.0,,0,,,,
6784,,257172,14,7,13,000,2019,03,11,6,2,8,1,0,,0,0,0,1,0,,"730773,563033546320000","5690186,029643081100000",12.311749854000027,51.31609868700008,5,,5,Südwest,,,0,5.0,,0,,,,
6785,,257173,14,7,13,000,2019,03,08,6,3,2,2,0,,1,1,0,0,0,,"735047,703831432390000","5691280,491207391000000",12.37369491100003,51.32417391100006,4,,4,Süd,,,0,4.0,,0,,,,
6786,,257174,14,7,13,000,2019,03,15,6,2,6,4,0,,0,1,1,0,0,,"731632,586970997040000","5691434,787218118100000",12.324866447000034,51.32695963000003,5,,5,Südwest,,,0,5.0,,0,,,,
6787,,257185,14,7,13,000,2019,03,11,5,3,5,3,0,,1,0,0,0,0,,"734842,103012096140000","5693292,009045824400000",12.372075166000059,51.342315013000075,0,,0,Mitte,,,0,0.0,,0,,,,
6788,,257186,14,7,13,000,2019,03,09,5,3,2,6,0,,0,1,0,0,0,,"734567,877905013970000","5695431,306933281900000",12.369554805000064,51.361631404000036,9,,9,Nord,,,0,9.0,,0,,,,
6789,,257187,14,7,13,000,2019,03,22,5,3,6,7,2,,0,1,1,0,0,,"734117,115262529810000","5697507,531451815700000",12.364458822000074,51.38045437100004,9,,9,Nord,,,0,9.0,,0,,,,
6790,,257188,14,7,13,000,2019,03,09,5,3,1,5,0,,1,1,0,0,0,,"735107,665514225140000","5689450,408573864000000",12.373347572000057,51.307721565000065,4,,4,Süd,,,0,4.0,,0,,,,
6791,,257189,14,7,13,000,2019,03,14,5,2,5,3,0,,0,1,0,0,0,,"728046,730622319500000","5689300,481111628900000",12.272120830000063,51.30924802100003,6,,6,West,,,0,6.0,,0,,,,
6792,,257190,14,7,13,000,2019,03,15,5,3,2,6,0,,0,1,0,0,0,,"736808,097397512760000","5695945,192206995600000",12.402016942000046,51.365314872000056,1,,1,Nordost,,,0,1.0,,0,,,,
6793,,257210,14,7,13,000,2019,03,08,4,3,3,2,0,,1,1,0,0,0,,"737266,568922615610000","5694404,950474958900000",12.40756377300005,51.35129833700006,1,,1,Nordost,,,0,1.0,,0,,,,
6794,,257211,14,7,13,000,2019,03,16,4,3,5,3,0,,1,1,0,0,0,,"740591,370332653630000","5700200,407088203400000",12.459144027000036,51.401918187000035,1,,1,Nordost,,,0,1.0,,0,,,,
6795,,257212,14,7,13,000,2019,03,16,4,3,1,7,0,,0,1,0,0,0,,"737050,028517480940000","5697540,112615166200000",12.406549454000071,51.379530026000054,1,,1,Nordost,,,0,1.0,,1,,,,
6796,,257220,14,7,13,000,2019,03,05,3,2,6,4,1,,0,1,1,0,0,,"735771,496136986650000","5692887,425257632500000",12.385127448000048,51.33829874600008,0,,0,Mitte,,,0,0.0,,0,,,,
6797,,257221,14,7,13,000,2019,03,07,3,3,5,3,0,,1,1,0,0,0,,"739500,846129898910000","5693913,834828725100000",12.439259719000063,51.34595321900008,2,,2,Ost,,,0,2.0,,0,,,,
6798,,257228,14,7,13,000,2019,04,15,7,3,5,3,0,,1,1,0,0,0,,"734819,275000000370000","5694103,108000000900000",12.37228293000004,51.34960517400003,0,,0,Mitte,,,0,0.0,,0,,,,
6799,,257230,14,7,13,000,2019,04,14,7,3,4,2,0,,0,1,0,0,0,,"735391,201346548270000","5691182,764938484900000",12.378551491000053,51.32315467800004,4,,4,Süd,,,0,4.0,,0,,,,
6800,,257233,14,7,13,000,2019,04,13,7,3,8,1,0,,0,0,0,0,0,,"732142,829271402210000","5692749,924499668200000",12.333034043000055,51.33855733000007,7,,7,Alt-West,,,0,7.0,,1,,,,
6801,,257235,14,7,13,000,2019,04,00,7,3,0,1,2,,1,0,0,0,0,,"732391,113382557410000","5691543,369041530400000",12.335805396000069,51.32762499800003,5,,5,Südwest,,,0,5.0,,0,,,,
6802,,257236,14,7,13,000,2019,03,17,2,3,6,4,0,,0,1,1,0,0,,"731318,092000001110000","5693989,726000001700000",12.322019548000071,51.350022918000036,7,,7,Alt-West,,,0,7.0,,0,,,,
6803,,257237,14,7,13,000,2019,03,15,2,3,5,3,0,,0,1,0,0,0,,"734797,472319568510000","5696052,637326717400000",12.373256960000049,51.367113851000056,9,,9,Nord,,,1,9.0,,0,,,,
6804,,257238,14,7,13,000,2019,03,13,2,3,5,3,0,,1,1,0,0,0,,"738637,132016505110000","5693596,516231820000000",12.426667881000071,51.34346820300004,2,,2,Ost,,,0,2.0,,0,,,,
6805,,257239,14,7,13,000,2019,03,06,2,3,6,4,0,,0,1,1,0,0,,"733154,723240726630000","5695968,304199280200000",12.349644305000027,51.36703342200008,8,,8,Nordwest,,,0,8.0,,0,,,,
6806,,257240,14,7,13,000,2019,03,16,2,3,5,3,0,,0,1,0,0,0,,"731717,124497623180000","5692790,568725572900000",12.326959421000026,51.33909580900007,7,,7,Alt-West,,,0,7.0,,0,,,,
6807,,257241,14,7,13,000,2019,03,14,2,3,5,1,0,,0,1,0,1,0,,"735014,320568304510000","5692125,816673414800000",12.373774044000072,51.33177567700005,0,,0,Mitte,,,1,0.0,,0,,,,
6808,,257242,14,7,13,000,2019,03,16,2,2,6,7,0,,0,1,1,0,0,,"732701,977077399380000","5691908,346939850600000",12.340497796000022,51.33077422200006,5,,5,Südwest,,,0,5.0,,0,,,,
6809,,257257,14,7,13,000,2019,04,16,4,3,2,6,0,,1,1,0,0,0,,"732718,888000001200000","5698140,691000001500000",12.344816759000025,51.386712756000065,8,,8,Nordwest,,,0,8.0,,0,,,,
6810,,257258,14,7,13,000,2019,04,14,4,2,0,4,0,,0,0,1,0,0,,"735085,422759591600000","5689906,194991754400000",12.373329342000034,51.31182208400003,4,,4,Süd,,,0,4.0,,1,,,,
6811,,257259,14,7,13,000,2019,04,11,4,2,4,2,0,,1,1,0,0,0,,"734931,558395991100000","5693015,155450845100000",12.37317463100004,51.33979291600008,0,,0,Mitte,,,0,0.0,,0,,,,
6812,,257260,14,7,13,000,2019,04,08,4,3,5,3,0,,1,1,0,0,0,,"735306,897742971780000","5693345,282795446000000",12.378771864000043,51.34260105700008,0,,0,Mitte,,,0,0.0,,0,,,,
6813,,257273,14,7,13,000,2019,04,16,3,2,1,5,0,,1,1,0,0,0,,"738472,042274811310000","5693618,364282762600000",12.424316483000041,51.343733574000055,2,,2,Ost,,,0,2.0,,0,,,,
6814,,257274,14,7,13,000,2019,04,08,3,3,0,2,0,,0,1,0,0,0,,"737503,837999998590000","5697069,891000002600000",12.412744320000058,51.37511971400005,1,,1,Nordost,,,0,1.0,,1,,,,
6815,,257285,14,7,13,000,2019,04,13,2,3,2,6,0,,0,1,0,1,0,,"730701,341667469590000","5689560,491858730100000",12.310310719000029,51.31051251800005,5,,5,Südwest,,,0,5.0,,0,,,,
6816,,257286,14,7,13,000,2019,04,19,2,2,0,1,0,,1,0,0,0,0,,"738030,411560998300000","5691370,227885257500000",12.416485145000024,51.323739405000026,3,,3,Südost,,,0,3.0,,0,,,,
6817,,257287,14,7,13,000,2019,04,03,2,2,5,3,2,,1,1,0,0,0,,"736559,552278947090000","5688561,383335730100000",12.393551051000031,51.29914001600008,4,,4,Süd,,,0,4.0,,0,,,,
6818,,257294,14,7,13,000,2019,04,14,1,3,2,6,0,,0,1,0,0,0,,"738081,851999999960000","5690024,618999999000000",12.416323748000025,51.311639686000035,3,,3,Südost,,,0,3.0,,0,,,,
6819,,257295,14,7,13,000,2019,04,04,1,2,5,3,2,,0,1,0,0,0,,"735900,259634050540000","5694577,220368234400000",12.388092302000075,51.35341335100003,9,,9,Nord,,,0,9.0,,1,,,,
6820,,257296,14,7,13,000,2019,04,17,1,3,3,5,0,,1,1,0,0,0,,"732343,336457569150000","5690690,070145387200000",12.334564706000037,51.31998465600003,5,,5,Südwest,,,0,5.0,,0,,,,
6821,,257300,14,7,13,000,2019,04,13,7,3,2,6,0,,0,1,0,0,0,,"737091,193731828590000","5693761,981947086800000",12.404621641000062,51.345600182000055,2,,2,Ost,,,0,2.0,,0,,,,
6822,,257306,14,7,13,000,2019,04,01,7,3,1,1,2,,1,1,0,0,0,,"737407,884554688820000","5693832,542658826300000",12.409207722000076,51.346101383000075,2,,2,Ost,,,0,2.0,,0,,,,
6823,,257307,14,7,13,000,2019,04,11,7,3,5,3,0,,1,1,0,0,0,,"733008,533000000750000","5690594,785000000100000",12.344031837000045,51.31885732200004,5,,5,Südwest,,,0,5.0,,0,,,,
6824,,257308,14,7,13,000,2019,04,17,7,3,3,2,0,,1,1,0,0,0,,"731946,516150735320000","5690587,374840932000000",12.328813112000034,51.319224665000036,5,,5,Südwest,,,0,5.0,,0,,,,
6825,,257309,14,7,13,000,2019,04,13,7,3,5,2,0,,0,1,0,0,0,,"731747,468577334660000","5692616,267671411900000",12.327280905000066,51.33751877700007,7,,7,Alt-West,,,0,7.0,,0,,,,
6826,,257310,14,7,13,000,2019,04,14,7,3,2,6,0,,0,1,0,0,0,,"735547,795807973480000","5692912,456895101800000",12.381938197000068,51.33861613900007,0,,0,Mitte,,,0,0.0,,0,,,,
6827,,257318,14,7,13,000,2019,04,11,6,3,5,3,0,,1,1,0,0,0,,"734644,666096581150000","5691484,884149417300000",12.368055295000033,51.32617499300005,0,,0,Mitte,,,0,0.0,,0,,,,
6828,,257319,14,7,13,000,2019,04,11,6,3,5,3,0,,1,1,0,0,0,,"736294,469982629640000","5687466,132998593200000",12.389030750000074,51.28941877400007,4,,4,Süd,,,0,4.0,,0,,,,
6829,,257329,14,7,13,000,2019,04,16,5,3,5,3,0,,1,1,0,0,0,,"736522,582248241640000","5693234,928253004300000",12.396121748000041,51.34110610300007,2,,2,Ost,,,0,2.0,,0,,,,
6830,,257330,14,7,13,000,2019,04,18,5,3,6,4,0,,1,0,1,0,0,,"735291,550000000750000","5693460,250000001900000",12.378627860000051,51.34363939100007,0,,0,Mitte,,,0,0.0,,0,,,,
6831,,257331,14,7,13,000,2019,04,14,5,3,5,2,0,,1,1,0,0,0,,"730065,678187789400000","5690055,007847897700000",12.301524862000065,51.31520909800008,6,,6,West,,,0,6.0,,0,,,,
6832,,257332,14,7,13,000,2019,04,13,5,3,1,6,0,,0,1,0,0,0,,"729767,915247032420000","5691142,925890032200000",12.297960506000038,51.32509573700003,6,,6,West,,,0,6.0,,0,,,,
6833,,257333,14,7,13,000,2019,04,00,5,2,0,1,2,,1,0,0,0,0,,"745161,272432657890000","5690111,877577582400000",12.517766375000065,51.30941800800008,2,,2,Ost,,,0,2.0,,0,,,,
6834,,257335,14,7,13,000,2019,04,07,5,3,5,3,0,,1,1,0,0,0,,"734719,787956222890000","5695487,930043822200000",12.371770291000075,51.362076941000055,9,,9,Nord,,,0,9.0,,0,,,,
6835,,257337,14,7,13,000,2019,04,07,5,2,5,3,0,,1,1,0,0,0,,"737903,554999999700000","5690206,331000000200000",12.413891358000058,51.31334528600007,3,,3,Südost,,,0,3.0,,0,,,,
6836,,257338,14,7,13,000,2019,04,16,5,3,2,6,0,,0,1,0,1,0,,"735143,991213750090000","5693722,930627074100000",12.376686440000071,51.34605834700005,0,,0,Mitte,,,0,0.0,,0,,,,
6837,,257352,14,7,13,000,2019,04,17,4,3,4,2,0,,1,1,0,0,0,,"731822,574064497840000","5692969,062592575300000",12.328586887000029,51.34065513300004,7,,7,Alt-West,,,0,7.0,,0,,,,
6838,,257353,14,7,13,000,2019,04,07,4,3,0,7,0,,1,0,1,0,0,,"729865,663854831830000","5693764,151289293500000",12.301052474000073,51.348587130000055,7,,7,Alt-West,,,0,7.0,,0,,,,