UNFALL_ID,FID_left,OBJECTID,ULAND,UREGBEZ,UKREIS,UGEMEINDE,UJAHR,UMONAT,USTUNDE,UWOCHENTAG,UKATEGORIE,UART,UTYP1,ULICHTVERH,IstStrasse,IstRad,IstPKW,IstFuss,IstKrad,IstGkfz,IstSonstig,LINREFX,LINREFY,XGCSWGS84,YGCSWGS84,index_right,FID_right,SBZ,Name,UIDENTSTLA,LICHT,STRZUSTAND,FID,OBJECTID_1,IstSonstige,UIDENTSTLAE,OID_,IstStrassenzustand,PLST
6839,,257354,14,7,13,000,2019,04,15,4,3,4,2,0,,1,1,0,0,0,,"738015,562056686730000","5692042,330790590500000",12.416721215000052,51.32977841100006,2,,2,Ost,,,0,2.0,,0,,,,
6840,,257366,14,7,13,000,2019,04,07,3,3,1,7,0,,0,1,0,0,0,,"735210,713035443800000","5690346,016278712100000",12.375413851000076,51.31571833700008,4,,4,Süd,,,0,4.0,,0,,,,
6841,,257367,14,7,13,000,2019,04,07,3,3,4,2,0,,1,1,0,0,0,,"732536,362255312500000","5696112,542113771700000",12.340871114000038,51.36858164300003,8,,8,Nordwest,,,0,8.0,,0,,,,
6842,,257386,14,7,13,000,2019,04,09,2,3,2,6,0,,0,1,0,0,0,,"731180,550569140350000","5690686,341454325200000",12.317904230000067,51.32042477200008,7,,7,Alt-West,,,0,7.0,,0,,,,
6843,,257387,14,7,13,000,2019,04,09,2,3,1,6,0,,0,1,0,0,0,,"738793,699327309620000","5696057,401399469000000",12.430563025000026,51.36549095700008,1,,1,Nordost,,,0,1.0,,0,,,,
6844,,257406,14,7,13,000,2019,04,13,1,3,2,2,0,,0,1,0,0,0,,"735253,413424377330000","5692284,837841687700000",12.37730496000006,51.33310427200007,0,,0,Mitte,,,1,0.0,,0,,,,
6845,,257408,14,7,13,000,2019,04,01,1,3,9,1,2,,0,1,0,0,0,,"741836,806244952600000","5695455,562620766500000",12.473786061000055,51.35880205500007,2,,2,Ost,,,0,2.0,,0,,,,
6846,,257415,14,7,13,000,2019,04,19,7,3,5,2,1,,1,1,0,0,0,,"735710,066880304370000","5690677,075775746300000",12.382785291000062,51.31848344700006,4,,4,Süd,,,0,4.0,,0,,,,
6847,,257416,14,7,13,000,2019,04,12,7,3,3,5,0,,1,1,0,0,0,,"735332,298500038680000","5692208,089935677100000",12.378384635000032,51.33238272300008,0,,0,Mitte,,,0,0.0,,0,,,,
6848,,257421,14,7,13,000,2019,04,16,6,3,3,5,0,,1,1,0,0,0,,"736598,541288039650000","5693781,591444619000000",12.397573568000041,51.34598143300008,2,,2,Ost,,,0,2.0,,0,,,,
6849,,257422,14,7,13,000,2019,04,23,1,3,5,3,2,,1,1,0,0,0,,"732575,646732704710000","5692083,489424426100000",12.338801911000076,51.33239809200006,7,,7,Alt-West,,,0,7.0,,0,,,,
6850,,257423,14,7,13,000,2019,04,15,6,3,6,4,0,,0,1,1,0,0,,"737814,313392068260000","5695012,596804609500000",12.415821401000073,51.35652365100003,1,,1,Nordost,,,0,1.0,,0,,,,
6851,,257424,14,7,13,000,2019,04,19,6,2,0,7,0,,1,0,0,0,0,,"734405,030817111950000","5692653,943275498200000",12.365391001000035,51.33676779900003,0,,0,Mitte,,,0,0.0,,0,,,,
6852,,257443,14,7,13,000,2019,04,09,5,3,5,2,0,,0,1,0,0,0,,"735613,831999999470000","5696904,995999999300000",12.385528236000027,51.37442682100004,9,,9,Nord,,,0,9.0,,1,,,,
6853,,257444,14,7,13,000,2019,04,15,5,3,3,2,0,,1,1,0,0,0,,"739919,072473042640000","5693929,663197390700000",12.445264516000066,51.34591895500006,2,,2,Ost,,,0,2.0,,0,,,,
6854,,257445,14,7,13,000,2019,04,15,5,3,5,2,0,,1,1,0,0,0,,"731970,983334204180000","5688709,219257785000000",12.327942413000073,51.30235479900006,5,,5,Südwest,,,0,5.0,,0,,,,
6855,,257446,14,7,13,000,2019,04,15,5,3,3,2,0,,1,1,0,0,0,,"735073,672530851330000","5690349,455313142400000",12.373453164000068,51.31580582700008,4,,4,Süd,,,0,4.0,,0,,,,
6856,,257454,14,7,13,000,2019,04,13,4,3,0,2,0,,0,1,0,0,0,,"734642,648953308350000","5695399,996336266400000",12.37060623900004,51.36131947600006,9,,9,Nord,,,0,9.0,,1,,,,
6857,,257455,14,7,13,000,2019,04,07,4,3,5,3,0,,1,1,0,0,0,,"731020,343939209360000","5693986,744796436300000",12.317749278000065,51.350117244000046,7,,7,Alt-West,,,0,7.0,,0,,,,
6858,,257463,14,7,13,000,2019,04,22,3,3,5,2,2,,1,0,0,0,0,,"742281,977991578170000","5694025,452640304300000",12.47919444200005,51.345776681000075,2,,2,Ost,,,0,2.0,,1,,,,
6859,,257464,14,7,13,000,2019,04,12,3,3,5,3,0,,0,1,0,0,0,,"735088,220139982180000","5689716,802097247900000",12.37324460700006,51.31012085700007,4,,4,Süd,,,0,4.0,,0,,,,
6860,,257465,14,7,13,000,2019,04,09,3,3,6,7,0,,0,1,1,0,0,,"731394,464806293140000","5696716,022080717600000",12.324887893000039,51.37446524000006,8,,8,Nordwest,,,0,8.0,,0,,,,
6861,,257466,14,7,13,000,2019,04,17,3,3,6,4,0,,0,0,1,0,0,,"737396,871949618680000","5692734,625622514600000",12.408318037000072,51.33625102600007,3,,3,Südost,,,0,3.0,,1,,,,
6862,,257467,14,7,13,000,2019,04,20,3,3,5,3,2,,1,1,0,0,0,,"736343,026208559050000","5692762,842906028000000",12.393235194000056,51.33694323200007,0,,0,Mitte,,,0,0.0,,0,,,,
6863,,257480,14,7,13,000,2019,04,13,2,2,0,1,0,,1,0,0,0,0,,"737777,669113767330000","5693738,579852022200000",12.414445010000065,51.34510343800008,2,,2,Ost,,,0,2.0,,0,,,,
6864,,257481,14,7,13,000,2019,04,16,2,3,1,7,0,,1,1,0,0,0,,"735296,201251338240000","5691734,225915771000000",12.377554520000047,51.328144086000066,0,,0,Mitte,,,0,0.0,,0,,,,
6865,,257482,14,7,13,000,2019,04,16,2,3,3,6,0,,1,1,0,0,0,,"735042,973538360560000","5690994,257869735400000",12.373438436000072,51.321606519000056,4,,4,Süd,,,0,4.0,,0,,,,
6866,,257483,14,7,13,000,2019,04,09,2,3,4,6,0,,1,0,0,0,0,,"735961,056213811970000","5691630,443053245500000",12.38701158400005,51.326937126000075,0,,0,Mitte,,,0,0.0,,0,,,,
6867,,257484,14,7,13,000,2019,04,15,2,3,2,6,0,,0,1,0,0,0,,"732394,309556886550000","5691551,861215487100000",12.335856728000067,51.32769992500005,5,,5,Südwest,,,0,5.0,,0,,,,
6868,,257485,14,7,13,000,2019,04,11,2,3,5,3,0,,0,1,0,0,0,,"735717,544769211670000","5690576,924358040100000",12.382826210000076,51.31758135800004,4,,4,Süd,,,0,4.0,,0,,,,
6869,,257504,14,7,13,000,2019,05,17,2,3,0,7,0,,1,0,0,0,0,,"735371,519369156100000","5693272,924306446700000",12.379650209000033,51.34192479700005,0,,0,Mitte,,,0,0.0,,0,,,,
6870,,257506,14,7,13,000,2019,05,05,2,3,6,2,2,,0,1,1,0,0,,"736338,787647370250000","5692761,745721258200000",12.393173727000033,51.33693514500004,0,,0,Mitte,,,0,0.0,,0,,,,
6871,,257507,14,7,13,000,2019,05,15,2,3,1,5,0,,1,1,0,0,0,,"734552,921758149750000","5695589,287199093000000",12.369444532000045,51.36305566900006,9,,9,Nord,,,0,9.0,,0,,,,
6872,,257508,14,7,13,000,2019,05,17,2,2,4,6,0,,1,1,0,0,0,,"735371,463621879000000","5693272,526153784200000",12.379649146000077,51.34192124600003,0,,0,Mitte,,,0,0.0,,0,,,,
6873,,257510,14,7,13,000,2019,05,09,2,3,5,3,0,,0,1,0,0,0,,"736047,126355523240000","5688179,951340898900000",12.385961691000034,51.29592879000006,4,,4,Süd,,,0,4.0,,0,,,,
6874,,257523,14,7,13,000,2019,05,03,1,3,8,1,2,,0,1,0,0,0,,"732699,369153805080000","5690518,261204993400000",12.33955301900005,51.31829689400007,5,,5,Südwest,,,1,5.0,,0,,,,
6875,,257525,14,7,13,000,2019,05,07,1,3,5,3,0,,0,1,0,0,0,,"734912,544808190320000","5690879,609838662700000",12.371494411000072,51.320631251000066,4,,4,Süd,,,1,4.0,,0,,,,
6876,,257529,14,7,13,000,2019,05,15,7,3,8,1,0,,0,1,0,0,0,,"730892,456000000240000","5689399,255000000800000",12.312943736000022,51.30898761000003,5,,5,Südwest,,,1,5.0,,0,,,,
6877,,257530,14,7,13,000,2019,05,12,7,2,6,4,0,,0,0,1,0,0,,"743045,447434732690000","5692901,066143559300000",12.489368870000021,51.33535913600008,2,,2,Ost,,,1,2.0,,1,,,,
6878,,257531,14,7,13,000,2019,05,19,7,3,5,3,0,,1,1,0,0,0,,"735413,361069914880000","5693008,348240895200000",12.380075000000033,51.33953255800003,0,,0,Mitte,,,1,0.0,,0,,,,
6879,,257537,14,7,13,000,2019,05,17,6,3,5,2,0,,1,1,0,0,0,,"736340,828534634780000","5692763,179589457800000",12.393203924000034,51.33694716800005,0,,0,Mitte,,,0,0.0,,0,,,,
6880,,257538,14,7,13,000,2019,05,19,6,3,3,6,0,,1,1,0,0,0,,"731963,873241958210000","5690712,691978594300000",12.329143286000033,51.32034253900008,5,,5,Südwest,,,0,5.0,,0,,,,
6881,,257539,14,7,13,000,2019,05,11,6,2,0,1,0,,1,0,0,0,0,,"733716,595105059440000","5692755,744587328300000",12.35559203500003,51.33796496100007,0,,0,Mitte,,,0,0.0,,0,,,,
6882,,257540,14,7,13,000,2019,05,14,6,3,4,7,0,,0,1,0,0,0,,"737042,871258572680000","5696245,687556618800000",12.405583636000074,51.36791422400006,1,,1,Nordost,,,0,1.0,,0,,,,
6883,,257559,14,7,13,000,2019,05,08,5,3,5,3,0,,1,1,0,0,0,,"735314,257865600290000","5692454,461243793400000",12.378288844000053,51.334601701000054,0,,0,Mitte,,,0,0.0,,0,,,,
6884,,257560,14,7,13,000,2019,05,11,5,3,1,7,0,,0,0,0,1,0,,"736732,366836274970000","5688853,859183829300000",12.39621943700007,51.30169353300005,4,,4,Süd,,,0,4.0,,1,,,,
6885,,257561,14,7,13,000,2019,05,07,5,3,6,4,0,,0,1,1,0,0,,"731225,837999999520000","5697645,559000002200000",12.323074102000021,51.38287816900004,8,,8,Nordwest,,,0,8.0,,0,,,,
6886,,257572,14,7,13,000,2019,05,14,4,3,5,3,0,,1,1,0,0,0,,"735137,363210344690000","5693716,778553683300000",12.376587376000032,51.34600586500005,0,,0,Mitte,,,0,0.0,,0,,,,
6887,,257573,14,7,13,000,2019,05,07,4,3,5,2,0,,1,1,0,0,0,,"734795,878742428500000","5692483,675105590400000",12.370879830000035,51.335078173000056,0,,0,Mitte,,,0,0.0,,0,,,,
6888,,257574,14,7,13,000,2019,05,17,4,3,6,7,0,,0,1,1,0,0,,"735119,949063912030000","5696220,315087599700000",12.377992103000054,51.36848560300007,9,,9,Nord,,,1,9.0,,0,,,,
6889,,257575,14,7,13,000,2019,05,18,4,3,5,3,0,,1,1,0,0,0,,"737123,654995245860000","5692261,743255754900000",12.40408816300004,51.33212036600003,3,,3,Südost,,,0,3.0,,0,,,,
6890,,257576,14,7,13,000,2019,05,09,4,2,0,5,0,,0,1,0,0,0,,"732492,498637949120000","5691839,793520320200000",12.337451432000023,51.330244495000045,5,,5,Südwest,,,0,5.0,,1,,,,
6891,,257589,14,7,13,000,2019,05,15,3,3,3,6,0,,1,1,0,0,0,,"737349,325974181290000","5690241,979663567600000",12.405977049000057,51.313896654000075,3,,3,Südost,,,0,3.0,,0,,,,
6892,,257590,14,7,13,000,2019,05,16,3,3,5,3,0,,0,1,0,0,0,,"737870,849321573040000","5693732,982926376200000",12.415776770000036,51.34501422300008,2,,2,Ost,,,0,2.0,,0,,,,
6893,,257591,14,7,13,000,2019,05,09,3,3,0,6,0,,0,1,0,0,1,,"734794,158896576610000","5692870,470530029400000",12.37111012400004,51.33855091500004,0,,0,Mitte,,,1,0.0,,0,,,,
6894,,257592,14,7,13,000,2019,05,07,3,3,0,7,0,,0,0,1,0,0,,"737260,765979757530000","5694399,117090579100000",12.407476703000043,51.35124839900004,1,,1,Nordost,,,1,1.0,,1,,,,
6895,,257593,14,7,13,000,2019,05,17,3,3,5,3,0,,0,1,0,0,0,,"738218,263453825380000","5691084,142027473100000",12.418985109000062,51.32109288600003,3,,3,Südost,,,0,3.0,,0,,,,
6896,,257594,14,7,13,000,2019,05,21,3,3,3,7,2,,1,1,0,0,0,,"735097,920048182830000","5689512,102834845000000",12.37324865100004,51.30827938400006,4,,4,Süd,,,0,4.0,,0,,,,
6897,,257595,14,7,13,000,2019,05,18,3,2,1,5,0,,1,1,0,0,0,,"730885,696714628490000","5686485,432968214200000",12.310962779000022,51.28283294500005,5,,5,Südwest,,,0,5.0,,0,,,,
6898,,257606,14,7,13,000,2019,05,14,2,3,5,3,0,,1,1,0,0,0,,"736070,942421935500000","5691525,622044932100000",12.388516521000042,51.32595063900004,0,,0,Mitte,,,0,0.0,,0,,,,
6899,,257607,14,7,13,000,2019,05,07,2,3,5,3,0,,1,1,0,0,0,,"737592,888635275890000","5693188,492577740900000",12.411429639000062,51.34024309400007,2,,2,Ost,,,0,2.0,,0,,,,
6900,,257608,14,7,13,000,2019,05,07,2,3,2,6,0,,0,1,0,0,0,,"733722,602314554150000","5690738,952247202400000",12.354355504000068,51.31985862500005,4,,4,Süd,,,1,4.0,,0,,,,
6901,,257609,14,7,13,000,2019,05,07,2,3,5,3,0,,1,1,0,0,0,,"735903,073397886010000","5698211,107305279000000",12.390543619000027,51.38603062200008,9,,9,Nord,,,0,9.0,,0,,,,
6902,,257610,14,7,13,000,2019,05,17,2,2,3,2,0,,1,1,0,0,0,,"737183,584999999960000","5694053,812000000800000",12.40614027600003,51.34818113100005,2,,2,Ost,,,0,2.0,,0,,,,
6903,,257612,14,7,13,000,2019,05,13,2,3,5,2,0,,1,1,0,0,0,,"741469,342000000180000","5689504,260000001600000",12.464485231000026,51.305542295000066,3,,3,Südost,,,0,3.0,,0,,,,
6904,,257613,14,7,13,000,2019,05,16,2,3,1,5,0,,1,1,0,0,0,,"737017,080828023140000","5693131,346444534100000",12.403139666000072,51.33997043900007,2,,2,Ost,,,0,2.0,,0,,,,
6905,,257614,14,7,13,000,2019,05,07,2,2,5,3,0,,1,1,0,0,0,,"736574,775683428160000","5687193,207640403900000",12.392862705000027,51.28685258400003,4,,4,Süd,,,0,4.0,,0,,,,
6906,,257625,14,7,13,000,2019,05,18,1,2,6,2,0,,0,1,1,0,0,,"734906,484261633830000","5690896,249833462800000",12.371418553000069,51.320783121000034,4,,4,Süd,,,0,4.0,,0,,,,
6907,,257626,14,7,13,000,2019,05,20,1,3,9,1,1,,0,1,0,0,0,,"731545,683000001130000","5692157,186000000700000",12.324090656000067,51.333479871000065,7,,7,Alt-West,,,0,7.0,,0,,,,
6908,,257628,14,7,13,000,2019,05,17,1,2,6,4,0,,0,1,1,0,0,,"738278,130301068540000","5693668,637946371000000",12.42157099600007,51.34426612400006,2,,2,Ost,,,0,2.0,,0,,,,
6909,,257635,14,7,13,000,2019,05,13,7,3,5,3,0,,1,1,0,0,0,,"735094,018941240390000","5694934,023342141900000",12.376770106000038,51.35695018400003,0,,0,Mitte,,,0,0.0,,0,,,,
6910,,257636,14,7,13,000,2019,05,11,7,3,1,6,0,,0,1,0,0,0,,"734617,113698665980000","5693228,760841200100000",12.368808896000075,51.34184015100004,0,,0,Mitte,,,1,0.0,,0,,,,
6911,,257637,14,7,13,000,2019,05,16,7,3,2,6,0,,0,1,0,0,0,,"731184,174285162240000","5690686,483334587900000",12.317956236000043,51.32042457300008,7,,7,Alt-West,,,0,7.0,,0,,,,
6912,,257642,14,7,13,000,2019,05,06,6,3,0,1,0,,1,0,0,0,0,,"734790,023532269520000","5693614,920351665500000",12.37154166700003,51.345235098000046,0,,0,Mitte,,,1,0.0,,0,,,,
6913,,257643,14,7,13,000,2019,05,20,6,3,5,3,1,,1,1,0,0,0,,"732688,520745308140000","5691861,302984591600000",12.340274261000047,51.33035742800007,5,,5,Südwest,,,0,5.0,,0,,,,
6914,,257644,14,7,13,000,2019,05,10,6,3,3,6,0,,1,1,0,0,0,,"735337,008696914650000","5689540,348489023700000",12.376691399000038,51.30843414200007,4,,4,Süd,,,0,4.0,,0,,,,
6915,,257645,14,7,13,000,2019,05,07,6,2,5,2,0,,1,1,0,0,0,,"734785,447999999860000","5692625,201000001300000",12.370823629000029,51.33635287300007,0,,0,Mitte,,,0,0.0,,0,,,,
6916,,257646,14,7,13,000,2019,05,16,6,3,6,4,0,,0,1,1,0,0,,"734826,155505635780000","5691748,695315856500000",12.370829339000068,51.32846819100007,0,,0,Mitte,,,0,0.0,,0,,,,
6917,,257647,14,7,13,000,2019,05,17,6,3,4,2,0,,1,1,0,0,0,,"742251,639485983180000","5692989,892937807400000",12.478055262000055,51.33649505600005,2,,2,Ost,,,0,2.0,,0,,,,
6918,,257658,14,7,13,000,2019,05,07,5,3,5,3,0,,1,0,0,1,0,,"734856,939322876740000","5694206,316715881200000",12.372890924000046,51.35051605400008,0,,0,Mitte,,,0,0.0,,0,,,,
6919,,257659,14,7,13,000,2019,05,21,5,3,5,2,2,,0,1,0,0,0,,"732536,331639470530000","5696112,463501747700000",12.340870623000058,51.36858095000008,8,,8,Nordwest,,,0,8.0,,0,,,,
6920,,257660,14,7,13,000,2019,05,10,5,3,3,5,0,,1,1,0,0,0,,"727880,965922087430000","5697506,848081514200000",12.274999097000034,51.38298532700003,8,,8,Nordwest,,,0,8.0,,0,,,,
6921,,257661,14,7,13,000,2019,05,16,5,3,6,4,0,,0,1,1,0,0,,"738187,992329577920000","5689994,294403068700000",12.417823640000051,51.31132308800005,3,,3,Südost,,,0,3.0,,0,,,,
6922,,257673,14,7,13,000,2019,05,14,4,3,9,1,0,,0,1,0,0,0,,"728540,007970133800000","5689931,182072367500000",12.279590232000032,51.31471217600006,6,,6,West,,,0,6.0,,0,,,,
6923,,257674,14,7,13,000,2019,05,15,4,3,6,4,0,,0,1,1,0,0,,"732973,266960072330000","5691185,277529226600000",12.343912483000054,51.32417242300005,5,,5,Südwest,,,0,5.0,,0,,,,
6924,,257689,14,7,13,000,2019,04,18,3,3,5,3,0,,1,1,0,0,0,,"734819,275000000370000","5694103,108000000900000",12.37228293000004,51.34960517400003,0,,0,Mitte,,,0,0.0,,0,,,,
6925,,257690,14,7,13,000,2019,04,15,3,3,5,3,0,,0,1,0,0,1,,"737188,072123478170000","5693905,544433005200000",12.406105812000021,51.346848400000056,2,,2,Ost,,,0,2.0,,0,,,,
6926,,257701,14,7,13,000,2019,04,15,2,3,0,1,0,,1,0,0,0,0,,"735073,290153840560000","5689669,822415104100000",12.372999824000033,51.30970531300005,4,,4,Süd,,,1,4.0,,0,,,,
6927,,257715,14,7,13,000,2019,04,19,7,3,4,2,1,,0,1,0,0,0,,"737186,569681018590000","5693907,321683149800000",12.406085461000032,51.34686497900003,2,,2,Ost,,,1,2.0,,1,,,,
6928,,257716,14,7,13,000,2019,04,15,7,3,5,3,0,,0,1,0,0,0,,"737427,140982146370000","5693235,382574718400000",12.409085568000023,51.340733209000064,2,,2,Ost,,,0,2.0,,0,,,,
6929,,257717,14,7,13,000,2019,04,09,7,3,5,3,0,,1,1,0,0,0,,"736174,211287461220000","5691040,937386747400000",12.389674944000035,51.32155712900004,0,,0,Mitte,,,0,0.0,,0,,,,
6930,,257718,14,7,13,000,2019,04,10,7,3,6,4,0,,0,0,1,0,0,,"735454,126810614020000","5693292,539815969800000",12.380847104000054,51.342066671000055,0,,0,Mitte,,,0,0.0,,1,,,,
6931,,257719,14,7,13,000,2019,04,22,7,3,1,1,2,,1,1,0,0,0,,"732464,081031532030000","5691756,788414249200000",12.336990092000065,51.32951099500008,5,,5,Südwest,,,1,5.0,,0,,,,
6932,,257720,14,7,13,000,2019,04,11,7,2,0,1,0,,1,0,0,0,0,,"735083,719648307190000","5690003,023203579700000",12.373368757000037,51.31269195800007,4,,4,Süd,,,0,4.0,,0,,,,
6933,,257721,14,7,13,000,2019,04,21,7,3,1,7,2,,0,1,0,0,0,,"731846,862548949200000","5691596,506139168500000",12.32804180100004,51.32832406700004,5,,5,Südwest,,,0,5.0,,0,,,,
6934,,257722,14,7,13,000,2019,04,09,7,3,6,2,0,,0,1,1,0,0,,"732039,149259057830000","5691868,199269224000000",12.330973873000062,51.33068459800006,7,,7,Alt-West,,,0,7.0,,0,,,,
6935,,257731,14,7,13,000,2019,04,11,6,3,6,2,0,,0,1,1,0,0,,"737602,388527789150000","5691516,138312181500000",12.410450612000034,51.32522800600003,3,,3,Südost,,,0,3.0,,0,,,,
6936,,257732,14,7,13,000,2019,04,21,6,3,5,3,2,,1,1,0,0,0,,"735889,189230040650000","5694771,700129732500000",12.388062512000033,51.35516363800008,9,,9,Nord,,,0,9.0,,0,,,,
6937,,257733,14,7,13,000,2019,04,15,6,2,3,2,0,,1,0,0,0,0,,"734717,458367362620000","5693033,226778226000000",12.37011817900003,51.34004354500007,0,,0,Mitte,,,0,0.0,,0,,,,
6938,,257750,14,7,13,000,2019,04,12,5,3,8,1,0,,1,0,0,0,0,,"737396,867558035070000","5691975,733683805900000",12.407812359000047,51.329439163000075,3,,3,Südost,,,0,3.0,,1,,,,
6939,,257751,14,7,13,000,2019,04,12,5,3,5,3,0,,1,1,0,0,0,,"727244,999484807250000","5693205,960341624900000",12.263127292000036,51.34462973300003,7,,7,Alt-West,,,0,7.0,,0,,,,
6940,,257752,14,7,13,000,2019,04,14,5,3,5,3,0,,0,1,0,0,0,,"732152,184000000360000","5690951,744000000900000",12.331996668000045,51.32241166300008,5,,5,Südwest,,,0,5.0,,1,,,,
6941,,257753,14,7,13,000,2019,04,18,5,3,4,2,0,,0,1,0,0,0,,"729365,196944299150000","5690708,435582460800000",12.291910822000034,51.32135775300003,6,,6,West,,,0,6.0,,0,,,,
6942,,257754,14,7,13,000,2019,04,14,5,3,2,2,0,,1,1,0,0,0,,"732488,202344442720000","5696383,959268881000000",12.340357933000064,51.371037768000065,8,,8,Nordwest,,,0,8.0,,0,,,,
6943,,257755,14,7,13,000,2019,04,15,5,3,5,3,0,,0,1,0,0,0,,"731766,440290889700000","5690049,100263655200000",12.32588359500005,51.31446602500006,5,,5,Südwest,,,0,5.0,,0,,,,
6944,,257756,14,7,13,000,2019,04,09,5,2,4,2,0,,1,1,0,0,0,,"732776,485000670890000","5691353,630007445800000",12.34120312400006,51.32576421500005,5,,5,Südwest,,,0,5.0,,0,,,,
6945,,257771,14,7,13,000,2019,05,09,3,3,6,4,0,,1,0,1,0,0,,"732232,273000000040000","5692617,943000003700000",12.334229867000033,51.337336047000065,7,,7,Alt-West,,,0,7.0,,0,,,,
6946,,257772,14,7,13,000,2019,05,16,3,3,2,6,0,,0,1,0,0,0,,"733095,531016009860000","5691620,037811668600000",12.345948460000045,51.32802503800008,5,,5,Südwest,,,0,5.0,,0,,,,
6947,,257773,14,7,13,000,2019,05,15,3,3,5,3,0,,0,1,0,0,0,,"734594,056487581690000","5696048,836805522400000",12.370337478000067,51.36716377300007,9,,9,Nord,,,0,9.0,,0,,,,
6948,,257775,14,7,13,000,2019,05,13,3,3,6,4,0,,0,0,1,0,0,,"737911,884388186040000","5695055,274299323600000",12.41724871100007,51.35686588400006,1,,1,Nordost,,,0,1.0,,1,,,,
6949,,257783,14,7,13,000,2019,05,09,2,3,3,7,0,,0,1,0,0,0,,"736084,946999999690000","5692632,276999998800000",12.389450324000052,51.33587843600003,0,,0,Mitte,,,0,0.0,,1,,,,
6950,,257784,14,7,13,000,2019,05,10,2,3,6,4,0,,1,0,1,0,0,,"736385,720056873750000","5692756,302212690900000",12.393842665000022,51.33686677700007,0,,0,Mitte,,,0,0.0,,0,,,,
6951,,257785,14,7,13,000,2019,05,18,2,2,1,3,0,,1,1,0,0,0,,"732961,861000000500000","5692856,990000000200000",12.344841994000035,51.339183485000035,7,,7,Alt-West,,,1,7.0,,0,,,,
6952,,257786,14,7,13,000,2019,05,17,2,3,1,1,0,,0,1,0,0,0,,"730880,520964239720000","5693621,604757688900000",12.315508034000061,51.34689622900004,7,,7,Alt-West,,,1,7.0,,0,,,,
6953,,257787,14,7,13,000,2019,05,22,2,3,0,7,2,,1,0,0,0,0,,"735441,716603928250000","5692967,101222729300000",12.380454104000023,51.33915057200005,0,,0,Mitte,,,1,0.0,,0,,,,
6954,,257789,14,7,13,000,2019,05,08,2,3,4,2,0,,1,1,0,0,0,,"734787,456593487410000","5693008,791189268200000",12.371105251000074,51.33979530400006,0,,0,Mitte,,,0,0.0,,0,,,,
6955,,257802,14,7,13,000,2019,05,13,1,3,1,3,0,,1,1,0,0,0,,"736116,743802186100000","5691177,294553417700000",12.388941998000064,51.32280495500004,0,,0,Mitte,,,0,0.0,,0,,,,
6956,,257803,14,7,13,000,2019,05,10,1,3,5,3,0,,1,1,0,0,0,,"728607,694015773940000","5694751,574113110100000",12.283653258000072,51.35795869400005,7,,7,Alt-West,,,0,7.0,,0,,,,
6957,,257814,14,7,13,000,2019,05,14,7,3,2,2,0,,0,1,0,0,0,,"734557,015588828360000","5691371,852261854300000",12.366725127000052,51.32519651000007,4,,4,Süd,,,0,4.0,,0,,,,
6958,,257816,14,7,13,000,2019,05,11,7,3,4,2,0,,1,1,0,0,0,,"737280,387796197090000","5693758,735639017100000",12.407331142000032,51.34549211400008,2,,2,Ost,,,0,2.0,,0,,,,
6959,,257830,14,7,13,000,2019,05,10,6,3,4,2,0,,1,1,0,0,0,,"737248,367000000550000","5692229,235000001300000",12.40585345900007,51.33177656600003,3,,3,Südost,,,0,3.0,,0,,,,
6960,,257831,14,7,13,000,2019,05,16,6,3,0,2,0,,1,1,0,0,0,,"737133,986984790300000","5694425,592157717800000",12.40567702900006,51.351538944000026,1,,1,Nordost,,,0,1.0,,0,,,,
6961,,257832,14,7,13,000,2019,05,17,6,3,1,7,0,,1,1,0,0,0,,"730139,290509154090000","5690087,880130084200000",12.302600553000048,51.31547443300008,6,,6,West,,,0,6.0,,0,,,,
6962,,257833,14,7,13,000,2019,05,18,6,3,5,3,0,,1,1,0,0,0,,"737265,773083449340000","5694405,073330536500000",12.407552447000057,51.35129977200006,1,,1,Nordost,,,0,1.0,,0,,,,
6963,,257835,14,7,13,000,2019,05,16,6,3,6,4,0,,1,0,1,0,0,,"735968,705298501070000","5691623,323461368700000",12.387116461000062,51.32687004600007,0,,0,Mitte,,,0,0.0,,0,,,,
6964,,257836,14,7,13,000,2019,05,13,6,2,5,3,0,,1,1,0,0,0,,"734291,073682839980000","5695623,642031328800000",12.36571258400005,51.36347208700005,9,,9,Nord,,,0,9.0,,0,,,,
6965,,257837,14,7,13,000,2019,05,14,6,3,6,4,0,,1,0,1,0,0,,"736299,149236666970000","5692433,798562491300000",12.392388179000022,51.33400789400008,0,,0,Mitte,,,0,0.0,,0,,,,
6966,,257838,14,7,13,000,2019,05,07,6,3,6,2,0,,0,0,1,0,0,,"735913,478679899130000","5688680,175191082100000",12.38437871900004,51.300474345000055,4,,4,Süd,,,0,4.0,,1,,,,
6967,,257854,14,7,13,000,2019,05,17,5,3,3,5,0,,1,1,0,0,0,,"735182,358953380030000","5692703,482162118000000",12.376563161000036,51.33689155700006,0,,0,Mitte,,,0,0.0,,0,,,,
6968,,257855,14,7,13,000,2019,05,19,5,3,5,3,0,,1,0,0,0,0,,"735474,044075229210000","5693364,752435093700000",12.381180307000022,51.34270662600005,0,,0,Mitte,,,0,0.0,,0,,,,
6969,,257856,14,7,13,000,2019,05,18,5,3,5,3,0,,1,1,0,0,0,,"737068,111568551510000","5689051,782681230500000",12.401158467000073,51.303330448000054,4,,4,Süd,,,0,4.0,,0,,,,
6970,,257857,14,7,13,000,2019,05,08,5,3,3,2,0,,1,0,0,0,0,,"735061,373983249070000","5690342,089678384400000",12.373272146000033,51.315744789000064,4,,4,Süd,,,0,4.0,,1,,,,
6971,,257858,14,7,13,000,2019,05,22,5,2,5,3,2,,0,1,0,1,0,,"735117,182324273510000","5693979,650176908800000",12.37647172000004,51.348373836000064,0,,0,Mitte,,,0,0.0,,0,,,,
6972,,257859,14,7,13,000,2019,05,17,5,3,5,3,0,,0,1,0,0,0,,"736759,062536465000000","5699845,756017934500000",12.40391308900007,51.40034692800003,9,,9,Nord,,,0,9.0,,0,,,,
6973,,257860,14,7,13,000,2019,05,09,5,2,4,6,0,,1,1,0,0,0,,"734356,736233757810000","5691656,067092765100000",12.364042598000026,51.32783029400008,0,,0,Mitte,,,0,0.0,,0,,,,