UNFALL_ID,FID_left,OBJECTID,ULAND,UREGBEZ,UKREIS,UGEMEINDE,UJAHR,UMONAT,USTUNDE,UWOCHENTAG,UKATEGORIE,UART,UTYP1,ULICHTVERH,IstStrasse,IstRad,IstPKW,IstFuss,IstKrad,IstGkfz,IstSonstig,LINREFX,LINREFY,XGCSWGS84,YGCSWGS84,index_right,FID_right,SBZ,Name,UIDENTSTLA,LICHT,STRZUSTAND,FID,OBJECTID_1,IstSonstige,UIDENTSTLAE,OID_,IstStrassenzustand,PLST
6974,,257861,14,7,13,000,2019,05,06,5,3,5,3,0,,0,1,0,0,0,,"734723,185679185200000","5690667,619233056900000",12.368642204000025,51.31880646800005,4,,4,Süd,,,0,4.0,,0,,,,
6975,,257862,14,7,13,000,2019,05,15,5,3,3,6,0,,1,1,0,0,0,,"734587,588629955430000","5695412,367391755800000",12.369824933000075,51.36145325800004,9,,9,Nord,,,0,9.0,,0,,,,
6976,,257877,14,7,13,000,2019,05,17,4,3,5,3,0,,1,1,0,0,0,,"731501,055000000630000","5691447,346999997300000",12.322989998000025,51.327125917000046,5,,5,Südwest,,,0,5.0,,0,,,,
6977,,257880,14,7,13,000,2019,05,16,4,3,1,6,0,,1,1,0,0,0,,"738661,306694367900000","5690099,968543300400000",12.424673042000052,51.31207336500006,3,,3,Südost,,,0,3.0,,0,,,,
6978,,257893,14,7,13,000,2019,05,13,3,3,2,6,0,,0,1,0,0,0,,"732322,600753897800000","5690630,146913990400000",12.334228608000046,51.319455205000054,5,,5,Südwest,,,0,5.0,,0,,,,
6979,,257894,14,7,13,000,2019,05,15,3,3,2,6,0,,0,1,0,0,0,,"730547,073986932640000","5691524,756971823100000",12.309371100000021,51.328208231000076,7,,7,Alt-West,,,0,7.0,,0,,,,
6980,,257895,14,7,13,000,2019,05,16,3,3,5,7,0,,1,1,0,0,0,,"738974,190000000410000","5694928,462999999500000",12.43239264500005,51.35528195000006,1,,1,Nordost,,,0,1.0,,0,,,,
6981,,257896,14,7,13,000,2019,05,14,3,3,6,4,0,,0,1,1,0,0,,"736702,278836170210000","5693777,584908045800000",12.39905777000007,51.34590228900004,2,,2,Ost,,,0,2.0,,0,,,,
6982,,257897,14,7,13,000,2019,05,15,3,3,5,3,0,,1,0,0,0,0,,"742272,809827118180000","5694366,356135040500000",12.47929502900007,51.34884032400004,2,,2,Ost,,,0,2.0,,1,,,,
6983,,257910,14,7,13,000,2019,05,15,2,3,5,3,0,,1,1,0,0,0,,"734616,733962338420000","5692444,312077306200000",12.36828676400006,51.33479876200005,0,,0,Mitte,,,1,0.0,,0,,,,
6984,,257911,14,7,13,000,2019,05,09,2,3,3,2,0,,1,1,0,0,0,,"735012,685124064800000","5692065,577266845900000",12.373710881000022,51.33123562000003,0,,0,Mitte,,,0,0.0,,0,,,,
6985,,257912,14,7,13,000,2019,05,15,2,3,5,3,0,,0,1,0,0,0,,"728536,473454030230000","5689941,725406102800000",12.279546356000026,51.31480824600004,6,,6,West,,,0,6.0,,0,,,,
6986,,257913,14,7,13,000,2019,05,21,2,3,1,7,1,,0,1,0,0,0,,"732204,768331035040000","5690858,361720150300000",12.33268920300003,51.32155193400007,5,,5,Südwest,,,1,5.0,,0,,,,
6987,,257914,14,7,13,000,2019,05,15,2,3,2,6,0,,0,1,0,0,0,,"739626,674000000580000","5688364,517000000900000",12.43733370800004,51.29609067100006,3,,3,Südost,,,0,3.0,,0,,,,
6988,,257925,14,7,13,000,2019,05,03,1,3,0,1,2,,1,0,0,0,0,,"735111,824000000950000","5689690,379000004400000",12.373565253000038,51.309873924000044,4,,4,Süd,,,0,4.0,,0,,,,
6989,,257926,14,7,13,000,2019,05,00,1,3,6,4,2,,1,0,1,0,0,,"735035,229684244840000","5691293,743403025000000",12.37352493700007,51.32429802100006,4,,4,Süd,,,0,4.0,,0,,,,
6990,,257939,14,7,13,000,2019,05,17,7,3,1,7,0,,1,1,0,0,0,,"735691,224474201910000","5695814,772831805100000",12.385915526000076,51.364608634000035,9,,9,Nord,,,0,9.0,,0,,,,
6991,,257941,14,7,13,000,2019,05,02,7,3,5,3,2,,0,1,0,0,0,,"737374,663229403090000","5692667,924231121300000",12.40795534700004,51.33566158000008,3,,3,Südost,,,0,3.0,,0,,,,
6992,,257955,14,7,13,000,2019,05,10,6,3,2,2,0,,0,1,0,0,0,,"737494,922000000250000","5687209,723000001200000",12.406045090000077,51.28661800200007,4,,4,Süd,,,0,4.0,,1,,,,
6993,,257956,14,7,13,000,2019,05,22,6,2,9,1,2,,0,0,0,1,0,,"736733,434698015450000","5689176,736609512900000",12.396448880000037,51.304591308000056,4,,4,Süd,,,0,4.0,,0,,,,
6994,,257957,14,7,13,000,2019,05,19,6,2,3,2,0,,1,0,0,0,0,,"735253,314526625910000","5692284,565424561500000",12.377303363000067,51.33310186700004,0,,0,Mitte,,,0,0.0,,1,,,,
6995,,257974,14,7,13,000,2019,05,15,5,3,6,4,0,,1,0,1,0,0,,"736950,950805796310000","5693767,610759237800000",12.402615318000073,51.345709174000035,2,,2,Ost,,,1,2.0,,0,,,,
6996,,257975,14,7,13,000,2019,05,08,5,3,6,7,0,,0,1,1,0,0,,"735698,854403484610000","5696164,416380230300000",12.38625666200005,51.367743946000076,9,,9,Nord,,,0,9.0,,0,,,,
6997,,257976,14,7,13,000,2019,05,07,5,3,5,3,0,,1,1,0,0,0,,"736209,525889922860000","5692516,783583456700000",12.391158955000037,51.33479001400008,0,,0,Mitte,,,1,0.0,,0,,,,
6998,,257977,14,7,13,000,2019,05,07,5,3,5,3,0,,1,1,0,0,0,,"734890,118542503570000","5696053,115829559000000",12.374585815000046,51.36707984800006,9,,9,Nord,,,1,9.0,,0,,,,
6999,,257989,14,7,13,000,2019,05,06,4,3,2,6,0,,0,1,0,1,0,,"736563,555156223480000","5690726,588269943400000",12.395043905000023,51.31857373500003,0,,0,Mitte,,,0,0.0,,0,,,,
7000,,257990,14,7,13,000,2019,05,07,4,2,3,2,0,,1,1,0,0,0,,"735640,827161622230000","5692429,921997992300000",12.38295223800003,51.33424622200005,0,,0,Mitte,,,0,0.0,,0,,,,
7001,,257991,14,7,13,000,2019,05,13,4,3,3,2,0,,1,0,0,0,0,,"738598,726469507440000","5690980,352404592600000",12.42436572500003,51.32000187500006,3,,3,Südost,,,0,3.0,,1,,,,
7002,,257992,14,7,13,000,2019,05,16,4,2,3,5,0,,1,1,0,0,0,,"735407,019999999550000","5689505,205000000100000",12.377670885000043,51.30808973400008,4,,4,Süd,,,0,4.0,,0,,,,
7003,,257993,14,7,13,000,2019,05,06,4,3,2,6,0,,0,1,0,0,0,,"735901,479722728020000","5694723,646174475600000",12.388206853000042,51.35472719400008,9,,9,Nord,,,0,9.0,,0,,,,
7004,,258006,14,7,13,000,2019,05,17,3,3,1,2,0,,0,1,0,0,0,,"735334,897511174900000","5692593,137678675400000",12.378676208000059,51.33583796700003,0,,0,Mitte,,,0,0.0,,0,,,,
7005,,258007,14,7,13,000,2019,05,21,3,3,5,2,2,,1,1,0,0,0,,"737404,867117120880000","5693750,038517003900000",12.40910946200006,51.345362083000055,2,,2,Ost,,,0,2.0,,0,,,,
7006,,258008,14,7,13,000,2019,05,15,3,2,5,2,0,,1,1,0,0,0,,"734834,557050274690000","5692215,577797470600000",12.371257383000057,51.332655654000064,0,,0,Mitte,,,0,0.0,,0,,,,
7007,,258009,14,7,13,000,2019,05,17,3,3,0,1,0,,1,0,0,0,0,,"736983,706163107420000","5693019,429664958300000",12.402586910000025,51.33897977200007,2,,2,Ost,,,0,2.0,,0,,,,
7008,,258011,14,7,13,000,2019,05,07,3,3,3,2,0,,1,1,0,0,0,,"731764,780707733710000","5690946,311795456300000",12.326442944000064,51.32252083000003,5,,5,Südwest,,,0,5.0,,0,,,,
7009,,258012,14,7,13,000,2019,05,16,3,2,3,2,0,,1,0,0,0,0,,"736675,789866014380000","5693031,185360612300000",12.398182045000055,51.33921352900006,3,,3,Südost,,,0,3.0,,1,,,,
7010,,258013,14,7,13,000,2019,05,21,3,3,6,4,2,,1,0,1,0,0,,"735568,593326433560000","5692987,525533458200000",12.382285891000038,51.339281362000065,0,,0,Mitte,,,0,0.0,,0,,,,
7011,,258014,14,7,13,000,2019,05,18,3,3,3,2,0,,1,1,0,0,0,,"735538,448394413110000","5692919,903132254300000",12.38180916400006,51.338686850000045,0,,0,Mitte,,,0,0.0,,0,,,,
7012,,258026,14,7,13,000,2019,06,15,4,3,5,3,0,,1,1,0,0,0,,"736647,666632974520000","5692726,519906701500000",12.397576612000023,51.336490508000054,3,,3,Südost,,,0,3.0,,0,,,,
7013,,258027,14,7,13,000,2019,06,16,4,3,5,2,0,,0,1,0,0,0,,"729336,992199026980000","5690833,722505660700000",12.291587327000059,51.32249384100004,6,,6,West,,,1,6.0,,0,,,,
7014,,258029,14,7,13,000,2019,06,07,5,3,5,3,0,,1,1,0,0,0,,"735645,820531631820000","5697398,994875470200000",12.386314543000026,51.37884778400007,9,,9,Nord,,,0,9.0,,0,,,,
7015,,258031,14,7,13,000,2019,06,06,5,3,5,3,0,,1,1,0,0,0,,"735837,361089913170000","5694976,534020438800000",12.38745526200006,51.357023782000056,9,,9,Nord,,,0,9.0,,0,,,,
7016,,258033,14,7,13,000,2019,06,19,5,3,3,7,1,,0,1,0,0,0,,"736319,160832452590000","5691291,298110872500000",12.391917361000026,51.32374424500006,0,,0,Mitte,,,0,0.0,,0,,,,
7017,,258048,14,7,13,000,2019,06,16,4,3,5,2,0,,0,1,0,1,0,,"737387,945225595500000","5691590,432718735200000",12.407427899000027,51.325984394000045,3,,3,Südost,,,1,3.0,,0,,,,
7018,,258049,14,7,13,000,2019,06,15,4,3,1,5,0,,1,1,0,0,0,,"735276,203972373160000","5691040,146765792700000",12.376809904000027,51.321922047000044,4,,4,Süd,,,0,4.0,,0,,,,
7019,,258050,14,7,13,000,2019,06,07,4,3,5,3,0,,1,1,0,0,0,,"735776,692994235080000","5695200,632967539100000",12.386733993000064,51.359060518000035,9,,9,Nord,,,0,9.0,,0,,,,
7020,,258051,14,7,13,000,2019,06,18,4,2,5,3,0,,0,1,0,1,0,,"737252,518000000160000","5694950,945000002200000",12.40772634800004,51.35620507100003,1,,1,Nordost,,,0,1.0,,0,,,,
7021,,258052,14,7,13,000,2019,06,13,4,3,6,4,0,,0,1,1,0,0,,"736176,887247008270000","5688206,645800337200000",12.38783720300006,51.29611461300004,4,,4,Süd,,,0,4.0,,0,,,,
7022,,258053,14,7,13,000,2019,06,17,4,2,3,5,0,,0,1,0,1,0,,"734247,505247360100000","5692006,979080479600000",12.362708208000072,51.33102524100008,0,,0,Mitte,,,1,0.0,,0,,,,
7023,,258054,14,7,13,000,2019,06,08,4,3,0,4,0,,0,1,1,0,0,,"734079,232868836260000","5695147,815069770400000",12.362361903000021,51.359288168000035,9,,9,Nord,,,0,9.0,,0,,,,
7024,,258055,14,7,13,000,2019,06,10,4,3,5,3,0,,1,1,0,0,0,,"741671,611622690220000","5693992,889730183400000",12.470424700000024,51.34574419200004,2,,2,Ost,,,0,2.0,,0,,,,
7025,,258056,14,7,13,000,2019,06,06,4,3,3,2,0,,0,1,0,0,0,,"736708,438000001010000","5693777,079000001800000",12.399145712000063,51.34589518400003,2,,2,Ost,,,0,2.0,,0,,,,
7026,,258078,14,7,13,000,2019,06,21,3,3,5,3,2,,1,1,0,0,0,,"736343,052936933000000","5692762,838811246700000",12.393235574000073,51.33694318400006,0,,0,Mitte,,,1,0.0,,0,,,,
7027,,258079,14,7,13,000,2019,06,17,3,3,5,3,0,,1,0,0,0,0,,"735499,226754524750000","5692770,837283827400000",12.38114852900003,51.337365033000026,0,,0,Mitte,,,0,0.0,,1,,,,
7028,,258080,14,7,13,000,2019,06,06,3,3,5,7,0,,1,1,0,0,0,,"735839,112585077990000","5689480,292649215100000",12.383842583000046,51.307687275000035,4,,4,Süd,,,0,4.0,,0,,,,
7029,,258081,14,7,13,000,2019,06,07,3,3,1,1,0,,0,1,0,0,0,,"738130,278618707320000","5695198,313351459800000",12.420475348000025,51.35805832200003,1,,1,Nordost,,,0,1.0,,0,,,,
7030,,258082,14,7,13,000,2019,06,16,3,3,2,6,0,,1,1,0,0,0,,"734628,676317135800000","5695399,408383481200000",12.370405509000022,51.36131996800003,9,,9,Nord,,,0,9.0,,0,,,,
7031,,258083,14,7,13,000,2019,06,22,3,2,4,2,2,,1,1,0,0,0,,"734762,126675505190000","5689970,353086782600000",12.368741078000028,51.31253142600008,4,,4,Süd,,,1,4.0,,0,,,,
7032,,258084,14,7,13,000,2019,06,08,3,3,0,4,0,,0,0,1,0,0,,"737500,879248851910000","5694658,654933154600000",12.411091776000035,51.35347773900003,1,,1,Nordost,,,0,1.0,,1,,,,
7033,,258085,14,7,13,000,2019,06,17,3,3,4,2,0,,0,1,0,1,0,,"737257,989590029230000","5691302,158431056900000",12.405374213000073,51.323451023000075,3,,3,Südost,,,0,3.0,,0,,,,
7034,,258086,14,7,13,000,2019,06,07,3,3,5,3,0,,1,1,0,0,0,,"735073,476064333690000","5689668,869464291300000",12.373001858000066,51.30969668200004,4,,4,Süd,,,0,4.0,,0,,,,
7035,,258100,14,7,13,000,2019,06,21,2,2,6,2,1,,0,1,1,0,0,,"736797,815280926410000","5693853,031119719100000",12.400477263000028,51.34653971900008,2,,2,Ost,,,0,2.0,,0,,,,
7036,,258101,14,7,13,000,2019,06,15,2,3,2,6,0,,0,1,0,0,0,,"734632,441267604940000","5695398,220922526000000",12.370458708000058,51.36130775400005,9,,9,Nord,,,0,9.0,,0,,,,
7037,,258112,14,7,13,000,2019,06,20,1,3,1,5,0,,0,1,0,0,0,,"736392,232862723060000","5688094,521060150100000",12.390846195000051,51.295018809000055,4,,4,Süd,,,0,4.0,,0,,,,
7038,,258113,14,7,13,000,2019,06,18,1,3,0,1,0,,1,0,0,0,0,,"735285,657266365360000","5690686,247089814400000",12.37671180500007,51.31874140200006,4,,4,Süd,,,0,4.0,,0,,,,
7039,,258114,14,7,13,000,2019,06,10,1,2,8,1,0,,1,0,0,0,0,,"731147,704000000840000","5696782,727000000000000",12.321391987000027,51.375164521000045,8,,8,Nordwest,,,0,8.0,,0,,,,
7040,,258131,14,7,13,000,2019,06,18,6,3,1,7,0,,1,1,0,0,0,,"734845,716082222760000","5692993,220449935600000",12.371929926000064,51.33963147800006,0,,0,Mitte,,,0,0.0,,0,,,,
7041,,258132,14,7,13,000,2019,06,13,6,2,6,4,0,,1,0,1,0,0,,"736087,460437238220000","5692635,250931613100000",12.389488312000026,51.335904087000074,0,,0,Mitte,,,0,0.0,,0,,,,
7042,,258133,14,7,13,000,2019,06,15,6,2,6,2,0,,0,1,1,0,0,,"734192,476344278080000","5696541,391556114000000",12.364903222000066,51.371750838000025,9,,9,Nord,,,0,9.0,,0,,,,
7043,,258148,14,7,13,000,2019,06,12,5,3,2,6,0,,0,1,0,0,0,,"730500,906688977960000","5690720,054787788500000",12.308189251000044,51.321003130000065,6,,6,West,,,0,6.0,,0,,,,
7044,,258149,14,7,13,000,2019,06,21,5,3,1,7,1,,0,1,0,1,0,,"735370,636878310700000","5689168,151782671000000",12.376927513000055,51.30507925400008,4,,4,Süd,,,0,4.0,,0,,,,
7045,,258150,14,7,13,000,2019,06,01,5,3,3,7,2,,1,1,0,0,0,,"735126,151468050670000","5689430,508893692900000",12.373599204000072,51.307535302000076,4,,4,Süd,,,0,4.0,,0,,,,
7046,,258152,14,7,13,000,2019,06,23,5,3,1,1,2,,0,1,0,0,0,,"736836,125926497390000","5697532,113950850400000",12.403476043000069,51.37954748300007,1,,1,Nordost,,,0,1.0,,0,,,,
7047,,258154,14,7,13,000,2019,06,12,5,3,1,5,0,,1,1,0,0,0,,"735460,928704844790000","5689478,299929076800000",12.378425181000068,51.307825929000046,4,,4,Süd,,,0,4.0,,0,,,,
7048,,258175,14,7,13,000,2019,06,08,4,3,5,3,0,,1,1,0,0,0,,"735000,137335495090000","5693853,897983077900000",12.374710982000067,51.347293437000076,0,,0,Mitte,,,0,0.0,,0,,,,
7049,,258176,14,7,13,000,2019,06,21,4,3,5,3,1,,1,1,0,0,0,,"735389,428304119970000","5691297,575775589800000",12.378601897000067,51.32418599500005,4,,4,Süd,,,0,4.0,,0,,,,
7050,,258177,14,7,13,000,2019,06,21,4,3,5,3,1,,0,1,0,0,0,,"735051,599411459640000","5691285,328034658000000",12.373753911000051,51.32421571900005,4,,4,Süd,,,0,4.0,,0,,,,
7051,,258178,14,7,13,000,2019,06,18,4,3,5,3,0,,0,1,0,0,0,,"739919,158999192530000","5693931,635313076900000",12.445267085000069,51.34593662000003,2,,2,Ost,,,0,2.0,,0,,,,
7052,,258197,14,7,13,000,2019,06,17,3,3,4,2,0,,1,1,0,0,0,,"734851,734566935340000","5692096,631766039900000",12.371425127000066,51.33158085300005,0,,0,Mitte,,,0,0.0,,0,,,,
7053,,258198,14,7,13,000,2019,06,18,3,3,1,6,0,,0,1,0,0,0,,"737293,408923783340000","5692397,935149734800000",12.406611184000042,51.33327204400007,3,,3,Südost,,,0,3.0,,0,,,,
7054,,258199,14,7,13,000,2019,06,08,3,3,3,7,0,,1,0,0,0,0,,"730512,375829655680000","5693318,901976408400000",12.310034871000028,51.344328276000056,7,,7,Alt-West,,,0,7.0,,1,,,,
7055,,258200,14,7,13,000,2019,06,12,3,3,2,2,0,,1,1,0,0,0,,"732322,215034879740000","5690629,032240949600000",12.334222356000055,51.319445356000074,5,,5,Südwest,,,0,5.0,,0,,,,
7056,,258201,14,7,13,000,2019,06,16,3,3,5,2,0,,1,1,0,0,0,,"734719,283372167500000","5690206,033157566600000",12.368282516000022,51.31466466900008,4,,4,Süd,,,0,4.0,,0,,,,
7057,,258202,14,7,13,000,2019,06,14,3,2,6,2,0,,0,1,1,0,0,,"736263,241683004420000","5699964,383549979000000",12.396877055000061,51.401618401000064,9,,9,Nord,,,0,9.0,,0,,,,
7058,,258203,14,7,13,000,2019,06,18,3,3,4,2,0,,1,0,0,1,0,,"732401,750000000000000","5690886,053000001200000",12.335529267000027,51.32172009300007,5,,5,Südwest,,,0,5.0,,0,,,,
7059,,258226,14,7,13,000,2019,06,11,2,3,5,3,0,,1,0,0,0,0,,"733051,558891099880000","5690605,235772159000000",12.344655026000055,51.31893351600007,5,,5,Südwest,,,0,5.0,,1,,,,
7060,,258228,14,7,13,000,2019,06,05,2,3,5,3,0,,1,1,0,0,0,,"739098,941999999810000","5699445,124000001700000",12.437219252000034,51.395769865000034,1,,1,Nordost,,,0,1.0,,0,,,,
7061,,258229,14,7,13,000,2019,06,05,2,3,4,2,0,,0,1,0,1,0,,"730838,915428519250000","5698495,886420527500000",12.318076056000052,51.39066884600004,8,,8,Nordwest,,,0,8.0,,0,,,,
7062,,258230,14,7,13,000,2019,06,11,2,3,3,2,0,,1,1,0,0,0,,"733680,251955047250000","5697367,505182769100000",12.358100240000056,51.379377384000065,9,,9,Nord,,,0,9.0,,0,,,,
7063,,258231,14,7,13,000,2019,06,17,2,3,6,4,0,,1,1,1,0,0,,"734035,629850551490000","5695845,238279731900000",12.362195606000057,51.365566511000054,9,,9,Nord,,,0,9.0,,0,,,,
7064,,258232,14,7,13,000,2019,06,16,2,3,5,3,0,,1,1,0,0,0,,"741522,035000001080000","5690294,343000002200000",12.465774564000071,51.312611384000036,3,,3,Südost,,,0,3.0,,0,,,,
7065,,258233,14,7,13,000,2019,06,16,2,3,6,2,0,,0,0,1,0,0,,"727162,822670638560000","5689549,716674972300000",12.259618876000047,51.31183894000003,6,,6,West,,,0,6.0,,1,,,,
7066,,258249,14,7,13,000,2019,06,16,1,3,4,2,0,,1,1,0,0,0,,"735766,586000001990000","5692870,604000000300000",12.385045948000027,51.338149790000045,0,,0,Mitte,,,0,0.0,,0,,,,
7067,,258250,14,7,13,000,2019,06,12,1,3,5,3,0,,1,1,0,0,0,,"736237,171230258420000","5694036,982797870400000",12.392563505000055,51.34842414800005,0,,0,Mitte,,,0,0.0,,0,,,,
7068,,258251,14,7,13,000,2019,06,11,1,3,1,7,0,,0,1,0,1,0,,"733589,169355035760000","5690683,283923318600000",12.352407545000062,51.31941370200008,5,,5,Südwest,,,0,5.0,,0,,,,
7069,,258259,14,7,13,000,2019,06,15,7,3,4,2,0,,1,1,0,0,0,,"735067,487973139620000","5688580,812025867400000",12.372199435000027,51.29993227300008,4,,4,Süd,,,0,4.0,,0,,,,
7070,,258260,14,7,13,000,2019,06,13,7,3,6,4,0,,1,0,1,0,0,,"737816,564421576450000","5695015,316542005200000",12.41585549000007,51.35654712100006,1,,1,Nordost,,,0,1.0,,0,,,,
7071,,258268,14,7,13,000,2019,05,11,6,3,5,3,0,,1,1,0,0,0,,"727243,045894011860000","5693206,213564205900000",12.263099450000027,51.34463278800007,7,,7,Alt-West,,,0,7.0,,0,,,,
7072,,258269,14,7,13,000,2019,05,19,6,3,0,1,0,,1,0,0,0,0,,"731409,078875339590000","5692062,863323532000000",12.322071834000042,51.33268874500004,7,,7,Alt-West,,,0,7.0,,0,,,,
7073,,258270,14,7,13,000,2019,05,22,6,3,1,5,2,,1,1,0,0,0,,"732359,568241633470000","5691451,210742672900000",12.335293332000049,51.32681060200008,5,,5,Südwest,,,1,5.0,,0,,,,
7074,,258271,14,7,13,000,2019,05,11,6,3,6,6,0,,1,0,1,0,0,,"736137,159552620720000","5699430,790315724900000",12.394712750000053,51.39688130700006,9,,9,Nord,,,0,9.0,,0,,,,
7075,,258272,14,7,13,000,2019,05,13,6,3,5,3,0,,1,1,0,0,0,,"730782,033865779640000","5697268,189255161200000",12.316462330000036,51.37967115100008,8,,8,Nordwest,,,0,8.0,,0,,,,
7076,,258285,14,7,13,000,2019,05,12,5,3,1,5,0,,1,0,0,0,0,,"736671,884701922540000","5693778,804088782500000",12.39862294300002,51.34592588600003,2,,2,Ost,,,0,2.0,,1,,,,
7077,,258286,14,7,13,000,2019,05,02,5,3,0,1,2,,0,0,0,1,0,,"731527,612331727520000","5691809,545801321000000",12.323605816000054,51.33036651500004,7,,7,Alt-West,,,0,7.0,,0,,,,
7078,,258289,14,7,13,000,2019,05,10,5,3,5,3,0,,1,1,0,0,0,,"730748,553000000310000","5685497,162000000500000",12.308361601000058,51.27401672800005,5,,5,Südwest,,,0,5.0,,0,,,,
7079,,258309,14,7,13,000,2019,05,19,4,3,6,4,0,,0,1,1,0,0,,"740999,144098227840000","5694783,783423699400000",12.461322390000078,51.35312834300004,2,,2,Ost,,,0,2.0,,0,,,,
7080,,258310,14,7,13,000,2019,05,11,4,3,0,7,0,,1,0,0,0,0,,"735715,656148807150000","5690629,284355405700000",12.382833765000044,51.31805214000008,4,,4,Süd,,,0,4.0,,0,,,,
7081,,258311,14,7,13,000,2019,05,10,4,3,5,3,0,,1,1,0,0,0,,"733606,529330234040000","5694065,543349435600000",12.354873955000073,51.34976765400006,0,,0,Mitte,,,0,0.0,,0,,,,
7082,,258312,14,7,13,000,2019,05,16,4,3,2,6,0,,0,1,0,0,0,,"733992,855872452260000","5692373,291031146400000",12.359299931000066,51.33441825800003,0,,0,Mitte,,,0,0.0,,0,,,,
7083,,258316,14,7,13,000,2019,06,20,4,3,4,2,0,,0,1,0,1,0,,"734782,366000000390000","5689847,874000003600000",12.368950358000063,51.31142364900006,4,,4,Süd,,,0,4.0,,0,,,,
7084,,258317,14,7,13,000,2019,06,14,4,3,1,3,0,,1,1,0,0,0,,"736794,705838550810000","5693857,332471946300000",12.400435556000048,51.34657962400007,2,,2,Ost,,,0,2.0,,0,,,,
7085,,258318,14,7,13,000,2019,06,14,4,2,4,2,0,,0,1,0,1,0,,"731822,174370061610000","5692969,543376855600000",12.328581471000064,51.340659611000035,7,,7,Alt-West,,,0,7.0,,0,,,,
7086,,258319,14,7,13,000,2019,06,19,4,3,2,6,0,,0,1,0,0,0,,"735102,285783229400000","5688703,555965293200000",12.372778543000038,51.30101971200003,4,,4,Süd,,,0,4.0,,0,,,,
7087,,258320,14,7,13,000,2019,06,09,4,3,4,6,0,,1,0,0,0,0,,"738959,161989875140000","5697909,707993706700000",12.434180664000053,51.38204725700007,1,,1,Nordost,,,0,1.0,,0,,,,
7088,,258321,14,7,13,000,2019,06,09,4,3,3,6,0,,1,1,0,0,0,,"737664,807433771900000","5692252,764049844800000",12.411836055000038,51.33181391800008,3,,3,Südost,,,0,3.0,,0,,,,
7089,,258338,14,7,13,000,2019,06,05,3,3,6,4,0,,0,1,1,0,0,,"737590,505605803800000","5693455,542714444900000",12.411573645000033,51.342641137000044,2,,2,Ost,,,0,2.0,,0,,,,
7090,,258339,14,7,13,000,2019,06,19,3,3,6,2,0,,0,1,1,0,0,,"734805,205429699270000","5692372,401281448100000",12.370940146000066,51.33407548300005,0,,0,Mitte,,,0,0.0,,0,,,,
7091,,258340,14,7,13,000,2019,06,16,3,3,1,2,0,,1,1,0,0,0,,"730526,366151648570000","5690685,812594467800000",12.308531857000048,51.32068542400003,5,,5,Südwest,,,0,5.0,,0,,,,
7092,,258341,14,7,13,000,2019,06,08,3,3,2,6,0,,0,1,0,0,0,,"736529,313965017910000","5687341,440524017400000",12.392310081000062,51.288202040000044,4,,4,Süd,,,0,4.0,,0,,,,
7093,,258342,14,7,13,000,2019,06,08,3,3,5,2,0,,1,1,0,0,0,,"735183,597830002200000","5688964,967810001200000",12.37411511700003,51.30333268000004,4,,4,Süd,,,0,4.0,,0,,,,
7094,,258343,14,7,13,000,2019,06,06,3,3,0,7,0,,1,0,0,0,0,,"731919,898839198980000","5698599,198600780200000",12.333653385000048,51.39115560100004,8,,8,Nordwest,,,1,8.0,,1,,,,
7095,,258344,14,7,13,000,2019,06,06,3,3,0,7,0,,0,0,0,1,0,,"734956,095754000360000","5698639,278495503600000",12.37724176200004,51.39026671200003,9,,9,Nord,,,1,9.0,,1,,,,
7096,,258345,14,7,13,000,2019,06,08,3,3,3,2,0,,0,0,0,0,0,,"731150,790961675350000","5690258,699149034900000",12.31720068800007,51.31659794800004,5,,5,Südwest,,,0,5.0,,1,,,,
7097,,258346,14,7,13,000,2019,06,07,3,3,4,2,0,,1,1,0,0,0,,"736781,265000001530000","5692025,955000000100000",12.399025517000041,51.33014652700007,3,,3,Südost,,,0,3.0,,0,,,,
7098,,258347,14,7,13,000,2019,06,20,3,3,1,5,0,,1,1,0,0,0,,"735802,424999999810000","5692822,265999998900000",12.385527547000038,51.337701036000055,0,,0,Mitte,,,0,0.0,,0,,,,
7099,,258348,14,7,13,000,2019,06,19,3,3,2,6,0,,0,1,0,0,0,,"735974,266383203680000","5692879,080168793000000",12.388027764000071,51.33813973600007,0,,0,Mitte,,,0,0.0,,0,,,,
7100,,258349,14,7,13,000,2019,06,14,3,3,5,3,0,,0,1,0,0,0,,"739222,032999999820000","5697235,028000002700000",12.437497028000053,51.37588083000003,1,,1,Nordost,,,0,1.0,,1,,,,
7101,,258367,14,7,13,000,2019,06,07,2,3,1,1,0,,1,1,0,0,0,,"737180,317520675250000","5694045,967535074800000",12.406088215000068,51.34811208200006,2,,2,Ost,,,0,2.0,,0,,,,
7102,,258368,14,7,13,000,2019,06,11,2,3,2,6,0,,0,1,0,0,0,,"734850,616999999620000","5691914,469999998800000",12.371289062000073,51.32994615600006,0,,0,Mitte,,,0,0.0,,0,,,,
7103,,258369,14,7,13,000,2019,06,08,2,2,0,7,0,,0,0,0,0,0,,"731323,233603567820000","5691736,642352150800000",12.320629905000033,51.32979521900006,7,,7,Alt-West,,,0,7.0,,1,,,,
7104,,258370,14,7,13,000,2019,06,09,2,3,3,2,0,,1,1,0,0,0,,"735007,873608383350000","5691763,262847363900000",12.373442579000027,51.32852391500006,0,,0,Mitte,,,0,0.0,,0,,,,
7105,,258371,14,7,13,000,2019,06,18,2,3,0,5,0,,1,1,0,0,0,,"735626,198435912840000","5689336,092468213300000",12.380698163000034,51.306481045000055,4,,4,Süd,,,0,4.0,,0,,,,
7106,,258372,14,7,13,000,2019,06,19,2,2,2,2,0,,0,1,0,1,0,,"737400,623866472390000","5693750,189931655300000",12.409048746000053,51.345365214000026,2,,2,Ost,,,0,2.0,,0,,,,
7107,,258390,14,7,13,000,2019,06,15,1,3,1,6,0,,1,1,0,0,0,,"734065,422499448990000","5696661,870226262100000",12.363160400000027,51.37288467700006,9,,9,Nord,,,0,9.0,,0,,,,