UNFALL_ID,FID_left,OBJECTID,ULAND,UREGBEZ,UKREIS,UGEMEINDE,UJAHR,UMONAT,USTUNDE,UWOCHENTAG,UKATEGORIE,UART,UTYP1,ULICHTVERH,IstStrasse,IstRad,IstPKW,IstFuss,IstKrad,IstGkfz,IstSonstig,LINREFX,LINREFY,XGCSWGS84,YGCSWGS84,index_right,FID_right,SBZ,Name,UIDENTSTLA,LICHT,STRZUSTAND,FID,OBJECTID_1,IstSonstige,UIDENTSTLAE,OID_,IstStrassenzustand,PLST
7242,,258921,14,7,13,000,2019,07,15,6,3,5,2,0,,1,1,0,0,0,,"735470,523716463710000","5689238,622222399300000",12.378404441000043,51.30567052200007,4,,4,Süd,,,0,4.0,,0,,,,
7243,,258922,14,7,13,000,2019,07,15,6,3,3,2,0,,1,1,0,0,0,,"738117,002658523620000","5693623,280338592800000",12.419231367000066,51.343926500000066,2,,2,Ost,,,0,2.0,,0,,,,
7244,,258940,14,7,13,000,2019,07,18,5,3,2,6,0,,0,1,0,0,0,,"733901,391512203960000","5690816,639271840500000",12.356967698000062,51.32048252700008,4,,4,Süd,,,0,4.0,,0,,,,
7245,,258941,14,7,13,000,2019,07,17,5,3,2,6,0,,0,1,0,0,0,,"733899,869529499670000","5690816,159785289300000",12.356945580000058,51.32047884800005,4,,4,Süd,,,0,4.0,,0,,,,
7246,,258943,14,7,13,000,2019,07,07,5,2,4,2,0,,1,1,0,0,0,,"738349,783007370310000","5692369,854627752700000",12.42172885900004,51.33257830700006,2,,2,Ost,,,0,2.0,,0,,,,
7247,,258957,14,7,13,000,2019,07,14,4,3,3,2,0,,1,1,0,0,0,,"735009,497436204930000","5691986,638265170200000",12.373613146000025,51.330528350000066,0,,0,Mitte,,,0,0.0,,0,,,,
7248,,258958,14,7,13,000,2019,07,14,4,3,5,3,0,,1,1,0,0,0,,"734631,384893984530000","5693252,433139976100000",12.369029029000046,51.34204675500007,0,,0,Mitte,,,0,0.0,,0,,,,
7249,,258959,14,7,13,000,2019,07,19,4,3,6,4,0,,1,0,1,0,0,,"738274,566852074120000","5693602,842755256200000",12.42147589800004,51.34367704400006,2,,2,Ost,,,0,2.0,,0,,,,
7250,,258960,14,7,13,000,2019,07,17,4,3,2,6,0,,0,1,0,1,0,,"736283,072664883920000","5695002,132009200800000",12.393862200000058,51.35706841600006,9,,9,Nord,,,0,9.0,,0,,,,
7251,,258962,14,7,13,000,2019,07,17,4,3,6,4,0,,1,0,1,0,0,,"731543,762686291710000","5698705,064835764500000",12.328325581000058,51.39225949400003,8,,8,Nordwest,,,0,8.0,,0,,,,
7252,,258963,14,7,13,000,2019,07,08,4,2,4,2,0,,0,1,0,1,0,,"734077,757955406790000","5696164,401372529600000",12.36300979200007,51.36841410100004,9,,9,Nord,,,0,9.0,,0,,,,
7253,,258964,14,7,13,000,2019,07,20,4,2,5,3,0,,1,1,0,0,0,,"733871,613155343570000","5695332,571878744300000",12.359506577000047,51.36103211900007,9,,9,Nord,,,0,9.0,,0,,,,
7254,,258982,14,7,13,000,2019,07,20,3,3,1,5,1,,1,1,0,0,0,,"726617,827102710490000","5690408,241378417200000",12.25235764200005,51.31976360300007,6,,6,West,,,0,6.0,,0,,,,
7255,,258983,14,7,13,000,2019,07,09,3,3,9,1,0,,0,1,0,0,0,,"728216,599527282640000","5688553,151511834900000",12.27407598600007,51.30247091900003,6,,6,West,,,0,6.0,,0,,,,
7256,,258986,14,7,13,000,2019,07,06,3,3,4,2,0,,1,0,0,0,0,,"735474,272027242000000","5693366,033838022500000",12.381184421000057,51.34271803300004,0,,0,Mitte,,,0,0.0,,1,,,,
7257,,259007,14,7,13,000,2019,07,14,2,2,6,2,0,,1,0,1,0,0,,"734719,052176108580000","5690209,900645954500000",12.368281750000051,51.31469948100005,4,,4,Süd,,,0,4.0,,0,,,,
7258,,259008,14,7,13,000,2019,07,10,2,3,1,7,0,,0,1,0,0,0,,"736637,078309893610000","5689049,752277733800000",12.39498485200005,51.30349152300005,4,,4,Süd,,,0,4.0,,0,,,,
7259,,259009,14,7,13,000,2019,07,07,2,3,5,3,0,,1,1,0,0,0,,"738085,925131408500000","5697558,177043927800000",12.42141956000006,51.379258793000076,1,,1,Nordost,,,0,1.0,,0,,,,
7260,,259010,14,7,13,000,2019,07,05,2,3,1,5,1,,1,1,0,0,0,,"734780,370298993770000","5691375,959225758900000",12.36992781500004,51.32514125000006,4,,4,Süd,,,0,4.0,,0,,,,
7261,,259020,14,7,13,000,2019,07,11,1,3,1,5,0,,1,1,0,0,0,,"728236,705881277100000","5689384,668750474200000",12.274895762000028,51.30992766400004,6,,6,West,,,0,6.0,,0,,,,
7262,,259021,14,7,13,000,2019,07,06,1,3,1,1,1,,0,1,0,0,0,,"731406,166976698670000","5692613,249982522800000",12.322387607000053,51.337630671000056,7,,7,Alt-West,,,0,7.0,,1,,,,
7263,,259022,14,7,13,000,2019,07,10,1,3,2,6,0,,0,1,0,0,0,,"735261,011446338150000","5695212,580704994500000",12.37934841300006,51.35938149200007,0,,0,Mitte,,,0,0.0,,0,,,,
7264,,259028,14,7,13,000,2019,07,09,7,3,3,6,0,,1,1,0,0,0,,"735731,930974639950000","5688959,577403903000000",12.38196365300007,51.30305754400007,4,,4,Süd,,,0,4.0,,0,,,,
7265,,259029,14,7,13,000,2019,07,14,7,3,1,1,0,,0,1,0,0,0,,"732883,012045294050000","5695962,989352116400000",12.345744406000051,51.36709716300004,8,,8,Nordwest,,,0,8.0,,0,,,,
7266,,259030,14,7,13,000,2019,07,15,7,3,4,6,0,,1,0,0,0,0,,"735646,621114720590000","5692901,575150849300000",12.383347252000021,51.33847751900004,0,,0,Mitte,,,0,0.0,,0,,,,
7267,,259040,14,7,13,000,2019,07,14,6,3,9,1,0,,0,1,0,0,0,,"731286,809461082330000","5690690,469711348400000",12.319429189000061,51.32041865100007,7,,7,Alt-West,,,0,7.0,,0,,,,
7268,,259041,14,7,13,000,2019,07,16,6,3,1,1,0,,1,1,0,0,0,,"730527,552002302370000","5692645,039887150700000",12.30981620700004,51.33827289200008,7,,7,Alt-West,,,1,7.0,,0,,,,
7269,,259042,14,7,13,000,2019,07,12,6,3,5,3,0,,0,1,0,0,0,,"730510,417579932140000","5689715,597485363500000",12.307676290000074,51.311982252000064,6,,6,West,,,1,6.0,,0,,,,
7270,,259043,14,7,13,000,2019,07,13,6,2,5,3,0,,1,1,0,0,0,,"732593,667999999600000","5691593,984000001100000",12.338740654000048,51.32799657500004,5,,5,Südwest,,,0,5.0,,0,,,,
7271,,259044,14,7,13,000,2019,07,23,6,3,0,1,2,,1,0,0,0,0,,"737781,315458499830000","5691451,667783966300000",12.412970965000056,51.32457456600008,3,,3,Südost,,,0,3.0,,0,,,,
7272,,259045,14,7,13,000,2019,07,11,6,3,1,1,0,,1,1,0,0,0,,"734255,503975627940000","5695375,972187290000000",12.365039447000072,51.36126356500006,9,,9,Nord,,,1,9.0,,0,,,,
7273,,259046,14,7,13,000,2019,07,10,6,3,5,2,0,,1,1,0,0,0,,"730662,905587307180000","5691614,829167218900000",12.311089112000047,51.32896985100007,7,,7,Alt-West,,,0,7.0,,0,,,,
7274,,259047,14,7,13,000,2019,07,15,6,3,2,6,0,,0,1,0,0,0,,"742473,872367446310000","5692804,042414499400000",12.481113095000069,51.33473227500008,2,,2,Ost,,,0,2.0,,1,,,,
7275,,259062,14,7,13,000,2019,07,11,5,3,5,3,0,,1,1,0,0,0,,"730894,553417371590000","5685496,951553631600000",12.310451001000047,51.27395571300008,5,,5,Südwest,,,0,5.0,,0,,,,
7276,,259064,14,7,13,000,2019,07,12,5,2,5,3,0,,1,1,0,0,0,,"742272,387809235600000","5694562,890973364900000",12.479422739000029,51.35060447700005,2,,2,Ost,,,0,2.0,,0,,,,
7277,,259065,14,7,13,000,2019,07,08,5,3,5,2,0,,1,0,0,0,0,,"737280,454452006150000","5693757,527340935500000",12.407331292000038,51.345481240000026,2,,2,Ost,,,0,2.0,,1,,,,
7278,,259066,14,7,13,000,2019,07,10,5,2,5,3,0,,1,0,0,0,0,,"742369,404000001030000","5694043,808000002100000",12.48045989700006,51.345904164000046,2,,2,Ost,,,0,2.0,,0,,,,
7279,,259081,14,7,13,000,2019,07,19,4,3,3,2,0,,1,1,0,0,0,,"734522,585415850390000","5692562,872548528000000",12.367015669000068,51.335901843000045,0,,0,Mitte,,,0,0.0,,0,,,,
7280,,259082,14,7,13,000,2019,07,16,4,3,5,3,0,,1,1,0,0,0,,"739757,775000001300000","5688232,315999997800000",12.43912189300005,51.29484888300004,3,,3,Südost,,,0,3.0,,0,,,,
7281,,259083,14,7,13,000,2019,07,20,4,3,3,6,1,,0,1,0,1,0,,"733417,422244693150000","5700029,045053161700000",12.356079653000052,51.403376707000064,8,,8,Nordwest,,,0,8.0,,0,,,,
7282,,259084,14,7,13,000,2019,07,11,4,3,2,2,0,,0,1,0,0,0,,"737767,266999999990000","5690336,174000000600000",12.412025912000047,51.31456771300003,3,,3,Südost,,,0,3.0,,0,,,,
7283,,259085,14,7,13,000,2019,07,18,4,3,3,2,0,,1,1,0,0,0,,"734750,185016873290000","5693849,232741251600000",12.371125149000022,51.34735482800005,0,,0,Mitte,,,0,0.0,,0,,,,
7284,,259086,14,7,13,000,2019,07,16,4,3,2,2,0,,0,1,0,0,0,,"740969,763701950200000","5693959,409367527800000",12.460343210000076,51.345741591000035,2,,2,Ost,,,0,2.0,,0,,,,
7285,,259087,14,7,13,000,2019,07,17,4,3,4,6,0,,1,0,0,0,0,,"734371,356066323820000","5696532,926075674600000",12.367463039000029,51.37160106700003,9,,9,Nord,,,0,9.0,,0,,,,
7286,,259093,14,7,13,000,2019,07,18,4,3,3,2,0,,1,0,0,0,0,,"736596,464407709430000","5690094,080166135000000",12.395095734000051,51.312882527000056,0,,0,Mitte,,,1,0.0,,1,,,,
7287,,259109,14,7,13,000,2019,07,14,3,3,3,2,0,,1,1,0,0,0,,"735663,950466415840000","5696059,666001869400000",12.385686723000049,51.36681816400005,9,,9,Nord,,,0,9.0,,0,,,,
7288,,259123,14,7,13,000,2019,07,04,3,3,3,5,1,,0,1,0,1,0,,"730598,582000002260000","5690084,370999999300000",12.309177533000025,51.31525702300007,5,,5,Südwest,,,0,5.0,,0,,,,
7289,,259126,14,7,13,000,2019,07,17,2,3,4,6,0,,1,0,0,0,0,,"732331,105800566260000","5690609,527575861700000",12.334337014000027,51.319266638000045,5,,5,Südwest,,,0,5.0,,0,,,,
7290,,259127,14,7,13,000,2019,07,13,3,3,5,3,0,,1,1,0,0,0,,"739939,226064509710000","5698065,481964169100000",12.448343421000061,51.38303212400007,1,,1,Nordost,,,0,1.0,,0,,,,
7291,,259128,14,7,13,000,2019,07,15,2,3,2,2,0,,0,1,0,0,0,,"734206,975603096190000","5692887,081517340600000",12.362706038000056,51.338942158000066,0,,0,Mitte,,,0,0.0,,0,,,,
7292,,259131,14,7,13,000,2019,07,15,2,3,2,2,0,,0,1,0,1,0,,"731085,657866520810000","5696463,054503915800000",12.320294232000037,51.37232013000005,8,,8,Nordwest,,,0,8.0,,0,,,,
7293,,259132,14,7,13,000,2019,07,20,2,3,8,7,1,,0,1,0,0,0,,"738127,368628920990000","5700026,532797772400000",12.423669054000072,51.40139698200005,1,,1,Nordost,,,0,1.0,,0,,,,
7294,,259134,14,7,13,000,2019,07,11,2,3,3,2,0,,0,1,0,0,0,,"731173,102722008710000","5691919,348170233900000",12.318597193000073,51.33149638200007,7,,7,Alt-West,,,0,7.0,,1,,,,
7295,,259136,14,7,13,000,2019,07,17,2,3,6,3,0,,0,1,1,0,0,,"737138,797537012030000","5692937,273913005400000",12.404754780000076,51.33817768200004,2,,2,Ost,,,0,2.0,,0,,,,
7296,,259139,14,7,13,000,2019,07,15,2,2,6,4,0,,0,1,1,0,0,,"729221,165231057440000","5690782,740299912200000",12.289895071000046,51.322082839000075,6,,6,West,,,0,6.0,,0,,,,
7297,,259141,14,7,13,000,2019,07,14,2,3,4,2,0,,0,1,0,0,0,,"738794,505082247780000","5696080,035577435000000",12.430589776000033,51.365693779000026,1,,1,Nordost,,,0,1.0,,0,,,,
7298,,259144,14,7,13,000,2019,07,16,2,3,5,3,0,,1,1,0,0,0,,"737014,283174304290000","5691839,042371813200000",12.402239890000033,51.328371735000076,3,,3,Südost,,,0,3.0,,0,,,,
7299,,259145,14,7,13,000,2019,07,09,2,3,6,6,0,,0,1,1,0,0,,"736123,768885344270000","5693494,488822722800000",12.390578240000025,51.34360172300006,0,,0,Mitte,,,0,0.0,,0,,,,
7300,,259146,14,7,13,000,2019,07,08,2,3,3,2,0,,1,1,0,0,0,,"737183,584999999960000","5694053,812000000800000",12.40614027600003,51.34818113100005,2,,2,Ost,,,0,2.0,,0,,,,
7301,,259148,14,7,13,000,2019,07,08,2,3,5,3,0,,1,1,0,0,0,,"734227,269953900020000","5693782,257081626000000",12.363585683000053,51.346969313000045,0,,0,Mitte,,,0,0.0,,0,,,,
7302,,259150,14,7,13,000,2019,07,16,2,3,6,7,0,,0,1,1,0,0,,"736801,067440873010000","5693773,142178554100000",12.400470743000028,51.34582127200008,2,,2,Ost,,,0,2.0,,0,,,,
7303,,259152,14,7,13,000,2019,07,07,2,3,3,2,0,,0,1,0,0,0,,"736189,047847744080000","5688200,850198691700000",12.388007480000056,51.29605754700003,4,,4,Süd,,,0,4.0,,0,,,,
7304,,259153,14,7,13,000,2019,07,17,2,3,5,3,0,,1,1,0,0,0,,"735756,446999999690000","5692871,007000001100000",12.38490091500006,51.33815761100004,0,,0,Mitte,,,0,0.0,,0,,,,
7305,,259155,14,7,13,000,2019,07,09,1,3,4,2,0,,0,1,0,0,0,,"737373,849084977060000","5693158,455805845600000",12.408270562000041,51.34006496000006,2,,2,Ost,,,0,2.0,,0,,,,
7306,,259156,14,7,13,000,2019,07,16,2,2,6,4,0,,0,1,1,0,0,,"732005,311733547600000","5692359,062455609400000",12.330808629000046,51.33510477200008,7,,7,Alt-West,,,0,7.0,,0,,,,
7307,,259158,14,7,13,000,2019,07,07,2,3,5,3,0,,1,1,0,0,0,,"734372,375000000930000","5692372,810000000500000",12.364738073000069,51.33425767500006,0,,0,Mitte,,,0,0.0,,0,,,,
7308,,259176,14,7,13,000,2019,08,15,5,3,6,4,0,,1,0,1,0,0,,"736224,913394191300000","5693691,034220794200000",12.392158265000035,51.34532394100006,0,,0,Mitte,,,0,0.0,,0,,,,
7309,,259177,14,7,13,000,2019,08,13,5,2,8,1,0,,0,0,0,1,0,,"739023,792095750570000","5697657,411870354800000",12.434937984000044,51.37975550900006,1,,1,Nordost,,,1,1.0,,0,,,,
7310,,259178,14,7,13,000,2019,08,18,5,3,5,3,0,,1,1,0,0,0,,"734809,788966420110000","5692645,387133007900000",12.371185749000063,51.33652402300004,0,,0,Mitte,,,0,0.0,,0,,,,
7311,,259179,14,7,13,000,2019,08,12,5,3,1,5,0,,1,1,0,0,0,,"732920,512141982090000","5690999,981059974100000",12.343035603000033,51.32253067400006,5,,5,Südwest,,,1,5.0,,0,,,,
7312,,259195,14,7,13,000,2019,08,19,4,3,2,6,0,,0,1,0,1,0,,"735105,989605228420000","5689775,891819555300000",12.373538043000053,51.31064393300005,4,,4,Süd,,,0,4.0,,0,,,,
7313,,259196,14,7,13,000,2019,08,10,4,3,5,3,0,,0,1,0,0,1,,"731482,747065723870000","5688732,563666295300000",12.320965774000058,51.30276305700005,5,,5,Südwest,,,0,5.0,,0,,,,
7314,,259197,14,7,13,000,2019,08,21,4,2,1,1,1,,0,1,0,1,0,,"734317,681313732640000","5692747,598721975500000",12.364200836000066,51.33764449000006,0,,0,Mitte,,,0,0.0,,0,,,,
7315,,259198,14,7,13,000,2019,08,11,4,2,9,1,0,,0,1,0,0,0,,"735867,575343090110000","5695431,059243334500000",12.38818976500005,51.36109115800008,9,,9,Nord,,,0,9.0,,0,,,,
7316,,259199,14,7,13,000,2019,08,18,4,3,5,2,0,,1,1,0,0,0,,"734740,267000000920000","5692108,176000000900000",12.369835526000031,51.33173049100003,0,,0,Mitte,,,0,0.0,,0,,,,
7317,,259214,14,7,13,000,2019,08,16,3,3,5,3,0,,0,1,0,0,0,,"735015,868423127570000","5693705,495880316900000",12.37483850600006,51.345954824000046,0,,0,Mitte,,,0,0.0,,0,,,,
7318,,259215,14,7,13,000,2019,08,15,3,3,3,2,0,,1,0,0,0,1,,"736056,692000000740000","5691710,662000000500000",12.388434902000029,51.32761751900006,0,,0,Mitte,,,0,0.0,,0,,,,
7319,,259216,14,7,13,000,2019,08,10,3,3,5,2,0,,1,1,0,0,0,,"737196,318621365350000","5693478,822241239200000",12.405939747000048,51.34301467200004,2,,2,Ost,,,0,2.0,,0,,,,
7320,,259217,14,7,13,000,2019,08,10,3,2,5,3,0,,1,1,0,0,0,,"732367,612627140250000","5698830,299185024600000",12.340228385000046,51.39304699100006,8,,8,Nordwest,,,0,8.0,,0,,,,
7321,,259218,14,7,13,000,2019,08,08,3,3,5,3,0,,1,1,0,0,0,,"737535,178247151900000","5693746,796816641500000",12.41097499500006,51.34527855700003,2,,2,Ost,,,0,2.0,,0,,,,
7322,,259219,14,7,13,000,2019,08,07,3,2,5,3,0,,0,1,0,0,0,,"733822,775000001300000","5692554,500000001900000",12.356981612000027,51.336114835000046,0,,0,Mitte,,,0,0.0,,1,,,,
7323,,259235,14,7,13,000,2019,08,10,2,3,1,5,0,,0,1,0,0,0,,"735976,222858460620000","5689555,530535683000000",12.385855926000033,51.308305818000065,4,,4,Süd,,,0,4.0,,0,,,,
7324,,259236,14,7,13,000,2019,08,17,2,3,6,4,0,,0,1,1,0,0,,"737801,406807402150000","5697505,922562493000000",12.417303731000061,51.37890898000006,1,,1,Nordost,,,0,1.0,,0,,,,
7325,,259238,14,7,13,000,2019,08,10,2,3,5,2,0,,0,1,0,0,0,,"734772,153000000860000","5698940,412000002300000",12.374801799000068,51.39304588200008,9,,9,Nord,,,0,9.0,,0,,,,
7326,,259239,14,7,13,000,2019,08,09,2,3,1,7,0,,0,1,0,0,0,,"735726,798130664970000","5692565,798932587700000",12.38427406300002,51.33543026800004,0,,0,Mitte,,,0,0.0,,0,,,,
7327,,259240,14,7,13,000,2019,08,15,2,3,6,4,0,,0,1,1,0,0,,"729212,600649889560000","5691128,466776069300000",12.289994655000044,51.32518993300005,6,,6,West,,,0,6.0,,0,,,,
7328,,259241,14,7,13,000,2019,08,00,2,2,0,7,2,,1,0,0,0,0,,"739508,070384761320000","5693909,045847805200000",12.439360038000075,51.34590719100004,2,,2,Ost,,,0,2.0,,0,,,,
7329,,259264,14,7,13,000,2019,08,16,7,3,5,3,0,,0,1,0,0,0,,"730645,090049568560000","5692130,837573390500000",12.311167829000055,51.33360926300003,7,,7,Alt-West,,,0,7.0,,0,,,,
7330,,259265,14,7,13,000,2019,08,14,7,2,6,4,0,,0,0,1,0,0,,"737178,464619303120000","5692928,985562056300000",12.405317708000041,51.338086743000076,3,,3,Südost,,,0,3.0,,1,,,,
7331,,259266,14,7,13,000,2019,08,13,7,3,5,7,0,,0,1,0,0,0,,"727346,658101718870000","5693458,698151700200000",12.264745901000026,51.34685800900007,7,,7,Alt-West,,,0,7.0,,0,,,,
7332,,259267,14,7,13,000,2019,08,17,7,3,3,3,0,,1,0,0,0,0,,"736622,139421988280000","5693780,876011787000000",12.397911324000063,51.34596519000007,2,,2,Ost,,,0,2.0,,0,,,,
7333,,259280,14,7,13,000,2019,08,12,6,3,2,2,0,,1,0,0,0,0,,"735007,203636951740000","5691763,387062693000000",12.373433061000071,51.32852530700006,0,,0,Mitte,,,0,0.0,,1,,,,
7334,,259281,14,7,13,000,2019,08,11,6,3,2,6,0,,0,1,0,0,0,,"734662,564296816480000","5693221,845315618400000",12.36945574200007,51.34175931900006,0,,0,Mitte,,,0,0.0,,0,,,,
7335,,259297,14,7,13,000,2019,08,13,5,3,4,2,0,,1,1,0,0,0,,"738118,324335295710000","5694089,493878325400000",12.419562105000068,51.34811065100007,1,,1,Nordost,,,0,1.0,,0,,,,
7336,,259298,14,7,13,000,2019,08,15,5,3,5,3,0,,1,1,0,0,0,,"735307,637610740030000","5689757,689361661700000",12.376414097000065,51.31039722100007,4,,4,Süd,,,0,4.0,,0,,,,
7337,,259299,14,7,13,000,2019,08,14,5,3,2,6,0,,0,1,0,0,0,,"736682,354427197950000","5695553,874552315100000",12.399953525000058,51.36185476500003,1,,1,Nordost,,,0,1.0,,0,,,,
7338,,259300,14,7,13,000,2019,08,14,5,3,2,6,0,,0,1,0,0,0,,"734787,726148943420000","5693012,364516114800000",12.371111470000073,51.33982726800008,0,,0,Mitte,,,0,0.0,,1,,,,
7339,,259313,14,7,13,000,2019,08,10,4,3,5,3,0,,1,1,0,0,0,,"731760,965613545850000","5689790,471276264600000",12.325637138000047,51.31214657900006,5,,5,Südwest,,,0,5.0,,0,,,,
7340,,259314,14,7,13,000,2019,08,12,4,3,4,2,0,,0,1,0,0,0,,"734342,214850944470000","5696048,727494511800000",12.366725989000031,51.367266734000054,9,,9,Nord,,,0,9.0,,0,,,,
7341,,259315,14,7,13,000,2019,08,13,4,3,4,1,0,,0,1,0,0,0,,"730444,686042134650000","5701063,171602273400000",12.314086658000065,51.41387512600005,8,,8,Nordwest,,,1,8.0,,0,,,,
7342,,259333,14,7,13,000,2019,08,08,3,3,3,5,0,,1,1,0,0,0,,"736204,384883083400000","5691563,430422131000000",12.390453383000022,51.326234630000044,0,,0,Mitte,,,0,0.0,,0,,,,
7343,,259334,14,7,13,000,2019,08,13,3,3,3,2,0,,1,1,0,0,0,,"730405,474000001330000","5693950,571000002300000",12.308911373000058,51.35004207500003,7,,7,Alt-West,,,0,7.0,,0,,,,
7344,,259335,14,7,13,000,2019,08,17,3,3,2,2,0,,0,1,0,0,0,,"727499,667999999600000","5697700,604000002100000",12.269652930000063,51.384877636000056,8,,8,Nordwest,,,0,8.0,,0,,,,
7345,,259337,14,7,13,000,2019,08,15,3,3,4,2,0,,1,1,0,0,0,,"734234,805881600830000","5696312,387607252200000",12.365359418000025,51.36967775200003,9,,9,Nord,,,0,9.0,,0,,,,
7346,,259338,14,7,13,000,2019,08,14,3,3,9,7,0,,0,1,0,0,0,,"738245,122064381840000","5698611,274972917500000",12.424409125000068,51.38864446100007,1,,1,Nordost,,,0,1.0,,0,,,,
7347,,259348,14,7,13,000,2019,08,10,2,3,2,6,0,,0,1,0,0,0,,"735980,025930830280000","5693548,295276129600000",12.38855372200004,51.344144380000046,0,,0,Mitte,,,0,0.0,,0,,,,
7348,,259349,14,7,13,000,2019,08,06,2,3,6,4,0,,1,0,1,0,0,,"735589,659566507670000","5697088,341001819800000",12.385303075000024,51.376082593000035,9,,9,Nord,,,0,9.0,,0,,,,
7349,,259350,14,7,13,000,2019,08,16,2,3,2,6,0,,0,1,0,0,0,,"736552,206816861410000","5695400,369091905700000",12.397985404000053,51.360531079000054,9,,9,Nord,,,0,9.0,,0,,,,
7350,,259351,14,7,13,000,2019,08,13,2,3,5,3,0,,0,1,0,0,0,,"736759,666077001020000","5699848,851779617400000",12.403923815000041,51.40037446300005,9,,9,Nord,,,0,9.0,,0,,,,
7351,,259364,14,7,13,000,2019,08,03,1,2,6,4,2,,1,0,1,0,0,,"734928,351263248360000","5693310,595930034300000",12.373323554000024,51.34244622700004,0,,0,Mitte,,,0,0.0,,0,,,,
7352,,259365,14,7,13,000,2019,08,07,3,3,1,5,0,,1,1,0,0,0,,"739468,044127157890000","5698561,033296752700000",12.441918903000044,51.387678950000065,1,,1,Nordost,,,0,1.0,,0,,,,
7353,,259367,14,7,13,000,2019,08,12,3,2,6,4,0,,0,1,1,0,0,,"731947,368857773950000","5692297,937880670700000",12.329938480000067,51.33457970300003,7,,7,Alt-West,,,0,7.0,,0,,,,
7354,,259383,14,7,13,000,2019,08,11,7,3,3,6,0,,1,1,0,0,0,,"732576,212338287380000","5692080,059216333600000",12.338807777000056,51.33236706900004,5,,5,Südwest,,,0,5.0,,0,,,,
7355,,259386,14,7,13,000,2019,08,23,7,3,2,6,2,,0,1,0,0,0,,"729018,813389047050000","5690838,627978704900000",12.287031851000052,51.322666035000054,6,,6,West,,,0,6.0,,0,,,,
7356,,259387,14,7,13,000,2019,08,17,7,3,2,6,0,,0,1,0,0,0,,"733123,049256770870000","5695876,584805253900000",12.34912996600002,51.366223096000056,8,,8,Nordwest,,,0,8.0,,0,,,,
7357,,259392,14,7,13,000,2019,08,11,2,3,6,4,0,,0,1,1,0,0,,"737903,554999999700000","5690206,331000000200000",12.413891358000058,51.31334528600007,3,,3,Südost,,,0,3.0,,0,,,,
7358,,259393,14,7,13,000,2019,08,07,2,2,3,6,0,,1,0,0,0,1,,"737734,208137599750000","5695329,782071897800000",12.41488494400005,51.35940420900005,1,,1,Nordost,,,1,1.0,,0,,,,
7359,,259396,14,7,13,000,2019,08,13,6,3,5,3,0,,1,1,0,0,0,,"727244,540865393360000","5693206,019787438200000",12.263120756000035,51.34463045000007,7,,7,Alt-West,,,0,7.0,,0,,,,
7360,,259397,14,7,13,000,2019,08,01,6,2,9,1,2,,0,1,0,0,0,,"728705,932633885180000","5689550,627935804400000",12.281723097000054,51.31122919300003,6,,6,West,,,0,6.0,,0,,,,
7361,,259398,14,7,13,000,2019,08,14,2,3,3,6,0,,0,1,0,1,0,,"731548,748812039380000","5688859,718821691300000",12.321993452000072,51.30387768000003,5,,5,Südwest,,,0,5.0,,0,,,,
7362,,259399,14,7,13,000,2019,08,22,6,2,6,4,2,,0,1,1,0,0,,"738897,575383672490000","5697120,939880177400000",12.432767053000077,51.37499337700007,1,,1,Nordost,,,0,1.0,,0,,,,
7363,,259400,14,7,13,000,2019,08,06,2,3,5,2,0,,1,1,0,0,0,,"735021,386525649580000","5691674,470307519700000",12.373577639000075,51.32772129600005,0,,0,Mitte,,,0,0.0,,0,,,,
7364,,259401,14,7,13,000,2019,08,16,6,2,6,4,0,,1,0,1,0,0,,"737577,260381349360000","5693743,903290137600000",12.411576208000042,51.34523500100005,2,,2,Ost,,,0,2.0,,0,,,,
7365,,259404,14,7,29,190,2019,08,12,6,2,4,6,0,,0,1,0,1,0,,"742655,531029288660000","5684737,427196368600000",12.478233412000066,51.26225345000006,3,,3,Südost,,,0,3.0,,0,,,,
7366,,259421,14,7,13,000,2019,08,12,1,3,5,3,0,,1,1,0,0,0,,"738238,486162398940000","5692404,411378778500000",12.420157252000024,51.332935114000065,2,,2,Ost,,,0,2.0,,0,,,,
7367,,259422,14,7,13,000,2019,08,10,5,3,2,2,0,,0,1,0,0,0,,"732316,161555067640000","5690619,946847315900000",12.334129717000053,51.319366270000046,5,,5,Südwest,,,0,5.0,,1,,,,
7368,,259427,14,7,13,000,2019,08,18,5,3,5,3,0,,1,1,0,0,0,,"735062,155994559640000","5689731,689903406400000",12.372881121000034,51.31026526000005,4,,4,Süd,,,0,4.0,,0,,,,
7369,,259429,14,7,13,000,2019,08,12,5,3,3,6,0,,1,1,0,0,0,,"732330,095866086890000","5696220,370561705900000",12.337983525000027,51.36963398000006,8,,8,Nordwest,,,0,8.0,,0,,,,
7370,,259431,14,7,13,000,2019,08,10,5,2,5,7,0,,0,1,0,0,0,,"736682,430389969610000","5693034,260707290800000",12.398279253000055,51.33923837000003,2,,2,Ost,,,0,2.0,,1,,,,
7371,,259433,14,7,13,000,2019,08,12,5,3,5,3,0,,1,1,0,0,0,,"737190,023191721180000","5693978,697277549700000",12.406182513000033,51.34750421000007,2,,2,Ost,,,0,2.0,,0,,,,
7372,,259436,14,7,13,000,2019,08,11,5,2,3,2,0,,1,1,0,0,0,,"734942,996000001210000","5695754,522000001700000",12.375146814000061,51.36437770800006,9,,9,Nord,,,0,9.0,,0,,,,
7373,,259437,14,7,13,000,2019,08,09,5,3,4,2,0,,1,1,0,0,0,,"738858,987000000660000","5697628,774000000200000",12.432554938000067,51.37956780900004,1,,1,Nordost,,,0,1.0,,0,,,,
7374,,259438,14,7,13,000,2019,08,15,7,3,3,6,0,,0,1,0,0,0,,"734246,002787002360000","5692845,414457744000000",12.363237945000037,51.33855206000004,0,,0,Mitte,,,0,0.0,,0,,,,
7375,,259452,14,7,13,000,2019,08,07,6,3,5,3,0,,1,1,0,0,0,,"737685,905000001190000","5692364,303999999500000",12.412212750000037,51.332806289000075,2,,2,Ost,,,1,2.0,,0,,,,
7376,,259453,14,7,13,000,2019,08,19,6,2,3,6,0,,1,1,0,0,0,,"737795,596415006560000","5691445,733169123500000",12.41317159600004,51.324515328000075,3,,3,Südost,,,0,3.0,,0,,,,