UNFALL_ID,FID_left,OBJECTID,ULAND,UREGBEZ,UKREIS,UGEMEINDE,UJAHR,UMONAT,USTUNDE,UWOCHENTAG,UKATEGORIE,UART,UTYP1,ULICHTVERH,IstStrasse,IstRad,IstPKW,IstFuss,IstKrad,IstGkfz,IstSonstig,LINREFX,LINREFY,XGCSWGS84,YGCSWGS84,index_right,FID_right,SBZ,Name,UIDENTSTLA,LICHT,STRZUSTAND,FID,OBJECTID_1,IstSonstige,UIDENTSTLAE,OID_,IstStrassenzustand,PLST
7377,,259455,14,7,13,000,2019,08,15,6,3,1,6,0,,0,1,0,0,0,,"739413,118043380790000","5691917,196060968600000",12.436660489000076,51.32806876700005,2,,2,Ost,,,0,2.0,,1,,,,
7378,,259467,14,7,13,000,2019,07,03,4,3,5,3,2,,1,0,0,0,0,,"738177,152432521810000","5695901,431756280400000",12.421618110000054,51.364349798000035,1,,1,Nordost,,,0,1.0,,1,,,,
7379,,259472,14,7,13,000,2019,07,13,4,3,5,3,0,,0,1,0,0,0,,"733775,537797722030000","5692510,654131477700000",12.356275906000064,51.335740669000074,0,,0,Mitte,,,0,0.0,,0,,,,
7380,,259474,14,7,13,000,2019,07,17,4,3,2,6,0,,0,1,0,0,0,,"733163,765308227390000","5694145,565965788400000",12.348579414000028,51.35066777000003,0,,0,Mitte,,,1,0.0,,0,,,,
7381,,259476,14,7,13,000,2019,07,10,4,3,3,6,0,,1,1,0,0,0,,"737782,406058861870000","5695325,747721919800000",12.415573257000062,51.359347831000036,1,,1,Nordost,,,1,1.0,,0,,,,
7382,,259478,14,7,13,000,2019,07,10,4,3,5,3,0,,1,1,0,0,0,,"730393,563707356340000","5689801,188875295200000",12.306057789000022,51.31279791900005,5,,5,Südwest,,,1,5.0,,0,,,,
7383,,259479,14,7,13,000,2019,07,21,4,3,6,4,2,,0,0,1,0,0,,"734356,188983033410000","5695496,468784969300000",12.366562475000023,51.36230367300004,9,,9,Nord,,,0,9.0,,1,,,,
7384,,259489,14,7,13,000,2019,08,12,6,3,2,2,0,,1,0,0,0,0,,"737198,305301654150000","5693478,553289009300000",12.405968040000062,51.34301142900006,2,,2,Ost,,,0,2.0,,1,,,,
7385,,259490,14,7,13,000,2019,08,07,6,3,5,3,0,,1,1,0,0,0,,"736341,375944407660000","5692995,182433474800000",12.39336570100005,51.33902944300007,0,,0,Mitte,,,0,0.0,,0,,,,
7386,,259491,14,7,13,000,2019,08,07,6,3,6,4,0,,1,0,1,0,0,,"732700,311047870670000","5690531,085518540800000",12.339574880000043,51.31841163000007,5,,5,Südwest,,,0,5.0,,0,,,,
7387,,259492,14,7,13,000,2019,08,18,6,3,2,6,0,,0,1,0,0,0,,"727783,696225140240000","5689139,598389940300000",12.268250575000025,51.30790902900003,6,,6,West,,,0,6.0,,0,,,,
7388,,259493,14,7,13,000,2019,08,14,6,3,2,6,0,,0,1,0,0,0,,"732334,296078492890000","5690624,781933898100000",12.334392655000045,51.31940227000007,5,,5,Südwest,,,0,5.0,,0,,,,
7389,,259494,14,7,13,000,2019,08,13,6,3,1,5,0,,1,1,0,0,0,,"735084,048056859520000","5689985,991049973300000",12.373362237000038,51.31253893400003,4,,4,Süd,,,0,4.0,,0,,,,
7390,,259495,14,7,13,000,2019,08,07,6,3,1,5,0,,1,1,0,0,0,,"734767,429033172320000","5689938,345657689500000",12.368795959000067,51.31224192500008,4,,4,Süd,,,0,4.0,,0,,,,
7391,,259496,14,7,13,000,2019,08,09,6,2,2,6,0,,1,1,0,0,0,,"737186,848238304260000","5693435,322562573500000",12.405775045000041,51.34262816700004,2,,2,Ost,,,0,2.0,,0,,,,
7392,,259517,14,7,13,000,2019,08,08,5,3,0,6,0,,0,0,0,1,0,,"734869,948323265650000","5692375,140253443300000",12.371869694000054,51.33407333700006,0,,0,Mitte,,,0,0.0,,1,,,,
7393,,259518,14,7,13,000,2019,08,17,5,3,5,2,0,,1,0,0,0,0,,"732776,751345069150000","5691353,968207219600000",12.341207161000057,51.325767142000075,5,,5,Südwest,,,0,5.0,,0,,,,
7394,,259520,14,7,13,000,2019,08,14,5,2,9,1,0,,0,0,0,1,0,,"734164,665125890630000","5692189,341047033700000",12.361641046000045,51.33269632100007,0,,0,Mitte,,,0,0.0,,0,,,,
7395,,259521,14,7,13,000,2019,08,17,5,3,5,3,0,,1,1,0,0,0,,"739938,248000000600000","5698065,156000001400000",12.448329172000058,51.38302961100004,1,,1,Nordost,,,0,1.0,,0,,,,
7396,,259522,14,7,13,000,2019,08,12,5,3,9,1,0,,0,0,0,1,0,,"735097,182682740500000","5697039,231411455200000",12.378207176000046,51.375845853000044,9,,9,Nord,,,0,9.0,,0,,,,
7397,,259523,14,7,13,000,2019,08,06,5,2,6,4,0,,0,1,1,0,0,,"730213,103101520800000","5694096,307757180200000",12.306247885000062,51.351428293000026,7,,7,Alt-West,,,0,7.0,,0,,,,
7398,,259542,14,7,13,000,2019,08,19,4,3,5,3,1,,1,0,0,0,0,,"734797,789518816400000","5692942,904191259300000",12.371209903000022,51.33919961000004,0,,0,Mitte,,,0,0.0,,1,,,,
7399,,259543,14,7,13,000,2019,08,17,4,3,0,6,0,,1,1,0,0,0,,"737239,122468080370000","5692175,601228013600000",12.405685292000044,51.33129900000006,3,,3,Südost,,,1,3.0,,0,,,,
7400,,259544,14,7,13,000,2019,08,17,4,3,1,6,0,,0,1,0,0,0,,"732491,595136428250000","5691837,128706025000000",12.337436747000027,51.33022094300003,5,,5,Südwest,,,0,5.0,,0,,,,
7401,,259545,14,7,13,000,2019,08,18,4,3,5,3,0,,0,1,0,1,0,,"736316,403611578980000","5688221,913726784300000",12.38984484100007,51.296193791000064,4,,4,Süd,,,0,4.0,,0,,,,
7402,,259546,14,7,13,000,2019,08,13,4,3,6,7,0,,0,1,1,0,0,,"733749,996635271240000","5697111,630846580500000",12.358932357000072,51.37705183500003,9,,9,Nord,,,0,9.0,,0,,,,
7403,,259547,14,7,13,000,2019,08,16,4,3,5,2,0,,1,1,0,0,0,,"735536,783100000580000","5692914,163648152700000",12.38178150300007,51.33863602100007,0,,0,Mitte,,,0,0.0,,0,,,,
7404,,259548,14,7,13,000,2019,08,18,4,3,6,4,0,,1,0,1,0,0,,"735037,539508857760000","5691568,738796141000000",12.37373935100004,51.32676553500005,0,,0,Mitte,,,0,0.0,,0,,,,
7405,,259563,14,7,13,000,2019,08,09,3,3,1,5,0,,1,1,0,0,0,,"736903,372000000440000","5693048,891000000800000",12.401455258000055,51.33927769300004,3,,3,Südost,,,0,3.0,,0,,,,
7406,,259564,14,7,13,000,2019,08,15,3,2,0,1,0,,1,0,0,0,0,,"740622,751755051310000","5691466,052366085400000",12.453685887000063,51.32350912000004,2,,2,Ost,,,0,2.0,,0,,,,
7407,,259565,14,7,13,000,2019,08,06,3,3,5,3,0,,1,0,0,0,0,,"735268,331360037440000","5693362,133134400500000",12.378230255000062,51.34276827000008,0,,0,Mitte,,,0,0.0,,1,,,,
7408,,259566,14,7,13,000,2019,08,15,3,3,5,3,0,,1,1,0,0,0,,"736071,130424355160000","5689665,524559930000000",12.387287909000065,51.30925380900004,4,,4,Süd,,,0,4.0,,0,,,,
7409,,259568,14,7,13,000,2019,08,07,3,3,5,3,0,,1,1,0,0,0,,"734118,663094655610000","5692546,061805421500000",12.361216274000071,51.33591736200003,0,,0,Mitte,,,0,0.0,,0,,,,
7410,,259584,14,7,13,000,2019,08,13,2,3,5,3,0,,1,1,0,0,0,,"731623,077283173800000","5688883,767979009100000",12.323073514000043,51.304063334000034,5,,5,Südwest,,,0,5.0,,0,,,,
7411,,259585,14,7,13,000,2019,08,07,2,3,3,2,0,,1,1,0,0,0,,"734581,508238907900000","5691401,118111804100000",12.367095291000055,51.325449115000026,0,,0,Mitte,,,0,0.0,,0,,,,
7412,,259586,14,7,13,000,2019,08,15,2,3,2,2,0,,0,1,0,1,0,,"741283,611999999730000","5689600,498000001500000",12.46189075600006,51.306484828000066,3,,3,Südost,,,0,3.0,,0,,,,
7413,,259587,14,7,13,000,2019,08,08,2,3,5,3,0,,1,1,0,0,0,,"736682,961699594740000","5697156,334208784600000",12.401028888000042,51.37623832100007,1,,1,Nordost,,,0,1.0,,0,,,,
7414,,259606,14,7,13,000,2019,08,15,1,3,5,3,0,,1,0,0,0,0,,"735818,406730693760000","5694523,245448978600000",12.386883140000066,51.352962826000066,0,,0,Mitte,,,0,0.0,,1,,,,
7415,,259608,14,7,13,000,2019,08,14,1,3,3,2,0,,1,0,0,0,0,,"734579,448317613450000","5691400,900273500000000",12.367065635000074,51.32544800900007,4,,4,Süd,,,0,4.0,,1,,,,
7416,,259620,14,7,13,000,2019,08,09,7,3,2,6,0,,0,1,0,1,0,,"735394,667364721190000","5690885,970352480200000",12.378405195000028,51.32048911000004,4,,4,Süd,,,0,4.0,,0,,,,
7417,,259644,14,7,13,000,2019,08,08,6,3,5,3,0,,1,1,0,0,0,,"735923,927233435210000","5692739,685468204300000",12.387214048000033,51.336909379000076,0,,0,Mitte,,,0,0.0,,0,,,,
7418,,259645,14,7,13,000,2019,08,05,6,3,4,6,1,,1,0,0,0,0,,"737101,155054349450000","5690713,344000320900000",12.40273588100007,51.31823112300003,0,,0,Mitte,,,0,0.0,,0,,,,
7419,,259646,14,7,13,000,2019,08,13,6,3,6,4,0,,0,0,1,0,0,,"737203,072201263160000","5692100,984977962400000",12.40511908600007,51.33064427200003,3,,3,Südost,,,0,3.0,,1,,,,
7420,,259648,14,7,13,000,2019,08,11,6,1,9,1,0,,0,1,0,0,0,,"740514,629456871190000","5691257,708308784300000",12.45199647100003,51.321684807000054,2,,2,Ost,,,0,2.0,,0,,,,
7421,,259649,14,7,13,000,2019,08,17,6,2,1,5,0,,1,1,0,0,0,,"738083,448772850450000","5694054,260531246700000",12.41903866000007,51.347809006000034,1,,1,Nordost,,,0,1.0,,0,,,,
7422,,259650,14,7,13,000,2019,08,06,6,2,9,1,0,,0,1,0,0,0,,"735702,554999999700000","5694954,253000000500000",12.385507843000028,51.356879709000054,9,,9,Nord,,,0,9.0,,0,,,,
7423,,259651,14,7,13,000,2019,08,13,6,3,0,1,0,,0,0,0,1,0,,"734885,018991525280000","5695319,436581019300000",12.37402817700007,51.36049620700004,9,,9,Nord,,,0,9.0,,0,,,,
7424,,259652,14,7,13,000,2019,08,10,6,3,6,4,0,,0,1,1,0,0,,"736183,728350464250000","5699972,718651067500000",12.39574155500003,51.40172632100007,9,,9,Nord,,,0,9.0,,0,,,,
7425,,259653,14,7,13,000,2019,08,19,6,3,5,3,1,,0,1,0,0,0,,"735759,458000001500000","5693296,883999999600000",12.385225970000022,51.34197914900005,0,,0,Mitte,,,0,0.0,,0,,,,
7426,,259673,14,7,13,000,2019,09,13,3,3,1,7,0,,1,1,0,0,0,,"732087,383017810060000","5693471,623278379400000",12.332709742000077,51.34505847200006,7,,7,Alt-West,,,0,7.0,,0,,,,
7427,,259675,14,7,13,000,2019,09,15,3,3,5,3,0,,1,1,0,0,0,,"730712,961328701120000","5685231,428680541000000",12.307680744000038,51.271645626000065,5,,5,Südwest,,,0,5.0,,0,,,,
7428,,259677,14,7,13,000,2019,09,10,3,3,5,3,0,,0,1,0,0,0,,"735308,682751203890000","5689757,591539498400000",12.376429001000076,51.31039591100006,4,,4,Süd,,,0,4.0,,0,,,,
7429,,259679,14,7,13,000,2019,09,10,3,3,6,4,0,,0,1,1,0,0,,"734698,613442718980000","5693823,522282168300000",12.370368983000049,51.34714533400006,0,,0,Mitte,,,0,0.0,,0,,,,
7430,,259680,14,7,13,000,2019,08,08,5,3,5,3,0,,1,1,0,0,0,,"735517,832349126230000","5692698,906421445300000",12.381367600000033,51.336711654000055,0,,0,Mitte,,,0,0.0,,0,,,,
7431,,259681,14,7,13,000,2019,09,08,3,3,2,2,0,,1,1,0,0,0,,"734747,399914440700000","5690885,649004759300000",12.36913260600005,51.32075361300008,4,,4,Süd,,,0,4.0,,0,,,,
7432,,259683,14,7,13,000,2019,08,18,5,3,4,7,0,,1,1,0,0,0,,"734749,626303057190000","5693875,685935381800000",12.371134583000071,51.34759251300005,0,,0,Mitte,,,0,0.0,,0,,,,
7433,,259685,14,7,13,000,2019,08,18,5,3,6,4,0,,1,0,1,0,0,,"732293,317368451510000","5691987,531146492800000",12.33469367300006,51.331652072000054,5,,5,Südwest,,,0,5.0,,0,,,,
7434,,259688,14,7,13,000,2019,08,16,5,2,6,4,0,,1,0,1,0,0,,"733832,654155687430000","5697127,107281373800000",12.360128115000066,51.37715673000008,9,,9,Nord,,,0,9.0,,0,,,,
7435,,259689,14,7,13,000,2019,08,05,5,2,5,3,0,,0,1,0,1,0,,"733174,702099951920000","5695865,219986556100000",12.349863216000074,51.36609988100008,8,,8,Nordwest,,,0,8.0,,0,,,,
7436,,259691,14,7,13,000,2019,08,11,5,3,5,3,0,,1,1,0,0,0,,"736634,253565384080000","5689768,580599598600000",12.395421072000033,51.30994506300004,4,,4,Süd,,,0,4.0,,0,,,,
7437,,259696,14,7,13,000,2019,08,14,5,3,5,3,0,,1,1,0,0,0,,"739975,383096617650000","5693960,312699360800000",12.446092230000033,51.34617029000003,2,,2,Ost,,,0,2.0,,0,,,,
7438,,259718,14,7,13,000,2019,09,18,2,3,3,2,0,,1,1,0,0,0,,"735443,611654952170000","5693208,485881736500000",12.38064083100005,51.341316531000075,0,,0,Mitte,,,0,0.0,,0,,,,
7439,,259720,14,7,13,000,2019,09,18,2,3,5,2,0,,1,1,0,0,0,,"740236,844853529710000","5693904,241289472200000",12.449801734000062,51.34555659000006,2,,2,Ost,,,0,2.0,,0,,,,
7440,,259722,14,7,13,000,2019,09,16,2,3,5,3,0,,1,1,0,0,0,,"735279,331797343680000","5690885,119598776100000",12.376752414000066,51.32052917200008,4,,4,Süd,,,0,4.0,,0,,,,
7441,,259723,14,7,13,000,2019,09,14,2,3,1,5,0,,1,1,0,0,0,,"739974,160118065770000","5689003,240386871600000",12.442737917000045,51.301677417000064,3,,3,Südost,,,0,3.0,,0,,,,
7442,,259725,14,7,13,000,2019,09,17,2,3,0,1,0,,1,0,0,0,0,,"731321,828744086440000","5696724,609247969500000",12.323851666000053,51.37457191500005,8,,8,Nordwest,,,0,8.0,,0,,,,
7443,,259727,14,7,13,000,2019,09,15,2,3,5,3,0,,1,1,0,0,0,,"732461,706999999470000","5698938,953999998000000",12.341649635000067,51.393983809000076,8,,8,Nordwest,,,0,8.0,,0,,,,
7444,,259728,14,7,13,000,2019,09,15,2,3,6,4,0,,1,0,1,0,0,,"735274,712193817830000","5692733,418711887700000",12.377906394000036,51.33712207900004,0,,0,Mitte,,,0,0.0,,0,,,,
7445,,259730,14,7,13,000,2019,09,22,2,3,5,3,2,,1,1,0,0,0,,"734649,246604540390000","5693223,086485574000000",12.369265690000077,51.34177595600005,0,,0,Mitte,,,1,0.0,,0,,,,
7446,,259735,14,7,13,000,2019,08,13,4,3,2,6,0,,0,1,0,0,0,,"734047,872018642720000","5692313,332097245400000",12.360048921000043,51.33385739900007,0,,0,Mitte,,,0,0.0,,0,,,,
7447,,259738,14,7,13,000,2019,08,07,4,3,5,3,0,,1,0,1,0,0,,"732854,929212206970000","5690557,090679932400000",12.34180679800005,51.31858182500008,5,,5,Südwest,,,0,5.0,,0,,,,
7448,,259739,14,7,13,000,2019,08,08,4,3,0,1,0,,0,0,0,1,0,,"735422,661908773710000","5694271,125868793600000",12.381043226000031,51.35086378200003,0,,0,Mitte,,,0,0.0,,0,,,,
7449,,259741,14,7,13,000,2019,08,15,4,3,5,3,0,,1,1,0,0,0,,"738806,909342592580000","5695739,087950985900000",12.430538718000037,51.36262828500003,1,,1,Nordost,,,0,1.0,,0,,,,
7450,,259743,14,7,13,000,2019,08,06,4,3,5,3,0,,0,1,0,0,0,,"734569,401330186990000","5692132,644050901800000",12.367403305000039,51.33202061500003,0,,0,Mitte,,,0,0.0,,1,,,,
7451,,259746,14,7,13,000,2019,08,15,4,2,5,3,0,,1,1,0,0,0,,"731941,361003720200000","5693117,991217920600000",12.330386371000031,51.34194359000003,7,,7,Alt-West,,,0,7.0,,0,,,,
7452,,259748,14,7,13,000,2019,08,20,4,3,1,5,0,,1,1,0,0,0,,"734718,059512437320000","5691471,146962897900000",12.369097773000021,51.32602140700004,0,,0,Mitte,,,0,0.0,,0,,,,
7453,,259750,14,7,13,000,2019,09,20,1,3,4,7,2,,1,1,0,0,0,,"730214,084752812050000","5694095,574159935100000",12.30626148400006,51.351421310000035,7,,7,Alt-West,,,0,7.0,,0,,,,
7454,,259752,14,7,13,000,2019,09,19,1,3,6,7,0,,0,1,1,0,0,,"735047,286241292950000","5691297,568597311200000",12.373700189000033,51.32432737700003,4,,4,Süd,,,0,4.0,,0,,,,
7455,,259771,14,7,13,000,2019,08,06,3,3,3,6,0,,1,1,0,0,0,,"734612,572951412760000","5692441,253089711100000",12.36822512200007,51.33477302000006,0,,0,Mitte,,,0,0.0,,0,,,,
7456,,259774,14,7,13,000,2019,08,13,3,3,5,3,0,,0,1,0,0,0,,"727460,057999999260000","5689063,903000002700000",12.263566836000052,51.30735888400005,6,,6,West,,,0,6.0,,0,,,,
7457,,259776,14,7,13,000,2019,08,15,3,3,5,3,0,,1,1,0,0,0,,"734176,730451596900000","5692173,890508374200000",12.36180378000006,51.33255266200007,0,,0,Mitte,,,0,0.0,,0,,,,
7458,,259778,14,7,13,000,2019,08,12,3,3,3,2,0,,1,1,0,0,0,,"738633,630398772660000","5693596,106408383700000",12.42661742200005,51.34346599400004,2,,2,Ost,,,0,2.0,,0,,,,
7459,,259780,14,7,13,000,2019,08,06,3,3,5,3,0,,1,0,0,0,0,,"735640,097089888530000","5696706,097312741000000",12.38577308500004,51.372630568000034,9,,9,Nord,,,0,9.0,,0,,,,
7460,,259781,14,7,13,000,2019,09,16,2,3,4,2,0,,0,1,0,0,0,,"737248,367000000550000","5692229,235000001300000",12.40585345900007,51.33177656600003,3,,3,Südost,,,1,3.0,,0,,,,
7461,,259796,14,7,13,000,2019,09,17,1,3,2,6,0,,0,1,0,0,0,,"734314,331362481230000","5691792,140997873600000",12.363524490000032,51.32906922700005,0,,0,Mitte,,,0,0.0,,0,,,,
7462,,259797,14,7,13,000,2019,09,11,1,3,3,6,0,,1,1,0,0,0,,"731173,883157280270000","5696495,696929499500000",12.321580814000072,51.37257725300003,8,,8,Nordwest,,,0,8.0,,0,,,,
7463,,259798,14,7,13,000,2019,09,00,1,2,1,5,2,,0,1,0,0,0,,"734724,666024803180000","5698994,739297870500000",12.374156368000058,51.393553180000026,9,,9,Nord,,,0,9.0,,0,,,,
7464,,259800,14,7,13,000,2019,09,10,1,2,1,5,0,,1,1,0,0,0,,"737469,185427439400000","5694623,040107902100000",12.410613678000061,51.35317130200008,1,,1,Nordost,,,0,1.0,,0,,,,
7465,,259810,14,7,13,000,2019,09,08,7,3,4,2,0,,0,1,0,0,0,,"735058,551263363100000","5690888,602532068300000",12.373591944000054,51.320651679000036,4,,4,Süd,,,0,4.0,,0,,,,
7466,,259811,14,7,13,000,2019,09,12,7,3,3,6,0,,1,1,0,0,0,,"737374,242172640750000","5692663,247132007000000",12.407946197000058,51.335619773000076,3,,3,Südost,,,0,3.0,,0,,,,
7467,,259812,14,7,13,000,2019,09,19,7,3,5,3,1,,0,1,0,0,0,,"737146,784164015200000","5694333,601095967000000",12.405799182000067,51.350707888000045,1,,1,Nordost,,,0,1.0,,0,,,,
7468,,259813,14,7,13,000,2019,09,01,7,3,1,1,2,,0,1,0,1,0,,"735100,898251361210000","5689215,620932534300000",12.373095971000055,51.30561680400007,4,,4,Süd,,,0,4.0,,0,,,,
7469,,259814,14,7,13,000,2019,09,22,7,2,0,7,2,,0,0,1,0,0,,"730521,108515577390000","5691507,017298869800000",12.30898757400007,51.328059504000066,7,,7,Alt-West,,,0,7.0,,1,,,,
7470,,259815,14,7,13,000,2019,09,17,7,3,5,3,0,,0,1,0,1,0,,"735004,440537049440000","5691891,272431913800000",12.373477800000046,51.329674398000066,0,,0,Mitte,,,0,0.0,,0,,,,
7471,,259829,14,7,13,000,2019,09,02,6,3,0,1,2,,1,0,0,0,0,,"735441,588552949950000","5690117,979330822800000",12.378570349000029,51.31357593200005,4,,4,Süd,,,0,4.0,,0,,,,
7472,,259830,14,7,13,000,2019,09,13,6,3,2,6,0,,0,1,0,0,0,,"735984,202599863520000","5690261,048899920700000",12.386436894000042,51.314635457000065,4,,4,Süd,,,0,4.0,,0,,,,
7473,,259831,14,7,13,000,2019,09,20,6,3,4,2,2,,0,1,0,0,0,,"729286,523130762390000","5691021,604270039100000",12.290985085000045,51.32420082500005,6,,6,West,,,0,6.0,,0,,,,
7474,,259849,14,7,13,000,2019,09,18,5,3,5,3,0,,1,1,0,0,0,,"736342,644833179190000","5692762,901332698800000",12.393229768000026,51.33694391500006,0,,0,Mitte,,,0,0.0,,0,,,,
7475,,259850,14,7,13,000,2019,09,12,5,2,6,6,0,,1,0,1,0,0,,"740435,158486580480000","5700175,735366370500000",12.456885744000033,51.40176296100003,1,,1,Nordost,,,0,1.0,,0,,,,
7476,,259851,14,7,13,000,2019,09,15,5,3,5,2,0,,1,1,0,0,0,,"735589,089267291130000","5692242,776255078600000",12.382087116000037,51.33258777800006,0,,0,Mitte,,,0,0.0,,0,,,,
7477,,259853,14,7,13,000,2019,09,16,5,3,5,3,0,,1,1,0,0,0,,"739478,702297624200000","5692310,289127608800000",12.437864249000029,51.331569485000045,2,,2,Ost,,,0,2.0,,0,,,,
7478,,259867,14,7,13,000,2019,09,05,4,3,5,3,1,,1,1,0,0,0,,"737666,203999999910000","5693440,127999998600000",12.412648244000025,51.342471139000054,2,,2,Ost,,,0,2.0,,0,,,,
7479,,259868,14,7,13,000,2019,09,18,4,3,5,3,0,,0,1,0,0,0,,"734066,817345815710000","5696089,683035319700000",12.362803715000041,51.367747905000044,9,,9,Nord,,,0,9.0,,0,,,,
7480,,259869,14,7,13,000,2019,09,17,4,3,3,2,0,,1,1,0,0,0,,"735016,230914705430000","5692395,401464629900000",12.373979231000021,51.33419478400003,0,,0,Mitte,,,0,0.0,,0,,,,
7481,,259870,14,7,13,000,2019,09,16,4,3,5,3,0,,0,1,0,0,0,,"738776,549231408160000","5696431,871243929500000",12.430568554000047,51.368859334000035,1,,1,Nordost,,,0,1.0,,0,,,,
7482,,259887,14,7,13,000,2019,09,12,3,3,5,2,0,,1,0,0,0,1,,"736748,036234603260000","5692253,576983332600000",12.398700641000062,51.332203528000036,3,,3,Südost,,,0,3.0,,0,,,,
7483,,259888,14,7,13,000,2019,09,07,3,3,2,6,0,,0,1,0,0,0,,"735778,937984096820000","5692860,083294894500000",12.385215997000046,51.33805023200006,0,,0,Mitte,,,0,0.0,,0,,,,
7484,,259889,14,7,13,000,2019,09,07,3,3,2,6,0,,0,1,0,0,0,,"736829,493591663430000","5693062,636899121100000",12.400405658000068,51.33943185000004,2,,2,Ost,,,1,2.0,,0,,,,
7485,,259890,14,7,13,000,2019,09,07,3,3,1,5,0,,1,1,0,0,0,,"739487,126851513050000","5692312,258044937600000",12.43798627800004,51.33158361100004,2,,2,Ost,,,0,2.0,,0,,,,
7486,,259891,14,7,13,000,2019,09,07,3,3,2,6,0,,0,1,0,1,0,,"738910,131063789130000","5689353,368456373000000",12.427736796000033,51.30526756300003,3,,3,Südost,,,1,3.0,,0,,,,
7487,,259892,14,7,13,000,2019,09,16,3,3,0,7,0,,0,0,0,1,0,,"737155,700993867590000","5689050,302397210200000",12.40241173000004,51.30328068600005,4,,4,Süd,,,0,4.0,,0,,,,
7488,,259894,14,7,13,000,2019,09,16,3,2,1,5,0,,1,1,0,0,0,,"732577,579949880950000","5692528,593591762700000",12.33912017700004,51.336392870000054,7,,7,Alt-West,,,0,7.0,,0,,,,
7489,,259895,14,7,13,000,2019,09,07,3,3,3,6,0,,1,0,0,0,1,,"734625,784069243820000","5690888,893029801500000",12.36739252700005,51.320832891000066,4,,4,Süd,,,0,4.0,,0,,,,
7490,,259909,14,7,13,000,2019,09,17,2,3,1,2,0,,0,1,0,0,0,,"734779,372652607040000","5692495,849335113500000",12.370651321000025,51.335194268000066,0,,0,Mitte,,,1,0.0,,0,,,,
7491,,259910,14,7,13,000,2019,09,07,2,3,5,3,0,,1,1,0,0,0,,"733559,811213850040000","5693682,324980260800000",12.35395284200007,51.34634687500005,0,,0,Mitte,,,1,0.0,,0,,,,
7492,,259911,14,7,13,000,2019,09,15,2,3,6,4,0,,0,1,1,0,0,,"730920,030132871120000","5691778,831003418200000",12.314879691000044,51.33033776700006,7,,7,Alt-West,,,1,7.0,,0,,,,
7493,,259912,14,7,13,000,2019,09,16,2,3,2,2,0,,0,1,0,0,0,,"735101,729601652360000","5693972,766465105100000",12.376245674000074,51.348318437000046,0,,0,Mitte,,,1,0.0,,0,,,,
7494,,259926,14,7,13,000,2019,09,12,1,3,5,3,0,,1,1,0,0,0,,"732367,693081093950000","5698832,032381471200000",12.340230674000054,51.39306251600004,8,,8,Nordwest,,,0,8.0,,0,,,,
7495,,259933,14,7,13,000,2019,09,13,7,3,4,2,0,,1,1,0,0,0,,"736579,884943312030000","5691295,576750652900000",12.395655354000041,51.32367430200003,0,,0,Mitte,,,0,0.0,,0,,,,
7496,,259934,14,7,13,000,2019,09,00,7,3,2,2,2,,1,1,0,0,0,,"737596,201000002210000","5693454,562000000800000",12.411654615000032,51.342629954000074,2,,2,Ost,,,0,2.0,,0,,,,
7497,,259935,14,7,13,000,2019,09,13,7,3,5,3,0,,0,1,0,0,0,,"735607,236999999730000","5694415,405000001200000",12.383784560000038,51.35208239500008,0,,0,Mitte,,,0,0.0,,0,,,,
7498,,259936,14,7,13,000,2019,09,19,7,3,2,2,0,,0,0,0,1,0,,"735251,073207440790000","5695219,628992699100000",12.379210584000077,51.359448874000066,0,,0,Mitte,,,0,0.0,,0,,,,
7499,,259937,14,7,13,000,2019,09,13,7,3,5,3,0,,0,1,0,1,0,,"736572,023727962750000","5697169,525359174200000",12.399446553000075,51.37640294900007,1,,1,Nordost,,,0,1.0,,0,,,,
7500,,259950,14,7,13,000,2019,09,18,6,3,1,5,0,,1,1,0,0,0,,"735155,056064848790000","5692794,922306211700000",12.376232261000041,51.33772364600003,0,,0,Mitte,,,0,0.0,,0,,,,
7501,,259951,14,7,13,000,2019,09,06,6,3,5,2,0,,1,1,0,0,0,,"738284,820207647980000","5693607,381732882900000",12.421625885000026,51.34371348900004,2,,2,Ost,,,0,2.0,,0,,,,
7502,,259952,14,7,13,000,2019,09,08,6,3,4,2,0,,0,1,0,0,0,,"740609,908709951680000","5699670,301430013000000",12.459050708000063,51.39715237200005,1,,1,Nordost,,,0,1.0,,0,,,,
7503,,259968,14,7,13,000,2019,09,06,5,3,2,2,0,,0,1,0,0,0,,"734550,826754936950000","5691377,184762323300000",12.366639969000062,51.32524692800007,4,,4,Süd,,,1,4.0,,1,,,,
7504,,259969,14,7,13,000,2019,09,14,5,3,5,3,0,,1,1,0,0,0,,"728894,710840124640000","5691757,469301762100000",12.28584386500006,51.33096459600006,6,,6,West,,,0,6.0,,0,,,,
7505,,259970,14,7,13,000,2019,09,06,5,3,0,1,1,,0,0,0,1,0,,"730728,592676593920000","5693726,601815454700000",12.31339826900006,51.34790046100005,7,,7,Alt-West,,,1,7.0,,0,,,,
7506,,259971,14,7,13,000,2019,09,10,5,3,4,2,0,,0,1,0,0,0,,"739011,331000001170000","5701250,670000001800000",12.437178301000074,51.41201279000006,9,,9,Nord,,,0,9.0,,1,,,,
7507,,259972,14,7,13,000,2019,09,10,2,3,9,1,0,,0,1,0,0,0,,"736079,843282011340000","5692630,527396937800000",12.389376028000072,51.335864849000075,0,,0,Mitte,,,0,0.0,,1,,,,
7508,,259973,14,7,13,000,2019,09,12,5,3,0,3,0,,0,1,0,0,0,,"734342,136092294940000","5696049,832079662000000",12.366725588000065,51.36727668100008,9,,9,Nord,,,0,9.0,,1,,,,
7509,,259974,14,7,13,000,2019,09,05,5,3,1,5,1,,1,1,0,0,0,,"732807,281363917510000","5695929,748008657200000",12.344636640000033,51.366829808000034,8,,8,Nordwest,,,1,8.0,,0,,,,
7510,,259975,14,7,13,000,2019,09,08,5,3,2,2,0,,0,1,0,0,0,,"735672,059236669910000","5696005,284057823900000",12.385766961000058,51.36632665600007,9,,9,Nord,,,0,9.0,,0,,,,