UNFALL_ID,FID_left,OBJECTID,ULAND,UREGBEZ,UKREIS,UGEMEINDE,UJAHR,UMONAT,USTUNDE,UWOCHENTAG,UKATEGORIE,UART,UTYP1,ULICHTVERH,IstStrasse,IstRad,IstPKW,IstFuss,IstKrad,IstGkfz,IstSonstig,LINREFX,LINREFY,XGCSWGS84,YGCSWGS84,index_right,FID_right,SBZ,Name,UIDENTSTLA,LICHT,STRZUSTAND,FID,OBJECTID_1,IstSonstige,UIDENTSTLAE,OID_,IstStrassenzustand,PLST
7913,,261661,14,7,13,000,2019,12,22,7,3,4,2,2,,0,1,0,0,0,,"730842,992334082720000","5693893,530139945400000",12.315146410000068,51.34935251600007,7,,7,Alt-West,,,0,7.0,,0,,,,
7914,,261666,14,7,13,000,2019,12,17,4,3,4,2,2,,1,1,0,0,0,,"737090,076000000350000","5696330,166000001100000",12.406316864000075,51.36865280600006,1,,1,Nordost,,,1,1.0,,0,,,,
7915,,261670,14,7,13,000,2019,12,14,4,3,5,2,0,,0,1,0,0,0,,"731688,123122722840000","5692026,936715301100000",12.326047147000054,51.33225264100008,7,,7,Alt-West,,,1,7.0,,0,,,,
7916,,261671,14,7,13,000,2019,12,19,4,3,0,1,2,,0,0,0,1,0,,"734866,397874627260000","5695329,198132490700000",12.373767634000046,51.360591527000054,9,,9,Nord,,,1,9.0,,0,,,,
7917,,261673,14,7,13,000,2019,12,15,7,1,6,4,0,,0,0,1,0,0,,"740819,783227483740000","5696585,928503979000000",12.459971359000065,51.36937958900006,1,,1,Nordost,,,0,1.0,,1,,,,
7918,,261676,14,7,13,000,2019,12,22,4,3,6,2,2,,0,1,1,0,0,,"734794,237984778360000","5692475,197476953300000",12.370850731000075,51.33500275200004,0,,0,Mitte,,,0,0.0,,0,,,,
7919,,261679,14,7,13,000,2019,12,10,4,3,6,4,0,,0,1,1,0,0,,"737802,413000000640000","5693763,072000002500000",12.41481600800006,51.34531293100008,2,,2,Ost,,,1,2.0,,0,,,,
7920,,261691,14,7,13,000,2019,12,19,1,3,5,3,2,,1,1,0,0,0,,"737517,007000000220000","5694934,335000002800000",12.411506966000047,51.35594550400003,1,,1,Nordost,,,0,1.0,,0,,,,
7921,,261708,14,7,13,000,2019,12,06,3,3,5,2,2,,1,0,0,0,0,,"735638,345211727540000","5692430,755450200300000",12.382917224000039,51.33425473200003,0,,0,Mitte,,,0,0.0,,1,,,,
7922,,111579,14,7,13,000,2020,01,13,6,3,5,3,0,,1,1,0,0,0,,"736412,870500000190000","5692681,956599999200000",12.394182398000055,51.336188151000044,3,,3,Südost,,,0,3.0,,0,14200103144200204390,,,
7923,,111775,14,7,13,000,2020,01,09,3,3,0,7,0,,0,1,0,0,0,,"729674,715699999590000","5692499,943499999100000",12.29749980300005,51.33731543700003,7,,7,Alt-West,,,0,7.0,,0,14200107144200114130,,,
7924,,112172,14,7,13,000,2020,01,09,6,3,9,1,0,,0,1,0,0,0,,"731832,247999999670000","5688295,693000000000000",12.325687102000074,51.298699129000056,5,,5,Südwest,,,0,5.0,,0,14200103144200111210,,,
7925,,112390,14,7,13,000,2020,01,09,4,3,2,6,0,,0,1,0,0,0,,"740009,473000000230000","5694423,856000000600000",12.446893326000065,51.35031651600008,2,,2,Ost,,,1,2.0,,0,14200108148210135020,,,
7926,,112425,14,7,13,000,2020,01,05,1,3,9,1,2,,0,1,0,0,0,,"732971,143600000070000","5692848,104900000600000",12.344969218000074,51.33909992400004,7,,7,Alt-West,,,1,7.0,,0,14200126148310169570,,,
7927,,112426,14,7,13,000,2020,01,11,1,2,9,1,0,,0,1,0,0,0,,"737877,861999999730000","5699647,711999999400000",12.419834772000058,51.39810139900004,1,,1,Nordost,,,1,1.0,,0,14200126144310169390,,,
7928,,112428,14,7,13,000,2020,01,18,1,3,4,2,2,,0,1,0,0,0,,"736720,708700000310000","5692015,727199999600000",12.398151072000076,51.330079924000074,3,,3,Südost,,,0,3.0,,0,14200126144200192610,,,
7929,,112474,14,7,13,000,2020,01,16,5,2,6,6,0,,1,0,1,0,0,,"735447,402800000270000","5693454,142300000400000",12.380857581000043,51.34352004900006,0,,0,Mitte,,,0,0.0,,0,14200123148410204560,,,
7930,,112475,14,7,13,000,2020,01,18,5,3,5,3,2,,1,1,0,0,0,,"735291,977300000380000","5690263,311100000500000",12.37652330800006,51.31494235300005,4,,4,Süd,,,0,4.0,,0,14200123148223224290,,,
7931,,112476,14,7,13,000,2020,01,14,5,3,5,2,0,,0,1,0,0,0,,"729849,651399999860000","5692856,465500000900000",12.300236999000049,51.340445275000036,7,,7,Alt-West,,,0,7.0,,0,14200123144200182481,,,
7932,,112477,14,7,13,000,2020,01,17,5,3,5,2,2,,1,1,0,0,0,,"732078,074500000100000","5692452,077800000100000",12.331911954000077,51.33591006200004,7,,7,Alt-West,,,0,7.0,,0,14200123144200163300,,,
7933,,112491,14,7,13,000,2020,01,09,4,3,5,3,0,,1,1,0,0,0,,"732388,919300000180000","5692411,802200000700000",12.336340318000055,51.33542158800003,7,,7,Alt-West,,,1,7.0,,0,14200122144200159150,,,
7934,,112550,14,7,13,000,2020,01,18,1,3,5,3,2,,0,1,0,0,0,,"735855,524899999610000","5693715,583399999900000",12.386880115000054,51.34569765900005,0,,0,Mitte,,,1,0.0,,0,14200119148410182950,,,
7935,,112563,14,7,13,000,2020,01,08,7,3,4,2,0,,0,1,0,0,0,,"734726,273000000040000","5690203,143999999400000",12.368380732000048,51.31463585200004,4,,4,Süd,,,1,4.0,,0,14200118148210151360,,,
7936,,112581,14,7,13,000,2020,01,07,6,3,6,2,2,,0,1,1,0,0,,"731363,374800000340000","5692764,740100000100000",12.321872731000042,51.33900798600007,7,,7,Alt-West,,,0,7.0,,0,14200117148110146170,,,
7937,,112582,14,7,13,000,2020,01,13,6,2,4,6,0,,0,1,0,0,0,,"728028,487399999980000","5700168,120600000000000",12.278824744000076,51.40681677500004,8,,8,Nordwest,,,0,8.0,,0,14200117144200254090,,,
7938,,112583,14,7,13,000,2020,01,09,6,3,3,2,0,,1,0,0,0,1,,"737345,649500000290000","5690243,883400000600000",12.405925658000058,51.313915276000046,4,,4,Süd,,,1,4.0,,0,14200117144200151200,,,
7939,,112584,14,7,13,000,2020,01,11,6,3,2,6,0,,0,1,0,0,0,,"736062,297500000340000","5700908,385099999600000",12.39462147300003,51.41017547300004,9,,9,Nord,,,0,9.0,,1,14200117144200146120,,,
7940,,112611,14,7,13,000,2020,01,17,5,3,2,6,2,,0,1,0,0,0,,"727181,560300000010000","5693383,602000000000000",12.262331270000061,51.34624984300007,7,,7,Alt-West,,,0,7.0,,0,14200116148310143680,,,
7941,,112613,14,7,13,000,2020,01,11,5,3,2,6,0,,0,1,0,0,1,,"744527,286799999890000","5692992,138000000300000",12.510663191000049,51.33554136200007,2,,2,Ost,,,0,2.0,,0,14200116144310201990,,,
7942,,112630,14,7,13,000,2020,01,17,4,3,2,6,2,,0,1,0,0,0,,"736816,883999999610000","5691829,702999999700000",12.399405459000036,51.32837011200007,3,,3,Südost,,,0,3.0,,1,14200115148410140800,,,
7943,,112631,14,7,13,000,2020,01,06,4,2,2,6,2,,0,1,0,0,0,,"734513,350399999880000","5689674,436499999800000",12.36498332900004,51.30997768300006,4,,4,Süd,,,0,4.0,,1,14200115144200146130,,,
7944,,112632,14,7,13,000,2020,01,07,4,2,5,3,1,,1,1,0,0,0,,"734945,841400000270000","5690221,779899999500000",12.371538016000045,51.31471254200005,4,,4,Süd,,,0,4.0,,0,14200115144200143540,,,
7945,,112633,14,7,13,000,2020,01,15,4,3,5,3,0,,0,1,0,1,0,,"739759,492399999870000","5688230,525399999700000",12.439145278000069,51.29483208800008,3,,3,Südost,,,0,3.0,,0,14200115144200143521,,,
7946,,112634,14,7,13,000,2020,01,04,4,2,9,1,2,,0,1,0,0,0,,"744064,823699999600000","5692072,442800000300000",12.503407078000066,51.32748558900005,2,,2,Ost,,,0,2.0,,0,14200115144200140600,,,
7947,,112643,14,7,13,000,2020,01,00,3,3,9,1,2,,0,0,0,0,1,,"744537,776999999770000","5692957,593200000000000",12.510789784000053,51.33522680900006,2,,2,Ost,,,0,2.0,,0,14200114144310149250,,,
7948,,112657,14,7,13,000,2020,01,16,2,3,4,2,2,,0,1,0,0,0,,"727279,877000000330000","5690036,369999999200000",12.261605692000046,51.31616111100004,6,,6,West,,,0,6.0,,0,14200113148310135140,,,
7949,,112658,14,7,13,000,2020,01,07,2,3,2,6,1,,0,1,0,0,0,,"744573,553100000140000","5692839,779999999300000",12.511221507000073,51.33415404300007,2,,2,Ost,,,0,2.0,,0,14200113144310146140,,,
7950,,112679,14,7,13,000,2020,01,13,3,3,2,6,0,,0,1,0,0,0,,"733559,068599999880000","5693107,486099999400000",12.353565158000038,51.34118710900003,0,,0,Mitte,,,1,0.0,,0,14200128148410235230,,,
7951,,112724,14,7,13,000,2020,01,11,5,3,1,6,0,,0,1,0,0,0,,"726271,465800000350000","5690212,389200000100000",12.247271056000045,51.31814316300006,6,,6,West,,,1,6.0,,0,14200109148310122640,,,
7952,,112725,14,7,13,000,2020,01,17,5,3,6,2,1,,0,1,1,0,0,,"735107,023199999700000","5697039,222500000100000",12.378348308000056,51.37584170000008,9,,9,Nord,,,1,9.0,,0,14200109148122124820,,,
7953,,112742,14,7,13,000,2020,02,15,6,3,5,3,0,,1,1,0,0,0,,"734888,424200000240000","5698789,141699999600000",12.376369995000061,51.39163993200003,9,,9,Nord,,,0,9.0,,0,14200221144200263100,,,
7954,,112743,14,7,13,000,2020,02,06,6,2,4,2,2,,0,1,0,0,0,,"736142,826000000350000","5701506,379000000700000",12.39617544500004,51.41550958100004,9,,9,Nord,,,0,9.0,,0,14200207144200213740,,,
7955,,112763,14,7,13,000,2020,02,18,7,2,0,4,2,,0,0,1,0,0,,"735429,079099999740000","5693511,282800000200000",12.380632736000052,51.34404054700008,0,,0,Mitte,,,0,0.0,,1,14200201144200201950,,,
7956,,112769,14,7,13,000,2020,02,15,1,3,0,7,0,,0,1,0,0,0,,"737284,804499999620000","5690925,314999999500000",12.405507563000072,51.32005725500005,3,,3,Südost,,,0,3.0,,0,14200216148210246970,,,
7957,,112772,14,7,13,000,2020,02,13,7,3,5,2,0,,1,1,0,0,0,,"736540,807500000110000","5692203,171499999200000",12.395697863000066,51.33183729400008,3,,3,Südost,,,0,3.0,,0,14200208148410205680,,,
7958,,112776,14,7,13,000,2020,02,13,5,3,2,6,0,,0,1,0,0,0,,"735054,172100000080000","5690235,918800000100000",12.373099018000062,51.31479472900003,4,,4,Süd,,,1,4.0,,0,14200220148210237100,,,
7959,,112801,14,7,13,000,2020,02,07,3,2,5,3,0,,0,1,0,0,0,,"728242,656800000000000","5685705,536000000300000",12.272629534000032,51.27689639100004,5,,5,Südwest,,,0,5.0,,1,14200211144200216690,,,
7960,,112814,14,7,13,000,2020,02,08,5,2,6,4,0,,0,0,1,0,0,,"735400,072999999860000","5693528,552999999400000",12.380228420000037,51.344207580000045,0,,0,Mitte,,,0,0.0,,1,14200227144200251860,,,
7961,,112849,14,7,13,000,2020,02,12,4,2,1,6,0,,0,1,0,0,0,,"736631,978699999860000","5695739,627599999300000",12.399354815000038,51.36354308500006,9,,9,Nord,,,1,9.0,,0,14200226144200302610,,,
7962,,112859,14,7,13,000,2020,02,09,3,3,3,6,0,,1,1,0,0,0,,"733847,472900000400000","5693191,528699999700000",12.357753775000049,51.34182298400003,0,,0,Mitte,,,1,0.0,,0,14200225148410244470,,,
7963,,112870,14,7,13,000,2020,02,07,3,2,4,1,0,,0,1,0,0,0,,"740345,385400000030000","5687663,565400000700000",12.44715157500002,51.28949626000008,3,,3,Südost,,,0,3.0,,0,14200218144200230530,,,
7964,,112874,14,7,13,000,2020,02,02,7,3,8,6,2,,0,1,0,0,0,,"730617,808600000110000","5683079,357300000300000",12.304931732000057,51.25236473100006,5,,5,Südwest,,,1,5.0,,0,14200215144310291310,,,
7965,,112876,14,7,13,000,2020,02,11,7,3,3,6,0,,0,1,0,0,0,,"736534,129700000400000","5695046,921700000800000",12.397491239000033,51.35736601700006,1,,1,Nordost,,,0,1.0,,0,14200222144200246870,,,
7966,,112887,14,7,13,000,2020,02,16,5,3,2,2,0,,1,1,0,0,0,,"737353,916600000110000","5690244,410599999100000",12.406044417000032,51.31391656000005,3,,3,Südost,,,0,3.0,,0,14200220144100244390,,,
7967,,112918,14,7,13,000,2020,02,08,6,3,6,2,0,,0,1,1,0,0,,"735729,387000000100000","5693560,582000000400000",12.384969555000055,51.34435864000005,0,,0,Mitte,,,0,0.0,,0,14200228144320368260,,,
7968,,112946,14,7,13,000,2020,02,03,3,3,9,1,2,,0,1,0,0,0,,"735928,875000000000000","5700416,793500000600000",12.392379535000032,51.40581841000005,9,,9,Nord,,,1,9.0,,0,14200225144310257280,,,
7969,,112971,14,7,13,000,2020,02,09,2,3,2,6,0,,0,1,0,0,0,,"736517,633899999780000","5696134,594900000800000",12.397977955000044,51.36713596700008,9,,9,Nord,,,1,9.0,,1,14200210144200213720,,,
7970,,112995,14,7,13,000,2020,02,18,6,3,6,4,2,,0,0,1,0,0,,"735411,393600000070000","5693521,812699999700000",12.38038621800007,51.34414238900007,0,,0,Mitte,,,1,0.0,,1,14200214144200457940,,,
7971,,113008,14,7,13,000,2020,02,03,4,3,8,1,2,,0,1,0,0,0,,"736633,420500000010000","5695729,196300000000000",12.39936854900003,51.36344885200003,9,,9,Nord,,,0,9.0,,0,14200219148110233050,,,
7972,,113011,14,7,13,000,2020,02,15,3,3,2,6,0,,0,1,0,0,0,,"736337,399400000460000","5694331,209200000400000",12.394195499000034,51.351023515000065,0,,0,Mitte,,,0,0.0,,0,14200225148410251990,,,
7973,,113029,14,7,13,000,2020,02,18,4,3,2,4,2,,0,1,1,0,0,,"735851,907899999990000","5693711,731000000600000",12.386825721000037,51.34566458000006,0,,0,Mitte,,,1,0.0,,0,14200226148410259530,,,
7974,,113031,14,7,13,000,2020,02,09,5,2,5,3,0,,0,1,0,0,0,,"729680,591599999930000","5687336,701799999900000",12.294259272000033,51.29096199400004,5,,5,Südwest,,,0,5.0,,0,14200213144200232960,,,
7975,,113032,14,7,13,000,2020,02,13,3,3,4,2,0,,1,1,0,0,0,,"732078,427299999630000","5692452,163100000500000",12.331917065000027,51.335910684000055,7,,7,Alt-West,,,0,7.0,,0,14200204144200195690,,,
7976,,113083,14,7,13,000,2020,02,18,2,3,2,2,2,,0,1,0,0,0,,"729166,629499999810000","5693189,886299999400000",12.290661958000044,51.34371412000007,7,,7,Alt-West,,,0,7.0,,0,14200217144200230500,,,
7977,,113087,14,7,13,000,2020,01,22,4,3,2,2,2,,0,1,0,0,0,,"728688,389999999660000","5693235,630000000800000",12.28383629600006,51.34431733200006,7,,7,Alt-West,,,0,7.0,,1,14200129148323192930,,,
7978,,113089,14,7,13,000,2020,02,14,3,3,5,3,0,,0,1,0,0,1,,"727621,243900000120000","5685558,746700000000000",12.263641539000048,51.27582712600008,5,,5,Südwest,,,1,5.0,,0,14200211144200213730,,,
7979,,113123,14,7,13,000,2020,02,13,3,3,2,6,0,,0,1,0,0,0,,"737367,822300000120000","5690256,925499999900000",12.406251915000041,51.314023097000074,3,,3,Südost,,,1,3.0,,0,14200225148220254130,,,
7980,,113153,14,7,13,000,2020,02,07,2,3,5,3,2,,1,1,0,0,0,,"739759,179399999790000","5688230,851700000500000",12.439141016000065,51.29483514900005,3,,3,Südost,,,1,3.0,,0,14200203144200230660,,,
7981,,113180,14,7,13,000,2020,03,16,7,2,4,2,0,,0,1,0,1,0,,"727711,666299999690000","5697687,794099999600000",12.27268624800007,51.384677647000046,8,,8,Nordwest,,,0,8.0,,0,14200328144200359690,,,
7982,,113181,14,7,13,000,2020,03,15,3,3,6,4,0,,0,0,1,0,0,,"734437,572300000120000","5693412,590399999200000",12.366356706000033,51.34356433900007,0,,0,Mitte,,,0,0.0,,1,14200303144200282610,,,
7983,,113183,14,7,13,000,2020,04,13,4,3,2,2,0,,0,1,0,0,0,,"739637,614000000060000","5694462,883999999600000",12.441589505000024,51.35082370500004,2,,2,Ost,,,0,2.0,,1,14200408144200387760,,,
7984,,113184,14,7,13,000,2020,03,16,5,3,6,4,0,,0,1,1,0,0,,"733725,583800000140000","5693143,343499999500000",12.355975202000025,51.34144056400004,0,,0,Mitte,,,0,0.0,,0,14200312144200323550,,,
7985,,113186,14,7,13,000,2020,04,15,1,3,5,3,0,,0,1,0,0,0,,"726273,251699999910000","5690213,076400000600000",12.247297078000031,51.31814862200008,6,,6,West,,,0,6.0,,0,14200419148310363810,,,
7986,,113188,14,7,13,000,2020,04,12,2,3,8,1,0,,0,1,0,0,0,,"736244,100399999880000","5694031,191199999300000",12.392658983000047,51.34836928200008,0,,0,Mitte,,,0,0.0,,0,14200406148410400230,,,
7987,,113189,14,7,13,000,2020,03,12,5,3,3,6,0,,0,1,0,0,0,,"740739,743900000120000","5694461,841000000000000",12.457386322000048,51.35034865200004,2,,2,Ost,,,0,2.0,,0,14200312144200320860,,,
7988,,113192,14,7,13,000,2020,04,10,5,3,3,6,0,,0,1,0,0,0,,"739630,854199999940000","5698537,006300000500000",12.444238253000037,51.38739459100003,1,,1,Nordost,,,0,1.0,,0,14200416144310359740,,,
7989,,113232,14,7,13,000,2020,03,16,6,2,5,3,0,,1,1,0,0,0,,"739923,326299999840000","5694457,078800000300000",12.445680927000069,51.350651080000034,2,,2,Ost,,,0,2.0,,0,14200313144200300420,,,
7990,,113254,14,7,13,000,2020,03,10,4,3,2,6,0,,0,1,0,0,0,,"730291,884300000030000","5701125,629899999100000",12.311933680000038,51.41449787000005,8,,8,Nordwest,,,1,8.0,,0,14200311148110340980,,,
7991,,113255,14,7,13,000,2020,03,19,2,3,1,2,2,,0,1,0,0,0,,"732155,216099999850000","5692471,366200000000000",12.333030023000049,51.33605172500006,7,,7,Alt-West,,,0,7.0,,0,14200316144200312350,,,
7992,,113257,14,7,13,000,2020,03,07,4,3,5,3,0,,1,1,0,0,0,,"728891,862200000320000","5691753,559200000000000",12.285800532000053,51.330930641000066,6,,6,West,,,1,6.0,,0,14200311144200300450,,,
7993,,113284,14,7,13,000,2020,04,14,5,3,5,3,0,,1,0,0,0,1,,"742489,251699999910000","5691545,057800000500000",12.480476858000031,51.32342584700007,2,,2,Ost,,,0,2.0,,0,14200409144200375800,,,
7994,,113309,14,7,13,000,2020,03,05,3,3,5,3,0,,0,1,0,0,0,,"727279,877000000330000","5690036,369999999200000",12.261605692000046,51.31616111100004,6,,6,West,,,0,6.0,,1,14200324144200320470,,,
7995,,113323,14,7,13,000,2020,04,15,5,3,5,2,0,,1,1,0,0,0,,"736069,608500000090000","5693821,597200000700000",12.390018868000027,51.34656040900006,0,,0,Mitte,,,0,0.0,,0,14200416148410363830,,,
7996,,113335,14,7,13,000,2020,03,01,3,2,6,6,2,,1,0,1,0,0,,"732875,846800000410000","5692822,471200000500000",12.34358670100005,51.33890885300008,7,,7,Alt-West,,,0,7.0,,0,14200310148310288780,,,
7997,,113434,14,7,13,000,2020,04,15,2,3,2,2,0,,0,1,0,0,0,,"735174,069899999540000","5693551,205299999600000",12.377004143000022,51.344504441000026,0,,0,Mitte,,,0,0.0,,0,14200413148410361460,,,
7998,,113435,14,7,13,000,2020,03,15,2,2,1,7,0,,0,1,0,0,1,,"739954,067200000400000","5698158,732799999400000",12.44861928000006,51.38386283500006,1,,1,Nordost,,,0,1.0,,0,14200309144200277820,,,
7999,,113439,14,7,13,000,2020,03,12,7,2,3,6,0,,0,1,0,1,0,,"735634,503600000400000","5693462,549300000100000",12.383544751000045,51.34351800300004,0,,0,Mitte,,,0,0.0,,0,14200314148410291420,,,
8000,,113454,14,7,13,000,2020,03,13,3,2,9,1,0,,0,0,0,0,1,,"730738,254200000320000","5683048,660399999500000",12.306634941000027,51.252040452000074,5,,5,Südwest,,,0,5.0,,0,14200317144310302670,,,
8001,,113462,14,7,13,000,2020,03,15,2,3,2,6,0,,0,1,0,0,0,,"733895,731700000350000","5696950,315700000200000",12.36091650800006,51.375543795000056,9,,9,Nord,,,0,9.0,,0,14200302148110265440,,,
8002,,113469,14,7,13,000,2020,03,07,2,3,2,6,0,,0,1,0,0,0,,"745569,392300000410000","5691024,144899999700000",12.524238525000044,51.31742970300007,2,,2,Ost,,,1,2.0,,0,14200302144310265410,,,
8003,,113517,14,7,13,000,2020,03,11,7,3,5,3,0,,0,1,0,0,0,,"736476,968899999750000","5693019,596500000000000",12.395325071000059,51.33919221900004,2,,2,Ost,,,0,2.0,,1,14200307144200282570,,,
8004,,113563,14,7,13,000,2020,03,17,7,3,3,6,0,,0,1,0,0,0,,"734877,614900000390000","5689005,970899999100000",12.369760400000075,51.30382704600004,4,,4,Süd,,,0,4.0,,0,14200314144200302650,,,
8005,,113569,14,7,13,000,2020,04,13,2,3,5,3,0,,1,1,0,0,0,,"736990,357300000270000","5691388,802200000700000",12.401597744000071,51.32434028600005,3,,3,Südost,,,0,3.0,,0,14200406144320474870,,,
8006,,113632,14,7,13,000,2020,04,09,4,3,3,6,0,,1,1,0,0,0,,"735733,534400000240000","5690281,458100000400000",12.382859960000076,51.31492253300007,4,,4,Süd,,,0,4.0,,0,14200415148210373190,,,
8007,,113650,14,7,13,000,2020,04,13,5,3,2,2,0,,0,1,0,0,0,,"728688,389999999660000","5693235,630000000800000",12.28383629600006,51.34431733200006,7,,7,Alt-West,,,0,7.0,,0,14200402148310337530,,,
8008,,113651,14,7,13,000,2020,03,13,5,3,2,6,0,,0,1,0,0,0,,"736061,877999999560000","5696939,743000000700000",12.39197716600006,51.374552668000035,9,,9,Nord,,,0,9.0,,0,14200305148310288790,,,
8009,,113665,14,7,13,000,2020,03,16,5,2,5,3,0,,0,1,0,1,0,,"734746,881799999620000","5693486,726900000100000",12.370838796000044,51.34410219800003,0,,0,Mitte,,,0,0.0,,0,14200305144200270340,,,
8010,,113668,14,7,13,000,2020,03,13,5,2,5,3,0,,0,1,0,0,0,,"727956,952499999660000","5699602,208000000600000",12.277434398000025,51.40176524200007,8,,8,Nordwest,,,0,8.0,,0,14200305144200268100,,,
8011,,113672,14,7,13,000,2020,03,12,5,3,3,6,0,,0,1,0,0,0,,"735932,106399999930000","5697353,042099999300000",12.390390334000074,51.378316433000066,9,,9,Nord,,,0,9.0,,1,14200305144200268090,,,
8012,,113695,14,7,13,000,2020,02,20,7,3,2,6,2,,0,1,0,0,0,,"743857,879200000320000","5694676,537699999300000",12.502225287000044,51.35094653500005,2,,2,Ost,,,1,2.0,,0,14200229144310255851,,,
8013,,113706,14,7,13,000,2020,04,18,5,3,3,6,0,,0,1,0,0,0,,"734620,869900000280000","5700686,973400000500000",12.373785757000064,51.408786073000044,9,,9,Nord,,,0,9.0,,0,14200416144310361350,,,
8014,,113711,14,7,13,000,2020,03,10,3,3,9,1,0,,0,1,0,0,0,,"732787,598399999550000","5692526,157900000000000",12.34212831900004,51.33628507900005,7,,7,Alt-West,,,0,7.0,,0,14200317148320310600,,,
8015,,113739,14,7,13,000,2020,03,05,4,2,8,6,0,,0,1,0,0,0,,"728447,078099999580000","5691391,741399999700000",12.279194845000063,51.32786131900008,6,,6,West,,,0,6.0,,0,14200304144200270320,,,
8016,,113749,14,7,13,000,2020,04,14,7,3,5,2,0,,1,1,0,0,0,,"736194,650899999770000","5693813,587600000200000",12.391805817000034,51.34643657700008,0,,0,Mitte,,,0,0.0,,0,14200418145200384730,,,
8017,,113766,14,7,13,000,2020,03,11,4,3,4,2,0,,1,1,0,0,0,,"731303,878200000150000","5697362,278400000200000",12.32400922000005,51.380303438000055,8,,8,Nordwest,,,0,8.0,,0,14200325148110323590,,,
8018,,113790,14,7,13,000,2020,03,16,6,3,0,7,0,,1,0,0,0,0,,"739752,638600000180000","5695493,898499999200000",12.443932873000051,51.36002927800007,2,,2,Ost,,,0,2.0,,0,14200313144200302630,,,
8019,,113804,14,7,13,000,2020,06,12,5,2,8,1,0,,0,1,0,0,0,,"734812,983400000260000","5690204,945299999800000",12.369623924000052,51.31461625400004,4,,4,Süd,,,0,4.0,,0,14200611144200523270,,,
8020,,113807,14,7,13,000,2020,05,16,2,3,1,6,0,,0,1,0,0,0,,"734196,787299999970000","5697032,487700000400000",12.365288600000042,51.37615733700005,9,,9,Nord,,,1,9.0,,0,14200511148110415660,,,
8021,,113814,14,7,29,270,2020,05,20,2,3,9,1,0,,0,1,0,0,0,,"726936,775799999940000","5683795,568499999100000",12.252725769000051,51.26027101200003,5,,5,Südwest,,,1,5.0,,0,14200511144000477760,,,
8022,,113822,14,7,13,000,2020,05,10,2,3,2,6,0,,0,1,0,0,0,,"736322,956699999980000","5692430,250700000700000",12.392726971000059,51.33396615600003,3,,3,Südost,,,0,3.0,,0,14200518148410443320,,,
8023,,113827,14,7,13,000,2020,05,14,2,3,2,2,0,,0,1,0,0,0,,"737743,922199999910000","5690344,111999999700000",12.411696836000033,51.31464871600008,3,,3,Südost,,,0,3.0,,0,14200518148210431240,,,
8024,,113836,14,7,13,000,2020,05,10,2,3,2,6,0,,0,1,0,0,0,,"736631,708800000140000","5695741,287200000100000",12.399352050000061,51.36355809400004,9,,9,Nord,,,0,9.0,,0,14200518148110458050,,,
8025,,113837,14,7,13,000,2020,05,22,7,3,0,1,2,,1,0,0,0,0,,"738298,020100000310000","5694499,260700000500000",12.422412047000023,51.35171338400005,1,,1,Nordost,,,0,1.0,,0,14200530148110474950,,,
8026,,113849,14,7,13,000,2020,06,10,5,3,3,2,0,,0,0,0,0,1,,"738852,972400000320000","5694487,716700000700000",12.430359148000036,51.35137684400007,2,,2,Ost,,,0,2.0,,1,14200604144200474790,,,
8027,,113867,14,7,13,000,2020,05,08,3,3,5,3,0,,1,1,0,0,0,,"735163,885999999940000","5693520,017000000900000",12.376837582000064,51.34422869700006,0,,0,Mitte,,,0,0.0,,0,14200526148410448650,,,
8028,,113904,14,7,13,000,2020,06,14,4,3,1,6,0,,1,0,0,0,0,,"733127,871299999770000","5692922,433199999900000",12.347264022000047,51.33970291000003,0,,0,Mitte,,,1,0.0,,0,14200610148310489130,,,
8029,,113916,14,7,13,000,2020,05,10,5,2,6,4,0,,0,1,1,0,0,,"738712,536399999630000","5689260,663400000000000",12.424845259000051,51.30451832600005,3,,3,Südost,,,0,3.0,,0,14200528144200488820,,,
8030,,113923,14,7,13,000,2020,05,07,3,2,2,6,0,,0,1,0,0,0,,"731467,969600000420000","5701192,980599999400000",12.328860869000039,51.41462367400004,8,,8,Nordwest,,,0,8.0,,0,14200512144310437900,,,
8031,,113933,14,7,13,000,2020,05,15,2,3,5,2,0,,1,1,0,0,0,,"740249,293600000440000","5695926,804199999200000",12.45134557800003,51.36370511200005,2,,2,Ost,,,0,2.0,,0,14200525148110468800,,,
8032,,113935,14,7,13,000,2020,05,15,6,3,5,3,0,,0,1,0,1,0,,"743073,213600000370000","5692855,959100000600000",12.489735936000045,51.33494242100005,2,,2,Ost,,,0,2.0,,0,14200529148210466170,,,
8033,,113974,14,7,13,000,2020,05,15,6,2,5,2,0,,1,1,0,0,0,,"732389,109199999830000","5692411,751700000800000",12.336343007000039,51.335421057000076,7,,7,Alt-West,,,0,7.0,,0,14200508144200410230,,,
8034,,113982,14,7,13,000,2020,06,12,6,3,5,2,0,,1,1,0,0,0,,"736160,323900000190000","5693808,189999999500000",12.391310221000026,51.34640238800006,0,,0,Mitte,,,0,0.0,,0,14200605148410575220,,,