UNFALL_ID,FID_left,OBJECTID,ULAND,UREGBEZ,UKREIS,UGEMEINDE,UJAHR,UMONAT,USTUNDE,UWOCHENTAG,UKATEGORIE,UART,UTYP1,ULICHTVERH,IstStrasse,IstRad,IstPKW,IstFuss,IstKrad,IstGkfz,IstSonstig,LINREFX,LINREFY,XGCSWGS84,YGCSWGS84,index_right,FID_right,SBZ,Name,UIDENTSTLA,LICHT,STRZUSTAND,FID,OBJECTID_1,IstSonstige,UIDENTSTLAE,OID_,IstStrassenzustand,PLST
8035,,113988,14,7,13,000,2020,05,15,2,3,2,2,0,,0,1,0,0,0,,"739843,845200000330000","5694472,679999999700000",12.444552179000027,51.35082465200003,2,,2,Ost,,,1,2.0,,0,14200511148210428620,,,
8036,,114027,14,7,13,000,2020,05,10,3,2,3,6,0,,0,1,0,0,0,,"731254,222199999730000","5701193,144500000400000",12.325792530000058,51.414712344000066,8,,8,Nordwest,,,0,8.0,,0,14200526144310450240,,,
8037,,114039,14,7,13,000,2020,05,09,7,3,2,6,0,,0,1,0,0,0,,"742258,320299999790000","5694719,938999999300000",12.479327995000062,51.352020036000056,2,,2,Ost,,,0,2.0,,0,14200530144200468740,,,
8038,,114050,14,7,13,000,2020,06,07,3,3,5,2,0,,1,0,0,0,0,,"733842,367999999780000","5693189,926999999200000",12.357679559000076,51.34181070600005,0,,0,Mitte,,,0,0.0,,1,14200602148410481450,,,
8039,,114078,14,7,13,000,2020,05,12,3,3,4,2,0,,0,1,0,0,0,,"730276,715599999760000","5701141,539699999600000",12.311726254000064,51.414646849000064,8,,8,Nordwest,,,0,8.0,,0,14200512144310422280,,,
8040,,114101,14,7,13,000,2020,05,17,4,3,4,2,0,,0,1,0,0,0,,"735062,082700000140000","5690236,951300000800000",12.37321300700006,51.31480073100005,4,,4,Süd,,,0,4.0,,0,14200506148210413570,,,
8041,,114103,14,7,13,000,2020,05,14,4,2,4,6,0,,0,1,0,0,0,,"730659,428500000390000","5685207,591199999700000",12.306899250000072,51.27145329900003,5,,5,Südwest,,,0,5.0,,0,14200506144200404590,,,
8042,,114136,14,7,13,000,2020,05,14,3,3,5,2,0,,0,1,0,1,0,,"737746,015800000170000","5690341,642000000900000",12.411725176000061,51.314625671000044,3,,3,Südost,,,0,3.0,,0,14200505148410402480,,,
8043,,114138,14,7,13,000,2020,05,14,3,3,1,6,0,,0,1,0,0,0,,"736608,001199999820000","5694558,302799999700000",12.398225419000028,51.35294936200006,1,,1,Nordost,,,0,1.0,,1,14200505148110428560,,,
8044,,114141,14,7,13,000,2020,05,21,3,2,2,6,2,,0,1,0,0,0,,"738141,259999999780000","5689968,478599999100000",12.417137113000024,51.311110918000054,3,,3,Südost,,,0,3.0,,0,14200505144200626780,,,
8045,,114143,14,7,13,000,2020,05,21,3,2,2,6,2,,0,1,0,0,0,,"737733,516200000420000","5690356,388599999200000",12.411555973000077,51.314763259000074,3,,3,Südost,,,0,3.0,,0,14200505144200488800,,,
8046,,114144,14,7,13,000,2020,05,10,6,3,1,6,0,,0,1,0,0,0,,"736204,314399999570000","5693821,434599999300000",12.39194953200007,51.34650299800006,0,,0,Mitte,,,0,0.0,,0,14200522148410450280,,,
8047,,114153,14,7,13,000,2020,05,19,5,3,9,1,0,,0,1,0,0,0,,"727868,593000000340000","5684122,848999999500000",12.266266894000069,51.26283757500005,5,,5,Südwest,,,0,5.0,,0,14200521144000495600,,,
8048,,114181,14,7,13,000,2020,05,13,2,3,5,3,0,,1,1,0,0,0,,"731490,406999999660000","5692723,729000000300000",12.32366668800006,51.338588138000034,7,,7,Alt-West,,,1,7.0,,0,14200504144200418200,,,
8049,,114233,14,7,13,000,2020,05,09,7,3,5,3,0,,1,1,0,0,0,,"736060,575100000020000","5693821,419700000400000",12.389889272000062,51.346562567000035,0,,0,Mitte,,,1,0.0,,0,14200502148410397510,,,
8050,,114237,14,7,13,000,2020,06,18,2,3,5,2,0,,1,1,0,0,0,,"736451,681499999950000","5692994,011199999600000",12.394945695000047,51.33897307600006,0,,0,Mitte,,,0,0.0,,0,14200608148410516470,,,
8051,,114273,14,7,13,000,2020,05,19,6,2,4,1,0,,1,0,0,1,0,,"742859,133000000380000","5688904,774900000500000",12.483977946000039,51.299570568000036,3,,3,Südost,,,0,3.0,,0,14200501144200396790,,,
8052,,114274,14,7,13,000,2020,05,18,5,3,5,3,0,,0,1,0,0,0,,"740752,295199999590000","5694462,902200000400000",12.457566943000074,51.35035286100003,2,,2,Ost,,,0,2.0,,1,14200521144200488810,,,
8053,,114304,14,7,13,000,2020,05,10,6,1,3,2,0,,1,1,0,0,0,,"742491,237200000320000","5692365,867200000200000",12.481063708000022,51.33079208500004,2,,2,Ost,,,0,2.0,,0,14200522144200441981,,,
8054,,114320,14,7,13,000,2020,05,19,7,3,3,6,0,,1,1,0,0,0,,"737761,137000000100000","5690343,620999999300000",12.411943076000057,51.314637118000064,3,,3,Südost,,,0,3.0,,0,14200530144200495690,,,
8055,,114323,14,7,13,000,2020,04,13,5,2,6,4,0,,0,1,1,0,0,,"738856,509600000460000","5689157,408900000200000",12.426837799000054,51.303531141000065,3,,3,Südost,,,0,3.0,,0,14200430144200395280,,,
8056,,114328,14,7,13,000,2020,05,16,4,2,4,2,0,,0,1,0,0,0,,"742267,258000000380000","5694721,705900000400000",12.479457307000075,51.352032085000076,2,,2,Ost,,,0,2.0,,0,14200520144200442000,,,
8057,,114353,14,7,13,000,2020,05,18,3,3,0,7,0,,0,0,0,1,0,,"735034,907800000160000","5702115,014599999400000",12.380674837000072,51.42143305600007,9,,9,Nord,,,1,9.0,,0,14200526148110448600,,,
8058,,114360,14,7,13,000,2020,05,18,7,3,6,6,0,,1,0,1,0,0,,"734637,725700000300000","5693486,425200000400000",12.36927408500003,51.34414454700004,0,,0,Mitte,,,0,0.0,,0,14200523148410475180,,,
8059,,114400,14,7,13,000,2020,05,17,5,3,5,3,0,,1,1,0,0,0,,"728894,915500000120000","5691755,864299999500000",12.285845766000023,51.330950105000056,6,,6,West,,,0,6.0,,0,14200528144200457960,,,
8060,,114403,14,7,13,000,2020,04,14,3,3,5,3,0,,0,1,0,0,0,,"733905,486100000330000","5693223,101700000500000",12.35860597200002,51.34208253800006,0,,0,Mitte,,,0,0.0,,0,14200428148410388090,,,
8061,,114407,14,7,30,270,2020,05,06,3,3,0,7,0,,0,1,0,0,1,,"729551,339100000450000","5701196,986800000100000",12.301348774000076,51.41543866300003,8,,8,Nordwest,,,0,8.0,,0,14200512144310437260,,,
8062,,114409,14,7,13,000,2020,04,11,3,3,2,6,0,,0,1,0,0,0,,"734164,649600000120000","5697028,608400000300000",12.36482509700005,51.37613576700005,9,,9,Nord,,,0,9.0,,0,14200428148110408050,,,
8063,,114410,14,7,13,000,2020,05,06,6,3,2,6,0,,0,1,0,0,0,,"736204,392900000330000","5693820,987500000700000",12.391950360000067,51.34649895300004,0,,0,Mitte,,,0,0.0,,0,14200515148410442070,,,
8064,,114414,14,7,13,000,2020,04,17,3,2,3,6,0,,1,0,0,0,0,,"731908,211500000210000","5699502,525800000900000",12.334075751000057,51.39926923500008,8,,8,Nordwest,,,0,8.0,,0,14200428148110395320,,,
8065,,114416,14,7,13,000,2020,04,17,3,3,2,6,0,,0,1,0,0,0,,"727224,007399999540000","5693379,610700000100000",12.262937202000046,51.34619704800008,7,,7,Alt-West,,,0,7.0,,0,14200428144200387710,,,
8066,,114417,14,7,13,000,2020,05,15,2,3,2,6,0,,0,1,0,0,0,,"739055,929999999700000","5694924,380000000800000",12.433561673000042,51.35521092600004,2,,2,Ost,,,0,2.0,,0,14200525144200446530,,,
8067,,114466,14,7,13,000,2020,04,11,2,3,2,6,0,,0,1,0,0,1,,"728060,779000000100000","5693296,679999999700000",12.274879087000045,51.34511749600006,7,,7,Alt-West,,,0,7.0,,0,14200427144200387770,,,
8068,,114490,14,7,13,000,2020,05,16,1,3,4,7,0,,0,1,0,0,0,,"736484,521599999630000","5693042,433299999700000",12.395448470000076,51.33939406500008,2,,2,Ost,,,0,2.0,,0,14200524144200446500,,,
8069,,114499,14,7,13,000,2020,05,11,4,3,6,7,0,,0,0,1,0,1,,"740557,310999999750000","5694446,377200000000000",12.454760976000046,51.35028708700003,2,,2,Ost,,,0,2.0,,0,14200513144200457930,,,
8070,,114510,14,7,13,000,2020,05,22,3,2,2,6,2,,0,1,0,0,0,,"742245,909099999820000","5694717,233300000400000",12.47914825600003,51.35200104000006,2,,2,Ost,,,0,2.0,,1,14200526144200488760,,,
8071,,114534,14,7,13,000,2020,06,15,3,3,5,2,0,,1,1,0,0,0,,"740904,327700000260000","5696372,744200000500000",12.461039243000073,51.36743030400004,2,,2,Ost,,,0,2.0,,0,14200602144200477780,,,
8072,,114550,14,7,13,000,2020,06,07,2,2,5,3,0,,1,1,0,0,0,,"727241,021499999800000","5693200,243400000000000",12.263066621000064,51.344580000000065,7,,7,Alt-West,,,0,7.0,,0,14200608144200485980,,,
8073,,114572,14,7,13,000,2020,05,12,4,2,3,6,0,,0,1,0,0,1,,"741056,125099999830000","5696945,321499999600000",12.463604002000068,51.37250507500005,1,,1,Nordost,,,0,1.0,,0,14200527144310452210,,,
8074,,114573,14,7,13,000,2020,04,00,7,3,0,1,2,,1,0,0,0,0,,"738334,458399999890000","5694514,404200000700000",12.422944507000068,51.351834034000035,1,,1,Nordost,,,0,1.0,,0,14200425145500380600,,,
8075,,114585,14,7,13,000,2020,04,15,6,3,5,3,0,,1,1,0,0,0,,"727400,782399999910000","5697707,244000000900000",12.268238469000039,51.38497686300008,8,,8,Nordwest,,,0,8.0,,0,14200424148120418340,,,
8076,,114596,14,7,13,000,2020,05,14,5,3,5,3,0,,0,1,0,1,0,,"735991,021999999880000","5697125,441999999800000",12.391084242000034,51.376248978000035,9,,9,Nord,,,0,9.0,,0,14200521144320450250,,,
8077,,114607,14,7,13,000,2020,06,16,3,3,5,3,0,,1,1,0,0,0,,"728891,949599999930000","5691753,625199999700000",12.285801827000057,51.33093119800003,6,,6,West,,,0,6.0,,0,14200609144200493220,,,
8078,,114622,14,7,13,000,2020,07,20,3,3,5,3,0,,1,1,0,0,0,,"738880,202999999750000","5688709,030999999500000",12.42687701400007,51.29949658900006,3,,3,Südost,,,0,3.0,,0,14200721148210614880,,,
8079,,114641,14,7,13,000,2020,07,04,2,3,8,1,1,,0,1,0,0,0,,"745414,435600000430000","5691144,055999999900000",12.522101724000038,51.318572747000076,2,,2,Ost,,,0,2.0,,0,14200706144310566010,,,
8080,,114644,14,7,13,000,2020,06,13,1,3,5,3,0,,0,1,0,0,0,,"734942,907700000330000","5690232,594300000000000",12.371503118000021,51.31481082700003,4,,4,Süd,,,0,4.0,,0,14200628144200537270,,,
8081,,114650,14,7,13,000,2020,06,07,5,3,2,2,0,,1,1,0,0,0,,"738287,532999999820000","5694494,902300000200000",12.422258803000034,51.35167866000006,1,,1,Nordost,,,0,1.0,,0,14200625148110535860,,,
8082,,114663,14,7,13,000,2020,07,17,2,3,5,2,0,,0,1,0,0,0,,"736142,826000000350000","5701506,379000000700000",12.39617544500004,51.41550958100004,9,,9,Nord,,,0,9.0,,0,14200720144200711490,,,
8083,,114711,14,7,13,000,2020,07,23,5,3,3,6,2,,1,0,0,0,0,,"735088,991899999790000","5690252,452899999900000",12.373608661000048,51.31492876500005,4,,4,Süd,,,0,4.0,,1,14200730148220792370,,,
8084,,114723,14,7,13,000,2020,07,11,3,3,2,6,0,,0,1,0,0,0,,"740038,623999999840000","5694427,593200000000000",12.44731368500004,51.35033775100004,2,,2,Ost,,,0,2.0,,1,14200707144200565940,,,
8085,,114729,14,7,13,000,2020,07,00,7,3,5,3,2,,1,1,0,0,0,,"732605,073499999940000","5692409,635900000100000",12.33943651100003,51.335313779000046,7,,7,Alt-West,,,0,7.0,,0,14200718148310648410,,,
8086,,114752,14,7,13,000,2020,06,14,4,2,5,3,0,,1,1,0,0,0,,"738931,544700000440000","5688214,784099999800000",12.427281382000047,51.295038720000036,3,,3,Südost,,,0,3.0,,0,14200624148210537390,,,
8087,,114757,14,7,13,000,2020,06,10,4,3,5,3,0,,1,1,0,0,0,,"736061,228900000450000","5693821,439300000700000",12.38989865600007,51.34656247100003,0,,0,Mitte,,,0,0.0,,0,14200624144200654520,,,
8088,,114762,14,7,13,000,2020,07,02,1,2,5,3,2,,0,1,0,0,0,,"736426,703099999580000","5692748,321300000000000",12.394424663000052,51.33677810300003,3,,3,Südost,,,0,3.0,,0,14200712144200699030,,,
8089,,114764,14,7,13,000,2020,06,14,4,3,9,1,0,,0,1,0,0,0,,"727880,255099999720000","5684118,414300000300000",12.266430942000056,51.26279310100006,5,,5,Südwest,,,0,5.0,,0,14200624144000590560,,,
8090,,114867,14,7,13,000,2020,06,16,3,3,2,2,0,,0,1,0,0,0,,"726273,538200000300000","5690213,186599999700000",12.247301252000057,51.318149497000036,6,,6,West,,,0,6.0,,1,14200623148310533940,,,
8091,,114875,14,7,13,000,2020,07,18,4,3,6,2,0,,0,1,1,0,0,,"740903,667299999860000","5696372,322799999300000",12.461029488000065,51.36742680200007,2,,2,Ost,,,0,2.0,,0,14200701148110555270,,,
8092,,114879,14,7,13,000,2020,06,12,3,3,3,2,0,,1,0,0,0,0,,"733732,196700000200000","5693146,068099999800000",12.35607176800005,51.34146230300007,0,,0,Mitte,,,0,0.0,,0,14200623144200623390,,,
8093,,114896,14,7,13,000,2020,06,15,3,3,3,6,0,,1,0,0,0,0,,"736254,004900000060000","5694056,688400000300000",12.39281787300007,51.34859403300004,0,,0,Mitte,,,0,0.0,,1,14200623144200523290,,,
8094,,114900,14,7,13,000,2020,06,13,3,3,3,7,0,,0,1,0,0,0,,"736508,087299999780000","5694623,617399999900000",12.396836542000074,51.353577219000044,1,,1,Nordost,,,0,1.0,,0,14200623144200523280,,,
8095,,114940,14,7,13,000,2020,07,13,5,3,5,3,0,,1,1,0,0,0,,"739514,754599999640000","5688479,195699999100000",12.435808300000076,51.29716708900003,3,,3,Südost,,,0,3.0,,0,14200709148210090510,,,
8096,,114942,14,7,13,000,2020,07,17,5,2,2,6,0,,0,1,0,0,0,,"735988,400000000370000","5693817,529999999300000",12.388852188000044,51.34655761600004,0,,0,Mitte,,,0,0.0,,0,14200730144200626820,,,
8097,,114953,14,7,13,000,2020,07,21,3,3,0,6,1,,1,0,0,0,0,,"736328,931699999610000","5693586,895300000900000",12.393580023000027,51.344345942000075,0,,0,Mitte,,,0,0.0,,0,14200714148410579610,,,
8098,,114972,14,7,13,000,2020,07,20,5,2,7,7,0,,1,0,0,0,0,,"736337,971900000240000","5694264,601900000100000",12.394159481000031,51.35042539800003,0,,0,Mitte,,,0,0.0,,0,14200702148410577380,,,
8099,,114976,14,7,13,000,2020,06,12,2,1,5,2,0,,1,0,0,0,1,,"736550,630900000220000","5690276,684200000000000",12.394560368000043,51.31454067100003,0,,0,Mitte,,,0,0.0,,0,14200622144200523310,,,
8100,,114978,14,7,13,000,2020,07,11,2,3,2,6,0,,0,1,0,0,1,,"735642,543800000100000","5700010,947100000500000",12.38800066500005,51.402294479000034,9,,9,Nord,,,0,9.0,,0,14200713148110792320,,,
8101,,114981,14,7,13,000,2020,07,12,6,3,5,3,0,,0,1,0,0,0,,"727199,549999999810000","5693381,956000000200000",12.262588102000052,51.34622787700005,7,,7,Alt-West,,,0,7.0,,0,14200710144200584650,,,
8102,,114994,14,7,13,000,2020,06,19,7,3,2,6,0,,0,1,0,0,0,,"735415,290699999780000","5693519,492399999900000",12.380440540000052,51.34411994800007,0,,0,Mitte,,,0,0.0,,0,14200627148410537450,,,
8103,,115010,14,7,13,000,2020,08,13,7,2,2,6,0,,0,1,0,0,0,,"730733,614199999720000","5701178,104499999400000",12.318309105000026,51.41478938000006,8,,8,Nordwest,,,0,8.0,,0,14200801144310648140,,,
8104,,115021,14,7,13,000,2020,06,13,7,3,5,3,0,,0,1,0,0,0,,"738417,314000000250000","5699900,351399999100000",12.427744965000045,51.40014265000008,1,,1,Nordost,,,0,1.0,,0,14200627148110535850,,,
8105,,115042,14,7,13,000,2020,07,06,5,3,5,3,0,,0,1,0,0,0,,"730960,606999999840000","5697340,597200000700000",12.319070962000069,51.380248539000036,8,,8,Nordwest,,,1,8.0,,0,14200716144200590570,,,
8106,,115078,14,7,13,000,2020,06,13,7,2,4,2,0,,0,1,0,1,0,,"736142,174200000240000","5701508,395600000400000",12.396167431000038,51.41552795400003,9,,9,Nord,,,0,9.0,,0,14200627144200535750,,,
8107,,115100,14,7,13,000,2020,07,13,3,3,2,2,0,,0,1,0,0,1,,"727586,991000000390000","5685598,325600000100000",12.263176473000044,51.27619612400008,5,,5,Südwest,,,0,5.0,,0,14200721148310652360,,,
8108,,115119,14,7,13,000,2020,07,12,2,3,2,6,0,,0,1,0,0,0,,"728395,446999999690000","5690402,970000000700000",12.277821546000041,51.319005581000056,6,,6,West,,,0,6.0,,0,14200706148310579550,,,
8109,,115126,14,7,13,000,2020,07,14,6,2,2,6,0,,0,1,0,0,0,,"729085,458200000230000","5691930,876499999300000",12.288688738000076,51.33244451100006,6,,6,West,,,0,6.0,,0,14200717144200598950,,,
8110,,115127,14,7,13,000,2020,07,00,1,3,0,1,2,,1,0,0,0,0,,"736213,644500000400000","5693818,741100000200000",12.392081475000055,51.34647494500007,0,,0,Mitte,,,0,0.0,,0,14200726144200623450,,,
8111,,115128,14,7,13,000,2020,06,08,7,3,5,3,0,,0,1,0,0,0,,"732591,781499999580000","5698945,854199999900000",12.343520564000073,51.39399245700008,8,,8,Nordwest,,,0,8.0,,0,14200620144200572010,,,
8112,,115136,14,7,13,000,2020,06,06,3,3,2,6,0,,0,1,0,0,0,,"727755,444500000220000","5699070,733999999200000",12.27420128500006,51.39707502400006,8,,8,Nordwest,,,0,8.0,,0,14200630148110544410,,,
8113,,115142,14,7,13,000,2020,07,08,4,2,2,6,0,,0,1,0,0,1,,"728688,389999999660000","5693235,630000000800000",12.28383629600006,51.34431733200006,7,,7,Alt-West,,,0,7.0,,0,14200729144200634870,,,
8114,,115201,14,7,13,000,2020,06,10,6,3,5,2,0,,1,1,0,0,0,,"737767,266999999990000","5690336,174000000600000",12.412025912000047,51.31456771300003,3,,3,Südost,,,1,3.0,,0,14200619148410516400,,,
8115,,115205,14,7,13,000,2020,06,09,6,3,2,2,0,,0,1,0,0,0,,"738843,408900000150000","5689152,350199999300000",12.42664682000003,51.30349123000008,3,,3,Südost,,,0,3.0,,0,14200619144200516010,,,
8116,,115208,14,7,13,000,2020,07,09,5,3,5,3,0,,1,1,0,0,0,,"732965,156399999750000","5692858,298900000800000",12.344890079000038,51.33919388500004,7,,7,Alt-West,,,0,7.0,,0,14200702148310568360,,,
8117,,115209,14,7,13,000,2020,06,16,6,3,5,3,0,,1,1,0,0,0,,"727240,798399999740000","5693201,669099999600000",12.263064332000056,51.34459288800008,7,,7,Alt-West,,,0,7.0,,0,14200619143263626640,,,
8118,,115210,14,7,13,000,2020,07,15,7,3,5,2,0,,1,1,0,0,0,,"734644,122999999670000","5693488,771999999900000",12.369367323000063,51.34416297300004,0,,0,Mitte,,,0,0.0,,0,14200718148410620390,,,
8119,,115223,14,7,13,000,2020,07,17,5,3,6,4,0,,1,0,1,0,0,,"735506,220999999900000","5690273,246899999700000",12.379598604000023,51.31494293000003,4,,4,Süd,,,0,4.0,,0,14200716144200663750,,,
8120,,115242,14,7,13,000,2020,07,15,5,2,5,2,0,,0,1,0,1,0,,"739760,199500000100000","5688229,788200000300000",12.439154906000056,51.29482517400004,3,,3,Südost,,,0,3.0,,0,14200709144200568180,,,
8121,,115290,14,7,13,000,2020,07,15,1,3,2,6,0,,0,1,0,0,0,,"741502,026800000110000","5696742,698799999400000",12.469860678000032,51.37049703800005,1,,1,Nordost,,,0,1.0,,0,14200719144310611080,,,
8122,,115332,14,7,13,000,2020,07,11,3,1,5,2,0,,1,0,0,0,1,,"728902,653099999760000","5698649,397600000700000",12.290392706000034,51.39283108200004,8,,8,Nordwest,,,0,8.0,,0,14200721144200617040,,,
8123,,115352,14,7,13,000,2020,06,12,4,3,2,2,0,,0,1,0,0,0,,"736196,386099999770000","5693813,419399999100000",12.391830576000075,51.34643434600008,0,,0,Mitte,,,0,0.0,,0,14200617148410550260,,,
8124,,115357,14,7,13,000,2020,06,20,4,3,5,3,0,,1,1,0,0,0,,"736062,227099999790000","5693821,469100000300000",12.389912983000045,51.34656232400005,0,,0,Mitte,,,0,0.0,,0,14200617148222516260,,,
8125,,115361,14,7,13,000,2020,07,15,4,3,2,6,0,,0,1,0,0,0,,"736438,215099999680000","5693405,969599999500000",12.39502619800004,51.34267648700006,2,,2,Ost,,,0,2.0,,0,14200722144200626730,,,
8126,,115369,14,7,13,000,2020,07,14,4,3,5,3,0,,0,1,0,0,0,,"735275,717500000260000","5693570,968599999300000",12.378474097000037,51.34463978900004,0,,0,Mitte,,,0,0.0,,0,14200715662221599590,,,
8127,,115375,14,7,13,000,2020,06,15,2,2,3,2,0,,1,0,0,0,1,,"736307,841000000010000","5694361,230000000400000",12.39379172200006,51.35130527500007,0,,0,Mitte,,,0,0.0,,0,14200629144200568860,,,
8128,,115405,14,7,13,000,2020,07,14,5,3,4,7,0,,0,1,0,0,0,,"743828,189000000250000","5695238,289000000800000",12.502184595000074,51.35600107100004,2,,2,Ost,,,0,2.0,,0,14200723144200606880,,,
8129,,115423,14,7,13,000,2020,07,19,5,3,6,4,0,,0,0,1,0,0,,"735850,954499999990000","5693711,096500000000000",12.386811636000061,51.34565928000006,0,,0,Mitte,,,0,0.0,,1,14200730144200660380,,,
8130,,115428,14,7,13,000,2020,07,16,6,3,3,6,0,,0,1,0,1,0,,"736153,083300000060000","5696689,274399999500000",12.393118839000067,51.37226651100008,9,,9,Nord,,,0,9.0,,0,14200703144200555200,,,
8131,,115442,14,7,13,000,2020,07,07,2,3,5,3,0,,1,1,0,0,0,,"735063,306900000200000","5690237,111099999400000",12.37323064800006,51.31480165900007,4,,4,Süd,,,0,4.0,,0,14200727148210632670,,,
8132,,115494,14,7,13,000,2020,08,14,7,3,2,2,0,,0,1,0,0,0,,"736330,413900000040000","5694347,036299999800000",12.394105873000058,51.35116848600006,0,,0,Mitte,,,0,0.0,,0,14200801148410654790,,,
8133,,115523,14,7,13,000,2020,07,17,5,2,5,3,0,,0,1,0,1,0,,"734943,721800000410000","5690232,710000000900000",12.371514855000044,51.31481153000004,4,,4,Süd,,,0,4.0,,0,14200716144200590590,,,
8134,,115537,14,7,13,000,2020,07,12,1,3,2,2,0,,0,1,0,1,0,,"745069,258799999950000","5693673,738099999700000",12.518897447000029,51.34142546000004,2,,2,Ost,,,0,2.0,,0,14200719148210668680,,,
8135,,115540,14,7,13,000,2020,07,19,6,2,1,2,1,,1,1,0,0,0,,"738287,426500000060000","5694494,858100000800000",12.422257246000072,51.35167830800003,1,,1,Nordost,,,0,1.0,,0,14200724144200614710,,,
8136,,115606,14,7,13,000,2020,07,21,1,3,9,1,1,,0,1,0,0,0,,"736281,871500000360000","5694089,437000000800000",12.39323904500003,51.34887640900007,0,,0,Mitte,,,1,0.0,,0,14200726148410629700,,,
8137,,115621,14,7,13,000,2020,07,10,4,3,6,4,0,,0,0,1,0,1,,"738795,605000000450000","5689209,701799999900000",12.426000673000033,51.30402606500007,3,,3,Südost,,,0,3.0,,0,14200729144200652340,,,
8138,,115633,14,7,13,000,2020,06,17,7,3,9,1,0,,0,0,0,1,0,,"743196,619800000450000","5695241,143999999400000",12.493133236000062,51.35629730000005,2,,2,Ost,,,0,2.0,,0,14200613144310553550,,,
8139,,115637,14,7,13,000,2020,06,18,7,2,3,2,0,,1,0,0,0,0,,"731925,524400000460000","5688240,945200000000000",12.326987187000043,51.29816968500006,5,,5,Südwest,,,0,5.0,,0,14200613144200515950,,,
8140,,115639,14,7,13,000,2020,06,11,6,3,5,3,0,,1,1,0,0,0,,"728892,754300000150000","5691754,232599999800000",12.285813748000066,51.330936327000074,6,,6,West,,,0,6.0,,0,14200626144200568210,,,
8141,,115650,14,7,13,000,2020,07,12,5,3,5,2,0,,0,1,0,0,0,,"736142,826000000350000","5701506,379000000700000",12.39617544500004,51.41550958100004,9,,9,Nord,,,1,9.0,,1,14200709144200572030,,,
8142,,115665,14,7,13,000,2020,06,10,6,3,3,3,0,,1,1,0,0,0,,"735187,244099999780000","5690258,012900000400000",12.375019656000063,51.314938082000026,4,,4,Süd,,,0,4.0,,0,14200626144200539160,,,
8143,,115682,14,7,13,000,2020,07,14,5,3,3,2,0,,1,1,0,0,0,,"736493,038700000380000","5692233,320499999400000",12.395033413000021,51.332127780000064,0,,0,Mitte,,,0,0.0,,0,14200702148410550190,,,
8144,,115700,14,7,13,000,2020,07,11,7,3,2,6,0,,0,1,0,0,0,,"736453,694799999710000","5696414,583300000100000",12.397247278000066,51.36967579100008,9,,9,Nord,,,0,9.0,,0,14200704148110566050,,,
8145,,115713,14,7,13,000,2020,06,16,6,3,2,6,0,,0,1,0,0,0,,"735333,138000000270000","5693520,755999999100000",12.37926390900003,51.34416530000004,0,,0,Mitte,,,0,0.0,,0,14200612148410519540,,,
8146,,115717,14,7,13,000,2020,06,13,6,3,5,3,0,,1,1,0,0,0,,"731449,498100000430000","5692736,835799999500000",12.323088909000035,51.338722447000066,7,,7,Alt-West,,,0,7.0,,0,14200612148310519490,,,
8147,,115724,14,7,13,000,2020,06,06,6,3,4,6,0,,1,0,0,0,0,,"736706,974999999630000","5694490,914999999100000",12.399599402000035,51.35230327200003,1,,1,Nordost,,,0,1.0,,0,14200612144200623410,,,
8148,,115730,14,7,13,000,2020,07,07,3,3,3,2,0,,0,1,0,0,1,,"730086,372000000440000","5693095,600700000300000",12.303784327000074,51.34249625900003,7,,7,Alt-West,,,0,7.0,,0,14200714148310663940,,,
8149,,115750,14,7,13,000,2020,07,15,5,3,5,2,0,,1,1,0,0,0,,"738772,279600000010000","5689210,919600000600000",12.425667480000072,51.30404677800004,3,,3,Südost,,,0,3.0,,0,14200716143263701740,,,
8150,,115759,14,7,13,000,2020,06,06,2,2,0,7,0,,0,0,0,0,0,,"735643,858000000010000","5693502,813200000700000",12.383705467000027,51.34387554600005,0,,0,Mitte,,,0,0.0,,1,14200629144200539180,,,
8151,,115761,14,7,13,000,2020,07,20,4,3,4,6,0,,1,0,0,0,0,,"735428,543100000360000","5693511,601900000100000",12.380625265000049,51.34404363300007,0,,0,Mitte,,,1,0.0,,0,14200708148410568410,,,
8152,,115767,14,7,13,000,2020,07,18,3,3,2,6,0,,0,1,0,0,0,,"733712,947999999860000","5696889,887199999800000",12.358255150000048,51.375076610000065,9,,9,Nord,,,0,9.0,,0,14200728144200623430,,,
8153,,115768,14,7,13,000,2020,06,17,2,3,2,6,0,,0,1,0,0,0,,"740251,008500000460000","5695912,959899999200000",12.451360814000054,51.363580126000045,2,,2,Ost,,,0,2.0,,0,14200629144100629620,,,
8154,,115796,14,7,13,000,2020,08,16,3,3,0,4,0,,0,0,1,0,0,,"737207,605100000280000","5691033,019099999200000",12.404473349000057,51.32105620500005,3,,3,Südost,,,0,3.0,,1,14200818144200675190,,,