UNFALL_ID,FID_left,OBJECTID,ULAND,UREGBEZ,UKREIS,UGEMEINDE,UJAHR,UMONAT,USTUNDE,UWOCHENTAG,UKATEGORIE,UART,UTYP1,ULICHTVERH,IstStrasse,IstRad,IstPKW,IstFuss,IstKrad,IstGkfz,IstSonstig,LINREFX,LINREFY,XGCSWGS84,YGCSWGS84,index_right,FID_right,SBZ,Name,UIDENTSTLA,LICHT,STRZUSTAND,FID,OBJECTID_1,IstSonstige,UIDENTSTLAE,OID_,IstStrassenzustand,PLST
8395,,224767,14,7,13,000,2020,01,16,7,3,2,6,0,,0,1,0,0,0,,"737179,323699999600000","5694095,773399999400000",12.40610715300005,51.348559557000044,2,,2,Ost,,,0,2.0,,0,14200104144320308390,,,
8396,,224769,14,7,13,000,2020,01,14,7,2,5,3,0,,1,1,0,0,0,,"734269,316399999890000","5695509,256899999500000",12.365325272000064,51.36245429000007,9,,9,Nord,,,1,9.0,,0,14200104144200188520,,,
8397,,224770,14,7,13,000,2020,01,06,5,3,5,3,1,,1,1,0,0,0,,"737297,207299999890000","5695370,057800000500000",12.408646538000028,51.35994837900006,1,,1,Nordost,,,1,1.0,,0,14200123144200163320,,,
8398,,224772,14,7,13,000,2020,01,06,6,2,1,5,2,,1,1,0,0,0,,"736453,871100000110000","5693493,225500000600000",12.395308517000046,51.343453200000056,0,,0,Mitte,,,1,0.0,,0,14200110148410127800,,,
8399,,224773,14,7,13,000,2020,01,17,5,3,5,3,2,,1,1,0,0,0,,"735073,263500000350000","5689669,959300000200000",12.372999532000051,51.30970655300007,4,,4,Süd,,,1,4.0,,0,14200109144000124840,,,
8400,,224776,14,7,13,000,2020,01,17,3,3,5,3,2,,1,1,0,0,0,,"727481,511099999770000","5689006,618699999500000",12.263837587000069,51.30683604600006,6,,6,West,,,0,6.0,,0,14200121144200159160,,,
8401,,224778,14,7,13,000,2020,01,05,6,3,3,6,2,,1,1,0,0,0,,"735444,637699999850000","5690564,274599999200000",12.378908633000037,51.31758078000007,4,,4,Süd,,,0,4.0,,0,14200117148210156300,,,
8402,,224795,14,7,13,000,2020,01,16,2,3,8,1,1,,0,1,0,0,0,,"738856,192599999720000","5690978,505999999100000",12.428052544000025,51.31987729200006,3,,3,Südost,,,0,3.0,,1,14200120144200163330,,,
8403,,224799,14,7,13,000,2020,01,19,4,2,6,4,2,,1,0,1,0,0,,"734691,309700000100000","5692819,600400000800000",12.369602669000074,51.33813673900005,0,,0,Mitte,,,0,0.0,,0,14200115144200186910,,,
8404,,224800,14,7,13,000,2020,01,17,6,3,5,2,2,,1,0,0,0,0,,"736304,149299999700000","5692449,328900000100000",12.392470127000024,51.33414522100003,0,,0,Mitte,,,1,0.0,,1,14200103148410116470,,,
8405,,224806,14,7,13,000,2020,01,15,4,3,1,5,0,,1,1,0,0,0,,"729410,342500000260000","5690328,202400000800000",12.292312983000045,51.31792614300008,6,,6,West,,,1,6.0,,0,14200122148300160080,,,
8406,,224811,14,7,13,000,2020,01,15,6,2,5,3,0,,0,1,0,0,0,,"739614,746100000110000","5689038,163599999600000",12.437615071000039,51.302142236000066,3,,3,Südost,,,0,3.0,,1,14200103144200175740,,,
8407,,224814,14,7,13,000,2020,01,10,7,3,1,5,0,,1,1,0,0,0,,"731959,830900000410000","5692899,405700000000000",12.330508727000051,51.33997386400006,7,,7,Alt-West,,,0,7.0,,0,14200111144200127720,,,
8408,,224817,14,7,13,000,2020,01,00,6,1,6,4,2,,0,0,1,0,0,,"735001,989799999630000","5692237,922100000100000",12.37367129300003,51.33278707300008,0,,0,Mitte,,,0,0.0,,1,14200103144200134840,,,
8409,,224824,14,7,13,000,2020,01,12,3,2,5,3,0,,0,1,0,0,0,,"735419,319000000130000","5692982,235700000100000",12.380143125000075,51.33929569700007,0,,0,Mitte,,,0,0.0,,1,14200121144000176050,,,
8410,,224833,14,7,13,000,2020,01,18,3,3,0,7,2,,1,0,0,0,0,,"736587,660500000230000","5695453,648099999900000",12.398529154000073,51.36099455800007,9,,9,Nord,,,0,9.0,,0,14200114148410137700,,,
8411,,224844,14,7,13,000,2020,01,07,2,3,1,5,2,,1,1,0,0,0,,"736883,004700000400000","5691962,196499999600000",12.400440863000028,51.329531864000046,3,,3,Südost,,,0,3.0,,0,14200120143263192540,,,
8412,,224849,14,7,13,000,2020,01,02,4,3,6,4,2,,1,0,1,0,0,,"735055,703400000000000","5690986,241100000200000",12.37361551500004,51.321529299000076,4,,4,Süd,,,0,4.0,,0,14200115144320202021,,,
8413,,224854,14,7,13,000,2020,01,07,4,3,4,2,1,,0,1,0,0,0,,"733177,872800000010000","5695859,428899999700000",12.349904887000037,51.36604659600005,8,,8,Nordwest,,,0,8.0,,0,14200122148110159230,,,
8414,,224855,14,7,13,000,2020,01,11,1,3,9,1,0,,0,1,0,0,0,,"738100,136400000190000","5690459,822899999100000",12.416876110000032,51.315538435000065,3,,3,Südost,,,1,3.0,,0,14200119148210179720,,,
8415,,224859,14,7,13,000,2020,01,13,5,3,5,3,0,,1,0,0,0,0,,"734061,092600000090000","5696696,205099999900000",12.363120908000042,51.37319466500003,9,,9,Nord,,,0,9.0,,1,14200102148122094070,,,
8416,,224860,14,7,13,000,2020,01,18,3,2,5,3,2,,1,0,0,0,0,,"736736,979299999770000","5688797,888800000800000",12.39624836400003,51.301189212000054,4,,4,Süd,,,0,4.0,,1,14200121144200244410,,,
8417,,224861,14,7,13,000,2020,02,15,6,3,2,6,0,,0,1,0,0,0,,"731181,391699999570000","5690686,374399999200000",12.317916301000025,51.320424726000056,7,,7,Alt-West,,,0,7.0,,1,14200207148310211560,,,
8418,,224864,14,7,13,000,2020,02,08,6,3,0,7,0,,1,1,0,0,0,,"735624,873200000260000","5690868,059399999700000",12.381691120000028,51.32023306000008,4,,4,Süd,,,0,4.0,,0,14200207148210204380,,,
8419,,224875,14,7,13,000,2020,02,00,6,2,8,1,2,,0,1,0,0,0,,"734463,794900000100000","5692609,646400000900000",12.366203968000036,51.33634594600005,0,,0,Mitte,,,1,0.0,,0,14200214144200230510,,,
8420,,224877,14,7,13,000,2020,02,15,3,3,5,3,0,,1,1,0,0,0,,"738272,066800000150000","5690768,507799999800000",12.41954492800005,51.31823723400004,3,,3,Südost,,,1,3.0,,0,14200211148223230680,,,
8421,,224886,14,7,13,000,2020,02,07,5,3,5,3,0,,0,1,0,0,0,,"731946,683000000190000","5693133,017000000900000",12.330472436000036,51.342076302000066,7,,7,Alt-West,,,0,7.0,,0,14200206144200241200,,,
8422,,224900,14,7,13,000,2020,02,14,5,3,5,3,0,,0,1,0,0,0,,"737268,768099999990000","5693460,929899999900000",12.406966164000039,51.34282384100004,2,,2,Ost,,,0,2.0,,0,14200213144200251970,,,
8423,,224901,14,7,13,000,2020,02,05,4,3,6,6,2,,1,0,1,0,0,,"727698,449199999680000","5690566,051300000400000",12.267940201000044,51.32074894300007,6,,6,West,,,1,6.0,,0,14200205148321202140,,,
8424,,224905,14,7,13,000,2020,02,06,4,3,5,3,2,,1,1,0,0,0,,"731843,623200000260000","5696460,811300000200000",12.331163661000062,51.37199111000007,8,,8,Nordwest,,,0,8.0,,0,14200205148110198830,,,
8425,,224906,14,7,13,000,2020,02,22,4,3,6,4,2,,0,1,1,0,0,,"734270,209599999710000","5695508,968599999300000",12.365337889000045,51.36245133300008,9,,9,Nord,,,0,9.0,,0,14200205144200221970,,,
8426,,224909,14,7,13,000,2020,02,17,4,3,0,7,2,,1,1,0,0,0,,"734204,656200000080000","5692893,192299999300000",12.362676816000032,51.33899796600008,0,,0,Mitte,,,0,0.0,,0,14200205144200201940,,,
8427,,224910,14,7,13,000,2020,02,00,4,3,6,4,2,,1,0,1,0,0,,"731047,944899999540000","5686358,385900000100000",12.313203144000056,51.28162667400005,5,,5,Südwest,,,0,5.0,,0,14200205143263390780,,,
8428,,224927,14,7,13,000,2020,02,07,3,3,8,1,2,,0,1,0,0,0,,"732208,326100000180000","5699076,818600000800000",12.33810408200003,51.395325093000054,8,,8,Nordwest,,,1,8.0,,0,14200204148110195790,,,
8429,,224945,14,7,13,000,2020,02,15,3,1,9,7,0,,0,1,0,0,0,,"731632,911000000310000","5696843,381899999500000",12.328390897000077,51.375511317000075,8,,8,Nordwest,,,1,8.0,,0,14200211144200219491,,,
8430,,224950,14,7,13,000,2020,02,06,2,3,5,3,2,,1,1,0,0,0,,"733851,122800000010000","5693445,772399999200000",12.35797304700003,51.344103706000055,0,,0,Mitte,,,1,0.0,,0,14200203148410239510,,,
8431,,224951,14,7,13,000,2020,02,15,2,3,6,4,0,,1,0,1,0,0,,"730447,453300000170000","5693918,278599999800000",12.309492262000049,51.34973517100008,7,,7,Alt-West,,,0,7.0,,0,14200203148310235220,,,
8432,,224956,14,7,13,000,2020,02,11,7,3,5,3,0,,1,1,0,0,0,,"730511,038599999620000","5689715,143400000400000",12.307684892000054,51.311977924000075,6,,6,West,,,0,6.0,,0,14200208148310205600,,,
8433,,224959,14,7,13,000,2020,02,20,7,3,1,5,2,,1,1,0,0,0,,"737800,168899999930000","5691348,549900000900000",12.413172276000068,51.32364109700006,3,,3,Südost,,,0,3.0,,0,14200208148210238270,,,
8434,,224967,14,7,13,000,2020,01,12,1,3,5,2,0,,0,1,0,0,0,,"734312,923999999650000","5695798,171000000100000",12.366140873000063,51.36502971900006,9,,9,Nord,,,0,9.0,,1,14200126144200182690,,,
8435,,224973,14,7,13,000,2020,02,18,1,3,3,5,2,,1,1,0,0,0,,"737688,256000000050000","5693739,528999999200000",12.413164134000056,51.34514934500004,2,,2,Ost,,,1,2.0,,0,14200202148410214060,,,
8436,,224974,14,7,13,000,2020,02,13,1,3,5,2,0,,0,1,0,0,0,,"737776,408300000240000","5693737,349600000300000",12.414426118000051,51.34509292300004,2,,2,Ost,,,1,2.0,,0,14200202144200188510,,,
8437,,224975,14,7,13,000,2020,02,09,2,3,5,2,0,,1,1,0,0,0,,"735771,757500000300000","5693208,454399999200000",12.385343702000057,51.34118028200004,0,,0,Mitte,,,0,0.0,,0,14200210148410223110,,,
8438,,224977,14,7,13,000,2020,01,16,1,3,5,3,0,,0,1,0,0,0,,"733984,203700000420000","5695413,032099999500000",12.361173848000021,51.36170801500003,9,,9,Nord,,,0,9.0,,0,14200126144200182490,,,
8439,,224980,14,7,13,000,2020,01,18,1,2,5,3,2,,1,1,0,0,0,,"731713,460500000040000","5692789,898000000000000",12.326906473000065,51.33909128100004,7,,7,Alt-West,,,0,7.0,,0,14200126144200175720,,,
8440,,224982,14,7,13,000,2020,01,06,1,3,5,3,2,,0,1,0,0,0,,"734977,558000000190000","5696036,123999999800000",12.375828458000058,51.36689116400004,9,,9,Nord,,,0,9.0,,0,14200126144200169350,,,
8441,,224984,14,7,13,000,2020,02,20,7,3,5,3,2,,1,1,0,0,0,,"734876,640700000340000","5694490,792999999600000",12.37336106600003,51.35306147500006,0,,0,Mitte,,,1,0.0,,0,14200201148110188600,,,
8442,,224985,14,7,13,000,2020,02,11,2,3,5,2,0,,0,1,0,0,0,,"741001,088999999690000","5694740,623099999500000",12.461321043000055,51.352740131000076,2,,2,Ost,,,0,2.0,,0,14200210148210216810,,,
8443,,224986,14,7,13,000,2020,02,12,7,2,5,3,0,,1,1,0,0,0,,"735183,766999999990000","5688966,152000000700000",12.374118320000036,51.30334324000006,4,,4,Süd,,,0,4.0,,0,14200201144200188550,,,
8444,,224987,14,7,13,000,2020,02,16,3,3,6,2,0,,0,1,1,0,0,,"734774,599100000230000","5692830,409800000500000",12.37080340700004,51.33819938900007,0,,0,Mitte,,,1,0.0,,0,14200211148410222040,,,
8445,,224997,14,7,13,000,2020,02,05,2,3,0,7,2,,0,1,1,0,0,,"736369,862300000150000","5687643,982999999100000",12.390227719000052,51.290983932000074,4,,4,Süd,,,1,4.0,,0,14200210148210211410,,,
8446,,225001,14,7,13,000,2020,01,18,7,3,5,3,2,,0,1,0,1,0,,"734286,974000000390000","5695620,626199999800000",12.365651813000056,51.36344670600005,9,,9,Nord,,,0,9.0,,0,14200125148110169420,,,
8447,,225002,14,7,13,000,2020,02,19,7,2,5,3,2,,0,1,0,0,0,,"736563,523400000300000","5690726,584400000100000",12.395043448000024,51.318573713000035,0,,0,Mitte,,,0,0.0,,0,14200208144200206760,,,
8448,,225003,14,7,13,000,2020,01,23,6,2,5,3,2,,1,1,0,0,0,,"734205,235000000340000","5692124,707000000400000",12.362179903000026,51.33209943000003,0,,0,Mitte,,,0,0.0,,0,14200131144200251870,,,
8449,,225005,14,7,13,000,2020,01,17,6,3,5,2,2,,1,1,0,0,0,,"735243,134999999780000","5692296,551000000900000",12.377165412000068,51.33321366400003,0,,0,Mitte,,,0,0.0,,0,14200131144200230540,,,
8450,,225011,14,7,13,000,2020,02,10,5,3,5,3,0,,1,1,0,0,0,,"736162,299800000150000","5699778,857599999800000",12.395305053000072,51.39999512800006,9,,9,Nord,,,0,9.0,,0,14200213148110221990,,,
8451,,225017,14,7,13,000,2020,02,09,2,2,3,6,0,,0,0,0,0,1,,"735383,834800000300000","5697767,885700000500000",12.382801129000029,51.38226768900006,9,,9,Nord,,,1,9.0,,1,14200210144000235120,,,
8452,,225028,14,7,13,000,2020,01,22,5,3,1,2,2,,0,1,0,1,0,,"732105,720200000330000","5692669,671000000100000",12.33244991500004,51.33785206200008,7,,7,Alt-West,,,1,7.0,,0,14200130148310198930,,,
8453,,225029,14,7,13,000,2020,01,10,5,3,5,3,0,,1,1,0,0,0,,"736385,525999999610000","5695699,927699999900000",12.395794677000026,51.36328932300006,9,,9,Nord,,,0,9.0,,0,14200130148110206840,,,
8454,,225032,14,7,13,000,2020,01,15,5,3,5,3,0,,1,1,0,0,0,,"734947,557000000030000","5695266,890000000600000",12.374890133000065,51.35999867700008,9,,9,Nord,,,0,9.0,,0,14200130144200329350,,,
8455,,225034,14,7,13,000,2020,01,07,5,3,2,2,0,,0,1,0,0,0,,"731780,743900000120000","5689683,370500000200000",12.325850847000027,51.31117709800003,5,,5,Südwest,,,0,5.0,,0,14200130144200232940,,,
8456,,225036,14,7,13,000,2020,01,13,5,2,6,7,0,,0,1,1,0,0,,"735206,361899999900000","5693801,042799999900000",12.377632020000021,51.346733707000055,0,,0,Mitte,,,0,0.0,,0,14200130144200182520,,,
8457,,225055,14,7,13,000,2020,01,18,6,3,2,2,2,,0,1,0,0,0,,"734818,621799999850000","5692544,367699999400000",12.371245741000052,51.33561358500003,0,,0,Mitte,,,0,0.0,,0,14200124148410165950,,,
8458,,225057,14,7,13,000,2020,02,14,3,3,3,5,0,,0,1,0,0,0,,"730107,832000000400000","5692214,398399999400000",12.30352263800006,51.334577006000075,7,,7,Alt-West,,,1,7.0,,0,14200211144200282620,,,
8459,,225059,14,7,13,000,2020,01,16,6,3,4,6,0,,1,1,0,0,0,,"729246,160699999890000","5689763,529799999700000",12.289598001000059,51.31292313800003,6,,6,West,,,0,6.0,,0,14200124148310165870,,,
8460,,225061,14,7,13,000,2020,01,17,6,3,6,2,2,,0,1,1,0,0,,"734898,824900000360000","5690896,418500000600000",12.371308940000063,51.32078779600005,4,,4,Süd,,,0,4.0,,0,14200124148210238280,,,
8461,,225065,14,7,13,000,2020,02,14,5,2,5,3,0,,1,1,0,0,0,,"737298,011400000190000","5695375,488500000900000",12.408661689000041,51.35999679000008,1,,1,Nordost,,,0,1.0,,0,14200213144200221920,,,
8462,,225066,14,7,13,000,2020,01,13,4,2,5,2,0,,1,1,0,0,0,,"736982,844399999830000","5693766,394700000100000",12.403071633000025,51.34568496500003,2,,2,Ost,,,0,2.0,,0,14200129144200195720,,,
8463,,225067,14,7,13,000,2020,01,03,4,3,9,1,2,,0,1,0,0,0,,"737454,350100000390000","5693057,518300000600000",12.409356926000044,51.33912533100005,2,,2,Ost,,,0,2.0,,0,14200129144200195661,,,
8464,,225068,14,7,13,000,2020,01,22,6,3,5,3,2,,1,0,0,0,0,,"736045,035000000150000","5697775,893999999400000",12.392290974000048,51.38206508300004,9,,9,Nord,,,1,9.0,,1,14200124148110188590,,,
8465,,225070,14,7,13,000,2020,01,15,4,3,5,2,0,,0,1,0,0,0,,"739101,384399999860000","5699445,936100000500000",12.437254842000073,51.395776125000054,1,,1,Nordost,,,0,1.0,,0,14200129144200192650,,,
8466,,225077,14,7,13,000,2020,01,07,3,3,5,3,0,,1,1,0,0,0,,"736571,263000000270000","5697169,605799999100000",12.399435696000069,51.37640398800005,1,,1,Nordost,,,1,1.0,,0,14200128148110175820,,,
8467,,225078,14,7,13,000,2020,01,08,6,3,0,1,0,,1,0,0,0,0,,"735969,195700000040000","5695633,484899999600000",12.389781059000029,51.36286597800006,9,,9,Nord,,,0,9.0,,0,14200124148110169440,,,
8468,,225080,14,7,13,000,2020,01,16,3,3,2,6,0,,0,1,0,0,0,,"739950,583999999800000","5701288,922299999700000",12.450685136000061,51.41195956100006,9,,9,Nord,,,0,9.0,,0,14200128144200232970,,,
8469,,225081,14,7,13,000,2020,01,06,3,2,5,2,1,,0,1,0,0,0,,"734977,558000000190000","5696036,123999999800000",12.375828458000058,51.36689116400004,9,,9,Nord,,,1,9.0,,0,14200128144200175700,,,
8470,,225085,14,7,13,000,2020,01,09,6,3,6,4,0,,0,0,1,0,0,,"733237,549700000320000","5695840,518699999900000",12.35074824700007,51.36585235100006,8,,8,Nordwest,,,0,8.0,,1,14200124144200185300,,,
8471,,225107,14,7,13,000,2020,01,11,2,3,0,7,0,,1,1,0,0,0,,"734778,503700000230000","5692836,554700000200000",12.370863414000041,51.33825293700005,0,,0,Mitte,,,0,0.0,,0,14200127662223187420,,,
8472,,225108,14,7,13,000,2020,02,19,3,3,5,3,2,,1,1,0,0,0,,"734176,805700000380000","5692173,782999999800000",12.361804788000029,51.33255166600003,0,,0,Mitte,,,0,0.0,,0,14200211144100465990,,,
8473,,225114,14,7,13,000,2020,01,18,2,3,5,3,2,,1,1,0,0,0,,"734556,856999999840000","5691371,611400000800000",12.366722697000057,51.32519441300008,4,,4,Süd,,,1,4.0,,0,14200127148410254190,,,
8474,,225116,14,7,13,000,2020,01,09,2,3,5,3,0,,1,1,0,0,0,,"732718,107400000100000","5691270,198100000600000",12.340312249000021,51.325039153000034,5,,5,Südwest,,,0,5.0,,0,14200127148323179860,,,
8475,,225117,14,7,13,000,2020,01,12,2,3,1,7,0,,1,0,0,0,0,,"731752,533699999560000","5692328,651200000200000",12.327166385000055,51.33493483600006,7,,7,Alt-West,,,0,7.0,,1,14200127148321179850,,,
8476,,225118,14,7,13,000,2020,02,16,5,3,5,2,0,,1,1,0,0,0,,"732391,499900000170000","5691544,363299999400000",12.335811582000076,51.32763376500003,5,,5,Südwest,,,1,5.0,,0,14200213148310224320,,,
8477,,225119,14,7,13,000,2020,01,07,2,3,5,2,1,,1,1,0,0,0,,"731814,913999999870000","5696475,502299999800000",12.330761491000032,51.372134705000065,8,,8,Nordwest,,,0,8.0,,0,14200127148110172270,,,
8478,,225120,14,7,13,000,2020,01,13,2,3,2,6,0,,0,1,0,0,0,,"738464,247899999840000","5699698,480699999300000",12.428282822000028,51.398310982000055,1,,1,Nordost,,,0,1.0,,0,14200127144200182530,,,
8479,,225123,14,7,13,000,2020,01,11,2,2,6,4,0,,0,1,1,0,0,,"730277,257699999960000","5691373,000600000800000",12.305406916000038,51.32695519500004,6,,6,West,,,0,6.0,,0,14200127144200179570,,,
8480,,225125,14,7,13,000,2020,01,18,2,3,6,4,2,,1,0,1,0,0,,"735422,738300000320000","5692977,775100000200000",12.38018917900007,51.33925424100005,0,,0,Mitte,,,1,0.0,,0,14200127144200175750,,,
8481,,225127,14,7,13,000,2020,02,15,4,3,2,2,0,,0,1,0,0,0,,"731780,620900000450000","5689684,031500000500000",12.325849515000073,51.31118308100008,5,,5,Südwest,,,0,5.0,,0,14200212144200225020,,,
8482,,225128,14,7,13,000,2020,01,10,2,1,6,2,0,,0,0,1,0,1,,"731977,569699999880000","5688515,163599999600000",12.327910619000022,51.30061010600008,5,,5,Südwest,,,0,5.0,,0,14200127144200175710,,,
8483,,225130,14,7,13,000,2020,01,14,5,3,2,6,0,,0,1,0,1,0,,"735763,404699999840000","5694505,478599999100000",12.38608289900003,51.35282616300003,9,,9,Nord,,,0,9.0,,0,14200123148110165740,,,
8484,,225132,14,7,13,000,2020,03,08,6,3,3,5,0,,1,0,0,0,0,,"738078,184700000100000","5693726,585100000700000",12.418744098000047,51.34487001400004,2,,2,Ost,,,0,2.0,,1,14200306149410288890,,,
8485,,225133,14,7,13,000,2020,03,06,3,2,2,6,1,,0,1,0,1,0,,"732212,597500000150000","5694011,357699999600000",12.334856568000077,51.34985239000008,7,,7,Alt-West,,,1,7.0,,0,14200303144200265370,,,
8486,,225142,14,7,13,000,2020,02,09,6,3,6,7,0,,0,1,1,0,0,,"736428,361200000160000","5692369,333799999200000",12.394196918000034,51.33337554900004,3,,3,Südost,,,0,3.0,,0,14200221148421320550,,,
8487,,225146,14,7,13,000,2020,02,10,5,3,2,6,0,,0,1,0,0,0,,"734800,403199999590000","5692995,104399999600000",12.371281772000032,51.33966710000004,0,,0,Mitte,,,0,0.0,,0,14200227148410260710,,,
8488,,225150,14,7,13,000,2020,03,07,5,3,4,2,0,,1,1,0,0,0,,"736731,267900000330000","5688797,423699999200000",12.396166274000052,51.30118741200005,4,,4,Süd,,,0,4.0,,0,14200305148210320510,,,
8489,,225155,14,7,13,000,2020,03,07,2,3,1,5,0,,1,1,0,0,0,,"735069,636699999680000","5690481,889299999900000",12.373482643000045,51.316996276000054,4,,4,Süd,,,1,4.0,,0,14200302148210259580,,,
8490,,225160,14,7,13,000,2020,03,12,7,3,3,7,0,,0,1,0,0,0,,"731069,804399999790000","5692085,437500000000000",12.317224674000045,51.33302932300006,7,,7,Alt-West,,,0,7.0,,0,14200307148310293050,,,
8491,,225167,14,7,13,000,2020,02,22,5,3,5,3,2,,1,1,0,0,0,,"736383,859000000170000","5695701,117799999200000",12.395771566000064,51.363300699000035,9,,9,Nord,,,0,9.0,,0,14200220148410254230,,,
8492,,225168,14,7,13,000,2020,02,15,5,3,2,6,0,,0,1,0,0,0,,"734788,174599999560000","5692725,696200000100000",12.370928938000077,51.337253833000034,0,,0,Mitte,,,0,0.0,,0,14200220144200235140,,,
8493,,225173,14,7,13,000,2020,03,10,3,3,5,2,0,,1,1,0,0,0,,"730536,088600000370000","5693858,603199999800000",12.310724239000024,51.349163529000066,7,,7,Alt-West,,,1,7.0,,0,14200303148310260690,,,
8494,,225174,14,7,13,000,2020,02,09,5,3,5,3,0,,1,1,0,0,0,,"735464,848299999720000","5691975,756899999500000",12.380130419000068,51.330242370000065,0,,0,Mitte,,,0,0.0,,0,14200220144100244400,,,
8495,,225180,14,7,13,000,2020,02,02,7,3,8,1,2,,0,1,0,0,0,,"727983,330500000160000","5691089,224099999300000",12.272356247000062,51.325331567000035,6,,6,West,,,1,6.0,,0,14200229144200329340,,,
8496,,225181,14,7,13,000,2020,02,07,4,3,6,2,0,,0,1,1,0,0,,"731317,769600000230000","5696726,744599999900000",12.323794836000047,51.37459273600007,8,,8,Nordwest,,,1,8.0,,0,14200226148110246920,,,
8497,,225187,14,7,13,000,2020,02,11,6,3,4,2,0,,0,1,0,0,0,,"735739,251400000420000","5695364,110500000400000",12.386305511000046,51.360543463000056,9,,9,Nord,,,0,9.0,,0,14200228148110254110,,,
8498,,225194,14,7,13,000,2020,03,07,2,3,5,3,0,,1,1,0,0,0,,"733645,947900000030000","5693959,064899999600000",12.35536912300006,51.34879564700003,0,,0,Mitte,,,1,0.0,,0,14200302148410260700,,,
8499,,225197,14,7,13,000,2020,03,09,4,3,3,2,0,,1,1,0,0,0,,"737241,403099999760000","5692226,326500000400000",12.405751741000074,51.331753364000065,3,,3,Südost,,,0,3.0,,0,14200304144200270350,,,
8500,,225204,14,7,13,000,2020,03,10,5,3,5,3,0,,1,1,0,0,0,,"736458,720599999650000","5693786,155899999700000",12.395572550000054,51.34608057500003,2,,2,Ost,,,0,2.0,,0,14200305144200277810,,,
8501,,225213,14,7,13,000,2020,02,11,5,3,6,4,0,,0,1,1,0,0,,"734527,089700000360000","5694939,223999999500000",12.368645584000035,51.35723111200008,9,,9,Nord,,,0,9.0,,0,14200227144200251910,,,
8502,,225220,14,7,13,000,2020,02,05,7,3,6,6,2,,0,1,1,0,0,,"734826,142300000410000","5692777,151000000500000",12.371506959000044,51.33770003600006,0,,0,Mitte,,,1,0.0,,0,14200229148410268230,,,
8503,,225221,14,7,13,000,2020,02,21,4,3,5,3,2,,1,1,0,0,0,,"736338,362300000150000","5692759,982599999800000",12.393166461000021,51.336919496000064,0,,0,Mitte,,,0,0.0,,0,14200226148410246990,,,
8504,,225224,14,7,13,000,2020,03,16,3,3,5,3,1,,0,1,0,0,0,,"735183,766999999990000","5688966,152000000700000",12.374118320000036,51.30334324000006,4,,4,Süd,,,0,4.0,,0,14200303144200300520,,,
8505,,225226,14,7,13,000,2020,02,13,1,3,4,2,0,,0,1,0,0,0,,"735762,723699999970000","5692887,729699999100000",12.38500193300007,51.33830511600007,0,,0,Mitte,,,0,0.0,,0,14200223148410293110,,,
8506,,225228,14,7,13,000,2020,03,06,3,3,0,1,1,,1,0,0,0,0,,"735286,944899999540000","5693681,964500000700000",12.378708364000033,51.34563147700004,0,,0,Mitte,,,1,0.0,,0,14200303148410320210,,,
8507,,225229,14,7,13,000,2020,02,06,3,3,5,3,1,,1,1,0,0,0,,"738137,281100000250000","5690521,498500000700000",12.41744932000006,51.31607649500006,3,,3,Südost,,,0,3.0,,0,14200218148210230670,,,
8508,,225230,14,7,13,000,2020,02,15,1,2,1,1,0,,1,1,0,0,0,,"734907,799599999560000","5694337,159900000300000",12.373706345000073,51.35166953300006,0,,0,Mitte,,,1,0.0,,0,14200223148123246940,,,
8509,,225234,14,7,13,000,2020,03,19,2,3,5,3,2,,1,1,0,0,0,,"734203,971900000240000","5692890,288400000000000",12.362665100000072,51.33897218100003,0,,0,Mitte,,,0,0.0,,0,14200309144200280210,,,
8510,,225235,14,7,13,000,2020,03,17,4,3,3,2,0,,1,1,0,0,0,,"736340,763500000350000","5692763,189600000200000",12.393202999000039,51.336947284000075,0,,0,Mitte,,,0,0.0,,0,14200304148410288800,,,
8511,,225238,14,7,13,000,2020,02,21,3,3,5,3,2,,0,1,0,0,0,,"732426,339599999600000","5691646,619999999200000",12.336377456000037,51.32853746400008,5,,5,Südwest,,,0,5.0,,0,14200218144200342450,,,
8512,,225240,14,7,13,000,2020,03,08,2,3,0,7,0,,0,1,0,0,0,,"735769,199900000360000","5693031,371400000500000",12.38518982200003,51.33959179800007,0,,0,Mitte,,,1,0.0,,0,14200302144200265490,,,
8513,,225247,14,7,13,000,2020,02,18,3,2,4,1,2,,0,1,0,0,0,,"730809,224700000140000","5694765,623299999200000",12.315227934000063,51.357194915000036,7,,7,Alt-West,,,1,7.0,,0,14200218144200265400,,,
8514,,225251,14,7,13,000,2020,02,16,3,2,5,3,0,,1,1,0,0,0,,"736805,018099999990000","5695801,522399999200000",12.401877131000049,51.36402656400003,1,,1,Nordost,,,0,1.0,,0,14200218144200232950,,,