UNFALL_ID,FID_left,OBJECTID,ULAND,UREGBEZ,UKREIS,UGEMEINDE,UJAHR,UMONAT,USTUNDE,UWOCHENTAG,UKATEGORIE,UART,UTYP1,ULICHTVERH,IstStrasse,IstRad,IstPKW,IstFuss,IstKrad,IstGkfz,IstSonstig,LINREFX,LINREFY,XGCSWGS84,YGCSWGS84,index_right,FID_right,SBZ,Name,UIDENTSTLA,LICHT,STRZUSTAND,FID,OBJECTID_1,IstSonstige,UIDENTSTLAE,OID_,IstStrassenzustand,PLST
8515,,225258,14,7,13,000,2020,03,23,5,3,1,7,2,,0,1,0,1,0,,"731985,910099999980000","5690975,345400000000000",12.329629883000052,51.32269134500007,5,,5,Südwest,,,1,5.0,,0,14200305144200268110,,,
8516,,225259,14,7,13,000,2020,02,14,3,3,4,2,0,,0,1,0,0,0,,"730411,711000000130000","5690951,894799999900000",12.307061219000047,51.32312048600005,6,,6,West,,,0,6.0,,1,14200225148310300570,,,
8517,,225267,14,7,13,000,2020,03,05,2,2,3,6,2,,1,1,0,0,0,,"735073,505699999630000","5689890,752399999600000",12.373148482000033,51.31168838600007,4,,4,Süd,,,1,4.0,,0,14200302148210260650,,,
8518,,225270,14,7,13,000,2020,02,08,2,3,5,3,0,,1,0,0,0,0,,"730950,612999999900000","5691284,528899999300000",12.31499761300006,51.32588803500005,7,,7,Alt-West,,,0,7.0,,1,14200224148310244460,,,
8519,,225273,14,7,13,000,2020,03,01,7,3,9,1,2,,0,1,0,0,0,,"730775,065999999640000","5694749,590099999700000",12.314727779000066,51.35706486000004,7,,7,Alt-West,,,1,7.0,,0,14200307148310322780,,,
8520,,225275,14,7,13,000,2020,02,15,2,3,5,2,0,,1,1,0,0,0,,"733898,726999999960000","5692473,834000000700000",12.358017079000035,51.335359502000074,0,,0,Mitte,,,0,0.0,,0,14200217148210246960,,,
8521,,225277,14,7,13,000,2020,02,14,2,3,5,3,0,,1,1,0,0,0,,"730686,970700000410000","5690324,215199999500000",12.310598809000055,51.31737428300005,5,,5,Südwest,,,0,5.0,,0,14200217144200232990,,,
8522,,225278,14,7,13,000,2020,02,01,7,3,8,1,2,,1,0,0,0,0,,"730321,968399999660000","5689856,277200000400000",12.305067829000052,51.31332142500003,5,,5,Südwest,,,1,5.0,,0,14200229148310260670,,,
8523,,225284,14,7,13,000,2020,03,07,3,3,5,3,0,,1,1,0,0,0,,"730264,060399999840000","5694571,058199999900000",12.307285584000056,51.355669470000066,7,,7,Alt-West,,,1,7.0,,0,14200303148310272680,,,
8524,,225287,14,7,13,000,2020,02,15,2,3,1,5,0,,1,1,0,0,0,,"736483,217000000180000","5688322,079099999700000",12.392299541000057,51.29702366200007,4,,4,Süd,,,1,4.0,,0,14200224148220254140,,,
8525,,225289,14,7,13,000,2020,02,17,2,3,1,6,0,,1,1,0,0,0,,"737297,175699999560000","5695369,844499999700000",12.408645943000067,51.35994647800004,1,,1,Nordost,,,1,1.0,,0,14200224144200302640,,,
8526,,225292,14,7,13,000,2020,03,13,4,1,6,4,0,,0,0,1,0,1,,"739305,708700000310000","5693852,542400000600000",12.43642174200005,51.34548524200005,2,,2,Ost,,,0,2.0,,0,14200304144200275120,,,
8527,,225294,14,7,13,000,2020,02,16,4,2,0,4,0,,1,0,1,0,0,,"736356,594399999830000","5691825,406400000700000",12.392807796000056,51.32852297000005,0,,0,Mitte,,,0,0.0,,0,14200226148221254160,,,
8528,,225300,14,7,13,000,2020,02,10,6,3,3,2,0,,1,1,0,0,0,,"731749,718899999750000","5692089,245899999500000",12.326970324000058,51.332786886000065,7,,7,Alt-West,,,1,7.0,,0,14200228148310257310,,,
8529,,225306,14,7,13,000,2020,02,10,1,3,5,3,0,,0,1,0,0,0,,"731812,307500000110000","5691275,765300000100000",12.327338078000025,51.32545891600006,5,,5,Südwest,,,0,5.0,,0,14200216148310225050,,,
8530,,225310,14,7,13,000,2020,02,12,2,3,4,6,0,,0,1,0,0,0,,"731804,297500000340000","5696480,887599999100000",12.33061274000005,51.37218738000007,8,,8,Nordwest,,,0,8.0,,0,14200224144200251900,,,
8531,,225313,14,7,13,000,2020,02,13,1,2,4,2,0,,0,1,0,1,0,,"736725,379700000400000","5697573,811699999500000",12.401915345000077,51.379967943000054,1,,1,Nordost,,,0,1.0,,0,14200216144200224250,,,
8532,,225316,14,7,13,000,2020,03,11,5,2,3,6,0,,1,0,0,0,1,,"734014,708999999800000","5695602,485200000900000",12.361735886000076,51.36339606900003,9,,9,Nord,,,0,9.0,,0,14200305144200302660,,,
8533,,225321,14,7,13,000,2020,03,12,2,3,3,2,0,,1,1,0,0,0,,"735461,984000000170000","5694278,428799999900000",12.381611729000042,51.35091304800005,0,,0,Mitte,,,0,0.0,,0,14200302144200280220,,,
8534,,225326,14,7,13,000,2020,03,17,7,2,5,2,0,,1,1,0,0,0,,"734769,311800000260000","5691301,478700000800000",12.369720329000074,51.324477244000036,4,,4,Süd,,,0,4.0,,0,14200307148210309450,,,
8535,,225335,14,7,13,000,2020,02,19,7,3,5,3,2,,0,1,0,0,0,,"737385,481300000100000","5691589,935200000200000",12.407392268000024,51.32598095600008,3,,3,Südost,,,0,3.0,,0,14200229148410291410,,,
8536,,225336,14,7,13,000,2020,02,08,2,3,5,3,0,,1,1,0,0,0,,"734840,637400000360000","5691796,221300000300000",12.371068150000042,51.32888882600008,0,,0,Mitte,,,0,0.0,,0,14200224144200246880,,,
8537,,225337,14,7,13,000,2020,02,11,4,3,2,2,0,,0,1,0,0,0,,"734557,959499999880000","5691373,286299999800000",12.366739594000023,51.32520899300005,4,,4,Süd,,,1,4.0,,0,14200226148410288810,,,
8538,,225340,14,7,13,000,2020,03,20,3,3,1,6,1,,0,1,0,0,0,,"732473,148000000040000","5692583,406199999200000",12.337659347000056,51.33692760500003,7,,7,Alt-West,,,0,7.0,,0,14200303144320387800,,,
8539,,225341,14,7,13,000,2020,02,19,7,3,4,6,0,,1,0,0,0,0,,"737275,188000000080000","5693837,206800000700000",12.40730890900005,51.34619864500007,2,,2,Ost,,,0,2.0,,0,14200215148410439590,,,
8540,,225345,14,7,13,000,2020,02,04,7,3,5,3,2,,1,1,0,0,0,,"733986,838399999770000","5692380,155899999700000",12.359218210000051,51.33448235600008,0,,0,Mitte,,,1,0.0,,0,14200229144200257270,,,
8541,,225346,14,7,13,000,2020,02,07,4,3,6,2,0,,0,1,1,0,0,,"737296,355299999940000","5695364,303400000600000",12.40863048400007,51.35989708400007,1,,1,Nordost,,,1,1.0,,0,14200226148110246910,,,
8542,,225351,14,7,13,000,2020,02,14,7,3,5,2,0,,1,1,0,0,0,,"734206,887500000190000","5692887,175599999700000",12.362704837000024,51.33894303900007,0,,0,Mitte,,,0,0.0,,0,14200215148410241270,,,
8543,,225358,14,7,13,000,2020,02,06,7,3,5,3,1,,1,1,0,0,0,,"737384,614500000140000","5691590,256899999500000",12.407380064000051,51.325984206000044,3,,3,Südost,,,0,3.0,,0,14200215148410223120,,,
8544,,225360,14,7,13,000,2020,02,01,7,2,0,1,2,,1,0,0,0,0,,"737189,514600000340000","5693988,881899999500000",12.40618200800003,51.347595840000054,2,,2,Ost,,,1,2.0,,0,14200215148410223100,,,
8545,,225364,14,7,13,000,2020,02,19,7,2,2,6,2,,1,1,0,0,0,,"740949,383399999700000","5690363,507799999800000",12.457619967000028,51.31347487600004,3,,3,Südost,,,0,3.0,,0,14200215144200275140,,,
8546,,225370,14,7,13,000,2020,03,07,5,3,3,2,0,,1,1,0,0,0,,"734207,154000000100000","5692886,891000000800000",12.36270846900004,51.33894037400006,0,,0,Mitte,,,0,0.0,,0,14200305144200270330,,,
8547,,225371,14,7,13,000,2020,02,14,3,3,5,3,0,,1,1,0,0,0,,"734845,143699999900000","5691800,432800000500000",12.371135492000064,51.32892477000007,0,,0,Mitte,,,0,0.0,,0,14200225148410254180,,,
8548,,225377,14,7,13,000,2020,03,14,2,3,5,3,0,,1,1,0,0,0,,"730176,906000000420000","5684835,453999999900000",12.299754246000077,51.26830761400004,5,,5,Südwest,,,0,5.0,,0,14200302148310300560,,,
8549,,225383,14,7,13,000,2020,03,14,7,3,3,2,0,,1,1,0,0,0,,"735978,698400000110000","5692880,188999999300000",12.388092012000072,51.33814785000004,0,,0,Mitte,,,0,0.0,,0,14200307148410293091,,,
8550,,225387,14,7,13,000,2020,02,18,7,2,6,4,1,,0,1,1,0,0,,"731160,697999999860000","5691922,014000000400000",12.318421167000054,51.331525354000064,7,,7,Alt-West,,,0,7.0,,0,14200229148310268220,,,
8551,,225388,14,7,13,000,2020,02,07,4,3,3,3,0,,1,1,0,0,0,,"734360,935600000430000","5691642,591099999800000",12.364093904000072,51.32770759700003,0,,0,Mitte,,,1,0.0,,0,14200226148410246980,,,
8552,,225393,14,7,13,000,2020,03,15,3,2,6,4,0,,0,1,1,0,0,,"734852,332200000060000","5692090,368000000700000",12.37142956200006,51.331524380000076,0,,0,Mitte,,,0,0.0,,0,14200303148410287590,,,
8553,,225394,14,7,13,000,2020,02,06,6,2,5,3,2,,1,1,0,0,0,,"740547,710900000300000","5691719,173699999200000",12.452781716000061,51.325812780000035,2,,2,Ost,,,1,2.0,,0,14200214148210222010,,,
8554,,225396,14,7,13,000,2020,02,16,2,3,5,2,0,,0,1,0,0,0,,"736438,606900000010000","5691190,845200000300000",12.393561937000072,51.32279293400006,0,,0,Mitte,,,1,0.0,,0,14200224144200244420,,,
8555,,225400,14,7,13,000,2020,03,10,2,3,4,2,0,,0,1,0,0,0,,"734006,387500000190000","5695594,541999999400000",12.361611338000046,51.363328194000076,9,,9,Nord,,,1,9.0,,0,14200309144200280200,,,
8556,,225401,14,7,13,000,2020,03,13,4,3,5,3,0,,1,1,0,0,0,,"732437,835199999620000","5691679,453900000100000",12.336563584000032,51.328827508000074,5,,5,Südwest,,,0,5.0,,0,14200304148310265470,,,
8557,,225404,14,7,13,000,2020,02,16,6,3,7,7,0,,0,1,0,0,0,,"735801,889700000170000","5698429,482699999600000",12.389237046000062,51.38803283000004,9,,9,Nord,,,1,9.0,,0,14200214148110223070,,,
8558,,225405,14,7,13,000,2020,03,17,2,3,2,2,0,,0,1,0,0,0,,"734011,980200000110000","5695603,335500000000000",12.36169731700005,51.36340482500003,9,,9,Nord,,,0,9.0,,0,14200302144200265380,,,
8559,,225413,14,7,13,000,2020,04,10,1,2,5,2,0,,0,1,0,0,0,,"728918,242999999780000","5689649,390000000600000",12.284827563000022,51.31203045900003,6,,6,West,,,0,6.0,,1,14200405144200402280,,,
8560,,225415,14,7,13,000,2020,03,20,7,3,5,3,2,,0,1,0,0,0,,"731814,201899999750000","5689253,028100000700000",12.326050470000041,51.30730035000005,5,,5,Südwest,,,0,5.0,,0,14200314148310291390,,,
8561,,225417,14,7,13,000,2020,03,22,7,3,9,1,2,,0,1,0,0,0,,"736737,911299999800000","5689049,806299999400000",12.396428792000052,51.30345009300004,4,,4,Süd,,,0,4.0,,0,14200314148210293040,,,
8562,,225423,14,7,13,000,2020,04,18,4,2,5,2,0,,0,1,0,0,0,,"727481,746399999600000","5689006,078800000300000",12.26384061300007,51.30683110500007,6,,6,West,,,0,6.0,,1,14200401144200345150,,,
8563,,225428,14,7,13,000,2020,03,09,7,3,5,3,0,,1,1,0,0,0,,"729683,099899999800000","5690307,094699999300000",12.29620683500002,51.31762663600006,6,,6,West,,,0,6.0,,0,14200314144200304900,,,
8564,,225431,14,7,13,000,2020,03,13,3,3,5,2,0,,1,1,0,0,0,,"730222,511400000190000","5694085,578999999900000",12.306375823000053,51.351328171000034,7,,7,Alt-West,,,0,7.0,,0,14200331148310328240,,,
8565,,225444,14,7,13,000,2020,04,21,2,3,5,3,2,,1,1,0,0,0,,"730512,714999999850000","5690719,637800000600000",12.308358153000029,51.32099460400008,7,,7,Alt-West,,,0,7.0,,0,14200406148320358430,,,
8566,,225450,14,7,13,000,2020,03,13,6,3,1,6,0,,0,1,0,0,0,,"732155,845499999820000","5690959,895999999700000",12.332054433000053,51.32248334800005,5,,5,Südwest,,,0,5.0,,0,14200313144200302620,,,
8567,,225457,14,7,13,000,2020,03,15,7,3,9,1,0,,0,1,0,0,0,,"729979,123300000090000","5691223,030300000700000",12.301038352000035,51.32572950300005,6,,6,West,,,0,6.0,,0,14200328148320324640,,,
8568,,225481,14,7,13,000,2020,03,09,6,3,4,2,0,,0,1,0,0,0,,"740916,206799999810000","5695194,828400000900000",12.460411816000033,51.35685285300008,2,,2,Ost,,,0,2.0,,0,14200327144310322750,,,
8569,,225487,14,7,13,000,2020,03,13,5,3,4,1,0,,0,1,0,0,0,,"730761,345999999900000","5696292,657999999800000",12.315532223000048,51.370922360000066,8,,8,Nordwest,,,0,8.0,,0,14200326148110322770,,,
8570,,225488,14,7,13,000,2020,03,14,5,3,5,2,0,,1,0,0,0,0,,"736977,120199999770000","5693014,260199999400000",12.402489089000028,51.33893611500008,2,,2,Ost,,,0,2.0,,1,14200326144200400030,,,
8571,,225490,14,7,13,000,2020,03,08,5,3,5,3,0,,1,1,0,0,0,,"735284,026100000370000","5692733,875199999700000",12.37804016900003,51.337122323000074,0,,0,Mitte,,,0,0.0,,0,14200312144200288750,,,
8572,,225499,14,7,13,000,2020,03,12,4,3,8,1,0,,0,1,0,0,0,,"729792,196999999690000","5694124,564600000200000",12.300231986000028,51.351852274000066,7,,7,Alt-West,,,0,7.0,,0,14200325148320320990,,,
8573,,225503,14,7,13,000,2020,04,20,1,2,9,1,2,,1,0,0,0,0,,"732545,468299999830000","5695954,934499999500000",12.340898632000062,51.36716312900006,8,,8,Nordwest,,,0,8.0,,0,14200405144200345130,,,
8574,,225520,14,7,13,000,2020,04,15,1,3,3,2,0,,1,0,0,1,0,,"730902,786899999720000","5696296,056500000900000",12.317562967000072,51.370895388000065,8,,8,Nordwest,,,0,8.0,,0,14200405148110346430,,,
8575,,225535,14,7,13,000,2020,03,06,4,3,3,5,0,,0,1,0,0,0,,"729270,484699999910000","5694924,616800000900000",12.293268037000075,51.35924509400007,7,,7,Alt-West,,,1,7.0,,0,14200311148310282670,,,
8576,,225537,14,7,13,000,2020,03,19,4,3,6,4,2,,0,1,1,0,0,,"735389,520700000230000","5691289,225099999500000",12.37859770700004,51.32411099800004,4,,4,Süd,,,0,4.0,,0,14200311148210291350,,,
8577,,225542,14,7,13,000,2020,03,16,1,3,5,3,0,,1,1,0,0,0,,"733081,207600000310000","5694143,770500000600000",12.347394759000053,51.35068551200004,0,,0,Mitte,,,0,0.0,,0,14200322144200310580,,,
8578,,225543,14,7,13,000,2020,03,14,7,2,5,3,0,,0,1,0,0,0,,"737188,084999999960000","5693906,187799999500000",12.406106425000075,51.34685416900004,2,,2,Ost,,,0,2.0,,0,14200321144200328160,,,
8579,,225544,14,7,13,000,2020,03,17,4,3,5,3,0,,1,1,0,0,0,,"737309,152099999600000","5697091,079399999200000",12.409966305000069,51.375391283000056,1,,1,Nordost,,,0,1.0,,0,14200311148110291331,,,
8580,,225546,14,7,13,000,2020,03,22,4,2,5,3,2,,1,1,0,0,0,,"737297,829199999570000","5695374,257700000000000",12.408658256000024,51.35998581800004,1,,1,Nordost,,,1,1.0,,0,14200311144200287510,,,
8581,,225549,14,7,13,000,2020,03,08,6,3,0,7,0,,1,0,0,0,0,,"737170,949599999930000","5693758,832800000900000",12.405762663000075,51.34553865000004,2,,2,Ost,,,0,2.0,,0,14200320662212309590,,,
8582,,225553,14,7,13,000,2020,03,09,6,2,5,3,0,,0,1,0,1,0,,"737184,096900000240000","5694048,604699999100000",12.406144144000052,51.34813417600003,2,,2,Ost,,,0,2.0,,0,14200320144200321321,,,
8583,,225562,14,7,13,000,2020,03,10,5,3,0,1,0,,1,0,0,0,0,,"735007,345800000240000","5691944,896900000100000",12.373554790000071,51.33015455200007,0,,0,Mitte,,,0,0.0,,0,14200319148410321010,,,
8584,,225564,14,7,13,000,2020,03,12,5,3,4,2,0,,1,1,0,0,0,,"734282,271300000140000","5693502,651100000400000",12.364190077000046,51.344436779000034,0,,0,Mitte,,,0,0.0,,0,14200319148410304950,,,
8585,,225565,14,7,13,000,2020,03,17,5,3,0,7,0,,1,0,0,0,0,,"738054,156999999660000","5694668,993000000700000",12.419029935000026,51.353339074000075,1,,1,Nordost,,,0,1.0,,0,14200319148120305100,,,
8586,,225568,14,7,13,000,2020,03,05,5,3,6,4,1,,0,0,1,0,0,,"738431,692400000060000","5695146,142599999900000",12.424761560000036,51.35746366300003,1,,1,Nordost,,,0,1.0,,1,14200319148110320910,,,
8587,,225569,14,7,13,000,2020,03,12,5,3,1,5,0,,0,1,0,0,0,,"734378,407800000160000","5696251,514399999800000",12.367378661000032,51.36907209700007,9,,9,Nord,,,0,9.0,,0,14200319148110312360,,,
8588,,225580,14,7,13,000,2020,03,11,3,3,6,6,0,,0,1,1,0,0,,"734914,464999999850000","5692724,218000000300000",12.372737783000048,51.33718841100006,0,,0,Mitte,,,1,0.0,,0,14200310148421280350,,,
8589,,225587,14,7,13,000,2020,03,08,3,3,1,7,0,,0,1,0,0,0,,"735322,341199999680000","5694528,639100000300000",12.379775412000072,51.35321683900003,0,,0,Mitte,,,0,0.0,,0,14200310148410293100,,,
8590,,225589,14,7,13,000,2020,03,09,3,3,0,1,0,,1,0,0,0,0,,"736538,129999999890000","5693452,263900000600000",12.396488924000039,51.34305047500004,2,,2,Ost,,,1,2.0,,0,14200310148410280330,,,
8591,,225595,14,7,13,000,2020,03,20,3,3,1,5,2,,1,1,0,0,0,,"734576,620900000450000","5694862,519999999600000",12.369305140000051,51.35652214400005,9,,9,Nord,,,1,9.0,,0,14200310148110282650,,,
8592,,225600,14,7,13,000,2020,03,09,3,3,5,3,0,,0,1,0,0,0,,"735099,542500000450000","5695913,029600000000000",12.377496316000077,51.36573576300003,9,,9,Nord,,,1,9.0,,0,14200310148110282640,,,
8593,,225601,14,7,13,000,2020,03,15,3,3,5,3,0,,1,1,0,0,0,,"734546,092000000180000","5695706,928899999700000",12.369424178000031,51.36411448400003,9,,9,Nord,,,1,9.0,,0,14200310144200300480,,,
8594,,225603,14,7,13,000,2020,04,23,7,2,8,1,2,,0,1,0,0,0,,"739121,805999999870000","5693706,559000000400000",12.433687963000068,51.34425230000005,2,,2,Ost,,,0,2.0,,0,14200404144200502050,,,
8595,,225605,14,7,13,000,2020,04,10,2,3,6,4,0,,0,1,1,0,0,,"737508,867999999780000","5693746,465299999300000",12.410597680000024,51.34528657300007,2,,2,Ost,,,0,2.0,,0,14200406144200377880,,,
8596,,225611,14,7,13,000,2020,04,15,5,3,6,7,0,,0,1,1,0,0,,"728184,317300000230000","5688539,693499999100000",12.273605061000069,51.302363040000046,6,,6,West,,,0,6.0,,0,14200402148322359900,,,
8597,,225618,14,7,13,000,2020,04,21,5,3,8,1,2,,0,1,0,0,0,,"737925,176500000060000","5695248,433499999300000",12.417568432000053,51.358594105000066,1,,1,Nordost,,,0,1.0,,0,14200402148120330770,,,
8598,,225621,14,7,13,000,2020,03,14,3,3,1,7,0,,0,1,0,0,0,,"741030,368200000380000","5687136,888000000300000",12.456601447000025,51.28447957100008,3,,3,Südost,,,0,3.0,,1,14200317144200326120,,,
8599,,225622,14,7,13,000,2020,03,07,3,2,5,3,0,,1,1,0,0,0,,"730661,023000000040000","5690361,846999999100000",12.310251440000059,51.31772262100003,6,,6,West,,,0,6.0,,0,14200317144200322710,,,
8600,,225638,14,7,13,000,2020,03,12,2,3,1,7,0,,0,1,1,0,0,,"738179,025200000030000","5694037,224800000000000",12.420397179000076,51.347616059000075,2,,2,Ost,,,0,2.0,,0,14200316148210326180,,,
8601,,225641,14,7,13,000,2020,03,15,2,3,1,6,0,,0,1,0,0,0,,"736701,961699999870000","5689806,504100000500000",12.396415932000025,51.31025732300003,4,,4,Süd,,,0,4.0,,0,14200316148210309440,,,
8602,,225642,14,7,13,000,2020,03,08,2,3,8,1,0,,0,1,0,0,0,,"733985,800999999980000","5693110,671599999100000",12.359683202000042,51.34104026400007,0,,0,Mitte,,,0,0.0,,0,14200316144200342460,,,
8603,,225644,14,7,13,000,2020,03,11,2,2,5,3,0,,0,1,0,1,0,,"738086,334800000300000","5697556,015100000400000",12.421423987000026,51.37923921600003,1,,1,Nordost,,,0,1.0,,0,14200316144200300430,,,
8604,,225651,14,7,13,000,2020,03,11,2,3,2,6,0,,0,1,0,0,1,,"735018,108400000260000","5692553,087700000000000",12.37411015500004,51.33560946000006,0,,0,Mitte,,,0,0.0,,0,14200309148410302710,,,
8605,,225654,14,7,13,000,2020,04,20,2,3,5,3,1,,1,1,0,0,0,,"736849,910400000400000","5692030,112500000700000",12.400011832000075,51.330155268000055,3,,3,Südost,,,0,3.0,,0,14200406143263375670,,,
8606,,225658,14,7,13,000,2020,03,12,1,2,6,4,0,,0,1,1,0,0,,"735093,923000000420000","5696942,801599999900000",12.378096643000049,51.374981622000064,9,,9,Nord,,,0,9.0,,0,14200315144200375780,,,
8607,,225660,14,7,13,000,2020,03,19,2,3,4,2,2,,0,1,0,0,0,,"734582,149299999700000","5691404,117300000000000",12.367106449000062,51.32547577300005,0,,0,Mitte,,,1,0.0,,1,14200309148410287610,,,
8608,,225663,14,7,13,000,2020,03,15,1,3,3,6,0,,0,0,0,1,0,,"741873,005400000140000","5691566,701400000600000",12.471663937000073,51.32388240200004,2,,2,Ost,,,0,2.0,,0,14200315144200300410,,,
8609,,225669,14,7,13,000,2020,03,15,2,2,2,6,0,,1,0,0,0,0,,"734792,721300000320000","5692841,805199999400000",12.371070627000051,51.33829419700004,0,,0,Mitte,,,0,0.0,,0,14200309148410277930,,,
8610,,225670,14,7,13,000,2020,04,15,1,3,1,7,0,,1,1,0,0,0,,"737680,459300000220000","5691318,491100000200000",12.411437301000035,51.32342130700005,3,,3,Südost,,,0,3.0,,0,14200405144200393620,,,
8611,,225677,14,7,13,000,2020,04,04,2,3,0,1,2,,1,0,0,0,0,,"740877,144299999810000","5688177,711699999900000",12.455110209000054,51.29388648400004,3,,3,Südost,,,1,3.0,,0,14200413148210359850,,,
8612,,225679,14,7,13,000,2020,04,05,2,3,5,2,1,,0,1,0,0,0,,"739635,479100000110000","5692345,084799999400000",12.440133923000076,51.33181577700003,2,,2,Ost,,,1,2.0,,0,14200413148210348740,,,
8613,,225682,14,7,13,000,2020,04,14,2,3,5,3,0,,1,1,0,0,0,,"733823,169300000180000","5697900,824500000100000",12.360501208000073,51.384105859000044,9,,9,Nord,,,0,9.0,,0,14200427144200384670,,,
8614,,225688,14,7,13,000,2020,04,10,3,3,2,2,0,,0,1,0,0,0,,"735334,780500000340000","5692596,461100000900000",12.378676727000027,51.33586784800008,0,,0,Mitte,,,0,0.0,,0,14200428148410397010,,,
8615,,225692,14,7,13,000,2020,04,14,1,3,0,1,0,,1,0,0,0,0,,"739307,966900000350000","5690709,379300000100000",12.43434329400003,51.317271848000075,3,,3,Südost,,,0,3.0,,0,14200412144200348330,,,
8616,,225694,14,7,13,000,2020,04,18,6,2,6,4,0,,1,0,1,0,0,,"738024,573499999940000","5693727,805800000200000",12.41797654100003,51.34490341800006,2,,2,Ost,,,0,2.0,,0,14200417144200370250,,,
8617,,225699,14,7,13,000,2020,04,19,1,3,3,6,0,,1,1,0,0,0,,"733485,970999999900000","5695469,779600000000000",12.354067187000055,51.362422363000064,9,,9,Nord,,,0,9.0,,0,14200412143263375680,,,
8618,,225703,14,7,13,000,2020,04,19,1,3,1,1,0,,1,1,0,0,0,,"738173,127700000070000","5692996,948200000500000",12.419616892000022,51.33828107000005,2,,2,Ost,,,0,2.0,,0,14200426148223393580,,,
8619,,225710,14,7,13,000,2020,04,08,5,3,4,2,0,,1,1,0,0,0,,"735358,804999999700000","5692020,089999999900000",12.378640275000066,51.33068420400008,0,,0,Mitte,,,0,0.0,,0,14200423148410388080,,,
8620,,225712,14,7,13,000,2020,04,18,3,3,4,7,0,,0,1,1,0,0,,"737730,546900000420000","5693819,824699999800000",12.413823878000073,51.345852397000044,2,,2,Ost,,,0,2.0,,0,14200421144320433130,,,
8621,,225721,14,7,13,000,2020,04,14,5,3,2,6,0,,0,1,0,0,0,,"737228,662600000390000","5692183,574300000400000",12.405540728000062,51.33137493000004,3,,3,Südost,,,0,3.0,,0,14200416144200393450,,,
8622,,225724,14,7,13,000,2020,04,06,3,3,1,3,0,,1,1,0,0,0,,"739008,840499999930000","5691197,147399999200000",12.430385683000054,51.32177569800007,3,,3,Südost,,,0,3.0,,0,14200421144200370240,,,
8623,,225731,14,7,13,000,2020,04,21,4,3,5,3,1,,0,1,0,0,0,,"730405,207000000400000","5693641,556099999700000",12.308707539000068,51.34726817000006,7,,7,Alt-West,,,0,7.0,,0,14200422148310380670,,,
8624,,225738,14,7,13,000,2020,04,17,7,3,5,3,0,,1,0,0,0,0,,"734804,358000000010000","5692497,375000000000000",12.371010367000054,51.335197648000076,0,,0,Mitte,,,0,0.0,,1,14200411148410347910,,,
8625,,225739,14,7,13,000,2020,04,15,2,3,5,3,0,,0,1,0,0,0,,"735399,252000000330000","5690888,245999999300000",12.378472374000069,51.32050764000007,4,,4,Süd,,,0,4.0,,1,14200427148210410370,,,
8626,,225746,14,7,13,000,2020,04,18,7,3,3,6,0,,0,1,0,1,0,,"730258,328999999910000","5691363,217100000000000",12.305129377000071,51.32687503000005,6,,6,West,,,0,6.0,,0,14200411144200370270,,,
8627,,225764,14,7,13,000,2020,04,22,3,3,5,3,2,,1,0,0,0,0,,"735016,885900000110000","5693031,077600000400000",12.374407998000038,51.33990058100005,0,,0,Mitte,,,0,0.0,,1,14200421144200387740,,,
8628,,225768,14,7,13,000,2020,04,17,3,3,3,5,0,,1,1,0,0,0,,"735323,204300000330000","5692481,898600000900000",12.378435166000031,51.33484428600008,0,,0,Mitte,,,0,0.0,,0,14200421148410413650,,,
8629,,225773,14,7,13,000,2020,04,14,5,2,3,6,0,,1,0,0,0,0,,"737078,206799999810000","5697112,580800000600000",12.406668427000056,51.375680732000035,1,,1,Nordost,,,0,1.0,,1,14200416144200361260,,,
8630,,225780,14,7,13,000,2020,04,17,7,3,5,3,0,,1,1,0,0,0,,"736994,438000000080000","5693981,263900000600000",12.40338083000006,51.34760881700004,2,,2,Ost,,,0,2.0,,0,14200418148410362470,,,
8631,,225793,14,7,13,000,2020,04,13,2,2,4,2,0,,0,1,0,0,0,,"739909,266099999660000","5693137,030300000700000",12.444589997000037,51.33880865300006,2,,2,Ost,,,0,2.0,,1,14200427144200448570,,,
8632,,225795,14,7,13,000,2020,04,09,6,3,5,3,0,,0,1,0,0,0,,"729778,316700000320000","5691144,423299999900000",12.298110502000043,51.32510497900006,6,,6,West,,,0,6.0,,0,14200424148310377930,,,
8633,,225796,14,7,13,000,2020,04,18,4,3,6,2,0,,0,1,1,0,0,,"735975,007000000220000","5691617,265200000300000",12.387202735000074,51.326813052000034,0,,0,Mitte,,,0,0.0,,0,14200415148410427250,,,
8634,,225801,14,7,13,000,2020,04,15,4,3,3,5,0,,1,1,0,0,0,,"736864,565700000150000","5693048,692700000500000",12.400899000000038,51.33929207800003,3,,3,Südost,,,0,3.0,,0,14200422144200410170,,,
8635,,225803,14,7,13,000,2020,04,11,2,3,5,3,0,,0,1,0,0,0,,"737970,742999999780000","5691388,043700000300000",12.415642239000022,51.32392427900004,3,,3,Südost,,,0,3.0,,0,14200420144200400000,,,