UNFALL_ID,FID_left,OBJECTID,ULAND,UREGBEZ,UKREIS,UGEMEINDE,UJAHR,UMONAT,USTUNDE,UWOCHENTAG,UKATEGORIE,UART,UTYP1,ULICHTVERH,IstStrasse,IstRad,IstPKW,IstFuss,IstKrad,IstGkfz,IstSonstig,LINREFX,LINREFY,XGCSWGS84,YGCSWGS84,index_right,FID_right,SBZ,Name,UIDENTSTLA,LICHT,STRZUSTAND,FID,OBJECTID_1,IstSonstige,UIDENTSTLAE,OID_,IstStrassenzustand,PLST
8636,,225806,14,7,13,000,2020,04,16,6,3,2,5,0,,1,1,0,0,0,,"737250,248399999920000","5692211,889000000400000",12.405868868000027,51.33162008200003,3,,3,Südost,,,0,3.0,,0,14200417148210377910,,,
8637,,225811,14,7,13,000,2020,04,18,3,3,7,7,0,,1,0,1,0,0,,"734736,416600000110000","5694772,463600000400000",12.371536668000033,51.35564778500003,0,,0,Mitte,,,0,0.0,,0,14200421662211373900,,,
8638,,225816,14,7,13,000,2020,04,16,1,3,1,5,0,,1,1,0,0,0,,"732363,415400000290000","5690748,094100000300000",12.334890165000047,51.320497325000076,5,,5,Südwest,,,0,5.0,,0,14200426148310380680,,,
8639,,225817,14,7,13,000,2020,04,18,5,3,2,6,0,,0,1,0,0,0,,"734633,235500000420000","5692457,852199999600000",12.368532147000053,51.33491349600007,0,,0,Mitte,,,0,0.0,,0,14200416148410363850,,,
8640,,225818,14,7,13,000,2020,04,20,4,3,5,3,1,,0,1,0,0,0,,"740774,116200000050000","5694640,044199999400000",12.457999538000024,51.35193356900004,2,,2,Ost,,,0,2.0,,0,14200429144200396750,,,
8641,,225824,14,7,13,000,2020,04,22,5,3,0,7,2,,0,0,0,1,0,,"735170,634999999780000","5693509,439999999500000",12.376927328000022,51.344130962000065,0,,0,Mitte,,,0,0.0,,0,14200423148410458450,,,
8642,,225826,14,7,13,000,2020,04,07,3,3,5,3,0,,1,1,0,0,0,,"730764,133600000290000","5689514,666899999600000",12.31118045900007,51.31007569500008,5,,5,Südwest,,,0,5.0,,0,14200421148310370370,,,
8643,,225827,14,7,13,000,2020,04,14,5,3,1,5,0,,1,1,0,0,0,,"734511,691499999720000","5692897,495999999300000",12.367079851000028,51.33891006300007,0,,0,Mitte,,,0,0.0,,0,14200409148410362450,,,
8644,,225829,14,7,13,000,2020,04,07,1,2,9,1,0,,0,1,0,0,0,,"734628,771999999880000","5693787,625000000000000",12.369344236000074,51.34685193400003,0,,0,Mitte,,,0,0.0,,0,14200419144200377860,,,
8645,,225831,14,7,13,000,2020,04,11,4,3,0,1,0,,1,0,0,0,0,,"730797,723399999550000","5694350,040200000600000",12.314793490000056,51.35346894300005,7,,7,Alt-West,,,0,7.0,,0,14200415144200361290,,,
8646,,225832,14,7,13,000,2020,04,14,5,3,2,2,0,,1,1,0,0,0,,"736478,610399999660000","5693010,820699999100000",12.395342768000035,51.33911276300006,3,,3,Südost,,,0,3.0,,0,14200416143263390740,,,
8647,,225835,14,7,13,000,2020,04,13,4,3,2,6,0,,0,1,0,1,1,,"735095,925300000240000","5694528,346999999100000",12.376529427000037,51.35330791300004,0,,0,Mitte,,,0,0.0,,0,14200415144200361270,,,
8648,,225837,14,7,13,000,2020,04,16,3,3,5,3,0,,1,1,0,0,0,,"730934,562099999750000","5697880,968699999200000",12.319048590000023,51.38510994600006,8,,8,Nordwest,,,0,8.0,,0,14200421144200373100,,,
8649,,225838,14,7,13,000,2020,04,18,5,3,5,3,0,,0,1,0,0,0,,"731927,293700000270000","5688702,487299999200000",12.327312386000074,51.302312165000046,5,,5,Südwest,,,0,5.0,,0,14200409148310347250,,,
8650,,225839,14,7,13,000,2020,04,12,3,3,2,6,0,,0,1,0,0,0,,"731777,833100000400000","5692345,127399999600000",12.327539658000035,51.33507243000008,7,,7,Alt-West,,,0,7.0,,0,14200414148310359880,,,
8651,,225845,14,7,13,000,2020,04,13,4,3,6,4,0,,0,1,1,0,0,,"733906,456000000240000","5693240,142999999200000",12.358631066000044,51.34223511000005,0,,0,Mitte,,,0,0.0,,0,14200422148410393790,,,
8652,,225846,14,7,13,000,2020,04,16,5,3,7,1,0,,0,1,0,0,0,,"740256,503499999640000","5698167,160900000500000",12.45296312000005,51.38381058400006,1,,1,Nordost,,,0,1.0,,0,14200409148110348720,,,
8653,,225848,14,7,13,000,2020,04,11,5,3,5,3,0,,1,0,0,0,0,,"734537,083300000060000","5695592,152699999500000",12.369219318000034,51.36308792900007,9,,9,Nord,,,0,9.0,,1,14200409148110346460,,,
8654,,225853,14,7,13,000,2020,04,14,4,3,5,3,0,,1,1,0,0,0,,"740595,118999999950000","5700203,030200000900000",12.459199597000065,51.40194014100007,1,,1,Nordost,,,0,1.0,,0,14200415144200358250,,,
8655,,225854,14,7,13,000,2020,04,16,5,1,9,1,0,,0,1,0,0,0,,"728035,196100000290000","5689293,402200000400000",12.271951092000052,51.309189092000054,6,,6,West,,,0,6.0,,0,14200409144200348341,,,
8656,,225855,14,7,13,000,2020,04,13,2,3,5,3,0,,1,1,0,0,0,,"736438,970300000160000","5691190,563899999500000",12.39356695600003,51.322790258000055,0,,0,Mitte,,,0,0.0,,0,14200427148410388060,,,
8657,,225861,14,7,13,000,2020,04,16,2,3,5,3,0,,0,1,0,1,0,,"731179,616200000050000","5693562,391100000600000",12.319756939000058,51.346243128000026,7,,7,Alt-West,,,0,7.0,,0,14200420144200365010,,,
8658,,225878,14,7,13,000,2020,04,09,5,3,4,2,0,,1,1,0,0,0,,"735431,418300000020000","5695944,773600000900000",12.382276223000076,51.365883273000065,9,,9,Nord,,,0,9.0,,0,14200423148110377890,,,
8659,,225879,14,7,13,000,2020,04,14,4,3,5,3,0,,1,1,0,0,0,,"735087,409799999560000","5698327,541899999600000",12.378919396000072,51.38741411700005,9,,9,Nord,,,0,9.0,,0,14200415144200358230,,,
8660,,225880,14,7,13,000,2020,04,16,3,2,5,3,0,,1,0,0,0,0,,"730042,403699999680000","5689913,071499999600000",12.301099918000034,51.31394433200006,6,,6,West,,,0,6.0,,1,14200421144200515970,,,
8661,,225887,14,7,13,000,2020,04,19,1,3,7,7,1,,0,0,1,0,0,,"736238,920099999760000","5689673,224600000300000",12.389696032000074,51.30925332100003,4,,4,Süd,,,0,4.0,,1,14200419662212397890,,,
8662,,225889,14,7,13,000,2020,04,17,5,3,2,6,0,,0,1,0,0,0,,"735253,510900000110000","5688916,136800000400000",12.375084088000051,51.302865471000075,4,,4,Süd,,,0,4.0,,0,14200416144200361280,,,
8663,,225903,14,7,13,000,2020,04,17,4,3,3,6,0,,1,0,0,0,1,,"733894,343299999830000","5695020,949599999900000",12.359627613000043,51.35822549400007,9,,9,Nord,,,0,9.0,,0,14200408148410348380,,,
8664,,225905,14,7,13,000,2020,04,18,4,3,3,2,0,,1,0,0,0,0,,"736744,301199999640000","5692257,362199999400000",12.398649638000052,51.332239059000074,3,,3,Südost,,,0,3.0,,0,14200408148410345180,,,
8665,,225906,14,7,13,000,2020,04,13,2,3,2,6,0,,0,1,0,0,0,,"735583,116100000220000","5695939,923000000400000",12.384448262000035,51.36577684900004,9,,9,Nord,,,0,9.0,,0,14200427148110408100,,,
8666,,225913,14,7,13,000,2020,04,08,4,2,5,3,0,,0,1,0,0,0,,"736127,652300000190000","5688343,214400000900000",12.387222593000047,51.297360911000055,4,,4,Süd,,,0,4.0,,0,14200408144200345140,,,
8667,,225928,14,7,13,000,2020,04,13,1,3,5,3,0,,1,0,0,1,0,,"739347,362099999560000","5688952,732699999600000",12.433729180000057,51.30148787300004,3,,3,Südost,,,0,3.0,,0,14200426148410431340,,,
8668,,225930,14,7,13,000,2020,04,15,4,3,2,6,0,,0,1,0,0,0,,"733536,199199999680000","5694195,955199999700000",12.353951349000056,51.35096720000007,0,,0,Mitte,,,1,0.0,,0,14200429148121393560,,,
8669,,225932,14,7,13,000,2020,04,11,3,2,3,6,0,,0,1,0,0,0,,"733011,275899999770000","5690595,451199999100000",12.344071565000036,51.318862179000064,5,,5,Südwest,,,0,5.0,,1,14200421144200375790,,,
8670,,225935,14,7,13,000,2020,04,15,3,3,5,3,0,,1,1,0,0,0,,"734826,251500000250000","5694105,436899999200000",12.372384471000032,51.34962319700003,0,,0,Mitte,,,0,0.0,,0,14200421148410370400,,,
8671,,225938,14,7,13,000,2020,04,17,1,3,0,1,0,,1,0,0,0,0,,"737863,035500000230000","5695039,305199999400000",12.41653773400003,51.35674299400006,1,,1,Nordost,,,0,1.0,,0,14200419148223425070,,,
8672,,225947,14,7,13,000,2020,04,18,7,3,2,6,0,,0,1,0,0,0,,"729985,570299999790000","5694276,967800000700000",12.303102706000061,51.35314218800005,7,,7,Alt-West,,,0,7.0,,0,14200418144200363670,,,
8673,,225957,14,7,13,000,2020,05,12,7,3,3,2,0,,0,1,0,1,0,,"740341,002199999990000","5693902,287100000300000",12.451293202000045,51.34549502900006,2,,2,Ost,,,0,2.0,,0,14200516144200606850,,,
8674,,225959,14,7,13,000,2020,05,22,7,3,3,6,2,,1,1,0,0,0,,"734876,742100000380000","5690896,904699999800000",12.370992913000066,51.320801276000054,4,,4,Süd,,,0,4.0,,0,14200516144200474810,,,
8675,,225960,14,7,13,000,2020,05,09,7,2,5,1,0,,1,0,0,0,0,,"735966,627399999650000","5688507,018999999400000",12.385025301000042,51.298898017000056,4,,4,Süd,,,0,4.0,,1,14200516144200429760,,,
8676,,225962,14,7,13,000,2020,05,14,7,2,5,3,0,,1,0,0,0,0,,"740232,026200000200000","5693904,570299999800000",12.449732895000068,51.34556157900005,2,,2,Ost,,,0,2.0,,1,14200516144200428490,,,
8677,,225963,14,7,13,000,2020,05,23,7,2,6,4,2,,1,0,1,0,0,,"738819,989000000060000","5691898,164000000800000",12.428150033000065,51.32814724100007,2,,2,Ost,,,0,2.0,,0,14200516143230446520,,,
8678,,225972,14,7,13,000,2020,05,14,6,3,6,4,0,,0,1,1,0,0,,"735775,695500000380000","5693091,283600000700000",12.385322572000064,51.34012689300005,0,,0,Mitte,,,0,0.0,,0,14200515148410433200,,,
8679,,225973,14,7,13,000,2020,05,13,6,3,1,5,0,,1,1,0,0,0,,"732130,887000000100000","5690904,010199999400000",12.331660476000025,51.32199185600007,5,,5,Südwest,,,0,5.0,,0,14200515148310439580,,,
8680,,225974,14,7,13,000,2020,05,16,3,3,6,4,0,,1,0,1,0,0,,"735156,877299999820000","5689156,980699999300000",12.373858993000056,51.30506730600007,4,,4,Süd,,,0,4.0,,0,14200505148210468850,,,
8681,,225976,14,7,13,000,2020,05,09,6,3,4,6,0,,0,1,0,0,0,,"736192,615100000050000","5699764,917099999300000",12.395730797000056,51.39985737900008,9,,9,Nord,,,0,9.0,,0,14200515144200441990,,,
8682,,225978,14,7,13,000,2020,05,15,6,3,2,2,0,,0,1,0,0,0,,"735976,132399999540000","5692880,599400000600000",12.388055511000061,51.33815259800008,0,,0,Mitte,,,0,0.0,,0,14200515144200426970,,,
8683,,226003,14,7,13,000,2020,05,15,5,3,6,7,0,,0,1,1,0,0,,"735225,504999999890000","5695524,308299999700000",12.379045464000058,51.36219435000004,9,,9,Nord,,,0,9.0,,0,14200514148110444630,,,
8684,,226005,14,7,13,000,2020,05,11,5,3,5,3,0,,1,1,0,0,0,,"738858,986999999730000","5697628,774000000200000",12.432554938000067,51.37956780900004,1,,1,Nordost,,,0,1.0,,0,14200514144200446560,,,
8685,,226013,14,7,13,000,2020,05,13,3,2,6,4,0,,1,0,1,0,0,,"737739,473199999890000","5692783,424499999700000",12.413259982000056,51.33654593400007,2,,2,Ost,,,0,2.0,,0,14200519144200474800,,,
8686,,226016,14,7,13,000,2020,05,07,2,3,5,3,0,,0,1,0,0,0,,"730770,832299999890000","5693544,086400000400000",12.313885458000073,51.34624489000004,7,,7,Alt-West,,,0,7.0,,0,14200504148310413590,,,
8687,,226018,14,7,13,000,2020,05,09,2,3,5,3,0,,1,0,0,0,0,,"731485,603099999950000","5688733,916500000300000",12.321007551000037,51.30277404000003,5,,5,Südwest,,,0,5.0,,1,14200504148310400190,,,
8688,,226023,14,7,13,000,2020,05,16,4,3,5,3,0,,1,1,0,0,0,,"735995,385999999940000","5693356,935000000500000",12.388647052000067,51.34242031000008,0,,0,Mitte,,,0,0.0,,0,14200513148410431310,,,
8689,,226026,14,7,13,000,2020,05,13,4,3,1,3,0,,1,1,0,0,0,,"736698,394899999720000","5686976,228900000500000",12.394488516000024,51.28485357900007,4,,4,Süd,,,0,4.0,,0,14200513144200424930,,,
8690,,226027,14,7,13,000,2020,05,15,2,3,0,3,0,,1,0,0,0,0,,"736127,622700000180000","5688343,292500000400000",12.387222221000059,51.297361624000075,4,,4,Süd,,,1,4.0,,1,14200504148224404750,,,
8691,,226028,14,7,13,000,2020,05,15,4,2,6,4,0,,0,1,1,0,0,,"735254,306800000370000","5695861,318600000800000",12.379681338000069,51.36520752600006,9,,9,Nord,,,0,9.0,,0,14200513144200422260,,,
8692,,226029,14,7,13,000,2020,05,15,2,2,4,3,0,,0,1,0,1,0,,"734016,145600000400000","5700445,816900000000000",12.364947045000065,51.40687116500004,9,,9,Nord,,,1,9.0,,0,14200504144200400010,,,
8693,,226048,14,7,13,000,2020,05,16,3,3,0,1,0,,1,0,0,0,0,,"733723,921500000170000","5695687,355100000300000",12.35762205900005,51.36427759600008,9,,9,Nord,,,0,9.0,,0,14200512148110448610,,,
8694,,226052,14,7,13,000,2020,05,01,3,3,9,1,2,,0,1,0,0,0,,"735687,662800000050000","5694974,411699999100000",12.385307693000073,51.35706683400008,9,,9,Nord,,,1,9.0,,0,14200512144200424960,,,
8695,,226067,14,7,13,000,2020,05,16,2,3,2,6,0,,0,1,0,1,0,,"735182,747499999590000","5690899,845400000000000",12.375378522000062,51.32070128300006,4,,4,Süd,,,1,4.0,,0,14200511148210428590,,,
8696,,226079,14,7,13,000,2020,05,02,1,3,1,1,2,,1,1,0,0,0,,"737973,650200000030000","5691044,348500000300000",12.41545448100004,51.32083805000008,3,,3,Südost,,,0,3.0,,0,14200517148223439560,,,
8697,,226080,14,7,13,000,2020,05,12,1,3,5,3,0,,1,0,0,0,0,,"738863,345499999820000","5698837,460899999400000",12.43343014800007,51.39041485100006,1,,1,Nordost,,,0,1.0,,0,14200510148110422380,,,
8698,,226085,14,7,13,000,2020,05,20,7,3,3,2,1,,1,1,0,0,0,,"735470,690600000320000","5697583,701500000400000",12.383924973000035,51.38057839900006,9,,9,Nord,,,1,9.0,,0,14200502148110402330,,,
8699,,226091,14,7,13,000,2020,05,16,7,3,8,1,0,,0,1,0,0,0,,"730971,827499999660000","5689015,189799999800000",12.31383194800003,51.305507669000065,5,,5,Südwest,,,0,5.0,,0,14200502144200407920,,,
8700,,226092,14,7,13,000,2020,05,19,1,2,5,3,0,,1,1,0,0,0,,"731876,283699999560000","5692904,436499999800000",12.329314595000028,51.340053099000045,7,,7,Alt-West,,,0,7.0,,0,14200517144200439510,,,
8701,,226095,14,7,13,000,2020,05,09,2,3,6,6,0,,0,1,1,0,0,,"737094,883299999870000","5693662,196300000000000",12.404608078000024,51.344702959000074,2,,2,Ost,,,0,2.0,,0,14200518148410498500,,,
8702,,226098,14,7,13,000,2020,05,17,2,3,5,3,0,,1,0,0,0,1,,"733434,800200000410000","5693388,791400000500000",12.35196852300004,51.34376329600008,0,,0,Mitte,,,0,0.0,,0,14200518148410442080,,,
8703,,226101,14,7,13,000,2020,05,11,7,3,5,3,0,,0,1,0,0,0,,"731768,039200000460000","5693165,708900000900000",12.327933252000037,51.342442617000074,7,,7,Alt-West,,,1,7.0,,0,14200502144200397310,,,
8704,,226103,14,7,13,000,2020,05,18,7,3,2,6,0,,0,1,0,1,0,,"734662,078400000000000","5693223,309299999800000",12.369449743000075,51.34177266100005,0,,0,Mitte,,,0,0.0,,0,14200509148410413630,,,
8705,,226116,14,7,13,000,2020,05,08,2,3,3,2,0,,1,1,0,0,0,,"735536,575000000190000","5692913,556900000200000",12.381778120000035,51.338630660000035,0,,0,Mitte,,,0,0.0,,0,14200518148410431300,,,
8706,,226120,14,7,13,000,2020,05,15,3,3,2,6,0,,0,1,0,0,0,,"735107,158300000240000","5694005,796399999400000",12.37634530300005,51.34861267900004,0,,0,Mitte,,,0,0.0,,0,14200519144200488750,,,
8707,,226126,14,7,13,000,2020,05,13,6,3,6,4,0,,0,1,1,0,0,,"733906,456000000240000","5693240,142999999200000",12.358631066000044,51.34223511000005,0,,0,Mitte,,,0,0.0,,0,14200508148410410480,,,
8708,,226127,14,7,13,000,2020,05,11,6,3,5,3,0,,1,1,0,0,0,,"731548,436300000180000","5692893,684800000900000",12.324608837000028,51.340090177000036,7,,7,Alt-West,,,0,7.0,,0,14200508148310442050,,,
8709,,226129,14,7,13,000,2020,05,17,6,3,1,5,0,,1,1,0,0,0,,"731374,467799999750000","5694561,982799999400000",12.323199741000053,51.35513702000003,7,,7,Alt-West,,,0,7.0,,0,14200508144200415500,,,
8710,,226131,14,7,13,000,2020,05,07,6,2,8,1,0,,0,0,0,1,0,,"730371,587899999690000","5688690,464400000900000",12.305025895000028,51.30283578500007,5,,5,Südwest,,,0,5.0,,0,14200501144200488770,,,
8711,,226140,14,7,13,000,2020,05,12,2,3,2,6,0,,0,0,0,1,1,,"739641,333999999800000","5692334,341000000000000",12.440210586000035,51.331716877000076,2,,2,Ost,,,0,2.0,,0,14200518144200486010,,,
8712,,226157,14,7,13,000,2020,05,17,5,3,4,2,0,,1,1,0,0,0,,"738665,957999999630000","5697622,176000000900000",12.429781898000044,51.37958974900005,1,,1,Nordost,,,0,1.0,,0,14200507148110408130,,,
8713,,226158,14,7,13,000,2020,05,15,5,3,2,6,0,,0,1,0,0,0,,"734373,875300000420000","5691601,067399999100000",12.364251996000064,51.32732952900005,0,,0,Mitte,,,0,0.0,,0,14200507144320509570,,,
8714,,226161,14,7,13,000,2020,05,14,5,2,4,2,0,,0,1,0,0,0,,"733226,226400000040000","5693907,945100000100000",12.34931911600006,51.34850912200005,0,,0,Mitte,,,0,0.0,,0,14200507144200448580,,,
8715,,226163,14,7,13,000,2020,05,10,5,3,2,2,0,,0,1,0,0,0,,"732612,056300000290000","5692303,127599999300000",12.339467037000077,51.33435483000005,7,,7,Alt-West,,,0,7.0,,1,14200507144200410240,,,
8716,,226165,14,7,13,000,2020,05,17,5,3,5,3,0,,1,1,0,0,0,,"731955,762600000020000","5692659,834200000400000",12.330294405000075,51.33782494400003,7,,7,Alt-West,,,0,7.0,,0,14200507144200410210,,,
8717,,226177,14,7,13,000,2020,04,14,5,3,5,3,0,,1,1,0,0,0,,"737930,075699999930000","5698195,525699999200000",12.419611005000036,51.385044883000035,1,,1,Nordost,,,0,1.0,,0,14200430144200393460,,,
8718,,226185,14,7,13,000,2020,04,07,5,3,3,6,0,,1,1,0,0,0,,"733167,351300000210000","5691719,642200000600000",12.347042674000022,51.328889719000074,5,,5,Südwest,,,0,5.0,,0,14200430143263424900,,,
8719,,226190,14,7,13,000,2020,05,08,4,3,5,3,0,,1,1,0,0,0,,"731811,276700000280000","5689249,568299999500000",12.326006328000062,51.30727048300008,5,,5,Südwest,,,0,5.0,,0,14200506144200407960,,,
8720,,226196,14,7,13,000,2020,05,20,2,3,6,2,0,,0,1,1,0,0,,"732329,248300000090000","5696220,790699999800000",12.33797164400005,51.36963809800005,8,,8,Nordwest,,,0,8.0,,0,14200518144200450220,,,
8721,,226199,14,7,13,000,2020,05,11,2,3,5,3,0,,0,1,0,1,0,,"728858,414800000380000","5694327,352700000600000",12.286975331000065,51.35404948100006,7,,7,Alt-West,,,0,7.0,,0,14200518144200433110,,,
8722,,226204,14,7,13,000,2020,05,01,6,3,1,1,2,,1,1,0,0,0,,"737493,000900000330000","5693292,800599999700000",12.410067705000074,51.34122109300006,2,,2,Ost,,,0,2.0,,0,14200522148220448620,,,
8723,,226216,14,7,13,000,2020,05,15,6,3,3,5,0,,1,1,0,0,0,,"729219,311900000090000","5694644,520999999700000",12.292353835000029,51.35675129400005,7,,7,Alt-West,,,0,7.0,,0,14200529144200468700,,,
8724,,226222,14,7,13,000,2020,05,15,4,2,0,1,0,,1,0,0,0,0,,"730512,630300000310000","5691837,869500000000000",12.309080097000049,51.331032995000044,6,,6,West,,,0,6.0,,0,14200527148310450260,,,
8725,,226223,14,7,13,000,2020,05,20,1,3,0,1,1,,1,0,0,0,0,,"737202,552400000390000","5693389,416099999100000",12.405969537000033,51.34220955600006,2,,2,Ost,,,1,2.0,,0,14200524145200468770,,,
8726,,226237,14,7,13,000,2020,05,20,5,3,0,1,1,,1,0,0,0,0,,"731357,061900000090000","5685656,045399999200000",12.31717326300003,51.275196349000055,5,,5,Südwest,,,0,5.0,,0,14200521148320486390,,,
8727,,226242,14,7,13,000,2020,05,08,3,2,0,1,0,,1,0,0,0,0,,"732700,325699999930000","5692698,592700000900000",12.340990275000024,51.33786868700008,7,,7,Alt-West,,,0,7.0,,1,14200526144200531210,,,
8728,,226246,14,7,13,000,2020,05,16,7,3,5,3,0,,0,0,0,0,0,,"728550,065700000150000","5689536,002900000700000",12.279481111000052,51.31116050500003,6,,6,West,,,0,6.0,,1,14200530148310498430,,,
8729,,226251,14,7,13,000,2020,05,07,5,2,2,6,0,,0,1,0,1,0,,"738766,468000000340000","5690001,191800000100000",12.426113051000073,51.31114265000008,3,,3,Südost,,,1,3.0,,0,14200528144200483240,,,
8730,,226252,14,7,13,000,2020,06,09,5,1,0,1,0,,1,0,0,0,0,,"729252,058400000450000","5694932,333000000600000",12.293008801000042,51.359321797000064,7,,7,Alt-West,,,0,7.0,,0,14200604144200506670,,,
8731,,226254,14,7,13,000,2020,05,16,6,3,4,2,0,,0,1,0,0,0,,"741209,029799999670000","5696064,053500000400000",12.465198899000029,51.36453036700004,2,,2,Ost,,,0,2.0,,0,14200522144200446510,,,
8732,,226259,14,7,13,000,2020,06,12,6,3,6,4,0,,0,1,1,0,0,,"730360,392300000410000","5693608,764399999800000",12.308043916000031,51.34699196200006,7,,7,Alt-West,,,0,7.0,,0,14200605144200477850,,,
8733,,226267,14,7,13,000,2020,06,08,3,3,5,2,0,,1,0,0,0,0,,"735162,335300000380000","5693388,687400000200000",12.376728626000045,51.343050479000055,0,,0,Mitte,,,0,0.0,,0,14200602148410468960,,,
8734,,226269,14,7,13,000,2020,06,18,3,2,1,1,0,,1,1,0,0,0,,"735405,925400000070000","5691400,487500000700000",12.378906201000063,51.32510294100007,0,,0,Mitte,,,0,0.0,,0,14200602148221559280,,,
8735,,226270,14,7,13,000,2020,05,06,6,2,4,2,0,,1,1,0,0,0,,"735177,688599999990000","5695995,996799999800000",12.37867175200006,51.366448157000036,9,,9,Nord,,,0,9.0,,0,14200529148110459980,,,
8736,,226275,14,7,13,000,2020,06,05,3,3,4,2,0,,1,1,0,0,0,,"733801,129999999890000","5695795,719000000500000",12.358800407000047,51.36521855500007,9,,9,Nord,,,0,9.0,,0,14200602148110475000,,,
8737,,226277,14,7,13,000,2020,06,16,3,3,5,3,0,,1,1,0,0,0,,"738858,577600000430000","5694329,264399999800000",12.430333166000025,51.34995224800008,2,,2,Ost,,,0,2.0,,0,14200602144200483260,,,
8738,,226286,14,7,13,000,2020,06,18,3,2,6,4,0,,0,0,1,0,0,,"735934,455400000330000","5691796,015399999900000",12.386740071000077,51.32843438100008,0,,0,Mitte,,,0,0.0,,1,14200602144200468720,,,
8739,,226287,14,7,13,000,2020,05,19,5,3,5,3,0,,1,1,0,0,0,,"732305,038900000040000","5690615,428899999700000",12.333967435000034,51.31933025400008,5,,5,Südwest,,,0,5.0,,0,14200521148310440701,,,
8740,,226288,14,7,13,000,2020,06,08,3,2,6,2,0,,0,1,1,0,0,,"735389,658300000240000","5691307,666899999600000",12.378611855000031,51.32427648100003,4,,4,Süd,,,0,4.0,,0,14200602144200466030,,,
8741,,226292,14,7,13,000,2020,05,01,6,3,1,6,2,,1,1,0,0,0,,"737502,030199999920000","5693283,429300000900000",12.410190857000032,51.34113320500006,2,,2,Ost,,,0,2.0,,0,14200522148223495830,,,
8742,,226298,14,7,13,000,2020,06,09,4,3,5,3,0,,1,1,0,0,0,,"732136,283599999730000","5692763,641300000300000",12.332949172000042,51.33868313500005,7,,7,Alt-West,,,0,7.0,,0,14200603148310483480,,,
8743,,226307,14,7,13,000,2020,06,22,4,3,4,1,2,,1,0,0,1,0,,"731038,558600000110000","5689313,936100000500000",12.314981068000066,51.30816242800006,5,,5,Südwest,,,0,5.0,,0,14200603148310481360,,,
8744,,226312,14,7,13,000,2020,05,07,4,3,1,5,0,,1,1,0,0,0,,"732973,965400000100000","5690697,652699999500000",12.343603854000037,51.31979488600007,5,,5,Südwest,,,0,5.0,,0,14200527148310458310,,,
8745,,226314,14,7,13,000,2020,06,08,6,3,2,2,0,,0,1,0,0,0,,"735094,261800000440000","5696945,937899999300000",12.378103577000047,51.37500963400004,9,,9,Nord,,,0,9.0,,0,14200605144200565970,,,
8746,,226322,14,7,13,000,2020,05,11,6,3,5,3,0,,1,1,0,0,0,,"731976,010700000450000","5693977,440700000200000",12.331442959000071,51.34964452400004,7,,7,Alt-West,,,0,7.0,,0,14200529144200483230,,,
8747,,226341,14,7,13,000,2020,06,19,4,3,5,3,0,,1,1,0,0,0,,"727524,782999999820000","5694507,699999999300000",12.26796993000005,51.35620397500003,7,,7,Alt-West,,,1,7.0,,0,14200603148310478120,,,
8748,,226342,14,7,13,000,2020,05,10,5,2,5,3,0,,1,1,0,0,0,,"737263,911399999630000","5694405,360700000100000",12.40752595300006,51.35130312900003,1,,1,Nordost,,,0,1.0,,0,14200521144200448550,,,
8749,,226345,14,7,13,000,2020,06,17,5,3,5,2,0,,1,1,0,0,0,,"738346,067999999970000","5692367,186200000300000",12.421673843000065,51.33255591200003,2,,2,Ost,,,0,2.0,,0,14200604144200531200,,,
8750,,226348,14,7,13,000,2020,05,08,4,3,2,6,0,,1,0,0,0,0,,"735099,177199999800000","5694170,660900000500000",12.376339784000038,51.35009585900008,0,,0,Mitte,,,0,0.0,,0,14200520148410462960,,,
8751,,226350,14,7,13,000,2020,05,15,3,3,5,3,0,,1,1,0,0,0,,"734290,849600000310000","5695621,907400000800000",12.365708229000063,51.363456608000035,9,,9,Nord,,,0,9.0,,0,14200526148110468790,,,
8752,,226351,14,7,13,000,2020,05,14,6,3,5,3,0,,1,1,0,0,0,,"735114,747999999670000","5688745,067099999600000",12.37298433500007,51.30138718900008,4,,4,Süd,,,0,4.0,,0,14200522662212463330,,,
8753,,226353,14,7,13,000,2020,06,12,4,3,2,6,0,,0,1,0,1,0,,"740886,713999999690000","5696375,853000000100000",12.460788791000027,51.36746567600005,2,,2,Ost,,,0,2.0,,0,14200603144200477830,,,
8754,,226354,14,7,13,000,2020,05,17,7,3,5,3,0,,1,1,0,0,0,,"735145,489799999630000","5695026,366900000700000",12.377569055000038,51.357757795000055,0,,0,Mitte,,,0,0.0,,0,14200530148410475190,,,
8755,,226362,14,7,13,000,2020,05,07,6,3,5,3,0,,1,1,0,0,0,,"736385,968600000250000","5695699,611700000200000",12.39580081400004,51.36328630200006,9,,9,Nord,,,0,9.0,,0,14200522148110458090,,,