UNFALL_ID,FID_left,OBJECTID,ULAND,UREGBEZ,UKREIS,UGEMEINDE,UJAHR,UMONAT,USTUNDE,UWOCHENTAG,UKATEGORIE,UART,UTYP1,ULICHTVERH,IstStrasse,IstRad,IstPKW,IstFuss,IstKrad,IstGkfz,IstSonstig,LINREFX,LINREFY,XGCSWGS84,YGCSWGS84,index_right,FID_right,SBZ,Name,UIDENTSTLA,LICHT,STRZUSTAND,FID,OBJECTID_1,IstSonstige,UIDENTSTLAE,OID_,IstStrassenzustand,PLST
8756,,226364,14,7,13,000,2020,06,14,4,3,4,1,0,,0,1,0,0,0,,"740624,378999999720000","5686952,665999999300000",12.45066646600003,51.282997640000076,3,,3,Südost,,,0,3.0,,1,14200603144200477810,,,
8757,,226366,14,7,13,000,2020,05,11,4,3,5,3,0,,0,1,0,0,0,,"737486,819299999620000","5691549,606799999300000",12.408817226000053,51.32557667400005,3,,3,Südost,,,0,3.0,,0,14200520148410443330,,,
8758,,226367,14,7,13,000,2020,06,05,6,2,5,3,1,,1,1,0,0,0,,"737298,011400000190000","5695375,488500000900000",12.408661689000041,51.35999679000008,1,,1,Nordost,,,1,1.0,,0,14200605144200488740,,,
8759,,226374,14,7,13,000,2020,05,18,6,3,4,2,0,,0,1,0,1,0,,"733226,542200000030000","5693908,073899999300000",12.349323727000069,51.34851014900005,0,,0,Mitte,,,0,0.0,,0,14200529144200466000,,,
8760,,226375,14,7,13,000,2020,05,18,4,3,3,2,0,,0,1,0,1,0,,"737297,645299999970000","5695373,015900000900000",12.40865479100006,51.35997474800007,1,,1,Nordost,,,0,1.0,,0,14200520148210443310,,,
8761,,226379,14,7,13,000,2020,06,09,2,3,5,3,0,,0,1,0,0,0,,"732712,345700000410000","5691936,957200000100000",12.340665052000077,51.33102680600007,5,,5,Südwest,,,0,5.0,,0,14200601144200535790,,,
8762,,226380,14,7,13,000,2020,05,17,6,3,0,1,0,,1,0,0,0,0,,"735699,968100000170000","5695702,340900000200000",12.385966394000036,51.36359579300006,9,,9,Nord,,,0,9.0,,0,14200529148110461630,,,
8763,,226381,14,7,13,000,2020,05,14,4,3,3,6,0,,1,0,0,0,0,,"734727,126000000160000","5690905,796900000400000",12.368855435000057,51.32094283300006,4,,4,Süd,,,0,4.0,,1,14200520144200477790,,,
8764,,226384,14,7,13,000,2020,05,11,1,3,5,3,0,,1,1,0,0,0,,"733904,358000000010000","5690817,573799999400000",12.357010808000041,51.32048969600004,4,,4,Süd,,,0,4.0,,0,14200524144200450230,,,
8765,,226396,14,7,13,000,2020,05,15,5,3,6,7,0,,1,0,1,0,0,,"730388,135999999940000","5691735,062999999200000",12.307229673000052,51.330160539000076,6,,6,West,,,0,6.0,,0,14200521148320446590,,,
8766,,226403,14,7,13,000,2020,05,17,6,2,4,1,0,,0,0,0,1,0,,"736413,550599999730000","5693787,917500000400000",12.394926296000051,51.346115173000044,2,,2,Ost,,,1,2.0,,1,14200522148410446600,,,
8767,,226405,14,7,13,000,2020,06,00,4,2,0,7,2,,0,0,0,1,0,,"738058,453099999580000","5694731,517100000800000",12.419133342000066,51.35389848600005,1,,1,Nordost,,,0,1.0,,0,14200603143263584641,,,
8768,,226406,14,7,13,000,2020,05,12,7,3,0,1,0,,1,0,0,0,0,,"734564,002299999820000","5694882,388599999200000",12.369137329000068,51.35670570100007,9,,9,Nord,,,0,9.0,,0,14200530148110461660,,,
8769,,226408,14,7,13,000,2020,06,16,6,2,6,4,0,,0,1,1,0,0,,"734623,848199999890000","5696307,425699999600000",12.370935313000075,51.36947265600003,9,,9,Nord,,,0,9.0,,0,14200605144200577231,,,
8770,,226410,14,7,13,000,2020,06,18,4,3,0,3,0,,1,1,0,0,0,,"732553,470499999820000","5691501,418199999300000",12.338104298000076,51.32718207100004,5,,5,Südwest,,,1,5.0,,0,14200603143263546840,,,
8771,,226414,14,7,13,000,2020,06,17,5,3,1,7,0,,1,1,0,0,0,,"731775,040000000040000","5695834,675000000700000",12.32977188700005,51.36639844300004,8,,8,Nordwest,,,0,8.0,,0,14200604144200477820,,,
8772,,226416,14,7,13,000,2020,05,15,6,3,1,5,0,,1,1,0,0,0,,"732473,629700000400000","5691784,613299999400000",12.337145063000037,51.32975686900005,5,,5,Südwest,,,0,5.0,,0,14200522144200442010,,,
8773,,226422,14,7,13,000,2020,05,14,4,3,3,2,0,,1,1,0,0,0,,"735012,771800000220000","5692062,947499999800000",12.373710389000053,51.331211979000045,0,,0,Mitte,,,0,0.0,,0,14200527148410450270,,,
8774,,226430,14,7,13,000,2020,05,10,6,3,5,2,0,,1,1,0,0,0,,"731836,099000000390000","5692529,241000000400000",12.328494460000059,51.33670143200004,7,,7,Alt-West,,,0,7.0,,0,14200529144200511930,,,
8775,,226441,14,7,13,000,2020,05,10,1,3,1,7,0,,0,1,0,0,0,,"735643,208100000400000","5692422,015699999400000",12.38298112700005,51.33417426700004,0,,0,Mitte,,,0,0.0,,0,14200531148410462990,,,
8776,,226442,14,7,13,000,2020,05,17,6,3,8,1,0,,0,0,0,1,0,,"742281,469499999660000","5694052,173900000800000",12.479205338000043,51.34601673100008,2,,2,Ost,,,0,2.0,,0,14200529144100474770,,,
8777,,226462,14,7,13,000,2020,06,19,4,3,0,7,0,,1,0,1,0,0,,"728008,722699999810000","5697308,723999999500000",12.276704789000064,51.381155437000075,8,,8,Nordwest,,,1,8.0,,0,14200603662211499260,,,
8778,,226466,14,7,13,000,2020,05,07,6,3,3,2,0,,1,1,0,0,0,,"738283,863800000400000","5693610,674300000100000",12.42161438100004,51.34374344400004,2,,2,Ost,,,0,2.0,,0,14200529148210460040,,,
8779,,226480,14,7,13,000,2020,06,14,3,3,5,3,0,,1,0,0,0,0,,"739912,843899999750000","5698895,287599999500000",12.44852545200007,51.39049128100004,1,,1,Nordost,,,0,1.0,,0,14200609148110486150,,,
8780,,226487,14,7,13,000,2020,06,20,3,3,7,7,1,,0,0,0,1,0,,"729430,432900000360000","5700941,077899999900000",12.299447473000043,51.41319031200004,8,,8,Nordwest,,,0,8.0,,0,14200609148110486120,,,
8781,,226488,14,7,13,000,2020,06,10,4,3,5,2,0,,1,1,0,0,0,,"735011,296699999830000","5691985,176000000900000",12.373637963000022,51.33051448100008,0,,0,Mitte,,,0,0.0,,0,14200617148410566200,,,
8782,,226490,14,7,13,000,2020,06,15,3,3,9,6,0,,1,0,0,0,0,,"732162,499400000090000","5699214,269500000400000",12.337536387000057,51.39657768600006,8,,8,Nordwest,,,0,8.0,,1,14200609144200590610,,,
8783,,226494,14,7,13,000,2020,06,11,6,3,2,6,0,,0,1,0,0,0,,"729976,070199999960000","5694286,444900000500000",12.302972631000046,51.353231108000045,7,,7,Alt-West,,,0,7.0,,0,14200612144200511910,,,
8784,,226502,14,7,13,000,2020,06,11,4,3,5,3,0,,1,1,0,0,0,,"736708,893500000240000","5689733,719699999300000",12.396466919000034,51.30960111200005,4,,4,Süd,,,0,4.0,,0,14200617148210531470,,,
8785,,226503,14,7,13,000,2020,06,11,5,3,5,3,0,,0,1,0,0,0,,"731598,544800000270000","5688930,279999999300000",12.322752367000021,51.30449084800006,5,,5,Südwest,,,0,5.0,,0,14200611148310504530,,,
8786,,226506,14,7,13,000,2020,06,11,6,3,6,2,0,,0,1,1,0,0,,"735183,437900000250000","5688963,848099999100000",12.37411208900005,51.30332269500008,4,,4,Süd,,,1,4.0,,0,14200619148210544440,,,
8787,,226510,14,7,13,000,2020,06,13,4,3,1,5,0,,1,1,0,0,0,,"732893,806300000290000","5691679,872400000700000",12.343097214000068,51.328644774000054,5,,5,Südwest,,,0,5.0,,0,14200610148310506930,,,
8788,,226512,14,7,13,000,2020,06,16,1,3,5,3,0,,0,1,0,0,0,,"732713,185600000430000","5691939,209200000400000",12.340678558000036,51.331046678000064,5,,5,Südwest,,,0,5.0,,0,14200621148310555320,,,
8789,,226513,14,7,13,000,2020,06,09,2,3,5,3,0,,0,1,0,0,0,,"737406,567800000310000","5693751,168299999100000",12.409134591000054,51.34537151400008,2,,2,Ost,,,0,2.0,,0,14200615144320546980,,,
8790,,226521,14,7,13,000,2020,06,11,4,3,5,2,0,,0,1,0,0,0,,"734815,126699999910000","5694110,021999999900000",12.372228027000062,51.34966895000008,0,,0,Mitte,,,0,0.0,,1,14200610144200495740,,,
8791,,226532,14,7,13,000,2020,06,13,2,3,5,7,0,,1,0,0,0,0,,"732324,112399999980000","5690615,651000000500000",12.334240819000058,51.319324461000065,5,,5,Südwest,,,0,5.0,,0,14200608148321498480,,,
8792,,226535,14,7,13,000,2020,06,15,2,3,5,3,0,,1,1,0,0,0,,"728894,924399999900000","5694685,578600000600000",12.287729204000073,51.35725062200004,7,,7,Alt-West,,,0,7.0,,0,14200608148310498400,,,
8793,,226536,14,7,13,000,2020,06,17,3,2,5,3,0,,0,1,0,0,0,,"727586,194799999710000","5693244,966800000500000",12.268043072000069,51.344843429000036,7,,7,Alt-West,,,0,7.0,,0,14200616144200553480,,,
8794,,226537,14,7,13,000,2020,06,11,7,3,5,3,0,,1,0,0,1,0,,"732776,378100000320000","5691353,494300000400000",12.341201503000036,51.32576304000003,5,,5,Südwest,,,0,5.0,,0,14200620148310555330,,,
8795,,226540,14,7,13,000,2020,06,12,2,3,1,5,0,,0,1,0,0,0,,"739105,300300000240000","5687836,072599999600000",12.429515421000076,51.291566517000035,3,,3,Südost,,,0,3.0,,0,14200608144200488840,,,
8796,,226541,14,7,13,000,2020,06,04,4,3,8,1,2,,0,1,0,0,0,,"735348,382000000220000","5692609,477199999600000",12.378880236000043,51.33597905600004,0,,0,Mitte,,,0,0.0,,0,14200617148410509960,,,
8797,,226543,14,7,13,000,2020,06,06,2,3,2,2,0,,0,1,0,0,0,,"731597,768000000160000","5690701,429500000600000",12.32389113000005,51.32039056000008,5,,5,Südwest,,,0,5.0,,0,14200608144200485960,,,
8798,,226546,14,7,13,000,2020,06,10,1,3,5,3,0,,1,1,0,0,0,,"738892,244800000450000","5691116,404999999300000",12.428661357000067,51.321099925000055,3,,3,Südost,,,0,3.0,,0,14200614148210502140,,,
8799,,226550,14,7,13,000,2020,06,17,6,3,5,2,0,,0,1,0,1,0,,"730262,094200000170000","5692093,997500000500000",12.305655519000027,51.33343373300005,7,,7,Alt-West,,,0,7.0,,0,14200612148310509910,,,
8800,,226552,14,7,13,000,2020,06,09,4,3,5,3,0,,1,1,0,0,0,,"736538,558600000110000","5690723,455299999600000",12.394683765000025,51.318556003000026,0,,0,Mitte,,,0,0.0,,0,14200617144200521170,,,
8801,,226553,14,7,13,000,2020,06,16,5,3,5,2,0,,0,1,0,1,0,,"739659,345099999570000","5692425,635800000300000",12.440530049000074,51.332528729000046,2,,2,Ost,,,0,2.0,,0,14200611144200502060,,,
8802,,226570,14,7,13,000,2020,06,16,5,3,5,3,0,,0,1,0,0,0,,"728919,076399999670000","5689647,219900000800000",12.28483810800003,51.312010642000075,6,,6,West,,,0,6.0,,1,14200618144200517730,,,
8803,,226581,14,7,13,000,2020,06,15,2,3,6,4,0,,1,0,1,0,0,,"735074,004700000400000","5690338,757700000000000",12.373450871000045,51.315709663000064,4,,4,Süd,,,0,4.0,,0,14200615144200504260,,,
8804,,226594,14,7,13,000,2020,06,14,4,3,1,7,0,,0,1,0,1,0,,"731815,043800000100000","5689506,899900000500000",12.326227466000034,51.30957897900004,5,,5,Südwest,,,0,5.0,,0,14200617148310509920,,,
8805,,226604,14,7,13,000,2020,06,14,6,3,5,2,0,,1,1,0,0,0,,"737181,655100000090000","5693664,115000000200000",12.405853008000065,51.34468399000008,2,,2,Ost,,,0,2.0,,1,14200612144200535780,,,
8806,,226607,14,7,13,000,2020,06,15,4,2,5,2,0,,0,1,0,0,0,,"736603,811099999580000","5690096,147600000700000",12.395202329000028,51.31289803000004,0,,0,Mitte,,,0,0.0,,1,14200617144200509590,,,
8807,,226612,14,7,13,000,2020,06,16,5,3,0,1,0,,1,0,0,0,0,,"729361,339499999770000","5694877,935000000500000",12.294540674000075,51.358789364000074,7,,7,Alt-West,,,0,7.0,,0,14200611148310516280,,,
8808,,226613,14,7,13,000,2020,06,16,1,3,5,2,0,,1,1,0,0,0,,"735011,394999999550000","5691985,168500000600000",12.373639366000077,51.33051437300003,0,,0,Mitte,,,0,0.0,,0,14200607148410481420,,,
8809,,226615,14,7,13,000,2020,06,12,6,2,0,1,0,,1,0,0,0,0,,"736313,203999999910000","5687709,118000000700000",12.389459697000063,51.29159211100006,4,,4,Süd,,,1,4.0,,0,14200619148210553750,,,
8810,,226616,14,7,13,000,2020,06,18,1,3,5,2,0,,1,1,0,0,0,,"735756,221199999560000","5692869,255000000800000",12.38489652000004,51.33814197800007,0,,0,Mitte,,,0,0.0,,0,14200614144320941990,,,
8811,,226622,14,7,13,000,2020,06,16,1,3,5,3,0,,1,1,0,0,0,,"737962,679499999620000","5693734,371500000400000",12.417093843000032,51.34498826000004,2,,2,Ost,,,0,2.0,,0,14200621148410539500,,,
8812,,226623,14,7,13,000,2020,06,10,2,3,5,2,0,,1,1,0,0,0,,"735341,929899999870000","5693434,493000000700000",12.379332908000038,51.34338733700008,0,,0,Mitte,,,0,0.0,,0,14200615148410517890,,,
8813,,226627,14,7,13,000,2020,06,09,7,3,1,7,0,,1,1,0,0,0,,"733367,280100000090000","5692459,000800000500000",12.35039155100003,51.33544466600006,0,,0,Mitte,,,0,0.0,,0,14200613664120529450,,,
8814,,226630,14,7,13,000,2020,06,19,1,2,5,2,0,,1,1,0,0,0,,"736678,711500000210000","5689794,012299999600000",12.396074659000021,51.31015486100006,4,,4,Süd,,,0,4.0,,0,14200607144200495720,,,
8815,,226646,14,7,13,000,2020,06,08,3,3,1,6,0,,1,1,0,0,0,,"734137,363599999810000","5695536,934100000200000",12.36345147000003,51.36275712200006,9,,9,Nord,,,0,9.0,,0,14200616148121512130,,,
8816,,226651,14,7,13,000,2020,06,15,4,3,5,3,0,,1,1,0,0,0,,"737164,760700000450000","5692699,476199999500000",12.404968526000062,51.336032362000026,3,,3,Südost,,,0,3.0,,0,14200617148410509980,,,
8817,,226657,14,7,13,000,2020,06,18,6,3,3,6,0,,1,1,0,0,0,,"735085,259899999950000","5689915,645999999700000",12.373333237000054,51.31190698700004,4,,4,Süd,,,0,4.0,,0,14200612144200506860,,,
8818,,226658,14,7,13,000,2020,06,18,7,3,5,3,0,,1,1,0,0,0,,"739008,699699999760000","5691196,951199999100000",12.430383535000033,51.32177399600005,3,,3,Südost,,,0,3.0,,0,14200606148210517880,,,
8819,,226660,14,7,13,000,2020,06,20,6,3,3,7,1,,1,1,0,0,0,,"737099,087700000030000","5693761,657299999100000",12.404734567000048,51.34559397600003,2,,2,Ost,,,0,2.0,,0,14200612148410519570,,,
8820,,226661,14,7,13,000,2020,06,06,7,3,2,2,0,,0,1,0,0,0,,"734550,807300000450000","5691377,012099999900000",12.366639577000058,51.32524538600006,4,,4,Süd,,,0,4.0,,0,14200606144000479690,,,
8821,,226662,14,7,13,000,2020,06,07,4,3,5,3,0,,1,1,0,0,0,,"737784,148699999790000","5690646,033099999700000",12.412474289000045,51.317341972000065,3,,3,Südost,,,0,3.0,,0,14200617148210509820,,,
8822,,226667,14,7,13,000,2020,06,21,6,2,5,2,1,,0,1,0,1,0,,"738965,553399999630000","5697662,802799999700000",12.43410629400006,51.37982840800004,1,,1,Nordost,,,0,1.0,,0,14200619148110531320,,,
8823,,226679,14,7,13,000,2020,06,13,7,3,6,7,0,,0,1,1,0,0,,"731062,406399999750000","5691180,995400000400000",12.316532266000024,51.32491323000005,7,,7,Alt-West,,,0,7.0,,0,14200613148110500480,,,
8824,,226680,14,7,13,000,2020,06,19,5,3,5,3,0,,1,1,0,0,0,,"735114,825100000020000","5688745,343800000800000",12.372985622000044,51.30138964100007,4,,4,Süd,,,0,4.0,,0,14200618144200559180,,,
8825,,226684,14,7,13,000,2020,06,15,3,2,1,7,0,,1,1,0,0,0,,"738537,394899999720000","5693544,327099999400000",12.425203513000042,51.34304161000006,2,,2,Ost,,,0,2.0,,0,14200616662211561100,,,
8826,,226689,14,7,13,000,2020,06,22,2,3,0,1,2,,0,0,0,1,0,,"737189,708399999890000","5695800,689400000500000",12.407392447000063,51.363858622000066,1,,1,Nordost,,,0,1.0,,0,14200615144200553470,,,
8827,,226696,14,7,13,000,2020,06,14,3,3,5,2,0,,1,1,0,0,0,,"730536,364400000310000","5691507,728800000600000",12.309206631000052,51.32805970900006,7,,7,Alt-West,,,0,7.0,,0,14200616144200506640,,,
8828,,226697,14,7,13,000,2020,06,08,7,3,2,2,0,,0,1,0,0,0,,"728403,872700000180000","5690407,160299999600000",12.277944939000065,51.31903981700003,6,,6,West,,,0,6.0,,0,14200620148310547260,,,
8829,,226701,14,7,13,000,2020,06,15,4,2,5,2,0,,1,0,0,0,0,,"733704,947999999860000","5691920,254000000700000",12.354877075000047,51.33046992000004,0,,0,Mitte,,,0,0.0,,0,14200617148410509950,,,
8830,,226702,14,7,13,000,2020,06,06,5,3,3,6,0,,1,1,0,0,0,,"730797,702399999830000","5693835,069800000600000",12.314459265000039,51.348846114000025,7,,7,Alt-West,,,0,7.0,,0,14200611148310523570,,,
8831,,226707,14,7,13,000,2020,06,14,6,3,5,3,0,,0,1,0,0,0,,"729935,873300000090000","5693201,284800000500000",12.301695427000027,51.34350587000006,7,,7,Alt-West,,,0,7.0,,0,14200605148310478160,,,
8832,,226712,14,7,13,000,2020,06,13,6,3,4,1,0,,0,1,0,0,0,,"740611,774600000120000","5688810,017799999600000",12.45173728900005,51.29967404400003,3,,3,Südost,,,0,3.0,,0,14200605148210478050,,,
8833,,226713,14,7,13,000,2020,06,11,4,3,6,4,0,,0,1,1,0,0,,"731745,252199999990000","5692700,243499999900000",12.327303775000075,51.338273515000026,7,,7,Alt-West,,,0,7.0,,0,14200617144200511970,,,
8834,,226714,14,7,13,000,2020,06,13,5,3,8,7,0,,0,1,0,0,0,,"735604,444000000130000","5695939,980200000100000",12.384754128000054,51.36576851800004,9,,9,Nord,,,0,9.0,,0,14200611144200495660,,,
8835,,226715,14,7,13,000,2020,06,15,6,3,6,6,0,,0,1,1,0,0,,"736013,311200000350000","5695512,048100000200000",12.390333030000022,51.361757616000034,9,,9,Nord,,,0,9.0,,0,14200605148110500450,,,
8836,,226719,14,7,13,000,2020,06,11,6,3,5,2,0,,1,1,0,0,0,,"737033,042999999600000","5692986,958399999900000",12.403272333000075,51.33866774400008,2,,2,Ost,,,1,2.0,,0,14200619148410537460,,,
8837,,226720,14,7,13,000,2020,06,20,1,3,0,1,0,,1,1,0,0,0,,"734259,046600000000000","5695375,476099999600000",12.365089915000055,51.361257651000074,9,,9,Nord,,,1,9.0,,0,14200614148110502130,,,
8838,,226722,14,7,13,000,2020,06,23,6,3,2,7,2,,0,1,0,1,0,,"731920,432099999860000","5698599,350400000800000",12.333661135000057,51.391156746000036,8,,8,Nordwest,,,0,8.0,,0,14200605148110488910,,,
8839,,226727,14,7,13,000,2020,06,13,2,3,5,3,0,,1,1,0,0,0,,"733976,897099999710000","5692697,438699999800000",12.359284137000031,51.33733454000003,0,,0,Mitte,,,0,0.0,,0,14200615148410523590,,,
8840,,226732,14,7,13,000,2020,06,18,6,3,8,7,0,,1,1,0,0,0,,"732218,588800000030000","5690935,345400000000000",12.332937341000047,51.32223735900004,5,,5,Südwest,,,0,5.0,,0,14200605145200483310,,,
8841,,226734,14,7,13,000,2020,06,08,3,3,5,3,0,,1,0,0,0,0,,"736869,841900000350000","5693921,565099999300000",12.40155522300006,51.34712488300005,2,,2,Ost,,,0,2.0,,0,14200630148410573830,,,
8842,,226735,14,7,13,000,2020,06,16,3,3,1,5,0,,1,1,0,0,0,,"735169,800800000320000","5693385,156800000000000",12.376833293000061,51.343015699000034,0,,0,Mitte,,,0,0.0,,0,14200630148410568440,,,
8843,,226737,14,7,13,000,2020,07,16,4,3,5,2,0,,1,0,0,0,0,,"730181,202999999750000","5689969,052999999400000",12.303124257000036,51.31439076500004,5,,5,Südwest,,,0,5.0,,1,14200701144200587370,,,
8844,,226738,14,7,13,000,2020,06,06,3,3,5,2,0,,1,1,0,0,0,,"731891,258899999780000","5692405,068399999300000",12.32920413200003,51.335564272000056,7,,7,Alt-West,,,0,7.0,,0,14200630148320547240,,,
8845,,226740,14,7,13,000,2020,06,10,3,3,1,6,0,,0,1,0,0,0,,"734146,786100000140000","5695561,307199999700000",12.363602621000041,51.362972023000054,9,,9,Nord,,,0,9.0,,0,14200630148121572110,,,
8846,,226743,14,7,13,000,2020,06,18,3,3,5,3,0,,1,1,0,0,0,,"739970,118599999700000","5693960,966800000500000",12.446017218000065,51.34617838300005,2,,2,Ost,,,0,2.0,,0,14200630144200657220,,,
8847,,226745,14,7,13,000,2020,06,15,3,3,5,3,0,,1,1,0,0,0,,"736303,463000000450000","5687730,125900000300000",12.389334142000052,51.29178472500007,4,,4,Süd,,,0,4.0,,0,14200630144200634820,,,
8848,,226746,14,7,13,000,2020,06,16,3,2,5,3,0,,1,1,0,0,0,,"734641,819299999620000","5693215,834799999400000",12.36915446300003,51.34171392700006,0,,0,Mitte,,,0,0.0,,0,14200630144200601790,,,
8849,,226748,14,7,13,000,2020,06,11,3,3,6,2,0,,0,1,1,0,0,,"737096,110600000250000","5691690,794099999600000",12.403313647000061,51.32700694400006,3,,3,Südost,,,0,3.0,,0,14200630144200546910,,,
8850,,226749,14,7,13,000,2020,07,15,5,3,1,1,0,,1,1,0,0,0,,"729128,989500000140000","5689726,970799999300000",12.287896127000067,51.31264212100007,6,,6,West,,,0,6.0,,0,14200702148310559300,,,
8851,,226763,14,7,13,000,2020,07,15,4,3,1,5,0,,0,1,0,0,0,,"739137,939699999990000","5687809,721000000800000",12.429965029000073,51.29131628500005,3,,3,Südost,,,0,3.0,,0,14200701144200546890,,,
8852,,226778,14,7,13,000,2020,06,14,2,3,0,7,0,,0,0,0,0,0,,"730505,593600000250000","5693874,187400000200000",12.310297177000052,51.34931579400006,7,,7,Alt-West,,,0,7.0,,1,14200629148310560930,,,
8853,,226779,14,7,13,000,2020,06,08,2,3,2,6,0,,0,1,0,0,0,,"732921,125300000420000","5690576,812999999200000",12.342767955000056,51.31873177600005,5,,5,Südwest,,,0,5.0,,0,14200629148310557050,,,
8854,,226784,14,7,13,000,2020,06,10,2,3,7,7,0,,1,0,0,0,0,,"735465,320600000210000","5689472,962799999900000",12.378484557000036,51.30777620500004,4,,4,Süd,,,0,4.0,,0,14200629148210568300,,,
8855,,226785,14,7,13,000,2020,06,13,2,3,6,4,0,,0,1,1,0,0,,"737663,921799999660000","5692630,615000000200000",12.412075403000074,51.335205890000054,2,,2,Ost,,,0,2.0,,0,14200629148210566120,,,
8856,,226786,14,7,13,000,2020,06,14,2,3,5,3,0,,1,1,0,0,0,,"729819,963800000030000","5700921,880699999600000",12.305026886000064,51.412860271000056,8,,8,Nordwest,,,0,8.0,,0,14200629148110549950,,,
8857,,226789,14,7,13,000,2020,06,12,2,3,5,3,0,,1,1,0,0,0,,"734530,392599999900000","5694943,438300000500000",12.368695715000058,51.35726757800006,9,,9,Nord,,,0,9.0,,0,14200629148110539250,,,
8858,,226791,14,7,13,000,2020,06,17,2,3,3,2,0,,1,1,0,0,0,,"732461,732900000180000","5691749,946000000500000",12.336951983000063,51.32945053200007,5,,5,Südwest,,,0,5.0,,0,14200629144200544510,,,
8859,,226792,14,7,13,000,2020,06,19,3,3,5,3,0,,1,0,0,1,0,,"731508,010999999940000","5691446,722999999300000",12.323089259000028,51.32711748400004,5,,5,Südwest,,,0,5.0,,0,14200623148310533960,,,
8860,,226793,14,7,13,000,2020,06,14,2,3,5,2,0,,0,1,0,0,0,,"736065,063900000420000","5688533,623700000300000",12.386452353000038,51.29909603300007,4,,4,Süd,,,0,4.0,,0,14200629144200544260,,,
8861,,226794,14,7,13,000,2020,06,19,3,3,1,1,0,,0,1,0,1,0,,"740873,711099999960000","5692453,313100000800000",12.457948099000077,51.33226420200003,2,,2,Ost,,,0,2.0,,0,14200623148210550040,,,
8862,,226797,14,7,13,000,2020,06,13,3,2,5,2,0,,1,1,0,0,0,,"738137,033300000240000","5690523,190500000500000",12.417446900000073,51.31609178600007,3,,3,Südost,,,0,3.0,,0,14200623148210523490,,,
8863,,226815,14,7,13,000,2020,07,17,5,3,6,6,0,,1,0,1,0,0,,"734723,780000000260000","5695492,257799999800000",12.371830386000056,51.362114140000074,9,,9,Nord,,,0,9.0,,0,14200702144200667200,,,
8864,,226854,14,7,13,000,2020,06,18,7,3,6,4,0,,0,1,1,0,0,,"734093,722599999980000","5693679,431900000200000",12.36160383300006,51.34610131200003,0,,0,Mitte,,,0,0.0,,0,14200627148423008540,,,
8865,,226856,14,7,13,000,2020,06,16,7,3,5,3,0,,1,1,0,0,0,,"735962,695600000210000","5688506,088600000400000",12.384968388000061,51.29889129400004,4,,4,Süd,,,0,4.0,,0,14200627148210547110,,,
8866,,226858,14,7,13,000,2020,07,13,5,2,0,1,0,,1,0,0,0,0,,"735286,087399999610000","5693690,785000000100000",12.378701902000046,51.34571100800008,0,,0,Mitte,,,0,0.0,,0,14200702148414553850,,,
8867,,226859,14,7,13,000,2020,06,10,7,3,5,3,0,,1,1,0,0,0,,"739460,206000000240000","5694599,480299999900000",12.439138461000027,51.352124522000054,2,,2,Ost,,,0,2.0,,0,14200627144200537370,,,
8868,,226870,14,7,13,000,2020,07,16,5,3,5,2,0,,0,1,0,0,0,,"740887,145999999720000","5693949,287799999100000",12.459152288000041,51.345685755000034,2,,2,Ost,,,0,2.0,,0,14200702144200573780,,,
8869,,226883,14,7,13,000,2020,06,10,6,3,5,2,0,,1,1,0,0,0,,"734282,037700000220000","5693503,384999999800000",12.364187212000047,51.34444346300006,0,,0,Mitte,,,0,0.0,,0,14200626148410547330,,,
8870,,226884,14,7,13,000,2020,06,23,6,3,0,1,2,,0,0,0,0,0,,"738388,251299999650000","5690337,270300000900000",12.420920914000021,51.31431780100007,3,,3,Südost,,,0,3.0,,1,14200626148410536060,,,
8871,,226887,14,7,13,000,2020,06,23,6,3,2,6,2,,1,0,0,0,0,,"732367,819199999790000","5688156,673800000900000",12.333265577000077,51.29723289800006,5,,5,Südwest,,,0,5.0,,0,14200626148323535980,,,
8872,,226889,14,7,13,000,2020,06,14,6,3,5,2,0,,0,1,0,1,0,,"730064,431800000370000","5690055,912699999300000",12.301507592000064,51.31521772500008,6,,6,West,,,0,6.0,,0,14200626148320550160,,,
8873,,226892,14,7,13,000,2020,06,10,6,3,5,3,0,,1,1,0,0,0,,"731844,487499999810000","5689350,914899999300000",12.326547821000077,51.308166733000064,5,,5,Südwest,,,0,5.0,,0,14200626148310547250,,,
8874,,226893,14,7,13,000,2020,06,17,6,3,5,2,0,,1,1,0,0,0,,"733898,726999999960000","5692473,834000000700000",12.358017079000035,51.335359502000074,0,,0,Mitte,,,0,0.0,,0,14200626144320977570,,,
8875,,226895,14,7,13,000,2020,06,19,6,2,3,2,0,,1,1,0,0,0,,"735183,766999999990000","5688966,152000000700000",12.374118320000036,51.30334324000006,4,,4,Süd,,,0,4.0,,0,14200626144200565950,,,