UNFALL_ID,FID_left,OBJECTID,ULAND,UREGBEZ,UKREIS,UGEMEINDE,UJAHR,UMONAT,USTUNDE,UWOCHENTAG,UKATEGORIE,UART,UTYP1,ULICHTVERH,IstStrasse,IstRad,IstPKW,IstFuss,IstKrad,IstGkfz,IstSonstig,LINREFX,LINREFY,XGCSWGS84,YGCSWGS84,index_right,FID_right,SBZ,Name,UIDENTSTLA,LICHT,STRZUSTAND,FID,OBJECTID_1,IstSonstige,UIDENTSTLAE,OID_,IstStrassenzustand,PLST
8876,,226896,14,7,13,000,2020,06,17,6,3,4,6,0,,0,1,0,0,0,,"737185,148500000130000","5695534,595499999800000",12.407149633000074,51.36147205900005,1,,1,Nordost,,,0,1.0,,0,14200626144200537260,,,
8877,,226903,14,7,13,000,2020,06,05,2,3,5,7,0,,0,1,0,1,0,,"735249,188299999570000","5692911,039799999400000",12.377657930000055,51.338727025000026,0,,0,Mitte,,,0,0.0,,0,14200622148410559330,,,
8878,,226905,14,7,13,000,2020,06,16,2,3,5,3,0,,1,0,0,0,0,,"733670,255400000140000","5694712,268699999900000",12.356212062000054,51.355546805000074,0,,0,Mitte,,,0,0.0,,1,14200622148410536020,,,
8879,,226908,14,7,13,000,2020,06,18,2,3,5,3,0,,1,1,0,0,0,,"737592,627799999900000","5693447,748099999500000",12.411598859000037,51.34257028600007,2,,2,Ost,,,0,2.0,,0,14200622148410534020,,,
8880,,226912,14,7,13,000,2020,06,10,2,3,3,6,0,,1,1,0,0,0,,"732789,959900000130000","5690556,702899999900000",12.34087584200006,51.318604924000056,5,,5,Südwest,,,0,5.0,,0,14200622148320535940,,,
8881,,226917,14,7,13,000,2020,06,06,2,3,5,2,0,,1,1,0,0,0,,"733390,952499999660000","5692147,925599999700000",12.350527011000054,51.33264255600005,5,,5,Südwest,,,0,5.0,,0,14200622148310521320,,,
8882,,226920,14,7,13,000,2020,06,10,2,3,1,6,0,,1,1,0,0,0,,"734005,929800000040000","5695597,726900000100000",12.361606871000049,51.363356972000076,9,,9,Nord,,,0,9.0,,0,14200622148110521200,,,
8883,,226924,14,7,13,000,2020,06,19,5,3,1,5,0,,1,1,0,0,0,,"734918,999300000260000","5692241,204099999700000",12.37248426800005,51.332850816000075,0,,0,Mitte,,,0,0.0,,0,14200625148422544580,,,
8884,,226926,14,7,13,000,2020,07,07,5,3,8,1,0,,0,1,0,0,0,,"734506,310100000350000","5695001,489000000100000",12.368388707000065,51.35779860200006,9,,9,Nord,,,1,9.0,,0,14200702148110549940,,,
8885,,226927,14,7,13,000,2020,06,17,5,3,4,6,0,,1,1,0,0,0,,"737334,513000000270000","5693655,883099999300000",12.408038345000023,51.34454631300008,2,,2,Ost,,,0,2.0,,0,14200625148410557160,,,
8886,,226928,14,7,13,000,2020,06,21,5,3,0,1,1,,1,0,0,0,0,,"734998,909400000240000","5692266,647900000200000",12.373646099000041,51.33304620000007,0,,0,Mitte,,,0,0.0,,0,14200625148410557150,,,
8887,,226930,14,7,13,000,2020,06,15,5,3,5,3,0,,1,1,0,0,0,,"731410,481999999840000","5691635,981000000600000",12.32181472700006,51.32885610900007,7,,7,Alt-West,,,0,7.0,,0,14200625148410539510,,,
8888,,226931,14,7,13,000,2020,06,08,5,3,1,5,0,,1,1,0,0,0,,"734058,096099999730000","5693198,403500000000000",12.360776993000059,51.34179803500007,0,,0,Mitte,,,0,0.0,,0,14200625148410531580,,,
8889,,226933,14,7,13,000,2020,06,20,5,3,5,3,0,,1,1,0,0,0,,"728404,282499999740000","5689875,271800000200000",12.277610166000045,51.31426473800008,6,,6,West,,,0,6.0,,0,14200625148310537400,,,
8890,,226936,14,7,13,000,2020,06,08,5,3,0,7,0,,1,0,0,0,0,,"733079,632600000130000","5691563,881400000300000",12.345683941000061,51.32752745600004,5,,5,Südwest,,,1,5.0,,0,14200625148310535920,,,
8891,,226937,14,7,13,000,2020,06,08,5,3,5,3,0,,1,1,0,0,0,,"731827,461099999960000","5691415,527899999200000",12.327646092000066,51.32670736500006,5,,5,Südwest,,,0,5.0,,0,14200625148310531500,,,
8892,,226940,14,7,13,000,2020,06,11,5,3,6,6,0,,0,0,1,1,0,,"735064,954800000410000","5697965,883099999300000",12.378357932000029,51.38417707200006,9,,9,Nord,,,0,9.0,,0,14200625148110531280,,,
8893,,226943,14,7,13,000,2020,06,14,5,3,5,3,0,,1,0,0,0,0,,"737300,596099999730000","5695375,755500000000000",12.408698924000078,51.35999810700008,1,,1,Nordost,,,0,1.0,,1,14200625144200531190,,,
8894,,226950,14,7,13,000,2020,06,12,3,2,0,1,0,,1,0,0,0,0,,"732755,519000000320000","5694145,095400000000000",12.342726803000062,51.35083086000003,0,,0,Mitte,,,0,0.0,,0,14200630662211560970,,,
8895,,226977,14,7,13,000,2020,07,20,5,3,5,2,1,,1,1,0,0,0,,"736705,467199999840000","5689541,888499999400000",12.396290589000046,51.30788061900006,4,,4,Süd,,,1,4.0,,0,14200702144200660280,,,
8896,,226982,14,7,13,000,2020,06,14,4,3,3,6,0,,1,0,0,0,0,,"731196,670099999760000","5693377,216199999700000",12.31988115200005,51.34457390400007,7,,7,Alt-West,,,0,7.0,,0,14200624149110539650,,,
8897,,226984,14,7,13,000,2020,06,08,4,3,5,2,0,,1,1,0,0,0,,"737590,927600000050000","5693400,302400000400000",12.41154283800006,51.34214512300008,2,,2,Ost,,,0,2.0,,0,14200624148410534110,,,
8898,,226986,14,7,13,000,2020,06,13,4,3,2,6,0,,0,1,0,1,0,,"737392,157499999740000","5692712,029899999500000",12.408235423000065,51.33605017300005,2,,2,Ost,,,0,2.0,,0,14200624148210553740,,,
8899,,226994,14,7,13,000,2020,07,09,4,3,2,6,0,,0,1,0,0,0,,"734651,722000000070000","5693277,591000000000000",12.369337080000037,51.34226419000004,0,,0,Mitte,,,0,0.0,,0,14200701148410573820,,,
8900,,226996,14,7,13,000,2020,07,18,4,3,5,3,0,,1,1,0,0,0,,"737984,035400000400000","5690575,127299999800000",12.415290108000022,51.31662196800005,3,,3,Südost,,,0,3.0,,0,14200701148210555310,,,
8901,,227003,14,7,13,000,2020,07,11,5,2,6,4,0,,1,0,1,0,0,,"735615,032399999910000","5693402,753599999500000",12.383226118000039,51.342989329000034,0,,0,Mitte,,,1,0.0,,0,14200709148410575250,,,
8902,,227009,14,7,13,000,2020,07,19,2,3,5,2,0,,1,1,0,0,0,,"736550,036299999800000","5687246,263599999200000",12.392543700000033,51.28733910100004,4,,4,Süd,,,0,4.0,,0,14200713148210587400,,,
8903,,227016,14,7,13,000,2020,07,07,3,3,5,3,0,,1,1,0,0,0,,"735284,187800000420000","5692733,467199999800000",12.37804221700003,51.33711859400006,0,,0,Mitte,,,0,0.0,,0,14200714148410593290,,,
8904,,227017,14,7,13,000,2020,07,08,3,3,5,3,0,,0,1,0,0,0,,"737266,503899999890000","5694404,960500000000000",12.407562848000055,51.35129845500006,1,,1,Nordost,,,0,1.0,,1,14200707148110563220,,,
8905,,227021,14,7,13,000,2020,07,08,5,3,2,6,0,,0,1,0,1,0,,"736875,793999999760000","5694393,152699999500000",12.401954340000032,51.35135542000006,1,,1,Nordost,,,1,1.0,,0,14200716144310629650,,,
8906,,227022,14,7,13,000,2020,07,11,2,3,0,1,0,,1,0,0,0,0,,"735693,784500000070000","5695780,052999999400000",12.38592922600003,51.36429591900003,9,,9,Nord,,,0,9.0,,0,14200713144200598930,,,
8907,,227027,14,7,13,000,2020,07,00,6,3,1,1,2,,0,1,0,0,0,,"728862,188400000330000","5694700,921399999400000",12.28726970100007,51.35740154000007,7,,7,Alt-West,,,0,7.0,,0,14200717148310587430,,,
8908,,227035,14,7,13,000,2020,07,12,4,3,5,3,0,,0,1,0,0,0,,"737883,830199999730000","5690611,003399999800000",12.413878741000076,51.316985886000055,3,,3,Südost,,,0,3.0,,0,14200708144200572020,,,
8909,,227047,14,7,13,000,2020,07,18,1,3,0,7,0,,1,0,0,0,0,,"735289,216900000350000","5696570,412499999600000",12.380651126000032,51.37155808700004,9,,9,Nord,,,0,9.0,,0,14200705148122556980,,,
8910,,227053,14,7,13,000,2020,07,23,1,2,0,1,2,,1,0,0,0,0,,"735031,005300000310000","5692964,197499999800000",12.374566217000051,51.33929440500003,0,,0,Mitte,,,0,0.0,,0,14200705148110579480,,,
8911,,227056,14,7,13,000,2020,07,17,4,3,2,7,0,,1,1,0,0,0,,"733793,528300000350000","5693597,149100000000000",12.357246940000039,51.34548622800003,0,,0,Mitte,,,1,0.0,,0,14200715148410584820,,,
8912,,227057,14,7,13,000,2020,07,14,1,3,8,1,0,,0,0,0,1,0,,"734797,934200000020000","5693076,586400000400000",12.371300104000056,51.340399535000074,0,,0,Mitte,,,0,0.0,,0,14200712144200577250,,,
8913,,227058,14,7,13,000,2020,07,16,5,3,5,2,0,,0,0,0,0,0,,"735474,001000000160000","5693364,510299999300000",12.381179529000065,51.34270447000006,0,,0,Mitte,,,1,0.0,,1,14200709148410568400,,,
8914,,227064,14,7,13,000,2020,07,12,2,3,1,5,0,,1,1,0,0,0,,"735238,604600000200000","5690666,245799999700000",12.376024591000032,51.318581315000074,4,,4,Süd,,,0,4.0,,0,14200713148210577290,,,
8915,,227071,14,7,13,000,2020,07,06,3,3,6,4,0,,0,1,1,0,0,,"738735,644799999890000","5689299,300300000200000",12.425202008000042,51.30485544100003,3,,3,Südost,,,0,3.0,,0,14200714148210593250,,,
8916,,227073,14,7,13,000,2020,07,18,5,3,5,2,0,,1,1,0,0,0,,"737748,816200000230000","5693031,623199999300000",12.413559520000035,51.33876986200005,2,,2,Ost,,,0,2.0,,0,14200709148210568260,,,
8917,,227075,14,7,13,000,2020,07,10,7,3,3,2,0,,0,1,0,1,0,,"731352,540900000370000","5691591,609699999900000",12.32095570000007,51.32848136100006,7,,7,Alt-West,,,0,7.0,,0,14200718144200623420,,,
8918,,227077,14,7,13,000,2020,07,16,3,3,1,5,0,,1,1,0,0,0,,"736743,646200000310000","5692282,262399999400000",12.398656796000068,51.33246284000006,3,,3,Südost,,,0,3.0,,0,14200707148410579590,,,
8919,,227078,14,7,13,000,2020,07,10,5,2,6,7,0,,0,0,1,0,0,,"741394,210500000040000","5687256,367300000000000",12.461889796000037,51.28539794500006,3,,3,Südost,,,0,3.0,,1,14200716144200590600,,,
8920,,227079,14,7,13,000,2020,07,17,2,3,5,2,0,,1,1,0,0,0,,"737385,103600000030000","5691590,075400000400000",12.407386951000035,51.325982372000055,3,,3,Südost,,,0,3.0,,0,14200713144200577220,,,
8921,,227084,14,7,13,000,2020,07,07,6,3,0,1,0,,1,0,0,0,0,,"738123,263799999840000","5694094,420499999100000",12.419636199000024,51.34815280300006,1,,1,Nordost,,,0,1.0,,0,14200717148110620150,,,
8922,,227089,14,7,13,000,2020,07,14,3,3,5,3,0,,1,1,0,0,0,,"733539,512199999760000","5694189,858400000300000",12.35399484100003,51.35091111100007,0,,0,Mitte,,,0,0.0,,0,14200707144200626720,,,
8923,,227094,14,7,13,000,2020,07,18,4,3,5,3,0,,1,1,0,0,0,,"734721,746100000110000","5690558,881799999600000",12.368550010000035,51.31783098500006,4,,4,Süd,,,0,4.0,,0,14200708148224577330,,,
8924,,227099,14,7,13,000,2020,07,21,1,3,1,1,2,,1,1,0,0,0,,"738886,673899999820000","5693612,727399999300000",12.430255118000048,51.34350892300006,2,,2,Ost,,,0,2.0,,0,14200712148210670280,,,
8925,,227101,14,7,13,000,2020,07,17,7,3,3,6,0,,1,1,0,0,0,,"737649,048700000160000","5693556,226600000600000",12.41247985900003,51.34352041100004,2,,2,Ost,,,0,2.0,,0,14200704148422560950,,,
8926,,227105,14,7,13,000,2020,07,02,7,3,6,4,2,,0,1,1,0,0,,"735316,149699999950000","5693730,870799999700000",12.379159283000035,51.34605838900006,0,,0,Mitte,,,0,0.0,,0,14200704148310560940,,,
8927,,227107,14,7,13,000,2020,07,14,4,3,5,2,0,,0,1,0,0,0,,"730303,836799999700000","5691272,577500000600000",12.305722865000064,51.32604293600008,7,,7,Alt-West,,,0,7.0,,0,14200715144200587360,,,
8928,,227112,14,7,13,000,2020,07,15,4,3,5,3,0,,1,1,0,0,0,,"731951,820199999960000","5690375,477299999400000",12.328751269000065,51.31732033600008,5,,5,Südwest,,,0,5.0,,0,14200715148310599260,,,
8929,,227114,14,7,13,000,2020,07,04,5,3,8,7,1,,0,1,0,0,0,,"730967,188599999990000","5693953,929500000600000",12.316965980000077,51.34984426500006,7,,7,Alt-West,,,0,7.0,,0,14200709148310577340,,,
8930,,227115,14,7,13,000,2020,07,01,7,3,6,2,2,,0,1,1,0,0,,"737297,142400000240000","5695369,619300000400000",12.408645315000058,51.35994447100006,1,,1,Nordost,,,0,1.0,,0,14200704148123559240,,,
8931,,227120,14,7,13,000,2020,07,13,5,3,4,6,0,,1,0,0,0,0,,"734954,082999999630000","5693388,251000000200000",12.37374358300002,51.34313265500003,0,,0,Mitte,,,0,0.0,,0,14200716148410587450,,,
8932,,227121,14,7,13,000,2020,07,12,2,3,8,1,0,,0,1,0,0,0,,"741942,509300000030000","5695359,314799999800000",12.475235952000048,51.357893200000035,2,,2,Ost,,,0,2.0,,0,14200713144310577261,,,
8933,,227125,14,7,13,000,2020,07,19,2,3,0,1,1,,0,0,0,1,0,,"735631,341000000010000","5690684,352399999300000",12.381662380000023,51.318581366000046,4,,4,Süd,,,0,4.0,,0,14200713148210606990,,,
8934,,227126,14,7,13,000,2020,07,06,7,2,0,7,0,,1,0,0,0,0,,"731901,588299999940000","5691798,809900000700000",12.328957579000075,51.330117802000075,5,,5,Südwest,,,0,5.0,,0,14200704144200555150,,,
8935,,227129,14,7,13,000,2020,07,07,5,3,6,4,0,,1,0,1,0,0,,"735082,049800000150000","5689788,275599999400000",12.373203329000035,51.31076498200008,4,,4,Süd,,,1,4.0,,0,14200709144200573770,,,
8936,,227133,14,7,13,000,2020,07,15,3,3,2,6,0,,0,1,0,0,0,,"733948,632500000300000","5694988,440500000500000",12.360384600000032,51.357911330000036,9,,9,Nord,,,0,9.0,,0,14200707148110572070,,,
8937,,227145,14,7,13,000,2020,07,12,3,2,1,5,0,,1,1,0,0,0,,"734557,092899999580000","5691777,919700000400000",12.366993456000046,51.32884152500003,0,,0,Mitte,,,0,0.0,,0,14200714144200584680,,,
8938,,227153,14,7,13,000,2020,07,07,4,3,0,1,0,,0,0,0,1,0,,"733229,990899999630000","5695842,832499999600000",12.35064137300003,51.36587622400003,8,,8,Nordwest,,,1,8.0,,0,14200708148110566080,,,
8939,,227174,14,7,13,000,2020,07,17,5,3,5,3,0,,1,1,0,0,0,,"731551,894100000150000","5691442,683800000700000",12.323715400000026,51.32706336600006,5,,5,Südwest,,,0,5.0,,0,14200709148310568340,,,
8940,,227176,14,7,13,000,2020,07,10,5,3,6,4,0,,1,0,1,0,0,,"736206,234199999830000","5691397,677899999500000",12.390370044000065,51.32474602800005,0,,0,Mitte,,,1,0.0,,0,14200709148410568430,,,
8941,,227182,14,7,13,000,2020,07,09,2,3,5,5,0,,0,1,0,1,0,,"737992,990600000140000","5689232,872600000400000",12.414522997000063,51.30457009600008,3,,3,Südost,,,0,3.0,,0,14200713148210577301,,,
8942,,227189,14,7,13,000,2020,07,21,3,3,2,2,1,,0,1,0,0,0,,"737337,441100000400000","5693075,838199999200000",12.407693748000042,51.339338576000046,2,,2,Ost,,,0,2.0,,0,14200714148223584760,,,
8943,,227190,14,7,13,000,2020,07,10,3,3,5,3,0,,1,0,0,0,0,,"727623,749900000170000","5689064,314400000500000",12.265911635000066,51.30729715000007,6,,6,West,,,0,6.0,,1,14200707144200950270,,,
8944,,227191,14,7,13,000,2020,07,07,2,3,3,6,0,,1,1,0,0,0,,"735107,839999999850000","5693982,404100000900000",12.376339625000071,51.34840242000007,0,,0,Mitte,,,0,0.0,,0,14200706148421559380,,,
8945,,227195,14,7,13,000,2020,07,15,7,3,0,3,0,,1,1,0,0,0,,"732480,321499999610000","5692082,404300000500000",12.33743522900005,51.33242732100007,7,,7,Alt-West,,,0,7.0,,0,14200718148410593311,,,
8946,,227198,14,7,13,000,2020,07,11,5,1,5,3,0,,1,0,0,0,0,,"730888,492300000040000","5691770,653300000400000",12.31442247700005,51.33027715800006,7,,7,Alt-West,,,0,7.0,,1,14200716144200592020,,,
8947,,227199,14,7,13,000,2020,07,16,2,3,3,6,0,,0,1,0,0,0,,"735332,675099999640000","5692528,438799999700000",12.378601623000066,51.33525812800008,0,,0,Mitte,,,0,0.0,,0,14200713144200579450,,,
8948,,227204,14,7,13,000,2020,07,09,6,3,5,3,0,,1,1,0,0,0,,"735281,644799999890000","5690883,918999999800000",12.376784756000063,51.32051743900007,4,,4,Süd,,,0,4.0,,0,14200717148210648320,,,
8949,,227210,14,7,13,000,2020,07,09,6,3,2,6,0,,0,1,0,0,0,,"738066,039599999790000","5690920,486400000800000",12.416695249000043,51.319687619000035,3,,3,Südost,,,0,3.0,,0,14200703148210557040,,,
8950,,227212,14,7,13,000,2020,07,17,6,3,0,1,0,,1,0,0,0,0,,"738042,133100000210000","5691367,392100000800000",12.416651171000069,51.32370904700008,3,,3,Südost,,,0,3.0,,0,14200703148210553720,,,
8951,,227214,14,7,13,000,2020,07,19,6,3,0,1,0,,1,0,0,0,0,,"731271,833100000400000","5691795,821100000300000",12.319931789000066,51.330347360000076,7,,7,Alt-West,,,0,7.0,,0,14200703144200601830,,,
8952,,227218,14,7,13,000,2020,07,09,2,3,3,2,0,,1,0,0,0,0,,"735139,267500000070000","5693716,820499999400000",12.376614698000026,51.34600545400008,0,,0,Mitte,,,0,0.0,,1,14200706148410573840,,,
8953,,227220,14,7,13,000,2020,07,15,1,2,2,5,0,,0,1,0,1,0,,"731514,797199999910000","5693032,103700000800000",12.324216694000029,51.34134643600004,7,,7,Alt-West,,,0,7.0,,0,14200712148310575180,,,
8954,,227222,14,7,13,000,2020,07,07,6,2,6,4,0,,0,0,1,0,0,,"735066,043499999680000","5690343,832599999400000",12.37334018100006,51.315758506000066,4,,4,Süd,,,0,4.0,,1,14200703144200559160,,,
8955,,227227,14,7,13,000,2020,07,06,2,3,6,2,0,,0,1,1,0,0,,"734368,352400000210000","5692928,011600000800000",12.365045703000021,51.33924307800004,0,,0,Mitte,,,0,0.0,,0,14200713148421596840,,,
8956,,227229,14,7,13,000,2020,07,22,4,3,5,3,2,,1,0,0,1,0,,"735116,169999999930000","5694943,073200000500000",12.377093659000025,51.35702225500006,0,,0,Mitte,,,1,0.0,,0,14200715148110593230,,,
8957,,227233,14,7,13,000,2020,07,08,4,3,0,7,0,,0,0,0,1,0,,"735004,578999999910000","5695335,285000000100000",12.375752877000025,51.36058903300005,9,,9,Nord,,,1,9.0,,0,14200715148410584800,,,
8958,,227235,14,7,13,000,2020,07,20,5,3,1,5,0,,1,0,0,0,0,,"732097,340400000100000","5690688,229000000300000",12.331039408000038,51.32006851700004,5,,5,Südwest,,,0,5.0,,1,14200709148310592060,,,
8959,,227236,14,7,13,000,2020,07,21,6,3,5,5,1,,1,1,0,0,0,,"732934,928199999970000","5691219,507799999800000",12.343385572000045,51.32449539400005,5,,5,Südwest,,,0,5.0,,0,14200703144200555190,,,
8960,,227241,14,7,13,000,2020,07,15,2,3,2,6,0,,0,1,0,0,0,,"736663,927600000050000","5689874,338500000500000",12.395916211000042,51.31088203300004,4,,4,Süd,,,0,4.0,,0,14200713144320680150,,,
8961,,227247,14,7,13,000,2020,07,12,5,3,5,2,0,,1,1,0,0,0,,"734462,077499999660000","5691192,023700000700000",12.365246678000062,51.32362141500005,4,,4,Süd,,,0,4.0,,0,14200709148200660180,,,
8962,,227251,14,7,13,000,2020,07,15,3,3,1,5,0,,1,1,0,0,0,,"735014,041000000200000","5696347,636700000600000",12.376557502000026,51.36967230600004,9,,9,Nord,,,0,9.0,,0,14200707148110587380,,,
8963,,227252,14,7,13,000,2020,07,12,5,3,1,5,0,,1,1,0,0,0,,"736529,220200000330000","5693783,798200000100000",12.396581456000035,51.34603008600004,2,,2,Ost,,,0,2.0,,0,14200716144200587350,,,
8964,,227254,14,7,13,000,2020,07,12,6,3,5,2,0,,1,1,0,0,0,,"732849,129999999890000","5690555,004000000700000",12.341722360000063,51.31856546600005,5,,5,Südwest,,,0,5.0,,0,14200710144200579490,,,
8965,,227264,14,7,13,000,2020,07,09,3,3,2,6,0,,1,1,0,0,0,,"735072,674700000320000","5690895,758899999800000",12.373798986000054,51.32071008300005,4,,4,Süd,,,0,4.0,,0,14200714148210579500,,,
8966,,227265,14,7,13,000,2020,07,20,3,2,5,3,0,,0,1,0,0,0,,"738305,550400000070000","5691278,259400000800000",12.420365229000026,51.322798730000045,3,,3,Südost,,,0,3.0,,0,14200707144200565960,,,
8967,,227270,14,7,13,000,2020,07,19,4,3,6,7,0,,0,0,1,0,0,,"735087,305399999950000","5692568,498400000900000",12.37511192200003,51.335719193000045,0,,0,Mitte,,,0,0.0,,1,14200708148224568320,,,
8968,,227275,14,7,13,000,2020,07,09,1,3,5,3,0,,1,1,0,0,0,,"735114,712700000030000","5688744,940500000500000",12.372983747000035,51.30138606700007,4,,4,Süd,,,0,4.0,,0,14200712148210611190,,,
8969,,227283,14,7,13,000,2020,07,14,2,3,3,6,0,,1,1,0,0,0,,"739267,998900000010000","5697711,929300000900000",12.438477329000023,51.38014199600008,1,,1,Nordost,,,0,1.0,,0,14200706148110563190,,,
8970,,227288,14,7,13,000,2020,07,07,5,3,3,6,0,,0,1,0,0,0,,"731131,673299999910000","5691896,300899999200000",12.317988576000062,51.33130632500007,7,,7,Alt-West,,,1,7.0,,1,14200709148310572160,,,
8971,,227302,14,7,13,000,2020,07,07,2,3,3,2,0,,1,1,0,0,0,,"735974,795800000430000","5691617,471500000000000",12.387199846000044,51.32681499100005,0,,0,Mitte,,,0,0.0,,0,14200727148410623730,,,
8972,,227304,14,7,13,000,2020,07,07,2,3,5,3,0,,1,1,0,0,0,,"737266,703499999830000","5694404,929700000200000",12.407565689000023,51.35129809500006,1,,1,Nordost,,,0,1.0,,0,14200727148110620210,,,
8973,,227305,14,7,13,000,2020,08,14,3,3,5,2,0,,1,1,0,0,0,,"737392,096300000320000","5692658,054400000700000",12.408198579000043,51.33556571100007,2,,2,Ost,,,0,2.0,,0,14200804148423654830,,,
8974,,227306,14,7,13,000,2020,07,16,2,3,5,3,0,,1,1,0,0,0,,"735640,107400000100000","5696705,999900000200000",12.385773168000071,51.372629689000064,9,,9,Nord,,,0,9.0,,0,14200727144200816890,,,
8975,,227325,14,7,13,000,2020,07,07,5,3,5,3,0,,1,1,0,0,0,,"734399,982499999930000","5692967,273900000400000",12.36552484300006,51.33958247800007,0,,0,Mitte,,,0,0.0,,0,14200730148410642780,,,
8976,,227326,14,7,13,000,2020,07,16,5,3,2,6,0,,1,0,0,0,0,,"734140,216000000010000","5696544,751599999100000",12.364155942000025,51.37180254400005,9,,9,Nord,,,0,9.0,,0,14200730148310742870,,,
8977,,227328,14,7,13,000,2020,07,16,5,3,3,5,0,,0,1,0,0,0,,"736615,135300000200000","5692244,272900000200000",12.396790168000052,51.33217531400004,3,,3,Südost,,,0,3.0,,1,14200730144200689960,,,
8978,,227333,14,7,13,000,2020,08,06,7,3,3,2,0,,1,1,0,0,0,,"742281,968999999580000","5694025,590099999700000",12.479194407000023,51.34577791900006,2,,2,Ost,,,0,2.0,,0,14200801144200675210,,,
8979,,227335,14,7,13,000,2020,07,10,5,3,1,5,0,,1,1,0,0,0,,"739834,824199999680000","5692308,593399999700000",12.442965555000058,51.33140422400004,2,,2,Ost,,,0,2.0,,0,14200730144200626810,,,
8980,,227341,14,7,13,000,2020,07,15,5,2,3,6,0,,1,1,0,0,0,,"737398,272699999620000","5692888,457800000900000",12.408440626000072,51.33763124700005,2,,2,Ost,,,0,2.0,,0,14200730144200626760,,,
8981,,227342,14,7,13,000,2020,07,23,7,3,0,1,2,,1,0,0,0,0,,"731756,321000000460000","5689841,468900000700000",12.325603743000045,51.31260626900007,5,,5,Südwest,,,0,5.0,,0,14200725148310629680,,,
8982,,227360,14,7,13,000,2020,07,18,6,3,5,3,0,,1,1,0,0,0,,"736168,840099999680000","5691064,246799999800000",12.389613439000073,51.321768589000044,0,,0,Mitte,,,0,0.0,,0,14200724148410620420,,,
8983,,227362,14,7,13,000,2020,07,21,6,3,2,6,1,,0,1,0,0,0,,"735012,625400000250000","5692067,389000000400000",12.373711220000075,51.33125190800007,0,,0,Mitte,,,0,0.0,,0,14200724148410620320,,,
8984,,227364,14,7,13,000,2020,07,22,6,3,6,4,2,,1,0,1,0,0,,"737531,830000000070000","5693661,994699999700000",12.41087043500005,51.344518770000036,2,,2,Ost,,,0,2.0,,0,14200724148410611350,,,
8985,,227365,14,7,13,000,2020,07,10,6,3,5,3,0,,0,1,0,1,0,,"731821,620299999600000","5692970,209799999400000",12.328573964000043,51.34066582000003,7,,7,Alt-West,,,0,7.0,,0,14200724148310627140,,,
8986,,227367,14,7,13,000,2020,07,15,6,3,6,3,0,,1,0,1,0,0,,"735283,443199999630000","5689454,336600000000000",12.375867541000048,51.307684205000044,4,,4,Süd,,,0,4.0,,0,14200724148221611250,,,
8987,,227369,14,7,13,000,2020,07,13,6,3,2,6,0,,0,1,0,0,0,,"728690,504599999640000","5689590,015300000100000",12.281527358000062,51.311588983000036,6,,6,West,,,0,6.0,,0,14200724144200719760,,,
8988,,227371,14,7,13,000,2020,07,18,6,3,5,3,0,,0,1,0,1,0,,"735073,409500000070000","5689669,210599999900000",12.373001130000034,51.309699772000045,4,,4,Süd,,,0,4.0,,0,14200724144200613140,,,
8989,,227372,14,7,13,000,2020,08,19,3,3,5,7,0,,1,1,0,0,0,,"739438,549100000410000","5691898,826099999200000",12.437012493000054,51.32789317900006,2,,2,Ost,,,0,2.0,,0,14200804144200642450,,,
8990,,227376,14,7,13,000,2020,08,11,3,3,0,1,0,,1,0,0,0,0,,"738796,767099999820000","5693669,132200000800000",12.429004424000027,51.34405297100005,2,,2,Ost,,,0,2.0,,0,14200804148210639860,,,
8991,,227379,14,7,13,000,2020,08,14,1,3,1,5,0,,1,1,0,0,0,,"735121,423899999820000","5696220,302699999900000",12.378013244000044,51.368484882000075,9,,9,Nord,,,0,9.0,,0,14200802144200642440,,,
8992,,227388,14,7,13,000,2020,07,07,4,3,5,2,0,,1,1,0,0,0,,"735559,761400000190000","5692149,031800000000000",12.381604903000039,51.33175844400006,0,,0,Mitte,,,0,0.0,,0,14200729148410629690,,,
8993,,227389,14,7,13,000,2020,07,10,6,3,3,2,0,,1,0,0,0,0,,"735460,957999999630000","5693291,017999999200000",12.380944002000035,51.34205018200004,0,,0,Mitte,,,0,0.0,,0,14200731148410629710,,,
8994,,227392,14,7,13,000,2020,07,14,4,3,3,5,0,,1,1,0,0,0,,"731364,377799999900000","5693190,974099999300000",12.322164005000047,51.34283381600005,7,,7,Alt-West,,,0,7.0,,0,14200729148310645640,,,
8995,,227393,14,7,13,000,2020,07,09,6,3,6,2,0,,0,1,1,0,0,,"736294,423899999820000","5697994,619000000900000",12.396013746000051,51.38392465000004,1,,1,Nordost,,,0,1.0,,0,14200731148110652280,,,