UNFALL_ID,FID_left,OBJECTID,ULAND,UREGBEZ,UKREIS,UGEMEINDE,UJAHR,UMONAT,USTUNDE,UWOCHENTAG,UKATEGORIE,UART,UTYP1,ULICHTVERH,IstStrasse,IstRad,IstPKW,IstFuss,IstKrad,IstGkfz,IstSonstig,LINREFX,LINREFY,XGCSWGS84,YGCSWGS84,index_right,FID_right,SBZ,Name,UIDENTSTLA,LICHT,STRZUSTAND,FID,OBJECTID_1,IstSonstige,UIDENTSTLAE,OID_,IstStrassenzustand,PLST
8996,,227397,14,7,13,000,2020,08,14,2,3,5,3,0,,1,1,0,0,0,,"736251,091900000350000","5692964,657600000500000",12.392051604000073,51.33879296100008,0,,0,Mitte,,,0,0.0,,0,14200803144200737890,,,
8997,,227401,14,7,13,000,2020,07,18,4,3,5,3,0,,1,0,0,0,0,,"733200,773000000040000","5695645,165999999300000",12.350092782000047,51.36411385400004,8,,8,Nordwest,,,0,8.0,,0,14200729148110648181,,,
8998,,227402,14,7,13,000,2020,07,17,6,3,8,1,0,,0,1,0,0,0,,"745415,708300000060000","5690472,760800000300000",12.521658065000054,51.312547315000074,2,,2,Ost,,,0,2.0,,0,14200731144200657190,,,
8999,,227412,14,7,13,000,2020,07,11,4,3,5,3,0,,1,0,0,0,0,,"737252,518000000160000","5694950,945000000300000",12.40772634800004,51.35620507100003,1,,1,Nordost,,,0,1.0,,1,14200729148110634890,,,
9000,,227414,14,7,13,000,2020,07,05,4,3,5,3,0,,1,1,0,0,0,,"735904,043999999760000","5698208,142000000900000",12.390555573000029,51.38600360200007,9,,9,Nord,,,0,9.0,,0,14200729148110626970,,,
9001,,227415,14,7,13,000,2020,07,17,5,3,3,6,0,,1,1,0,0,0,,"732928,721199999560000","5691028,132400000500000",12.34317160300003,51.32278002000004,5,,5,Südwest,,,0,5.0,,0,14200723148321639910,,,
9002,,227416,14,7,13,000,2020,07,17,4,2,5,3,0,,1,1,0,0,0,,"735322,633399999700000","5692624,994999999200000",12.378521506000027,51.33612900400004,0,,0,Mitte,,,0,0.0,,0,14200729144200648120,,,
9003,,227421,14,7,13,000,2020,07,22,5,3,1,1,2,,0,1,0,0,0,,"737730,123200000260000","5693819,838300000900000",12.413817815000073,51.345852696000065,2,,2,Ost,,,0,2.0,,1,14200723144200611020,,,
9004,,227424,14,7,13,000,2020,07,10,4,3,3,5,0,,1,1,0,0,0,,"737561,422799999830000","5693457,607100000600000",12.411158215000057,51.34267181900003,2,,2,Ost,,,0,2.0,,0,14200729144200626700,,,
9005,,227427,14,7,13,000,2020,07,06,4,3,6,4,0,,1,0,1,0,0,,"736477,759999999780000","5699680,958699999400000",12.399766629000055,51.39898500400005,9,,9,Nord,,,0,9.0,,0,14200729144200623440,,,
9006,,227431,14,7,13,000,2020,08,09,3,3,6,2,0,,0,1,1,0,0,,"738667,163999999870000","5697615,114399999400000",12.429794453000056,51.37952585900007,1,,1,Nordost,,,0,1.0,,0,14200804144200812400,,,
9007,,227438,14,7,13,000,2020,07,21,6,3,6,4,2,,0,0,1,0,0,,"735411,724700000140000","5689502,733100000800000",12.377736632000051,51.30806560000008,4,,4,Süd,,,0,4.0,,1,14200731144200634860,,,
9008,,227447,14,7,13,000,2020,07,16,4,3,5,3,0,,1,1,0,0,0,,"736917,071899999860000","5690792,275900000700000",12.400151463000043,51.31901629400005,0,,0,Mitte,,,0,0.0,,0,14200722148410607030,,,
9009,,227449,14,7,13,000,2020,07,12,4,2,0,7,0,,0,0,0,0,0,,"735529,289599999790000","5692030,224400000600000",12.381089753000026,51.330704609000065,0,,0,Mitte,,,0,0.0,,1,14200722144200724570,,,
9010,,227451,14,7,13,000,2020,07,23,6,3,0,7,2,,1,1,0,0,0,,"731971,873599999580000","5691833,141100000600000",12.329987046000042,51.33039732800006,5,,5,Südwest,,,0,5.0,,0,14200731143263711390,,,
9011,,227452,14,7,13,000,2020,07,15,4,3,0,1,0,,0,0,0,0,0,,"732375,667000000370000","5691498,530600000200000",12.335554844000058,51.32722880500006,5,,5,Südwest,,,0,5.0,,1,14200722141200606831,,,
9012,,227456,14,7,13,000,2020,08,14,2,2,5,3,0,,0,1,0,0,0,,"730002,001299999650000","5690102,201999999600000",12.300643138000055,51.31565850100003,6,,6,West,,,0,6.0,,1,14200803144200634830,,,
9013,,227474,14,7,13,000,2020,08,10,3,3,5,3,0,,1,1,0,0,0,,"737164,531399999750000","5692699,496899999700000",12.404965254000047,51.33603264300007,3,,3,Südost,,,0,3.0,,0,14200804148410642820,,,
9014,,227488,14,7,13,000,2020,07,10,3,3,6,4,0,,1,0,1,0,0,,"735305,106399999930000","5693451,696499999600000",12.378816506000021,51.34355700200007,0,,0,Mitte,,,0,0.0,,0,14200721148410602200,,,
9015,,227489,14,7,13,000,2020,08,11,3,3,5,2,0,,1,1,0,0,0,,"733822,775000000370000","5692554,500000000000000",12.356981612000027,51.336114835000046,0,,0,Mitte,,,0,0.0,,0,14200804144200642460,,,
9016,,227490,14,7,13,000,2020,07,15,3,3,5,3,0,,1,1,0,0,0,,"738552,198400000110000","5690380,500099999800000",12.423297995000041,51.31463714000006,3,,3,Südost,,,0,3.0,,0,14200721148222607000,,,
9017,,227491,14,7,13,000,2020,07,10,3,2,1,5,0,,1,1,0,0,0,,"739967,470300000160000","5691766,913000000600000",12.444501353000021,51.32648630500006,2,,2,Ost,,,0,2.0,,0,14200721144200603170,,,
9018,,227493,14,7,13,000,2020,07,17,3,3,3,2,0,,1,1,0,0,0,,"737582,428999999540000","5693401,824999999300000",12.411422056000049,51.34216234100006,2,,2,Ost,,,0,2.0,,0,14200721144200601810,,,
9019,,227495,14,7,13,000,2020,08,19,1,3,9,1,0,,0,1,0,0,0,,"738846,977900000290000","5690980,010500000800000",12.427921556000058,51.31989466400006,3,,3,Südost,,,1,3.0,,0,14200802148210642700,,,
9020,,227515,14,7,13,000,2020,08,06,2,3,5,3,0,,0,1,0,0,0,,"737088,006699999790000","5697896,491000000400000",12.407331975000034,51.382713023000065,1,,1,Nordost,,,0,1.0,,0,14200803148110652210,,,
9021,,227520,14,7,13,000,2020,07,08,2,3,5,2,0,,0,1,0,0,0,,"735707,599799999970000","5690900,281800000000000",12.38289749200004,51.320488038000065,4,,4,Süd,,,0,4.0,,1,14200720148210602020,,,
9022,,227521,14,7,13,000,2020,07,14,2,3,3,6,0,,1,0,0,0,0,,"735103,263100000100000","5697020,554800000000000",12.378282031000026,51.37567569000004,9,,9,Nord,,,0,9.0,,0,14200720148122617160,,,
9023,,227522,14,7,13,000,2020,07,15,2,3,3,2,0,,1,1,0,0,0,,"733486,759399999860000","5697568,736300000900000",12.355457006000051,51.38126332500008,8,,8,Nordwest,,,0,8.0,,0,14200720148120601960,,,
9024,,227525,14,7,13,000,2020,07,08,3,3,3,5,0,,1,1,0,0,0,,"735181,581899999640000","5692039,386900000300000",12.376113667000027,51.330930720000026,0,,0,Mitte,,,0,0.0,,0,14200728148410620430,,,
9025,,227527,14,7,13,000,2020,07,10,3,3,0,1,0,,1,0,0,0,0,,"728543,086400000380000","5689532,176899999400000",12.279378690000044,51.311128960000076,6,,6,West,,,0,6.0,,0,14200728148310620980,,,
9026,,227529,14,7,13,000,2020,07,10,3,3,3,2,0,,1,1,0,0,0,,"737373,446299999950000","5693153,038100000500000",12.408261179000021,51.34001649800007,2,,2,Ost,,,0,2.0,,0,14200728144320634810,,,
9027,,227531,14,7,13,000,2020,07,06,3,2,9,1,0,,0,1,0,0,0,,"733037,087100000120000","5694150,052799999700000",12.346766397000067,51.35075999500003,0,,0,Mitte,,,0,0.0,,0,14200728144200699060,,,
9028,,227540,14,7,13,000,2020,07,16,3,3,2,6,0,,0,1,0,0,0,,"742282,501699999910000","5694017,474899999800000",12.479196520000073,51.345704855000065,2,,2,Ost,,,0,2.0,,0,14200728144200632650,,,
9029,,227545,14,7,13,000,2020,07,15,3,3,2,6,0,,0,1,0,0,0,,"737064,849799999970000","5696284,990000000200000",12.40592500400004,51.36825783300003,1,,1,Nordost,,,0,1.0,,0,14200728144200627000,,,
9030,,227547,14,7,13,000,2020,08,09,3,3,3,2,0,,1,1,0,0,0,,"735469,337399999610000","5697586,775299999900000",12.383907600000043,51.38060655100003,9,,9,Nord,,,0,9.0,,0,14200804148110642590,,,
9031,,227555,14,7,13,000,2020,07,00,1,3,5,3,2,,0,1,0,0,0,,"731936,391999999990000","5692286,335999999200000",12.32977362400004,51.334480032000045,7,,7,Alt-West,,,0,7.0,,0,14200719144200648090,,,
9032,,227557,14,7,13,000,2020,07,17,1,3,4,6,0,,1,0,0,0,0,,"732206,128800000060000","5699084,948699999600000",12.338077869000074,51.395398973000056,8,,8,Nordwest,,,0,8.0,,0,14200719144200617050,,,
9033,,227558,14,7,13,000,2020,07,21,1,3,5,2,2,,1,1,0,0,0,,"737562,600300000050000","5694608,501700000800000",12.411943076000057,51.35300177000005,1,,1,Nordost,,,0,1.0,,0,14200719144200593180,,,
9034,,227567,14,7,13,000,2020,08,18,2,3,1,5,0,,1,1,0,0,0,,"734999,505300000310000","5696940,891899999200000",12.376741211000024,51.375003555000035,9,,9,Nord,,,0,9.0,,0,14200803144200634850,,,
9035,,227577,14,7,13,000,2020,08,12,5,3,0,7,0,,1,0,0,0,0,,"728458,914800000380000","5690209,038699999500000",12.27860656200005,51.317239130000075,6,,6,West,,,0,6.0,,0,14200813148310687700,,,
9036,,227579,14,7,13,000,2020,08,16,3,3,5,2,0,,1,1,0,0,0,,"737332,990899999630000","5694489,481200000300000",12.408572262000064,51.35202935900003,1,,1,Nordost,,,0,1.0,,0,14200811148110765620,,,
9037,,227593,14,7,13,000,2020,08,18,6,3,5,3,0,,1,1,0,0,0,,"735279,283599999730000","5690886,566600000500000",12.37675267800006,51.320542181000064,4,,4,Süd,,,0,4.0,,0,14200821149410690420,,,
9038,,227600,14,7,13,000,2020,08,16,2,3,4,6,0,,1,0,0,0,0,,"733030,920800000430000","5691141,587099999200000",12.344709927000054,51.32375661800006,5,,5,Südwest,,,0,5.0,,0,14200817148310683870,,,
9039,,227603,14,7,13,000,2020,08,21,6,3,6,3,2,,0,1,1,0,0,,"734787,290199999700000","5693006,585599999900000",12.37110141200003,51.33977557500003,0,,0,Mitte,,,0,0.0,,0,14200807148410657370,,,
9040,,227605,14,7,13,000,2020,08,21,7,3,0,7,2,,1,0,0,0,0,,"735001,133100000210000","5692246,168600000400000",12.373664456000029,51.33286145100004,0,,0,Mitte,,,0,0.0,,0,14200808148410741000,,,
9041,,227606,14,7,13,000,2020,08,11,4,2,3,5,0,,1,1,0,0,0,,"726932,694899999540000","5693126,192900000100000",12.258599704000062,51.34403837200006,7,,7,Alt-West,,,0,7.0,,0,14200819144200742510,,,
9042,,227607,14,7,13,000,2020,08,19,6,3,5,3,1,,1,1,0,0,0,,"739179,049200000240000","5691008,409199999600000",12.432697303000054,51.320010093000064,3,,3,Südost,,,0,3.0,,0,14200807144200652140,,,
9043,,227611,14,7,13,000,2020,08,16,6,3,5,3,0,,0,1,0,1,0,,"729748,035899999550000","5689861,550400000100000",12.296850077000045,51.31360072200005,6,,6,West,,,0,6.0,,0,14200807144200652130,,,
9044,,227612,14,7,13,000,2020,08,21,6,3,5,3,2,,1,1,0,0,0,,"742272,864500000140000","5694562,924100000400000",12.479429594000067,51.350604571000076,2,,2,Ost,,,1,2.0,,0,14200814144200665560,,,
9045,,227614,14,7,13,000,2020,08,10,6,3,3,6,0,,1,0,0,0,0,,"735696,024500000290000","5691808,086500000200000",12.383331887000054,51.32864157100005,0,,0,Mitte,,,0,0.0,,0,14200807143263730841,,,
9046,,227615,14,7,13,000,2020,08,18,4,3,5,3,0,,0,1,0,0,0,,"736744,519899999720000","5688567,571499999600000",12.396203597000067,51.29911869700004,4,,4,Süd,,,0,4.0,,1,14200812144200660330,,,
9047,,227617,14,7,13,000,2020,08,13,2,3,5,2,0,,1,0,0,0,1,,"732390,785799999720000","5691542,526399999900000",12.335800153000037,51.32761756800005,5,,5,Südwest,,,0,5.0,,0,14200810144200660270,,,
9048,,227619,14,7,13,000,2020,08,10,6,3,5,3,0,,0,1,0,0,0,,"735404,331199999900000","5691391,972200000700000",12.378877738000028,51.32502716400006,0,,0,Mitte,,,0,0.0,,0,14200814144200670200,,,
9049,,227623,14,7,13,000,2020,08,10,7,3,5,2,0,,1,1,0,0,0,,"735011,201299999840000","5692126,006100000800000",12.373729473000026,51.33177866600005,0,,0,Mitte,,,0,0.0,,0,14200808148410690160,,,
9050,,227628,14,7,13,000,2020,08,11,3,3,5,3,0,,0,1,0,0,0,,"734749,571999999690000","5693854,164999999100000",12.371119614000065,51.34739935500005,0,,0,Mitte,,,0,0.0,,0,14200818144320711570,,,
9051,,227633,14,7,13,000,2020,08,09,5,3,1,3,0,,1,1,0,0,0,,"727400,647800000380000","5689733,812799999500000",12.263142912000035,51.31339668500004,6,,6,West,,,0,6.0,,0,14200813148310663960,,,
9052,,227634,14,7,13,000,2020,08,12,7,3,5,3,0,,1,1,0,0,0,,"727375,210799999540000","5690950,372500000500000",12.263554260000035,51.32432840600006,6,,6,West,,,0,6.0,,0,14200808144200654500,,,
9053,,227635,14,7,13,000,2020,08,01,3,3,1,1,2,,0,1,0,0,0,,"733848,519899999720000","5697151,717800000700000",12.360371875000055,51.37737111200005,9,,9,Nord,,,0,9.0,,0,14200811148110654590,,,
9054,,227646,14,7,13,000,2020,08,16,5,3,5,3,0,,0,1,0,0,0,,"731819,819000000130000","5691651,816999999800000",12.327690285000074,51.328831603000026,5,,5,Südwest,,,0,5.0,,1,14200820144200680180,,,
9055,,227651,14,7,13,000,2020,08,13,7,3,3,6,0,,1,1,0,0,0,,"738669,911799999890000","5697599,024900000500000",12.429823058000068,51.37938028800005,1,,1,Nordost,,,0,1.0,,0,14200815144200879000,,,
9056,,227652,14,7,13,000,2020,08,16,6,3,3,3,0,,0,1,0,0,0,,"733540,718000000340000","5694190,001000000200000",12.354012220000072,51.35091189600007,0,,0,Mitte,,,0,0.0,,1,14200821148410712020,,,
9057,,227656,14,7,13,000,2020,08,07,4,3,1,1,0,,0,1,0,0,0,,"731685,377799999900000","5693352,013100000100000",12.326869689000034,51.34414872100007,7,,7,Alt-West,,,0,7.0,,0,14200812148310685840,,,
9058,,227658,14,7,13,000,2020,08,11,2,3,5,3,0,,1,1,0,0,0,,"734457,723000000230000","5695074,221500000000000",12.367740037000033,51.35847152600007,9,,9,Nord,,,0,9.0,,0,14200810148110657240,,,
9059,,227659,14,7,13,000,2020,08,18,2,3,1,5,0,,1,0,0,0,0,,"733789,168899999930000","5695704,069100000000000",12.358568645000048,51.364400784000054,9,,9,Nord,,,0,9.0,,1,14200817143263787720,,,
9060,,227662,14,7,13,000,2020,08,12,2,3,2,6,0,,0,1,0,0,1,,"734743,232200000440000","5693850,310699999300000",12.371026199000028,51.34736737500003,0,,0,Mitte,,,0,0.0,,0,14200817148410699360,,,
9061,,227667,14,7,13,000,2020,08,16,4,3,0,1,0,,1,0,0,0,0,,"727886,780000000260000","5689675,267999999200000",12.270069204000038,51.312676675000034,6,,6,West,,,0,6.0,,0,14200819148310678350,,,
9062,,227674,14,7,13,000,2020,08,15,5,3,6,6,0,,1,0,1,0,0,,"737232,217400000430000","5692153,079900000200000",12.405571361000057,51.33109972700004,3,,3,Südost,,,0,3.0,,0,14200806148410645700,,,
9063,,227677,14,7,13,000,2020,08,14,6,3,5,2,0,,1,1,0,0,0,,"731160,395999999720000","5691922,356399999900000",12.318417062000037,51.331528551000076,7,,7,Alt-West,,,0,7.0,,0,14200814148310701950,,,
9064,,227679,14,7,13,000,2020,08,12,5,3,0,1,0,,1,0,0,0,0,,"738355,786399999630000","5690895,729499999400000",12.420829161000029,51.31934411300006,3,,3,Südost,,,0,3.0,,0,14200806148210645590,,,
9065,,227682,14,7,13,000,2020,08,17,4,2,8,1,0,,0,0,0,1,0,,"737805,213999999690000","5695001,602800000500000",12.415683605000027,51.356428777000076,1,,1,Nordost,,,0,1.0,,0,14200819144200678160,,,
9066,,227684,14,7,13,000,2020,08,08,3,2,5,3,0,,1,0,0,0,0,,"728631,311999999920000","5689694,879000000700000",12.280746694000072,51.31255415100003,6,,6,West,,,0,6.0,,0,14200818144200680160,,,
9067,,227689,14,7,13,000,2020,08,12,5,3,5,3,0,,1,1,0,0,0,,"734675,368400000040000","5698820,154400000300000",12.373333654000021,51.392006440000046,9,,9,Nord,,,0,9.0,,0,14200820148120699180,,,
9068,,227690,14,7,13,000,2020,08,16,5,3,2,6,0,,0,1,0,0,0,,"735705,399100000040000","5694471,807199999700000",12.385229073000062,51.352547978000075,0,,0,Mitte,,,0,0.0,,1,14200806148110668660,,,
9069,,227691,14,7,13,000,2020,08,20,5,3,5,3,1,,1,0,0,1,0,,"732490,300200000410000","5691929,978199999800000",12.33747876800004,51.33105495600006,5,,5,Südwest,,,1,5.0,,0,14200813145200715070,,,
9070,,227697,14,7,13,000,2020,08,18,3,3,5,3,0,,1,1,0,0,0,,"735183,983799999580000","5688995,654100000900000",12.374140864000026,51.303607974000045,4,,4,Süd,,,0,4.0,,0,14200811148210667260,,,
9071,,227699,14,7,13,000,2020,08,21,5,2,6,4,2,,0,0,1,0,0,,"738554,654600000010000","5690969,544700000400000",12.423727188000043,51.31992334300003,3,,3,Südost,,,0,3.0,,1,14200806144200652160,,,
9072,,227702,14,7,13,000,2020,08,16,5,3,5,3,0,,1,1,0,0,0,,"735582,168999999760000","5695442,563999999300000",12.384105264000027,51.36131282800005,9,,9,Nord,,,0,9.0,,1,14200806144200648110,,,
9073,,227710,14,7,13,000,2020,08,17,6,3,5,2,0,,1,0,0,0,0,,"733921,412399999800000","5696789,946100000300000",12.36117930100005,51.374093671000026,9,,9,Nord,,,0,9.0,,1,14200821144200693050,,,
9074,,227712,14,7,13,000,2020,08,10,6,2,6,4,0,,0,1,1,0,0,,"735286,360999999570000","5690665,725600000500000",12.376708346000044,51.31855690200007,4,,4,Süd,,,0,4.0,,0,14200814144200665570,,,
9075,,227722,14,7,13,000,2020,08,09,2,3,1,1,0,,1,1,0,0,0,,"734822,204199999570000","5694561,705700000700000",12.372627478000027,51.35372050600006,0,,0,Mitte,,,0,0.0,,0,14200817148410670310,,,
9076,,227728,14,7,13,000,2020,08,13,4,3,0,1,0,,1,0,0,0,0,,"735016,702399999830000","5687711,395899999900000",12.370899997000038,51.29214895000007,4,,4,Süd,,,0,4.0,,0,14200819148210690070,,,
9077,,227731,14,7,13,000,2020,08,16,3,3,5,3,0,,1,1,0,0,0,,"736464,668899999930000","5699873,844499999700000",12.39970728000003,51.40072181000005,9,,9,Nord,,,0,9.0,,0,14200818148110685780,,,
9078,,227735,14,7,13,000,2020,08,13,4,2,5,3,0,,1,1,0,0,0,,"735549,625199999660000","5697391,386499999100000",12.384929731000057,51.378819400000054,9,,9,Nord,,,0,9.0,,0,14200812144200668560,,,
9079,,227737,14,7,13,000,2020,08,22,2,3,5,3,2,,1,1,0,0,0,,"735045,653300000350000","5692579,038799999300000",12.374521997000045,51.33583102400007,0,,0,Mitte,,,0,0.0,,0,14200810144200670180,,,
9080,,227753,14,7,13,000,2020,08,16,5,3,1,7,0,,0,0,1,0,0,,"732257,527200000360000","5692599,207800000900000",12.334579574000031,51.337157552000065,7,,7,Alt-West,,,0,7.0,,1,14200813148310663990,,,
9081,,227755,14,7,13,000,2020,08,07,3,3,5,3,0,,1,0,0,0,0,,"737174,550999999980000","5698412,875000000000000",12.40891814500003,51.387311931000056,1,,1,Nordost,,,0,1.0,,0,14200811148110660410,,,
9082,,227766,14,7,13,000,2020,08,00,5,2,0,1,2,,1,0,0,0,0,,"735962,248800000180000","5688505,982799999400000",12.38496192100007,51.29889053000005,4,,4,Süd,,,0,4.0,,0,14200820144200703840,,,
9083,,227771,14,7,13,000,2020,08,20,7,3,5,3,0,,1,1,0,0,0,,"734401,134600000460000","5692971,211799999700000",12.36554394600006,51.33961735100007,0,,0,Mitte,,,0,0.0,,0,14200815148410668780,,,
9084,,227776,14,7,13,000,2020,08,08,4,3,5,3,0,,1,1,0,0,0,,"734785,447999999860000","5692625,200999999400000",12.370823629000029,51.33635287300007,0,,0,Mitte,,,0,0.0,,0,14200812148322665660,,,
9085,,227778,14,7,13,000,2020,08,13,2,3,1,5,0,,1,1,0,0,0,,"735396,746399999600000","5690955,517699999700000",12.378480892000027,51.32111253200003,4,,4,Süd,,,0,4.0,,0,14200810148410654810,,,
9086,,227780,14,7,13,000,2020,08,23,6,3,5,3,2,,0,1,0,1,0,,"737374,043600000440000","5693158,320699999100000",12.408273260000044,51.34006366600005,2,,2,Ost,,,1,2.0,,0,14200814148410665670,,,
9087,,227789,14,7,13,000,2020,08,21,4,3,5,3,2,,1,1,0,0,0,,"732965,455099999900000","5692080,485799999900000",12.344385719000059,51.33221160700003,5,,5,Südwest,,,0,5.0,,0,14200819148310678360,,,
9088,,227797,14,7,13,000,2020,08,19,4,3,0,7,0,,1,0,0,0,0,,"734129,507100000050000","5692834,514900000800000",12.36156126000003,51.338502195000046,0,,0,Mitte,,,0,0.0,,0,14200805148410693570,,,
9089,,227800,14,7,13,000,2020,08,06,3,3,3,2,0,,1,1,0,0,0,,"736238,197700000370000","5694038,184299999800000",12.392579015000024,51.348434506000046,0,,0,Mitte,,,0,0.0,,0,14200811148410657360,,,
9090,,227803,14,7,13,000,2020,08,14,4,3,2,6,0,,0,1,0,0,0,,"734379,862399999980000","5693783,930600000500000",12.365774008000074,51.34692144500008,0,,0,Mitte,,,0,0.0,,1,14200819144200693070,,,
9091,,227805,14,7,13,000,2020,08,01,3,3,3,7,2,,1,1,0,0,0,,"735093,308500000280000","5694824,645500000600000",12.376687656000058,51.35596866800006,0,,0,Mitte,,,0,0.0,,0,14200818144200911870,,,
9092,,227810,14,7,13,000,2020,08,16,4,3,5,3,0,,1,1,0,0,0,,"734585,503899999890000","5692062,739800000600000",12.367588019000038,51.331386483000074,0,,0,Mitte,,,0,0.0,,0,14200805148410645710,,,
9093,,227811,14,7,13,000,2020,08,12,5,3,2,5,0,,0,1,0,0,0,,"737159,056800000370000","5695979,937400000200000",12.407072475000064,51.36548035200008,1,,1,Nordost,,,0,1.0,,0,14200813148110663830,,,
9094,,227817,14,7,13,000,2020,08,16,4,2,6,6,0,,1,0,1,0,0,,"733202,958399999890000","5691712,305099999500000",12.347548065000069,51.32880926100006,5,,5,Südwest,,,0,5.0,,0,14200805144200693120,,,
9095,,227820,14,7,13,000,2020,08,12,7,2,0,7,0,,0,0,1,0,0,,"734790,607900000180000","5693611,131799999600000",12.371547545000055,51.34520084900004,0,,0,Mitte,,,0,0.0,,1,14200822148410690150,,,
9096,,227827,14,7,13,000,2020,08,20,7,3,5,3,2,,0,1,0,0,0,,"736176,315600000320000","5691046,217700000900000",12.38970858700003,51.32160365300007,0,,0,Mitte,,,0,0.0,,0,14200815144200835440,,,
9097,,227828,14,7,13,000,2020,08,09,6,2,1,2,0,,0,1,0,1,0,,"737508,125500000080000","5697091,901799999200000",12.412820518000046,51.37531549000005,1,,1,Nordost,,,0,1.0,,0,14200821144200803890,,,
9098,,227830,14,7,13,000,2020,08,12,6,3,5,3,0,,0,1,0,0,0,,"726962,708700000310000","5690506,214600000500000",12.257361072000037,51.32050570200005,6,,6,West,,,0,6.0,,1,14200814144200665590,,,
9099,,227839,14,7,13,000,2020,08,15,2,3,2,6,0,,0,1,0,0,0,,"735332,018799999730000","5692619,820699999100000",12.37865258200003,51.33607867400008,0,,0,Mitte,,,0,0.0,,0,14200810662222655420,,,
9100,,227840,14,7,13,000,2020,08,11,2,3,3,6,0,,0,1,0,1,0,,"734765,182900000360000","5693947,504400000000000",12.37140493000004,51.348230759000046,0,,0,Mitte,,,0,0.0,,0,14200817148410675530,,,
9101,,227845,14,7,13,000,2020,08,10,4,3,3,2,0,,1,1,0,0,0,,"734724,548700000160000","5690561,261800000400000",12.368591723000065,51.31785119300008,4,,4,Süd,,,0,4.0,,0,14200819148210717260,,,
9102,,227851,14,7,13,000,2020,08,09,2,3,3,7,0,,1,0,0,0,0,,"736438,002999999560000","5689316,905999999500000",12.392311121000034,51.30597226400005,4,,4,Süd,,,0,4.0,,1,14200810144200696090,,,
9103,,227853,14,7,13,000,2020,08,08,6,3,9,7,0,,0,0,0,0,1,,"740440,228799999690000","5698980,090099999700000",12.45614873900007,51.39102928300008,1,,1,Nordost,,,1,1.0,,0,14200814148110667250,,,
9104,,227858,14,7,13,000,2020,08,14,4,3,0,1,0,,1,0,0,1,0,,"735447,003800000060000","5693217,748999999800000",12.380695571000047,51.341398275000074,0,,0,Mitte,,,0,0.0,,0,14200819143263751220,,,
9105,,227861,14,7,13,000,2020,08,13,3,3,5,2,0,,1,1,0,0,0,,"735564,917000000370000","5692151,086899999500000",12.381680135000067,51.33177475700006,0,,0,Mitte,,,1,0.0,,0,14200818143263891610,,,
9106,,227865,14,7,13,000,2020,08,12,5,3,5,3,0,,1,1,0,1,0,,"737194,563799999650000","5690806,512599999100000",12.404135860000054,51.31902849100004,0,,0,Mitte,,,0,0.0,,0,14200820144200762170,,,
9107,,227868,14,7,13,000,2020,08,15,4,3,1,5,0,,0,1,0,0,0,,"735507,299800000150000","5694304,159199999600000",12.382278343000053,51.351125238000066,0,,0,Mitte,,,0,0.0,,1,14200826148410731370,,,
9108,,227869,14,7,13,000,2020,09,15,6,3,1,7,0,,0,1,0,0,0,,"732399,177699999880000","5692896,535900000500000",12.336803577000069,51.33976871500005,7,,7,Alt-West,,,0,7.0,,0,14200904148310719860,,,
9109,,227870,14,7,13,000,2020,09,15,7,3,0,7,0,,0,0,0,1,0,,"738224,887000000100000","5690686,096999999100000",12.418814074000068,51.31751726700003,3,,3,Südost,,,1,3.0,,0,14200905148210721460,,,
9110,,227873,14,7,13,000,2020,09,13,6,2,0,1,0,,1,0,0,0,0,,"734631,721800000410000","5695379,180900000000000",12.370435834000034,51.36113714100003,9,,9,Nord,,,0,9.0,,0,14200904148110719800,,,
9111,,227875,14,7,13,000,2020,08,14,4,3,5,3,0,,1,1,0,0,0,,"734829,651700000280000","5694553,026499999700000",12.372728517000041,51.35363952100005,0,,0,Mitte,,,0,0.0,,0,14200826144200711470,,,
9112,,227876,14,7,13,000,2020,09,09,6,3,5,3,0,,1,1,0,0,0,,"734785,447999999860000","5692625,200999999400000",12.370823629000029,51.33635287300007,0,,0,Mitte,,,0,0.0,,0,14200904144200745990,,,
9113,,227880,14,7,13,000,2020,09,10,6,3,5,3,0,,1,1,0,0,0,,"734286,719700000250000","5692752,033800000300000",12.363760046000039,51.33769705800006,0,,0,Mitte,,,0,0.0,,0,14200904144200742530,,,
9114,,227882,14,7,13,000,2020,09,16,6,3,5,3,0,,0,1,0,0,0,,"735498,843299999830000","5692041,609500000300000",12.380661029000066,51.33081941200004,0,,0,Mitte,,,0,0.0,,0,14200904144200721370,,,
9115,,227883,14,7,13,000,2020,09,21,6,3,2,6,2,,0,0,0,0,0,,"735408,439600000160000","5689506,859300000600000",12.377692307000075,51.30810399600006,4,,4,Süd,,,0,4.0,,1,14200904144200719770,,,
9116,,227884,14,7,13,000,2020,09,06,6,3,5,3,1,,1,1,0,0,0,,"735780,394000000320000","5695201,629000000700000",12.386787716000072,51.359067923000055,9,,9,Nord,,,0,9.0,,0,14200904143263792160,,,