UNFALL_ID,FID_left,OBJECTID,ULAND,UREGBEZ,UKREIS,UGEMEINDE,UJAHR,UMONAT,USTUNDE,UWOCHENTAG,UKATEGORIE,UART,UTYP1,ULICHTVERH,IstStrasse,IstRad,IstPKW,IstFuss,IstKrad,IstGkfz,IstSonstig,LINREFX,LINREFY,XGCSWGS84,YGCSWGS84,index_right,FID_right,SBZ,Name,UIDENTSTLA,LICHT,STRZUSTAND,FID,OBJECTID_1,IstSonstige,UIDENTSTLAE,OID_,IstStrassenzustand,PLST
9117,,227893,14,7,13,000,2020,09,18,2,3,5,3,0,,1,1,0,0,0,,"734407,611100000330000","5692966,899199999900000",12.365633926000044,51.339575970000055,0,,0,Mitte,,,0,0.0,,0,14200907144200734060,,,
9118,,227899,14,7,13,000,2020,09,14,7,3,5,2,0,,1,1,0,0,0,,"735021,048899999820000","5692401,105900000800000",12.374052034000044,51.334243998000034,0,,0,Mitte,,,0,0.0,,0,14200905144200721360,,,
9119,,227900,14,7,13,000,2020,09,07,3,3,2,2,0,,0,1,0,0,0,,"737129,874800000340000","5691842,795900000300000",12.403898514000048,51.32835725700005,3,,3,Südost,,,0,3.0,,0,14200908144200730940,,,
9120,,227903,14,7,13,000,2020,09,09,5,3,5,3,0,,1,1,0,0,0,,"734138,824900000360000","5695548,781099999300000",12.363480222000021,51.36286286400008,9,,9,Nord,,,0,9.0,,0,14200903148110731051,,,
9121,,227905,14,7,13,000,2020,09,11,5,2,5,3,0,,0,1,0,0,0,,"735739,278099999760000","5695363,907999999800000",12.386305759000038,51.36054163500006,9,,9,Nord,,,0,9.0,,0,14200903144200751380,,,
9122,,227908,14,7,13,000,2020,09,08,5,3,6,2,0,,0,1,1,0,0,,"737277,724200000060000","5693655,526799999200000",12.407224189000033,51.34456681700004,2,,2,Ost,,,0,2.0,,0,14200903144200717160,,,
9123,,227909,14,7,13,000,2020,09,15,5,3,5,2,0,,1,1,0,0,0,,"731310,309200000020000","5693991,242399999900000",12.321908965000034,51.35003969700006,7,,7,Alt-West,,,0,7.0,,0,14200903144200717150,,,
9124,,227927,14,7,13,000,2020,08,10,3,3,5,3,0,,1,1,0,0,0,,"733080,273199999700000","5694122,022099999700000",12.347367123000026,51.35049066800008,0,,0,Mitte,,,0,0.0,,0,14200825148423693590,,,
9125,,227934,14,7,13,000,2020,08,13,3,3,1,6,0,,0,1,0,0,0,,"733179,503200000150000","5695858,918600000400000",12.349927932000071,51.36604134600003,8,,8,Nordwest,,,0,8.0,,0,14200825148110703890,,,
9126,,227935,14,7,13,000,2020,09,08,4,3,5,2,0,,1,1,0,0,0,,"731021,764000000430000","5693987,025000000400000",12.317769817000055,51.35011918200007,7,,7,Alt-West,,,0,7.0,,0,14200902148310717270,,,
9127,,227936,14,7,13,000,2020,08,11,3,3,3,2,0,,0,1,0,0,0,,"737962,871899999680000","5689235,062899999300000",12.414093163000075,51.304602345000035,3,,3,Südost,,,0,3.0,,0,14200825144200696160,,,
9128,,227938,14,7,13,000,2020,08,09,3,2,5,3,0,,1,1,0,0,0,,"730748,553000000310000","5685497,162000000500000",12.308361601000058,51.27401672800005,5,,5,Südwest,,,0,5.0,,0,14200825144200693090,,,
9129,,227939,14,7,13,000,2020,09,14,4,3,5,3,0,,1,0,0,0,0,,"738578,066499999720000","5690975,491200000000000",12.424066530000061,51.31996690400007,3,,3,Südost,,,0,3.0,,0,14200902148210724580,,,
9130,,227943,14,7,13,000,2020,09,12,4,2,0,3,0,,0,1,0,0,0,,"736706,544999999930000","5689657,495999999300000",12.396382717000051,51.30891788900004,4,,4,Süd,,,0,4.0,,1,14200902148121795451,,,
9131,,227945,14,7,13,000,2020,09,05,4,3,1,5,2,,0,0,0,0,1,,"738806,901600000450000","5695731,751399999500000",12.430533682000032,51.362562437000065,1,,1,Nordost,,,0,1.0,,0,14200902148110717210,,,
9132,,227946,14,7,13,000,2020,09,11,4,2,9,1,0,,0,1,0,1,0,,"736985,110799999910000","5696936,326500000400000",12.405215722000037,51.37413752300006,1,,1,Nordost,,,0,1.0,,0,14200902144200714992,,,
9133,,227951,14,7,13,000,2020,09,17,4,3,0,1,0,,1,0,0,0,0,,"733121,094899999910000","5691708,473999999500000",12.346372588000065,51.328808424000044,5,,5,Südwest,,,0,5.0,,0,14200902144100717140,,,
9134,,227957,14,7,13,000,2020,09,10,2,3,6,7,0,,0,0,1,0,1,,"738648,980999999680000","5689261,225299999100000",12.423935543000027,51.30455001300004,3,,3,Südost,,,0,3.0,,0,14200907148223079900,,,
9135,,227975,14,7,13,000,2020,09,10,3,2,0,7,0,,1,0,0,0,0,,"734749,223699999970000","5691052,757799999800000",12.369268758000032,51.32225290400004,4,,4,Süd,,,0,4.0,,0,14200901662211715320,,,
9136,,227981,14,7,13,000,2020,09,17,1,3,2,6,0,,0,1,0,0,0,,"737899,224499999550000","5691402,042799999900000",12.414627019000022,51.32407984300005,3,,3,Südost,,,0,3.0,,0,14200906148210742580,,,
9137,,227982,14,7,13,000,2020,09,16,3,3,3,6,0,,0,1,0,0,0,,"735053,814899999650000","5692573,534000000000000",12.374635322000074,51.335778237000056,0,,0,Mitte,,,0,0.0,,0,14200901148410734510,,,
9138,,227983,14,7,13,000,2020,09,12,3,3,5,2,0,,1,1,0,0,0,,"735766,035500000230000","5692887,614800000600000",12.385049318000029,51.33830271200003,0,,0,Mitte,,,0,0.0,,0,14200901148410734500,,,
9139,,227985,14,7,29,260,2020,09,07,3,2,0,1,0,,1,0,0,0,1,,"735050,425800000320000","5687793,931500000900000",12.371437122000032,51.292875914000035,4,,4,Süd,,,1,4.0,,0,14200901144200790070,,,
9140,,227989,14,7,13,000,2020,09,13,3,2,5,3,0,,1,1,0,0,0,,"739939,384999999780000","5698063,206800000700000",12.448344165000037,51.38301163600005,1,,1,Nordost,,,0,1.0,,0,14200901144200734040,,,
9141,,227993,14,7,13,000,2020,09,12,1,3,2,2,0,,0,1,0,1,0,,"734446,692699999550000","5693788,685499999700000",12.366735066000047,51.34693657100007,0,,0,Mitte,,,0,0.0,,0,14200906144200730910,,,
9142,,228016,14,7,13,000,2020,09,14,2,2,0,7,0,,1,0,0,0,0,,"735763,070600000210000","5692887,717599999200000",12.38500689700004,51.338304864000065,0,,0,Mitte,,,0,0.0,,0,14200907144200772160,,,
9143,,228021,14,7,13,000,2020,08,18,2,3,0,1,0,,1,0,0,0,0,,"735183,766999999990000","5688966,152000000700000",12.374118320000036,51.30334324000006,4,,4,Süd,,,0,4.0,,0,14200824662242697200,,,
9144,,228022,14,7,13,000,2020,08,14,2,3,2,2,0,,1,1,0,0,0,,"735173,443799999540000","5693468,415100000800000",12.376940491000028,51.34376154700004,0,,0,Mitte,,,0,0.0,,0,14200831148410721530,,,
9145,,228024,14,7,13,000,2020,09,09,3,3,5,3,0,,0,1,0,0,0,,"730888,744400000200000","5697232,474199999100000",12.317969851000043,51.37930716300008,8,,8,Nordwest,,,0,8.0,,0,14200908144200762230,,,
9146,,228026,14,7,13,000,2020,08,16,2,2,0,1,0,,1,0,0,0,0,,"737224,718000000340000","5693305,121999999500000",12.40623105700007,51.341443679000065,2,,2,Ost,,,1,2.0,,0,14200831148410719880,,,
9147,,228027,14,7,13,000,2020,08,10,2,3,5,3,0,,1,1,0,0,0,,"730305,991799999960000","5689868,570200000000000",12.304846915000041,51.31343824500004,5,,5,Südwest,,,0,5.0,,0,14200831148310711810,,,
9148,,228029,14,7,13,000,2020,08,17,2,3,5,3,0,,1,1,0,0,0,,"734233,983300000430000","5692271,959499999900000",12.36268864300007,51.333409403000076,0,,0,Mitte,,,1,0.0,,0,14200831144200711530,,,
9149,,228031,14,7,13,000,2020,08,17,2,3,3,6,0,,1,1,0,0,0,,"732168,461900000460000","5690987,985500000400000",12.332253476000062,51.322730353000054,5,,5,Südwest,,,0,5.0,,0,14200824148310711870,,,
9150,,228034,14,7,13,000,2020,09,18,2,3,3,5,0,,1,1,0,0,0,,"732401,467100000010000","5691839,959100000600000",12.336147152000024,51.33028318000004,5,,5,Südwest,,,0,5.0,,0,14200907144200724460,,,
9151,,228038,14,7,13,000,2020,08,16,2,3,6,6,0,,0,1,1,0,0,,"733520,952999999750000","5692270,883999999600000",12.352470437000022,51.33369294400006,0,,0,Mitte,,,0,0.0,,0,14200824148310699300,,,
9152,,228049,14,7,13,000,2020,08,15,2,3,0,1,0,,1,0,0,0,0,,"735183,766999999990000","5688966,152000000700000",12.374118320000036,51.30334324000006,4,,4,Süd,,,0,4.0,,0,14200824148213690100,,,
9153,,228056,14,7,13,000,2020,08,05,2,3,1,1,0,,0,1,0,0,0,,"735448,549499999730000","5690074,953099999600000",12.378641652000056,51.31318683300003,4,,4,Süd,,,0,4.0,,0,14200824144200787830,,,
9154,,228057,14,7,13,000,2020,08,17,1,3,2,6,0,,0,1,0,0,0,,"733536,970900000070000","5694194,938300000500000",12.35396174400006,51.35095775500008,0,,0,Mitte,,,1,0.0,,0,14200830148423892130,,,
9155,,228060,14,7,13,000,2020,08,19,2,3,5,3,0,,1,1,0,0,0,,"732846,515999999830000","5692082,391599999700000",12.342682629000024,51.33227741700006,5,,5,Südwest,,,0,5.0,,0,14200824144200706640,,,
9156,,228061,14,7,13,000,2020,08,11,1,3,5,3,0,,0,1,0,1,0,,"731310,449300000440000","5693992,977000000000000",12.321912100000077,51.35005521200003,7,,7,Alt-West,,,0,7.0,,0,14200830144200835460,,,
9157,,228062,14,7,13,000,2020,09,05,2,3,5,2,1,,1,1,0,0,0,,"735306,978500000200000","5693626,397700000600000",12.378958786000055,51.34512440100008,0,,0,Mitte,,,0,0.0,,0,14200907148410724650,,,
9158,,228065,14,7,13,000,2020,08,20,2,3,6,4,2,,0,1,1,0,0,,"729773,495299999600000","5690045,787000000500000",12.297333450000053,51.31524435800003,6,,6,West,,,0,6.0,,0,14200824144200696140,,,
9159,,228071,14,7,13,000,2020,08,16,2,3,5,3,0,,1,1,0,0,0,,"736685,646700000390000","5693032,093499999500000",12.39832390500004,51.339217578000046,3,,3,Südost,,,0,3.0,,0,14200824144200696130,,,
9160,,228073,14,7,13,000,2020,08,23,2,2,5,3,2,,1,0,0,0,0,,"738211,385200000370000","5694640,067399999100000",12.421264428000029,51.35301356700006,1,,1,Nordost,,,0,1.0,,1,14200824144200693130,,,
9161,,228076,14,7,13,000,2020,09,13,2,2,5,3,0,,0,1,0,0,0,,"735117,636400000190000","5693979,854299999800000",12.376478363000047,51.34837548100006,0,,0,Mitte,,,0,0.0,,0,14200907144200730930,,,
9162,,228078,14,7,13,000,2020,08,02,7,2,0,7,2,,1,0,0,0,0,,"733349,791699999940000","5692108,601900000100000",12.349911444000043,51.33230645000003,5,,5,Südwest,,,0,5.0,,0,14200829145500746050,,,
9163,,228095,14,7,13,000,2020,08,07,6,3,5,3,0,,1,1,0,0,0,,"736606,263799999840000","5690097,069499999300000",12.395238070000062,51.312905286000046,0,,0,Mitte,,,1,0.0,,0,14200828148410724680,,,
9164,,228098,14,7,13,000,2020,08,10,6,3,2,6,0,,0,1,0,0,0,,"734852,262400000360000","5692091,169299999300000",12.37142909000005,51.33153160200004,0,,0,Mitte,,,0,0.0,,0,14200828148410702120,,,
9165,,228099,14,7,13,000,2020,08,07,6,3,4,2,0,,1,1,0,0,0,,"731779,632399999540000","5691739,720400000000000",12.32717163500007,51.329637071000036,5,,5,Südwest,,,1,5.0,,0,14200828148310702000,,,
9166,,228100,14,7,13,000,2020,09,22,6,3,5,2,2,,1,1,0,0,0,,"734294,959599999710000","5690897,130799999500000",12.36265867000003,51.32104314900005,4,,4,Süd,,,0,4.0,,0,14200904148423734600,,,
9167,,228102,14,7,13,000,2020,08,11,6,3,2,6,0,,0,1,0,1,0,,"737147,056200000460000","5694331,445900000600000",12.405801646000043,51.35068843000005,1,,1,Nordost,,,0,1.0,,0,14200828148110706620,,,
9168,,228103,14,7,13,000,2020,08,13,6,3,5,3,0,,1,1,0,0,0,,"730410,361299999990000","5690945,817700000500000",12.307037954000066,51.32306647900003,6,,6,West,,,0,6.0,,0,14200828144200703850,,,
9169,,228109,14,7,13,000,2020,09,14,6,3,3,2,0,,1,1,0,0,0,,"735588,587899999690000","5692241,154500000200000",12.382078859000046,51.332573428000046,0,,0,Mitte,,,0,0.0,,0,14200904148410719920,,,
9170,,228131,14,7,13,000,2020,08,17,5,3,6,4,0,,1,0,1,0,0,,"737361,855399999770000","5693900,091800000500000",12.408593027000052,51.34672692600003,2,,2,Ost,,,0,2.0,,0,14200827148410702070,,,
9171,,228132,14,7,13,000,2020,08,08,5,3,4,6,0,,0,1,0,1,0,,"728701,468200000000000","5689649,402899999200000",12.281722473000059,51.312117715000056,6,,6,West,,,1,6.0,,0,14200827148310701961,,,
9172,,228135,14,7,13,000,2020,08,16,5,3,5,3,0,,1,1,0,0,0,,"737333,001799999740000","5693072,039300000300000",12.407627598000033,51.33930632900007,2,,2,Ost,,,0,2.0,,0,14200827148210699240,,,
9173,,228136,14,7,13,000,2020,08,05,5,3,1,1,1,,0,1,0,0,0,,"737049,536399999630000","5696257,606300000100000",12.405687158000035,51.36801842600005,1,,1,Nordost,,,0,1.0,,0,14200827148120699120,,,
9174,,228137,14,7,13,000,2020,09,16,2,3,5,3,0,,1,0,0,0,0,,"735605,491200000050000","5695314,721200000500000",12.384354987000052,51.36015561000005,9,,9,Nord,,,0,9.0,,1,14200907144200847080,,,
9175,,228138,14,7,13,000,2020,08,13,5,1,5,2,0,,0,1,0,0,0,,"735102,355999999680000","5694525,010999999900000",12.376619411000036,51.353275308000036,0,,0,Mitte,,,0,0.0,,1,14200827144200760040,,,
9176,,228139,14,7,13,000,2020,08,10,5,3,6,4,0,,0,0,1,0,0,,"737874,444099999960000","5695121,768899999600000",12.416756418000034,51.357478409000066,1,,1,Nordost,,,0,1.0,,1,14200827144200701750,,,
9177,,228140,14,7,13,000,2020,08,08,5,3,5,3,0,,0,1,0,0,0,,"735717,521900000050000","5690577,558199999900000",12.382826302000069,51.317587057000026,4,,4,Süd,,,0,4.0,,0,14200827144200698960,,,
9178,,228143,14,7,13,000,2020,09,18,3,3,1,5,0,,1,1,0,0,0,,"734419,457399999720000","5695477,394400000600000",12.367457080000065,51.36210635500004,9,,9,Nord,,,0,9.0,,0,14200908148110734180,,,
9179,,228150,14,7,13,000,2020,09,07,2,3,3,6,0,,1,1,0,0,0,,"733571,785600000060000","5696336,363199999600000",12.355866823000042,51.37016598200006,9,,9,Nord,,,0,9.0,,0,14200907144200724470,,,
9180,,228154,14,7,13,000,2020,08,23,1,3,0,7,2,,1,0,0,0,0,,"729988,452499999660000","5694274,603000000100000",12.303142499000046,51.353119793000076,7,,7,Alt-West,,,0,7.0,,0,14200823148310715100,,,
9181,,228156,14,7,13,000,2020,09,02,6,3,0,7,2,,1,0,0,0,0,,"732325,624099999670000","5690613,773199999700000",12.334261251000044,51.31930698800005,5,,5,Südwest,,,1,5.0,,0,14200904148320772330,,,
9182,,228173,14,7,13,000,2020,09,03,6,3,0,7,2,,1,0,0,0,0,,"733636,771200000310000","5691888,218200000000000",12.353879182000071,51.33021035500008,0,,0,Mitte,,,0,0.0,,0,14200911148410781680,,,
9183,,228175,14,7,13,000,2020,09,15,4,3,5,3,0,,1,1,0,0,0,,"736383,982200000440000","5695701,029899999500000",12.395773274000021,51.36329985800006,9,,9,Nord,,,0,9.0,,0,14200923148110783420,,,
9184,,228176,14,7,13,000,2020,09,07,5,3,5,3,0,,1,0,0,0,0,,"731733,905799999830000","5690574,666799999800000",12.325759066000046,51.31919720600007,5,,5,Südwest,,,0,5.0,,1,14200917144200758490,,,
9185,,228179,14,7,13,000,2020,09,08,6,3,2,6,0,,0,1,0,0,0,,"730229,980000000450000","5692116,722899999500000",12.305209994000052,51.33365074000005,7,,7,Alt-West,,,0,7.0,,0,14200911148310755060,,,
9186,,228182,14,7,13,000,2020,09,19,6,3,2,6,1,,0,1,0,1,0,,"732857,872899999840000","5690558,149900000500000",12.341849659000047,51.31859012800004,5,,5,Südwest,,,0,5.0,,0,14200911148310740970,,,
9187,,228187,14,7,13,000,2020,09,10,6,3,1,1,0,,1,1,0,0,0,,"737166,917600000280000","5691667,321399999800000",12.404312478000065,51.32676673700007,3,,3,Südost,,,0,3.0,,0,14200918148410764250,,,
9188,,228188,14,7,13,000,2020,09,17,6,3,6,2,0,,0,1,1,0,0,,"736714,052099999970000","5689342,116699999200000",12.396281015000056,51.306083855000054,4,,4,Süd,,,0,4.0,,0,14200911148223746100,,,
9189,,228192,14,7,13,000,2020,09,16,6,3,0,7,0,,1,0,0,0,0,,"736962,522800000380000","5688659,055199999400000",12.399385763000055,51.299849203000065,4,,4,Süd,,,0,4.0,,0,14200911148210746110,,,
9190,,228195,14,7,13,000,2020,09,07,6,3,5,3,0,,0,1,0,0,0,,"735764,464200000280000","5692887,669299999300000",12.385026836000065,51.33830385200008,0,,0,Mitte,,,0,0.0,,0,14200911144200807940,,,
9191,,228201,14,7,13,000,2020,09,18,2,3,1,3,0,,1,1,0,0,0,,"736842,761900000270000","5692418,290699999800000",12.400167417000034,51.33364258700004,3,,3,Südost,,,0,3.0,,0,14200921148410783570,,,
9192,,228204,14,7,13,000,2020,09,12,3,3,2,6,0,,0,1,0,0,0,,"737896,949099999850000","5695324,589299999200000",12.417214669000032,51.35928949300006,1,,1,Nordost,,,0,1.0,,1,14200915148120931280,,,
9193,,228206,14,7,13,000,2020,09,18,6,3,5,3,0,,1,1,0,0,0,,"734991,211000000130000","5693929,998800000200000",12.374633266000046,51.34798023500008,0,,0,Mitte,,,0,0.0,,0,14200911144200754820,,,
9194,,228207,14,7,13,000,2020,09,05,3,2,5,3,2,,1,1,0,0,0,,"737264,023099999870000","5694405,343499999500000",12.407527542000025,51.35130292800005,1,,1,Nordost,,,0,1.0,,0,14200915148110781450,,,
9195,,228210,14,7,13,000,2020,09,14,5,3,5,3,0,,0,1,0,0,0,,"738135,167299999860000","5690519,857699999600000",12.417417948000036,51.31606265100004,3,,3,Südost,,,0,3.0,,0,14200924144200802020,,,
9196,,228214,14,7,13,000,2020,09,19,3,3,4,6,0,,1,0,0,0,0,,"730802,517400000240000","5684319,118699999500000",12.308373644000028,51.26341948900006,5,,5,Südwest,,,0,5.0,,1,14200915144320950390,,,
9197,,228216,14,7,13,000,2020,09,09,2,3,5,2,0,,0,1,0,0,0,,"739977,422500000340000","5701265,222600000000000",12.451054309000028,51.41173548900008,9,,9,Nord,,,0,9.0,,0,14200921144200778450,,,
9198,,228222,14,7,13,000,2020,09,16,5,3,3,6,0,,1,1,0,0,0,,"737954,327999999750000","5693921,256999999300000",12.417099045000043,51.34666923200007,2,,2,Ost,,,0,2.0,,0,14200917144200762250,,,
9199,,228223,14,7,13,000,2020,09,18,7,3,5,2,1,,1,1,0,0,0,,"731975,770999999720000","5693979,002000000300000",12.331440541000063,51.34965863700006,7,,7,Alt-West,,,0,7.0,,0,14200919148310772370,,,
9200,,228229,14,7,13,000,2020,09,17,3,3,6,7,0,,0,1,1,0,0,,"736736,789699999620000","5688703,322100000500000",12.396182934000024,51.30034043900008,4,,4,Süd,,,0,4.0,,0,14200915144200762220,,,
9201,,228230,14,7,13,000,2020,09,10,4,3,5,2,0,,1,1,0,0,0,,"735322,926199999640000","5692589,984200000800000",12.378502575000027,51.33581461400007,0,,0,Mitte,,,0,0.0,,0,14200916662222755970,,,
9202,,228235,14,7,13,000,2020,09,09,3,3,5,2,0,,1,1,0,0,0,,"737770,543800000100000","5693736,649900000500000",12.414341598000021,51.34508909500005,2,,2,Ost,,,0,2.0,,0,14200915144200758460,,,
9203,,228248,14,7,13,000,2020,09,06,6,3,5,3,0,,1,1,0,0,0,,"735084,690600000320000","5694954,326700000100000",12.376649783000062,51.35713629300005,0,,0,Mitte,,,0,0.0,,0,14200918144200807910,,,
9204,,228258,14,7,13,000,2020,09,23,1,2,5,3,2,,0,1,0,0,0,,"742487,340200000440000","5691540,681299999400000",12.480446500000028,51.32338738100003,2,,2,Ost,,,0,2.0,,0,14200920148210854630,,,
9205,,228271,14,7,13,000,2020,09,12,3,3,5,2,0,,1,1,0,0,0,,"735474,142500000070000","5693365,305600000500000",12.381182083000056,51.34271155000005,0,,0,Mitte,,,0,0.0,,0,14200922148410798220,,,
9206,,228279,14,7,13,000,2020,09,22,2,3,0,7,2,,0,0,0,0,0,,"738203,796000000090000","5693723,973200000800000",12.420542647000048,51.344793957000036,2,,2,Ost,,,0,2.0,,1,14200921148210001690,,,
9207,,228281,14,7,13,000,2020,09,23,7,1,5,3,2,,0,1,0,0,0,,"735012,787200000140000","5692062,479599999300000",12.373710301000074,51.33120777200003,0,,0,Mitte,,,0,0.0,,1,14200919144200765540,,,
9208,,228286,14,7,13,000,2020,09,16,3,3,1,5,0,,1,1,0,0,0,,"738843,256900000390000","5691170,428899999700000",12.42799580600007,51.321605402000046,3,,3,Südost,,,0,3.0,,0,14200922144200783460,,,
9209,,228289,14,7,13,000,2020,09,19,4,3,0,1,2,,1,0,0,0,0,,"732696,810700000260000","5692695,488199999600000",12.34093787300003,51.337842257000034,7,,7,Alt-West,,,0,7.0,,0,14200916148410768390,,,
9210,,228293,14,7,13,000,2020,09,11,6,3,0,7,0,,1,0,0,0,0,,"734660,961900000460000","5692817,350099999500000",12.369166274000065,51.33812906300005,0,,0,Mitte,,,0,0.0,,0,14200918148410775650,,,
9211,,228298,14,7,13,000,2020,09,10,5,3,5,3,0,,1,0,0,0,0,,"734569,808000000190000","5692131,366000000400000",12.367408290000071,51.332008975000065,0,,0,Mitte,,,0,0.0,,1,14200910148410768370,,,
9212,,228301,14,7,13,000,2020,09,12,5,2,5,3,0,,0,1,0,0,0,,"734883,317300000230000","5694422,115299999700000",12.373411454000063,51.35244224100006,0,,0,Mitte,,,0,0.0,,0,14200917144200762150,,,
9213,,228304,14,7,13,000,2020,09,06,5,3,3,6,1,,1,1,0,0,0,,"736726,985200000000000","5689339,529999999300000",12.396464508000065,51.30605525900006,4,,4,Süd,,,0,4.0,,0,14200910148221788171,,,
9214,,228307,14,7,13,000,2020,09,16,5,3,5,3,0,,1,1,0,0,0,,"728752,741399999710000","5689378,017599999900000",12.28228290100003,51.309660817000065,6,,6,West,,,0,6.0,,0,14200910144200737880,,,
9215,,228310,14,7,13,000,2020,09,15,6,3,5,3,0,,1,1,0,0,0,,"736065,093100000170000","5688533,059299999800000",12.386452398000074,51.299090955000054,4,,4,Süd,,,0,4.0,,0,14200918144200775300,,,
9216,,228315,14,7,13,000,2020,09,20,2,3,2,6,2,,0,1,0,0,0,,"731085,239000000060000","5691870,777300000200000",12.317306640000027,51.33109606900007,7,,7,Alt-West,,,0,7.0,,0,14200914148310751680,,,
9217,,228317,14,7,13,000,2020,09,22,5,2,4,6,2,,1,0,0,0,0,,"735000,862499999810000","5692248,483300000400000",12.37366210600004,51.332882340000026,0,,0,Mitte,,,0,0.0,,0,14200910144200737870,,,
9218,,228318,14,7,13,000,2020,09,08,2,2,2,6,0,,1,0,0,0,0,,"736613,194500000220000","5690061,112099999600000",12.395313486000077,51.31257964400004,0,,0,Mitte,,,0,0.0,,1,14200914148222755050,,,
9219,,228319,14,7,13,000,2020,09,15,1,3,5,3,0,,1,1,0,0,0,,"734282,095499999820000","5693503,203600000600000",12.364187921000052,51.34444181100008,0,,0,Mitte,,,0,0.0,,0,14200920144200765510,,,
9220,,228320,14,7,13,000,2020,09,16,5,3,5,3,0,,1,0,0,0,0,,"740449,341099999850000","5694933,180800000200000",12.453542265000067,51.35470212700005,2,,2,Ost,,,0,2.0,,1,14200910143263814920,,,
9221,,228325,14,7,13,000,2020,09,19,2,3,5,3,1,,0,1,0,1,0,,"734893,565000000410000","5693871,795299999400000",12.373195210000063,51.347498134000034,0,,0,Mitte,,,0,0.0,,0,14200914145500775390,,,
9222,,228326,14,7,13,000,2020,09,17,4,3,4,2,0,,1,1,0,0,0,,"734117,842899999580000","5696469,574200000600000",12.36378557200004,51.37113694300007,9,,9,Nord,,,0,9.0,,0,14200916148110758540,,,
9223,,228329,14,7,13,000,2020,09,22,2,3,1,7,2,,1,1,0,0,0,,"740157,773400000300000","5693910,389299999900000",12.44867262400004,51.34564517900003,2,,2,Ost,,,0,2.0,,0,14200914144200876080,,,
9224,,228330,14,7,13,000,2020,09,11,7,3,5,2,0,,1,1,0,0,0,,"727247,590200000440000","5693205,624500000800000",12.263164214000028,51.34462568300006,7,,7,Alt-West,,,0,7.0,,0,14200919148320772280,,,
9225,,228334,14,7,13,000,2020,09,13,2,2,3,6,0,,0,1,0,0,0,,"737139,349399999720000","5692937,075600000100000",12.404762557000026,51.338175672000034,2,,2,Ost,,,0,2.0,,1,14200914144200765520,,,
9226,,228337,14,7,13,000,2020,09,20,5,3,4,2,2,,1,1,0,0,0,,"731026,800499999900000","5692071,336400000400000",12.316599279000059,51.332920208000075,7,,7,Alt-West,,,0,7.0,,0,14200924144200807920,,,
9227,,228340,14,7,13,000,2020,09,15,2,3,2,6,0,,0,1,0,0,0,,"734014,412800000050000","5695602,577500000600000",12.361731699000075,51.36339701900005,9,,9,Nord,,,0,9.0,,0,14200914144200762210,,,
9228,,228341,14,7,13,000,2020,09,13,4,3,5,3,0,,1,0,0,0,0,,"735162,281999999660000","5693388,012700000800000",12.37672741700004,51.34304444400004,0,,0,Mitte,,,0,0.0,,0,14200916145300754890,,,
9229,,228342,14,7,13,000,2020,09,20,2,3,4,6,2,,1,1,0,0,0,,"735281,866700000130000","5691627,924100000400000",12.377278966000063,51.32719581100008,0,,0,Mitte,,,0,0.0,,0,14200921144200781290,,,
9230,,228349,14,7,13,000,2020,09,15,5,3,5,3,0,,1,1,0,0,0,,"734287,804999999700000","5698407,703400000900000",12.367500883000048,51.388464243000044,9,,9,Nord,,,0,9.0,,0,14200917144200772130,,,
9231,,228353,14,7,13,000,2020,09,13,3,3,5,2,0,,1,1,0,0,0,,"732266,153199999590000","5691202,996899999700000",12.333793152000055,51.32462059100004,5,,5,Südwest,,,0,5.0,,0,14200922148310783480,,,
9232,,228355,14,7,13,000,2020,09,16,2,3,1,5,0,,1,1,0,0,0,,"735093,884300000030000","5689538,322000000600000",12.373208128000044,51.308516405000034,4,,4,Süd,,,0,4.0,,0,14200914144200751370,,,
9233,,228356,14,7,13,000,2020,09,17,4,3,5,3,0,,1,1,0,0,0,,"731894,083999999800000","5690710,451099999200000",12.328142028000059,51.32035086700006,5,,5,Südwest,,,0,5.0,,0,14200916144200762200,,,
9234,,228363,14,7,13,000,2020,09,15,4,3,5,2,0,,0,1,0,0,0,,"745556,001899999570000","5691485,570200000000000",12.524364485000035,51.32157676500003,2,,2,Ost,,,0,2.0,,0,14200923144310792290,,,
9235,,228368,14,7,13,000,2020,09,16,1,2,2,6,0,,0,1,0,1,0,,"730793,125599999910000","5694864,092100000000000",12.315060983000023,51.35808539700008,7,,7,Alt-West,,,0,7.0,,0,14200920148310765790,,,
9236,,228376,14,7,13,000,2020,09,15,6,2,5,2,0,,1,1,0,0,0,,"734127,707700000140000","5696536,758800000000000",12.363971291000041,51.37173595300004,9,,9,Nord,,,0,9.0,,0,14200918144200807930,,,