UNFALL_ID,FID_left,OBJECTID,ULAND,UREGBEZ,UKREIS,UGEMEINDE,UJAHR,UMONAT,USTUNDE,UWOCHENTAG,UKATEGORIE,UART,UTYP1,ULICHTVERH,IstStrasse,IstRad,IstPKW,IstFuss,IstKrad,IstGkfz,IstSonstig,LINREFX,LINREFY,XGCSWGS84,YGCSWGS84,index_right,FID_right,SBZ,Name,UIDENTSTLA,LICHT,STRZUSTAND,FID,OBJECTID_1,IstSonstige,UIDENTSTLAE,OID_,IstStrassenzustand,PLST
9237,,228392,14,7,13,000,2020,09,12,4,3,5,2,0,,1,1,0,0,0,,"735972,183000000190000","5691620,022800000400000",12.387164101000053,51.32683897600003,0,,0,Mitte,,,0,0.0,,0,14200909148410742710,,,
9238,,228395,14,7,13,000,2020,09,12,4,3,2,6,0,,0,1,0,1,0,,"736298,026800000110000","5692455,080299999600000",12.39238621000004,51.33419939000004,0,,0,Mitte,,,0,0.0,,0,14200909148410742640,,,
9239,,228397,14,7,13,000,2020,09,09,5,3,5,3,0,,1,0,0,0,0,,"727208,695700000040000","5693565,109999999400000",12.262836096000058,51.347868464000044,7,,7,Alt-West,,,0,7.0,,1,14200924144200792200,,,
9240,,228400,14,7,13,000,2020,09,21,7,3,5,3,2,,1,1,0,0,0,,"735111,764200000090000","5694207,540300000500000",12.376544572000057,51.35042169500008,0,,0,Mitte,,,0,0.0,,0,14200912148410742700,,,
9241,,228402,14,7,13,000,2020,09,13,4,3,5,7,0,,0,1,0,0,0,,"737286,486100000330000","5692936,677699999900000",12.406870820000051,51.33811072600008,3,,3,Südost,,,0,3.0,,1,14200916144200758450,,,
9242,,228403,14,7,13,000,2020,09,14,2,3,5,2,0,,0,1,0,0,0,,"734792,930399999950000","5692630,766899999200000",12.370934523000074,51.33639974600004,0,,0,Mitte,,,0,0.0,,0,14200921144000769100,,,
9243,,228404,14,7,13,000,2020,09,21,4,3,3,5,2,,1,1,0,0,0,,"736978,534099999820000","5692280,276399999900000",12.402021113000046,51.33234720100006,3,,3,Südost,,,0,3.0,,0,14200909148410738160,,,
9244,,228406,14,7,13,000,2020,09,15,4,3,0,7,0,,1,0,0,0,0,,"735151,640800000170000","5689171,760999999900000",12.373793742000032,51.30520214300003,4,,4,Süd,,,0,4.0,,0,14200916144200758430,,,
9245,,228407,14,7,13,000,2020,09,09,2,3,2,2,0,,0,1,1,0,0,,"729938,228900000450000","5694331,882999999400000",12.302459473000056,51.353654316000075,7,,7,Alt-West,,,0,7.0,,0,14200921148310768260,,,
9246,,228408,14,7,13,000,2020,09,14,4,3,3,2,0,,1,1,0,0,0,,"732391,911899999720000","5691545,423200000100000",12.335818176000032,51.32764311200003,5,,5,Südwest,,,0,5.0,,0,14200909148310758830,,,
9247,,228409,14,7,13,000,2020,09,15,7,3,5,7,0,,1,1,0,0,0,,"734938,532899999990000","5687529,488900000200000",12.369661217000044,51.290548311000066,4,,4,Süd,,,0,4.0,,0,14200919148223785220,,,
9248,,228410,14,7,13,000,2020,09,07,4,3,5,2,0,,1,0,0,0,0,,"729795,976300000210000","5694012,455000000100000",12.30021378500004,51.35084433500003,7,,7,Alt-West,,,0,7.0,,1,14200909148310755100,,,
9249,,228413,14,7,13,000,2020,09,14,3,3,5,3,0,,1,1,0,0,0,,"736862,618400000040000","5693260,972600000000000",12.401012268000045,51.34119833900007,2,,2,Ost,,,0,2.0,,0,14200922144200859250,,,
9250,,228416,14,7,13,000,2020,09,09,4,2,3,6,0,,0,1,0,0,1,,"735401,547199999910000","5694200,866900000700000",12.380694087000052,51.35024186100003,0,,0,Mitte,,,0,0.0,,0,14200916144200758420,,,
9251,,228418,14,7,13,000,2020,09,08,4,3,5,2,0,,1,1,0,0,0,,"730066,077100000340000","5690054,718299999800000",12.301530390000039,51.31520633700006,6,,6,West,,,0,6.0,,0,14200909148310734390,,,
9252,,228420,14,7,13,000,2020,09,18,4,3,6,4,0,,0,0,1,0,0,,"735783,848500000310000","5692875,262599999100000",12.385296415000028,51.33818445000003,0,,0,Mitte,,,0,0.0,,1,14200909144200746000,,,
9253,,228421,14,7,13,000,2020,09,16,4,2,4,6,0,,0,1,0,0,0,,"736115,358599999920000","5689662,466700000700000",12.387919307000061,51.30920801800005,4,,4,Süd,,,0,4.0,,0,14200923144200778470,,,
9254,,228424,14,7,13,000,2020,09,13,1,3,0,7,0,,0,0,0,0,0,,"735614,976300000210000","5696952,661200000000000",12.38557624200007,51.37485420000007,9,,9,Nord,,,0,9.0,,1,14200913662211755950,,,
9255,,228426,14,7,13,000,2020,09,22,5,3,5,3,2,,0,1,0,0,0,,"732741,790000000040000","5692083,633600000300000",12.341182767000078,51.33233142800003,7,,7,Alt-West,,,0,7.0,,0,14200917144200762240,,,
9256,,228429,14,7,13,000,2020,09,11,4,2,2,6,0,,0,1,0,1,0,,"735095,921900000420000","5694528,838600000400000",12.376529703000074,51.35331232800007,0,,0,Mitte,,,0,0.0,,0,14200909144200737860,,,
9257,,228430,14,7,13,000,2020,09,14,1,3,5,7,0,,0,1,0,1,0,,"735686,639200000090000","5695845,018200000700000",12.385869821000028,51.36488202600003,9,,9,Nord,,,0,9.0,,0,14200913148110754920,,,
9258,,228434,14,7,13,000,2020,09,09,6,3,5,3,0,,0,1,0,1,0,,"727672,444000000130000","5695242,807000000000000",12.270557540000027,51.36274410400006,7,,7,Alt-West,,,0,7.0,,0,14200918144200798140,,,
9259,,228436,14,7,13,000,2020,09,17,1,3,2,6,0,,0,1,0,0,0,,"730409,015399999920000","5690959,209000000700000",12.307027326000025,51.32318723700007,6,,6,West,,,0,6.0,,0,14200913144200746010,,,
9260,,228439,14,7,13,000,2020,09,00,1,3,6,7,2,,0,0,1,0,0,,"735587,228900000450000","5689392,439999999500000",12.38017728400007,51.30700296800006,4,,4,Süd,,,0,4.0,,1,14200913144200742480,,,
9261,,228453,14,7,13,000,2020,09,15,7,3,5,3,0,,1,1,0,0,0,,"732549,646999999880000","5692619,202999999700000",12.338779025000065,51.33721766600007,7,,7,Alt-West,,,0,7.0,,0,14200919148320785260,,,
9262,,228457,14,7,13,000,2020,09,12,3,3,5,3,0,,1,1,0,0,0,,"730436,142799999560000","5693930,129499999800000",12.309337793000054,51.34984614100006,7,,7,Alt-West,,,0,7.0,,0,14200922148310783490,,,
9263,,228459,14,7,13,000,2020,09,12,5,3,0,1,0,,1,0,0,0,0,,"735165,625300000420000","5692698,237900000100000",12.376319898000077,51.336851402000036,0,,0,Mitte,,,0,0.0,,0,14200924148415792780,,,
9264,,228460,14,7,13,000,2020,09,08,5,3,5,3,0,,1,1,0,0,0,,"735570,747299999930000","5695827,697000000600000",12.38419656700006,51.36477461100003,9,,9,Nord,,,0,9.0,,0,14200917662211804360,,,
9265,,228471,14,7,13,000,2020,09,20,5,3,3,7,2,,0,1,0,1,0,,"734048,623700000350000","5695945,246899999700000",12.362447750000058,51.36645887900005,9,,9,Nord,,,0,9.0,,0,14200917148110775460,,,
9266,,228472,14,7,13,000,2020,09,07,3,3,1,5,0,,0,1,0,0,0,,"739925,659900000320000","5691462,232999999100000",12.443697305000057,51.323769209000034,2,,2,Ost,,,0,2.0,,0,14200922144100803850,,,
9267,,228478,14,7,13,000,2020,09,18,4,3,0,7,1,,1,1,0,0,0,,"735424,059000000360000","5689673,094100000300000",12.378025683000033,51.30958972500008,4,,4,Süd,,,0,4.0,,0,14200930144310895050,,,
9268,,228480,14,7,13,000,2020,10,14,6,2,5,3,0,,1,1,0,0,0,,"734912,949199999680000","5690901,578099999600000",12.37151467700005,51.32082828000006,4,,4,Süd,,,1,4.0,,0,14201009144200829260,,,
9269,,228481,14,7,13,000,2020,10,18,5,3,5,3,1,,1,1,0,0,0,,"734879,331500000320000","5694453,864700000700000",12.373375269000064,51.352728882000065,0,,0,Mitte,,,0,0.0,,0,14201001148413832840,,,
9270,,228483,14,7,13,000,2020,09,19,3,3,3,5,2,,1,1,0,0,0,,"734831,402300000190000","5692888,178300000700000",12.371655535000059,51.338694489000034,0,,0,Mitte,,,0,0.0,,0,14200929148410838110,,,
9271,,228484,14,7,13,000,2020,09,18,3,3,1,3,0,,1,1,0,0,0,,"737186,812900000250000","5693842,556500000900000",12.406045801000062,51.34628354100005,2,,2,Ost,,,0,2.0,,0,14200929148410832830,,,
9272,,228487,14,7,13,000,2020,09,09,3,3,5,3,0,,1,1,0,0,0,,"735114,421000000090000","5688743,893999999400000",12.372978880000062,51.30137679300003,4,,4,Süd,,,0,4.0,,0,14200929148210792490,,,
9273,,228488,14,7,13,000,2020,10,19,6,3,5,2,2,,1,1,0,0,0,,"737241,408900000150000","5692226,346100000700000",12.405751837000025,51.331753537000054,3,,3,Südost,,,0,3.0,,0,14201002144200811020,,,
9274,,228493,14,7,13,000,2020,10,17,5,2,5,3,0,,1,0,0,0,0,,"735073,088600000370000","5689670,855499999600000",12.372997618000056,51.30971467000006,4,,4,Süd,,,0,4.0,,1,14201001144200807900,,,
9275,,228495,14,7,13,000,2020,09,06,3,3,5,3,0,,1,1,0,0,0,,"738086,536299999800000","5697554,362600000600000",12.421425770000042,51.37922429900004,1,,1,Nordost,,,0,1.0,,0,14200929148110803550,,,
9276,,228497,14,7,13,000,2020,10,15,7,3,5,3,0,,1,1,0,0,0,,"735751,451000000350000","5693379,209400000100000",12.385165714000038,51.34272144400006,0,,0,Mitte,,,0,0.0,,0,14201010148410819330,,,
9277,,228498,14,7,13,000,2020,09,14,3,3,5,2,0,,1,1,0,0,0,,"736684,326200000010000","5693031,961400000400000",12.398304894000034,51.339216942000064,3,,3,Südost,,,0,3.0,,0,14200929145500943320,,,
9278,,228503,14,7,13,000,2020,09,14,3,3,4,2,0,,0,1,0,0,0,,"741209,464700000360000","5696064,554400000700000",12.465205474000072,51.36453467900003,2,,2,Ost,,,0,2.0,,0,14200929144200803880,,,
9279,,228504,14,7,13,000,2020,09,07,4,3,1,1,0,,0,1,0,1,0,,"730445,557000000030000","5692081,393899999600000",12.308276458000023,51.333246287000065,7,,7,Alt-West,,,0,7.0,,1,14200930144200812410,,,
9280,,228506,14,7,13,000,2020,10,19,6,3,6,7,2,,0,1,1,0,0,,"735171,085900000300000","5693506,407900000000000",12.376931788000036,51.344103559000075,0,,0,Mitte,,,1,0.0,,0,14201009148410832820,,,
9281,,228507,14,7,13,000,2020,09,11,3,3,5,3,0,,0,1,0,1,0,,"737741,152499999850000","5694928,429300000900000",12.414716333000058,51.35579877600003,1,,1,Nordost,,,0,1.0,,0,14200929144200795330,,,
9282,,228508,14,7,13,000,2020,09,14,3,3,5,3,0,,1,1,0,0,0,,"728462,219200000170000","5691181,924499999700000",12.279277313000023,51.32597165900006,6,,6,West,,,0,6.0,,0,14200929144200792240,,,
9283,,228509,14,7,13,000,2020,10,16,1,3,2,6,0,,0,1,0,1,0,,"738956,933699999940000","5691146,035499999300000",12.429607866000026,51.32133872400004,3,,3,Südost,,,0,3.0,,0,14201004148210815000,,,
9284,,228511,14,7,13,000,2020,09,14,3,3,5,3,0,,1,1,0,0,0,,"732645,245400000360000","5696540,415100000800000",12.342712566000046,51.37237791200005,8,,8,Nordwest,,,0,8.0,,0,14200929144200792220,,,
9285,,228517,14,7,13,000,2020,10,17,7,3,0,7,0,,1,0,0,0,0,,"737291,811099999580000","5692936,482899999200000",12.40694699900007,51.33810675600006,3,,3,Südost,,,0,3.0,,1,14201003144200811010,,,
9286,,228519,14,7,13,000,2020,10,11,4,3,5,3,0,,1,1,0,0,0,,"727479,101999999960000","5689012,146900000100000",12.263806607000049,51.30688663800004,6,,6,West,,,0,6.0,,0,14201007144200814940,,,
9287,,228522,14,7,13,000,2020,10,09,4,3,2,2,0,,1,1,0,0,0,,"732924,729399999600000","5691014,205299999600000",12.34310531500006,51.322656635000044,5,,5,Südwest,,,0,5.0,,0,14201007148310812480,,,
9288,,228523,14,7,13,000,2020,10,16,2,3,5,3,0,,1,1,0,0,0,,"731711,326600000260000","5692299,996899999700000",12.326557227000023,51.334694401000036,7,,7,Alt-West,,,0,7.0,,0,14201005144200811200,,,
9289,,228527,14,7,13,000,2020,10,21,6,3,5,3,2,,1,1,0,0,0,,"734905,335699999700000","5692083,884299999100000",12.372184767000022,51.33144429300006,0,,0,Mitte,,,1,0.0,,0,14201009144200819260,,,
9290,,228528,14,7,13,000,2020,10,07,5,3,5,2,0,,1,1,0,0,0,,"735745,249699999580000","5695363,073499999900000",12.386390825000035,51.36053166700003,9,,9,Nord,,,0,9.0,,0,14201001148113810900,,,
9291,,228535,14,7,13,000,2020,10,14,6,2,6,4,0,,0,1,1,0,0,,"739832,781899999830000","5693960,400800000900000",12.444048482000028,51.34623125400003,2,,2,Ost,,,0,2.0,,0,14201002144200803520,,,
9292,,228542,14,7,13,000,2020,10,10,5,3,5,3,0,,1,0,0,0,0,,"736247,752799999900000","5694971,365299999700000",12.393335410000077,51.35680693300003,9,,9,Nord,,,0,9.0,,1,14201008144200814930,,,
9293,,228543,14,7,13,000,2020,10,16,5,2,5,3,0,,0,1,0,0,0,,"735278,726400000040000","5690905,347500000100000",12.376757089000023,51.32071099600006,4,,4,Süd,,,0,4.0,,0,14201001144100798130,,,
9294,,228550,14,7,13,000,2020,10,13,5,3,2,2,0,,0,1,0,0,0,,"734205,423100000250000","5692888,739000000100000",12.362684878000039,51.338957676000064,0,,0,Mitte,,,1,0.0,,0,14201008148410829510,,,
9295,,228567,14,7,13,000,2020,09,18,2,3,5,3,0,,1,1,0,0,0,,"738365,712100000120000","5694875,956800000700000",12.423634666000055,51.355066185000055,1,,1,Nordost,,,0,1.0,,0,14200928144200787810,,,
9296,,228569,14,7,13,000,2020,10,11,7,3,2,2,0,,0,1,0,0,0,,"737508,139399999750000","5694757,637700000800000",12.411261910000064,51.35436317500006,1,,1,Nordost,,,0,1.0,,0,14201003148110842770,,,
9297,,228570,14,7,13,000,2020,10,15,6,3,2,6,0,,0,1,0,0,0,,"738231,098600000140000","5690697,582499999600000",12.418910720000042,51.317617760000076,3,,3,Südost,,,1,3.0,,0,14201009148210832680,,,
9298,,228572,14,7,13,000,2020,10,17,4,3,5,3,0,,1,1,0,0,0,,"733709,830400000330000","5693400,692700000500000",12.355918316000043,51.34375714300006,0,,0,Mitte,,,1,0.0,,0,14201007148110819290,,,
9299,,228582,14,7,13,000,2020,10,11,6,2,5,3,0,,1,1,0,0,0,,"734768,385400000030000","5694909,606399999900000",12.372085467000034,51.35686562300003,0,,0,Mitte,,,1,0.0,,0,14201009144200847120,,,
9300,,228589,14,7,13,000,2020,10,19,1,3,3,5,2,,1,1,0,0,0,,"737154,835500000040000","5692700,288000000600000",12.404826840000055,51.33604378700005,3,,3,Südost,,,1,3.0,,0,14201011148410835670,,,
9301,,228591,14,7,13,000,2020,10,13,6,3,2,6,0,,1,1,0,0,0,,"731826,536999999550000","5692170,104299999800000",12.328123728000037,51.33348143100005,7,,7,Alt-West,,,0,7.0,,0,14201002148310811370,,,
9302,,228615,14,7,13,000,2020,10,09,4,3,6,6,0,,0,1,1,0,0,,"735173,135800000280000","5695120,119500000000000",12.378027383000074,51.35858790700007,0,,0,Mitte,,,0,0.0,,0,14201007148410815040,,,
9303,,228617,14,7,13,000,2020,09,01,1,2,8,1,2,,0,1,0,0,0,,"738097,847199999730000","5697461,615399999500000",12.421525863000056,51.37838706900004,1,,1,Nordost,,,1,1.0,,0,14200927148110785090,,,
9304,,228623,14,7,13,000,2020,10,11,7,3,5,3,0,,1,1,0,0,0,,"732715,608500000090000","5691934,678400000600000",12.34071031700006,51.33100501500007,5,,5,Südwest,,,0,5.0,,0,14201003144200811090,,,
9305,,228626,14,7,13,000,2020,10,07,4,3,2,2,0,,0,1,0,0,0,,"739690,185800000090000","5692519,145999999700000",12.441034842000022,51.33335505900004,2,,2,Ost,,,0,2.0,,0,14201007144200859230,,,
9306,,228629,14,7,13,000,2020,10,06,2,3,5,3,1,,1,1,0,0,0,,"736338,832799999970000","5692761,933000000200000",12.393174498000064,51.33693680700003,0,,0,Mitte,,,1,0.0,,0,14201005148121811330,,,
9307,,228633,14,7,13,000,2020,10,07,6,2,5,2,0,,1,1,0,0,0,,"731532,360799999910000","5691626,413899999100000",12.323554880000074,51.328720634000035,7,,7,Alt-West,,,1,7.0,,0,14201009144200829240,,,
9308,,228634,14,7,13,000,2020,10,18,5,3,5,3,1,,1,1,0,0,0,,"737661,815000000410000","5692649,742200000200000",12.41205797300006,51.33537845600006,2,,2,Ost,,,0,2.0,,0,14201001148410819340,,,
9309,,228641,14,7,13,000,2020,10,10,6,3,5,3,0,,1,1,0,0,0,,"726594,370000000110000","5691388,416999999400000",12.252644619000023,51.328572473000065,6,,6,West,,,0,6.0,,0,14201002144200810890,,,
9310,,228644,14,7,13,000,2020,09,08,4,3,6,3,0,,0,1,1,0,0,,"732394,841599999930000","5691691,892599999900000",12.335955660000025,51.32895673300004,5,,5,Südwest,,,0,5.0,,0,14200930148310811390,,,
9311,,228649,14,7,13,000,2020,10,09,5,3,6,2,0,,0,1,1,0,0,,"737968,780100000090000","5693728,918600000400000",12.41717763500003,51.34493676100004,2,,2,Ost,,,0,2.0,,0,14201008144200856950,,,
9312,,228652,14,7,13,000,2020,09,23,7,3,2,6,2,,0,1,0,0,0,,"735003,916500000280000","5691875,773299999500000",12.373460071000068,51.32953548800003,0,,0,Mitte,,,1,0.0,,0,14200926148410798230,,,
9313,,228654,14,7,13,000,2020,10,04,7,2,0,7,2,,1,0,0,0,0,,"735975,330500000160000","5691626,079600000800000",12.38721320600007,51.32689203800004,0,,0,Mitte,,,1,0.0,,1,14201010144200835430,,,
9314,,228655,14,7,13,000,2020,09,13,7,3,2,2,0,,0,1,0,0,0,,"733383,302699999880000","5690619,212200000900000",12.349416491000056,51.318923021000046,5,,5,Südwest,,,1,5.0,,0,14200926148310785250,,,
9315,,228657,14,7,13,000,2020,10,09,5,3,5,2,0,,1,1,0,0,0,,"735012,836799999700000","5692060,972699999800000",12.373710018000054,51.33119422500005,0,,0,Mitte,,,0,0.0,,0,14201008148410845900,,,
9316,,228660,14,7,13,000,2020,09,10,7,3,5,2,0,,1,1,0,0,0,,"734999,022499999960000","5692265,506400000300000",12.37364696700007,51.33303590600008,0,,0,Mitte,,,1,0.0,,0,14200926144200785000,,,
9317,,228668,14,7,13,000,2020,09,14,4,3,6,4,0,,0,1,1,0,0,,"735320,487999999900000","5689555,540999999300000",12.376464816000066,51.30857734500006,4,,4,Süd,,,0,4.0,,0,14200930148223812460,,,
9318,,228669,14,7,13,000,2020,10,12,2,3,6,4,0,,0,0,1,0,0,,"735286,020399999800000","5693691,474800000000000",12.378701397000043,51.34571722800007,0,,0,Mitte,,,1,0.0,,1,14201005148410838090,,,
9319,,228676,14,7,13,000,2020,10,09,6,3,2,6,0,,0,1,0,0,0,,"733477,535199999810000","5690647,149199999900000",12.350784684000075,51.319135147000054,5,,5,Südwest,,,1,5.0,,0,14201009148310816980,,,
9320,,228678,14,7,13,000,2020,10,23,4,3,0,1,2,,1,0,0,0,0,,"735411,342799999750000","5689502,933700000900000",12.377731295000046,51.30806755800006,4,,4,Süd,,,1,4.0,,0,14201007148210857050,,,
9321,,228683,14,7,13,000,2020,10,17,6,3,2,6,0,,0,1,0,0,0,,"735614,583200000230000","5694419,411499999500000",12.383892521000064,51.35211531300007,0,,0,Mitte,,,1,0.0,,0,14201009144200819250,,,
9322,,228698,14,7,13,000,2020,10,15,3,3,6,4,0,,0,0,1,0,0,,"735546,818099999800000","5692909,605900000800000",12.381922300000042,51.33859095200006,0,,0,Mitte,,,0,0.0,,1,14201006144200832370,,,
9323,,228699,14,7,13,000,2020,09,06,6,3,6,4,1,,0,1,1,0,0,,"737094,231599999590000","5691722,416699999900000",12.403307762000054,51.32729157500006,3,,3,Südost,,,0,3.0,,0,14200925148410795640,,,
9324,,228702,14,7,13,000,2020,09,13,6,3,3,6,0,,0,1,0,0,0,,"734805,702100000340000","5692636,934399999700000",12.371121611000035,51.33644983500005,0,,0,Mitte,,,0,0.0,,0,14200925148410788350,,,
9325,,228705,14,7,13,000,2020,09,17,6,3,6,7,0,,0,0,1,0,0,,"740992,936499999840000","5696209,095400000000000",12.462198881000063,51.36592389200007,2,,2,Ost,,,0,2.0,,1,14200925148210891910,,,
9326,,228706,14,7,13,000,2020,10,12,6,3,1,7,0,,0,1,0,0,0,,"731730,070199999960000","5696518,926899999400000",12.32957295600005,51.37255913700005,8,,8,Nordwest,,,0,8.0,,1,14201002144100811000,,,
9327,,228711,14,7,13,000,2020,09,12,6,3,2,6,0,,0,1,0,0,0,,"737126,023299999540000","5694426,802899999500000",12.405563680000057,51.35155313400003,1,,1,Nordost,,,0,1.0,,0,14200925148120787980,,,
9328,,228714,14,7,13,000,2020,09,12,6,3,2,6,0,,1,0,0,0,0,,"730278,512900000440000","5691342,676999999200000",12.305405309000037,51.32668247200007,7,,7,Alt-West,,,0,7.0,,0,14200925144200788191,,,
9329,,228716,14,7,13,000,2020,10,22,4,3,1,1,2,,0,1,0,1,0,,"735758,035699999890000","5692893,797800000800000",12.384938767000051,51.33836152900005,0,,0,Mitte,,,1,0.0,,0,14201007148410843020,,,
9330,,228720,14,7,13,000,2020,09,17,6,3,5,3,0,,1,0,0,0,0,,"735037,792000000370000","5691485,591000000000000",12.37368814100006,51.32601906300005,0,,0,Mitte,,,0,0.0,,1,14200925144200787800,,,
9331,,228721,14,7,13,000,2020,09,17,3,3,5,3,0,,1,1,0,0,0,,"736590,408200000410000","5693782,826799999900000",12.397457817000031,51.34599590600004,2,,2,Ost,,,0,2.0,,0,14200929662212817440,,,
9332,,228722,14,7,13,000,2020,10,23,7,3,5,3,2,,0,1,0,0,0,,"729334,764899999830000","5690836,781600000300000",12.291557384000043,51.32252220100003,6,,6,West,,,0,6.0,,0,14201003144200811320,,,
9333,,228723,14,7,13,000,2020,10,06,6,3,0,1,2,,0,0,0,1,0,,"735085,576799999920000","5688378,788300000100000",12.37232541800006,51.298111350000056,4,,4,Süd,,,1,4.0,,0,14201009148210816970,,,
9334,,228726,14,7,13,000,2020,10,16,4,3,3,6,0,,1,1,0,0,0,,"737259,399199999870000","5694398,324899999400000",12.407456583000055,51.35124185900003,1,,1,Nordost,,,1,1.0,,0,14201007144200879010,,,
9335,,228727,14,7,13,000,2020,09,07,4,3,5,3,0,,1,1,0,0,0,,"735081,916699999940000","5696944,011900000300000",12.377925246000075,51.374997456000074,9,,9,Nord,,,0,9.0,,0,14200930148110798190,,,
9336,,228732,14,7,13,000,2020,10,15,5,3,2,2,0,,0,1,0,0,0,,"728961,831799999810000","5690769,681399999200000",12.286171178000075,51.32207002100006,6,,6,West,,,0,6.0,,0,14201008148310844670,,,
9337,,228743,14,7,13,000,2020,10,08,3,3,5,2,0,,1,1,0,0,0,,"731410,481999999840000","5691635,981000000600000",12.32181472700006,51.32885610900007,7,,7,Alt-West,,,0,7.0,,0,14201027148310886660,,,
9338,,228749,14,7,13,000,2020,10,16,2,2,5,3,0,,0,1,0,0,0,,"742285,834400000050000","5694030,510700000500000",12.479253153000059,51.345820436000054,2,,2,Ost,,,0,2.0,,0,14201019144200950320,,,
9339,,228750,14,7,13,000,2020,10,11,2,3,5,3,0,,1,1,0,0,0,,"734827,146499999800000","5694108,382600000100000",12.372399244000064,51.349649269000054,0,,0,Mitte,,,0,0.0,,0,14201019144200854310,,,
9340,,228757,14,7,13,000,2020,10,16,1,3,1,5,0,,1,1,0,0,0,,"730981,476599999700000","5692033,082699999200000",12.315924985000038,51.332595215000026,7,,7,Alt-West,,,0,7.0,,0,14201018148310859400,,,
9341,,228761,14,7,13,000,2020,10,18,7,3,0,1,2,,1,0,0,0,0,,"734613,730299999940000","5692761,914300000300000",12.368452888000036,51.337650935000056,0,,0,Mitte,,,0,0.0,,0,14201024148410881910,,,
9342,,228770,14,7,13,000,2020,10,00,7,3,0,7,2,,1,0,0,0,0,,"735035,937699999660000","5691585,993799999400000",12.373727779000035,51.32692108400005,0,,0,Mitte,,,1,0.0,,0,14201017148410845880,,,
9343,,228771,14,7,13,000,2020,10,18,7,3,5,3,2,,0,1,0,0,0,,"727586,498700000350000","5693244,979499999400000",12.268047436000074,51.344843421000064,7,,7,Alt-West,,,1,7.0,,0,14201017148323844640,,,
9344,,228772,14,7,13,000,2020,10,08,4,3,5,3,0,,0,1,0,0,0,,"732879,247700000180000","5695870,552500000200000",12.345629891000044,51.366268938000076,8,,8,Nordwest,,,0,8.0,,0,14201028148110881820,,,
9345,,228774,14,7,13,000,2020,10,14,7,3,5,3,0,,1,1,0,0,0,,"731572,633000000380000","5696597,744999999200000",12.327366289000054,51.37333087800005,8,,8,Nordwest,,,0,8.0,,0,14201024148110881830,,,
9346,,228775,14,7,13,000,2020,10,16,7,3,3,6,0,,0,1,0,1,0,,"740680,176699999720000","5693922,165699999800000",12.456167673000039,51.345529972000065,2,,2,Ost,,,1,2.0,,0,14201017144200950330,,,
9347,,228784,14,7,13,000,2020,10,19,7,2,6,4,2,,0,1,1,0,0,,"737271,447999999860000","5692306,623700000300000",12.40623570400004,51.33246158700007,3,,3,Südost,,,0,3.0,,0,14201024144200871160,,,
9348,,228790,14,7,13,000,2020,10,14,5,3,1,7,0,,0,1,0,0,0,,"737453,431400000120000","5693748,368799999400000",12.40980440100003,51.34532681500008,2,,2,Ost,,,0,2.0,,0,14201022148410927510,,,
9349,,228793,14,7,13,000,2020,10,08,5,3,0,1,0,,1,0,0,0,0,,"737777,046600000000000","5693737,972400000300000",12.414435682000033,51.34509824600008,2,,2,Ost,,,0,2.0,,0,14201022148410879320,,,
9350,,228795,14,7,13,000,2020,10,06,5,3,4,1,2,,0,1,0,0,0,,"729378,444799999710000","5690433,319299999600000",12.29192363900006,51.31888265200007,6,,6,West,,,1,6.0,,0,14201022148320859380,,,
9351,,228798,14,7,13,000,2020,10,17,5,3,5,2,0,,1,0,0,0,1,,"730537,576899999750000","5691506,411499999500000",12.309223152000072,51.32804739200003,7,,7,Alt-West,,,0,7.0,,0,14201022148310900470,,,
9352,,228799,14,7,13,000,2020,10,19,6,3,0,7,2,,1,0,0,0,0,,"735243,142099999820000","5692270,600099999500000",12.377148380000051,51.332980717000055,0,,0,Mitte,,,1,0.0,,0,14201016148410886730,,,
9353,,228800,14,7,13,000,2020,10,15,6,3,5,3,0,,1,1,0,0,0,,"732052,125300000420000","5692047,827500000600000",12.331276786000046,51.33229178700003,7,,7,Alt-West,,,1,7.0,,0,14201016148210844580,,,
9354,,228801,14,7,13,000,2020,10,05,6,3,0,1,2,,0,0,0,1,0,,"741105,310600000430000","5692473,696300000000000",12.461280190000025,51.332349031000035,2,,2,Ost,,,1,2.0,,0,14201016148210842880,,,
9355,,228802,14,7,13,000,2020,10,05,6,3,0,1,2,,1,0,0,0,0,,"733102,007500000300000","5696325,512099999900000",12.349122519000048,51.370261553000034,8,,8,Nordwest,,,1,8.0,,0,14201016148110854490,,,
9356,,228803,14,7,13,000,2020,10,06,6,3,5,2,1,,0,1,0,0,0,,"737505,398299999540000","5697069,747300000900000",12.412766601000044,51.37511777200007,1,,1,Nordost,,,1,1.0,,0,14201016148110842790,,,