UNFALL_ID,FID_left,OBJECTID,ULAND,UREGBEZ,UKREIS,UGEMEINDE,UJAHR,UMONAT,USTUNDE,UWOCHENTAG,UKATEGORIE,UART,UTYP1,ULICHTVERH,IstStrasse,IstRad,IstPKW,IstFuss,IstKrad,IstGkfz,IstSonstig,LINREFX,LINREFY,XGCSWGS84,YGCSWGS84,index_right,FID_right,SBZ,Name,UIDENTSTLA,LICHT,STRZUSTAND,FID,OBJECTID_1,IstSonstige,UIDENTSTLAE,OID_,IstStrassenzustand,PLST
9357,,228831,14,7,13,000,2020,10,07,5,3,5,2,2,,1,1,0,0,0,,"735972,578900000080000","5691623,234699999900000",12.387171900000055,51.32686764300007,0,,0,Mitte,,,1,0.0,,0,14201015148423843050,,,
9358,,228832,14,7,13,000,2020,10,12,5,3,5,3,0,,0,1,0,1,0,,"732653,927199999800000","5691452,084100000600000",12.339511436000066,51.326698140000076,5,,5,Südwest,,,1,5.0,,0,14201015148310871400,,,
9359,,228834,14,7,13,000,2020,10,17,5,3,5,2,1,,1,1,0,0,0,,"731310,209999999960000","5693990,013000000300000",12.321906744000046,51.35002870200003,7,,7,Alt-West,,,1,7.0,,0,14201015148310845860,,,
9360,,228838,14,7,13,000,2020,10,06,5,3,0,7,1,,1,0,0,0,0,,"730800,144799999890000","5694360,017000000900000",12.314834675000043,51.35355752000004,7,,7,Alt-West,,,1,7.0,,0,14201015148310844660,,,
9361,,228839,14,7,13,000,2020,10,08,5,3,5,3,0,,1,1,0,0,0,,"730364,140800000170000","5694606,878300000000000",12.308743656000047,51.35595046700007,7,,7,Alt-West,,,1,7.0,,1,14201015148310844600,,,
9362,,228841,14,7,13,000,2020,10,16,5,3,0,1,1,,1,0,0,0,0,,"732922,190499999560000","5691005,642000000900000",12.343063347000054,51.32258080400004,5,,5,Südwest,,,1,5.0,,0,14201015148310838080,,,
9363,,228842,14,7,13,000,2020,10,16,5,3,5,3,0,,0,1,0,0,0,,"741427,132799999790000","5695549,112099999600000",12.46797650700006,51.35981589800008,2,,2,Ost,,,1,2.0,,0,14201015148210838350,,,
9364,,228843,14,7,13,000,2020,10,19,5,2,5,3,2,,1,1,0,0,0,,"735106,189699999990000","5694901,017599999900000",12.376922786000023,51.35664888000008,0,,0,Mitte,,,1,0.0,,0,14201015148110845780,,,
9365,,228844,14,7,13,000,2020,10,11,1,3,5,3,0,,0,1,0,0,0,,"739909,868599999700000","5693138,745500000200000",12.444599786000026,51.338823794000064,2,,2,Ost,,,0,2.0,,1,14201025148210871300,,,
9366,,228845,14,7,13,000,2020,10,09,5,3,5,2,0,,0,1,0,0,0,,"734409,628700000230000","5695102,198899999300000",12.367068927000048,51.35874250400008,9,,9,Nord,,,1,9.0,,0,14201015148110844540,,,
9367,,228846,14,7,13,000,2020,10,14,5,3,5,3,0,,0,1,0,0,0,,"736339,353000000120000","5692059,994000000900000",12.39271633800007,51.33063584200005,0,,0,Mitte,,,1,0.0,,0,14201015144200856910,,,
9368,,228848,14,7,13,000,2020,10,07,4,3,2,2,1,,1,1,0,0,0,,"732262,056699999610000","5691194,089800000200000",12.333728657000051,51.32454230600007,5,,5,Südwest,,,1,5.0,,0,14201021148310873640,,,
9369,,228849,14,7,13,000,2020,10,16,5,3,8,7,0,,0,1,0,0,0,,"740449,372200000100000","5698178,284199999600000",12.455737141000043,51.38382877600003,1,,1,Nordost,,,1,1.0,,0,14201015144200847130,,,
9370,,228851,14,7,13,000,2020,10,13,4,3,1,7,0,,0,1,0,0,1,,"731534,805100000460000","5691653,667999999600000",12.323607609000021,51.32896429500005,7,,7,Alt-West,,,0,7.0,,0,14201021148310857080,,,
9371,,228852,14,7,13,000,2020,10,15,5,3,2,6,0,,0,1,0,0,0,,"736173,690799999980000","5691041,721500000000000",12.389668007000068,51.321564383000066,0,,0,Mitte,,,1,0.0,,0,14201015144100847070,,,
9372,,228853,14,7,13,000,2020,10,11,5,3,5,2,0,,1,1,0,0,0,,"736057,580000000070000","5692907,236600000400000",12.389240362000066,51.33835789800003,0,,0,Mitte,,,1,0.0,,0,14201015144100842580,,,
9373,,228854,14,7,13,000,2020,10,16,5,3,5,3,0,,1,1,0,0,0,,"739839,143000000160000","5689316,199999999300000",12.441014967000058,51.30454336500003,3,,3,Südost,,,0,3.0,,0,14201015143263952680,,,
9374,,228858,14,7,13,000,2020,10,11,4,3,6,2,0,,0,1,1,0,0,,"728682,333100000400000","5689591,157900000000000",12.281411042000059,51.31160252300003,6,,6,West,,,0,6.0,,0,14201021144200909140,,,
9375,,228863,14,7,13,000,2020,10,05,4,3,5,7,2,,0,1,0,1,0,,"736888,741899999790000","5691339,775900000700000",12.40010940600007,51.32394253500007,0,,0,Mitte,,,1,0.0,,0,14201021144200856920,,,
9376,,228873,14,7,13,000,2020,10,04,2,3,5,3,1,,1,1,0,0,0,,"738827,552600000050000","5695758,311400000000000",12.430847601000039,51.36279215400003,1,,1,Nordost,,,1,1.0,,0,14201026148110886430,,,
9377,,228882,14,7,13,000,2020,10,22,4,3,5,3,2,,1,1,0,0,0,,"739244,710799999540000","5692060,949599999900000",12.434344245000034,51.32942992100004,2,,2,Ost,,,0,2.0,,0,14201028148210891890,,,
9378,,228885,14,7,13,000,2020,10,20,4,3,6,2,2,,0,1,1,0,0,,"732575,709900000130000","5692083,711799999700000",12.338802961000056,51.33240006300008,7,,7,Alt-West,,,1,7.0,,0,14201014148310842980,,,
9379,,228887,14,7,13,000,2020,10,17,4,3,6,2,1,,0,1,1,0,0,,"736466,321000000460000","5687480,992000000600000",12.391500712000038,51.28948084500007,4,,4,Süd,,,1,4.0,,0,14201014148210838060,,,
9380,,228888,14,7,13,000,2020,10,16,4,3,5,3,0,,0,1,0,0,0,,"734962,120500000190000","5695379,278899999300000",12.37517317000004,51.36100149500004,9,,9,Nord,,,1,9.0,,0,14201014148110838050,,,
9381,,228890,14,7,13,000,2020,10,09,4,3,3,2,0,,0,1,0,0,0,,"737482,571999999690000","5697026,926999999200000",12.412410621000049,51.37474296400006,1,,1,Nordost,,,1,1.0,,1,14201014148110837980,,,
9382,,228891,14,7,13,000,2020,10,06,4,3,6,4,1,,0,1,1,0,0,,"731554,651899999940000","5692165,299300000100000",12.324224454000046,51.333549051000034,7,,7,Alt-West,,,1,7.0,,0,14201014144200876090,,,
9383,,228895,14,7,13,000,2020,10,10,4,3,6,4,0,,0,0,1,0,0,,"735589,655799999830000","5693138,005500000000000",12.38268727600007,51.34062338900003,0,,0,Mitte,,,1,0.0,,1,14201014144200847100,,,
9384,,228896,14,7,13,000,2020,10,17,4,3,2,6,1,,0,1,0,0,0,,"735037,533200000410000","5691568,829900000200000",12.373739321000073,51.326766355000075,0,,0,Mitte,,,1,0.0,,0,14201014144200845710,,,
9385,,228902,14,7,13,000,2020,10,12,3,3,5,3,0,,1,1,0,0,0,,"735544,384700000290000","5697396,823799999400000",12.38485816800005,51.37887038000008,9,,9,Nord,,,0,9.0,,0,14201027144000877160,,,
9386,,228923,14,7,13,000,2020,10,12,3,3,5,2,0,,1,1,0,0,0,,"735717,526399999860000","5690577,434000000400000",12.382826284000032,51.31758594000007,4,,4,Süd,,,0,4.0,,0,14201013148210832700,,,
9387,,228925,14,7,13,000,2020,10,17,3,3,5,2,0,,1,1,0,0,0,,"734770,330000000070000","5693729,881999999300000",12.371335200000033,51.34627517100006,0,,0,Mitte,,,0,0.0,,0,14201013148110838020,,,
9388,,228926,14,7,13,000,2020,10,13,3,3,2,6,0,,0,1,0,0,0,,"730583,235899999740000","5693688,316900000000000",12.311289807000037,51.34761575700003,7,,7,Alt-West,,,0,7.0,,0,14201020148310871340,,,
9389,,228927,14,7,13,000,2020,10,12,3,3,6,7,0,,1,0,1,0,0,,"734037,125400000250000","5697309,153000000900000",12.363180775000046,51.37870661900007,9,,9,Nord,,,0,9.0,,0,14201013148110835530,,,
9390,,228929,14,7,13,000,2020,10,08,3,3,3,7,0,,1,1,0,0,0,,"738979,881799999620000","5693675,441700000300000",12.431633034000072,51.34403266800007,2,,2,Ost,,,0,2.0,,0,14201020148223899080,,,
9391,,228930,14,7,13,000,2020,10,14,3,3,5,2,0,,0,0,0,1,0,,"737931,197300000120000","5702070,041999999400000",12.422224689000075,51.41982144800005,9,,9,Nord,,,0,9.0,,1,14201013144200856930,,,
9392,,228931,14,7,13,000,2020,10,15,3,2,5,3,0,,1,1,0,0,0,,"730160,740799999800000","5694139,820699999100000",12.305525357000022,51.35184011300004,7,,7,Alt-West,,,0,7.0,,0,14201013144200844460,,,
9393,,228933,14,7,13,000,2020,10,09,3,3,8,7,0,,0,1,0,0,0,,"739638,824400000270000","5692335,742900000900000",12.440175571000054,51.33173051700004,2,,2,Ost,,,0,2.0,,0,14201013144200835450,,,
9394,,228934,14,7,13,000,2020,10,09,4,3,3,6,0,,1,1,0,0,0,,"731697,207499999550000","5693099,575400000400000",12.32687500000003,51.34187781700007,7,,7,Alt-West,,,0,7.0,,0,14201028144200879280,,,
9395,,228935,14,7,13,000,2020,10,23,3,3,5,2,2,,1,1,0,0,0,,"738255,618400000040000","5690477,018100000900000",12.419114591000039,51.31562771200004,3,,3,Südost,,,1,3.0,,0,14201020148210854610,,,
9396,,228937,14,7,13,000,2020,10,19,3,2,5,3,0,,0,1,0,0,0,,"742285,427099999970000","5694030,453800000300000",12.47924727700007,51.345820099000036,2,,2,Ost,,,0,2.0,,0,14201013144200050230,,,
9397,,228938,14,7,13,000,2020,10,20,3,3,1,5,2,,1,1,0,0,0,,"736603,033400000070000","5693781,476900000100000",12.397637877000022,51.34597853500003,2,,2,Ost,,,0,2.0,,0,14201013143263939780,,,
9398,,228946,14,7,13,000,2020,10,18,3,3,4,7,1,,0,1,0,1,0,,"735596,014899999830000","5695940,026399999900000",12.384633291000057,51.36577242900006,9,,9,Nord,,,1,9.0,,0,14201020148110881850,,,
9399,,228947,14,7,13,000,2020,10,21,6,3,0,7,2,,1,0,0,0,0,,"733591,628700000230000","5694194,883500000500000",12.354745236000042,51.350934804000076,0,,0,Mitte,,,0,0.0,,0,14201023148410867970,,,
9400,,228952,14,7,13,000,2020,10,22,3,3,4,6,2,,1,0,0,0,0,,"738995,224999999630000","5691203,460999999200000",12.430194874000051,51.32183808700006,3,,3,Südost,,,0,3.0,,1,14201020144310001660,,,
9401,,228956,14,7,13,000,2020,10,15,3,3,2,6,0,,1,1,0,0,0,,"735577,038999999870000","5692150,613299999400000",12.381853516000035,51.33176548500006,0,,0,Mitte,,,0,0.0,,0,14201020144200859210,,,
9402,,228957,14,7,13,000,2020,10,14,2,3,6,4,0,,0,0,1,0,0,,"735536,401600000450000","5692913,051400000200000",12.381775300000072,51.338626195000074,0,,0,Mitte,,,0,0.0,,1,14201012148410843040,,,
9403,,228959,14,7,13,000,2020,10,16,3,3,0,7,0,,0,1,0,0,0,,"734843,540000000040000","5689327,373299999200000",12.36948393800003,51.30672616000004,4,,4,Süd,,,0,4.0,,0,14201020144200859190,,,
9404,,228960,14,7,13,000,2020,10,10,2,3,5,3,0,,1,1,0,0,0,,"727211,996100000110000","5693564,837300000700000",12.26288323500006,51.347864697000034,7,,7,Alt-West,,,1,7.0,,0,14201012148310844630,,,
9405,,228961,14,7,13,000,2020,10,14,2,3,2,3,0,,0,1,0,0,0,,"728554,310999999750000","5689537,623999999800000",12.279542959000025,51.31117335400006,6,,6,West,,,0,6.0,,0,14201012148310842970,,,
9406,,228962,14,7,13,000,2020,10,14,2,3,3,3,0,,0,1,0,0,0,,"728555,748700000350000","5689538,238900000200000",12.279563946000053,51.311178297000026,6,,6,West,,,0,6.0,,0,14201012148310832810,,,
9407,,228963,14,7,13,000,2020,10,16,2,3,5,3,0,,0,1,0,0,0,,"736684,311099999580000","5697155,112099999600000",12.401047428000027,51.37622678900004,1,,1,Nordost,,,0,1.0,,0,14201012148110842810,,,
9408,,228964,14,7,13,000,2020,10,15,2,3,2,6,0,,0,1,0,0,0,,"735021,908599999730000","5690882,011499999100000",12.373062678000053,51.320607651000046,4,,4,Süd,,,0,4.0,,1,14201012144200873320,,,
9409,,228966,14,7,13,000,2020,10,15,2,3,6,4,0,,0,1,1,0,0,,"737733,755400000140000","5693694,753200000200000",12.413786357000049,51.34472841500008,2,,2,Ost,,,0,2.0,,0,14201012144200859260,,,
9410,,228969,14,7,13,000,2020,10,14,2,3,5,3,0,,1,1,0,0,0,,"730257,435999999750000","5691362,765000000600000",12.305116290000058,51.32687133300004,6,,6,West,,,0,6.0,,0,14201012144200829250,,,
9411,,228972,14,7,13,000,2020,10,15,2,3,2,6,0,,0,1,0,0,0,,"735546,460400000210000","5692001,851600000600000",12.381317030000048,51.33044281600007,0,,0,Mitte,,,1,0.0,,0,14201012144100835420,,,
9412,,228979,14,7,13,000,2020,10,07,2,3,3,6,1,,1,1,0,0,0,,"735758,819400000390000","5689045,840199999500000",12.382405671000072,51.303820736000034,4,,4,Süd,,,1,4.0,,0,14201026148210879110,,,
9413,,228987,14,7,13,000,2020,10,16,6,3,2,6,0,,0,1,0,0,0,,"734794,513000000270000","5692476,618300000200000",12.370855608000056,51.33501539200006,0,,0,Mitte,,,0,0.0,,0,14201023143263965380,,,
9414,,229000,14,7,13,000,2020,11,18,6,3,3,2,1,,0,1,0,0,0,,"733178,774899999610000","5695859,146500000700000",12.349917638000022,51.36604369100007,8,,8,Nordwest,,,0,8.0,,0,14201106144200923930,,,
9415,,229001,14,7,13,000,2020,10,23,7,3,1,1,1,,1,1,0,0,0,,"737312,201500000430000","5694446,405700000000000",12.408245532000024,51.351651392000065,1,,1,Nordost,,,1,1.0,,0,14201031662221913110,,,
9416,,229004,14,7,13,000,2020,11,15,4,3,3,6,0,,1,0,0,0,0,,"736356,876400000420000","5687267,637199999800000",12.389792792000037,51.28761112600006,4,,4,Süd,,,0,4.0,,0,14201104148210935400,,,
9417,,229005,14,7,13,000,2020,11,07,2,3,3,6,0,,1,1,0,0,0,,"734485,240699999970000","5698649,070800000800000",12.370492784000021,51.39054931600003,9,,9,Nord,,,0,9.0,,0,14201116144200931160,,,
9418,,229007,14,7,13,000,2020,10,10,7,3,5,3,0,,0,1,0,0,0,,"731532,827999999750000","5687764,359999999400000",12.32105505800007,51.29405120800004,5,,5,Südwest,,,0,5.0,,0,14201031144200889240,,,
9419,,229008,14,7,13,000,2020,11,14,2,3,5,3,0,,0,1,0,0,0,,"730789,402999999930000","5696611,525299999900000",12.316141624000068,51.37377338600004,8,,8,Nordwest,,,0,8.0,,0,14201109144200909160,,,
9420,,229011,14,7,13,000,2020,11,12,3,3,5,2,0,,1,1,0,0,0,,"739382,378800000060000","5691714,033099999700000",12.436083649000068,51.32625815000006,2,,2,Ost,,,0,2.0,,0,14201117148210935480,,,
9421,,229013,14,7,13,000,2020,11,05,6,3,5,3,2,,1,1,0,0,0,,"736412,383200000040000","5695700,190099999300000",12.39617994100007,51.363280504000045,9,,9,Nord,,,0,9.0,,0,14201113148110935350,,,
9422,,229017,14,7,13,000,2020,11,10,4,2,0,1,0,,1,0,0,0,0,,"735184,169999999930000","5688971,230900000800000",12.374127437000027,51.30338866400007,4,,4,Süd,,,1,4.0,,0,14201111145200977500,,,
9423,,229020,14,7,13,000,2020,11,18,5,2,6,4,2,,0,1,1,0,0,,"737182,350999999790000","5693720,557000000000000",12.405900579000047,51.34519032700007,2,,2,Ost,,,0,2.0,,0,14201105144200080240,,,
9424,,229024,14,7,13,000,2020,11,08,3,3,1,5,0,,1,1,0,0,0,,"734822,948499999940000","5692732,871600000200000",12.371432000000027,51.33730388500004,0,,0,Mitte,,,0,0.0,,0,14201103148410904550,,,
9425,,229025,14,7,13,000,2020,11,14,3,3,2,6,0,,0,1,0,0,0,,"730664,297600000170000","5691605,073100000600000",12.311102744000038,51.32888170700005,6,,6,West,,,0,6.0,,0,14201110148310924250,,,
9426,,229040,14,7,13,000,2020,10,09,6,3,0,7,0,,0,0,0,1,0,,"734768,594200000170000","5692117,918999999800000",12.370247844000062,51.33180625700004,0,,0,Mitte,,,1,0.0,,0,14201030148410902170,,,
9427,,229042,14,7,13,000,2020,11,19,7,3,5,3,2,,0,1,0,0,0,,"735518,817499999890000","5692039,158900000200000",12.380945609000037,51.33078914400005,0,,0,Mitte,,,0,0.0,,1,14201114144200927180,,,
9428,,229044,14,7,13,000,2020,11,08,2,3,5,2,0,,1,1,0,0,0,,"735316,706799999810000","5692450,248299999200000",12.378321154000048,51.33456287100006,0,,0,Mitte,,,1,0.0,,0,14201116148223933880,,,
9429,,229046,14,7,13,000,2020,10,11,6,3,5,2,0,,1,1,0,0,0,,"737564,733099999840000","5693394,110200000900000",12.411163299000066,51.34210048600005,2,,2,Ost,,,1,2.0,,0,14201030148410899180,,,
9430,,229048,14,7,13,000,2020,11,13,5,3,3,5,0,,1,1,0,0,0,,"737125,901399999860000","5692206,615000000200000",12.404083666000076,51.33162459300007,3,,3,Südost,,,0,3.0,,0,14201112148210975050,,,
9431,,229050,14,7,13,000,2020,11,15,6,3,5,3,0,,1,0,0,0,0,,"733255,684500000440000","5691699,424399999900000",12.348295112000073,51.32867201800008,5,,5,Südwest,,,0,5.0,,0,14201106143263007600,,,
9432,,229052,14,7,13,000,2020,10,15,6,2,5,3,0,,1,1,0,0,0,,"738637,534799999560000","5693596,563400000300000",12.426673685000026,51.34346845700003,2,,2,Ost,,,1,2.0,,0,14201030148210886540,,,
9433,,229055,14,7,13,000,2020,11,15,4,3,5,2,0,,1,1,0,0,0,,"735282,307799999600000","5690785,579500000900000",12.376729365000074,51.31963443200004,4,,4,Süd,,,0,4.0,,0,14201104144200933900,,,
9434,,229058,14,7,13,000,2020,10,09,6,3,2,6,0,,0,1,0,0,0,,"733789,069500000220000","5695668,672100000100000",12.358543952000048,51.36408308400007,9,,9,Nord,,,0,9.0,,1,14201030148110886460,,,
9435,,229060,14,7,13,000,2020,10,06,6,3,5,3,1,,0,1,0,1,0,,"740971,459099999630000","5698145,167300000800000",12.463203403000023,51.383310195000035,1,,1,Nordost,,,1,1.0,,0,14201030148110886390,,,
9436,,229062,14,7,13,000,2020,11,16,3,3,5,3,2,,1,1,0,0,0,,"734826,880499999970000","5695597,621300000700000",12.373378237000054,51.36301731800006,9,,9,Nord,,,1,9.0,,0,14201117144200939870,,,
9437,,229064,14,7,13,000,2020,11,22,6,3,1,6,2,,0,1,0,0,0,,"732391,677899999540000","5696188,696000000500000",12.338845984000045,51.36932445800005,8,,8,Nordwest,,,0,8.0,,0,14201113144200933631,,,
9438,,229065,14,7,13,000,2020,10,07,6,3,5,2,2,,1,0,0,0,0,,"735003,896200000310000","5692243,778200000500000",12.373702473000037,51.332838852000066,0,,0,Mitte,,,1,0.0,,1,14201030144200913020,,,
9439,,229068,14,7,13,000,2020,10,13,6,3,5,3,0,,1,1,0,0,0,,"734457,903500000010000","5695074,830199999700000",12.367743026000028,51.35847691600003,9,,9,Nord,,,1,9.0,,0,14201030144200889250,,,
9440,,229072,14,7,13,000,2020,11,14,4,3,3,6,0,,1,0,0,0,0,,"734913,047799999830000","5690903,397500000900000",12.371517288000064,51.320844571000066,4,,4,Süd,,,1,4.0,,0,14201111144200918690,,,
9441,,229074,14,7,13,000,2020,10,14,6,3,4,1,0,,0,1,0,0,0,,"738243,925599999730000","5698610,722999999300000",12.424391590000027,51.38864000900003,1,,1,Nordost,,,1,1.0,,0,14201030144200888020,,,
9442,,229077,14,7,13,000,2020,10,18,6,3,5,2,2,,0,1,0,0,0,,"736665,239000000060000","5695556,321000000500000",12.399709753000025,51.36188385400004,9,,9,Nord,,,1,9.0,,0,14201030144200888000,,,
9443,,229080,14,7,13,000,2020,11,16,3,3,5,3,1,,1,1,0,0,0,,"735085,712199999950000","5689889,392899999400000",12.373322415000075,51.31167114100003,4,,4,Süd,,,0,4.0,,0,14201110144200911850,,,
9444,,229084,14,7,13,000,2020,10,05,6,3,6,4,1,,1,0,1,0,0,,"742288,162399999800000","5693931,249600000700000",12.479218974000048,51.34492853800003,2,,2,Ost,,,1,2.0,,0,14201030144200886580,,,
9445,,229087,14,7,13,000,2020,10,13,6,3,2,6,0,,0,1,0,0,0,,"735383,296400000340000","5690886,873299999200000",12.378242898000053,51.32050191900004,4,,4,Süd,,,1,4.0,,0,14201030144100972950,,,
9446,,229108,14,7,13,000,2020,11,04,4,2,9,7,2,,0,1,0,0,0,,"728569,236800000070000","5690496,697000000600000",12.28037138700006,51.319777214000055,6,,6,West,,,0,6.0,,0,14201104144200034900,,,
9447,,229111,14,7,13,000,2020,11,07,4,3,3,2,2,,0,1,0,1,0,,"735094,075699999930000","5694933,856899999100000",12.376770810000039,51.35694866700004,0,,0,Mitte,,,1,0.0,,0,14201111148122942111,,,
9448,,229113,14,7,13,000,2020,11,15,2,3,5,3,0,,1,1,0,0,0,,"735735,112499999810000","5697678,774499999400000",12.387780896000038,51.38132207700005,9,,9,Nord,,,0,9.0,,0,14201116148110961040,,,
9449,,229114,14,7,13,000,2020,11,20,2,2,0,7,2,,1,0,0,0,0,,"735098,980999999680000","5694151,375000000000000",12.376324234000037,51.34992282400003,0,,0,Mitte,,,0,0.0,,0,14201102662223912630,,,
9450,,229117,14,7,13,000,2020,11,13,2,3,5,2,0,,1,1,0,0,0,,"737280,402999999930000","5693758,460500000000000",12.40733117700006,51.34548963800006,2,,2,Ost,,,0,2.0,,0,14201109148410924310,,,
9451,,229122,14,7,13,000,2020,11,17,6,3,1,7,2,,1,1,0,0,0,,"732799,311300000180000","5691332,115000000200000",12.341516116000037,51.32556174100006,5,,5,Südwest,,,0,5.0,,0,14201113148310924230,,,
9452,,229124,14,7,13,000,2020,11,07,2,3,2,6,0,,0,1,0,0,0,,"735053,087299999780000","5694785,327700000300000",12.376085057000068,51.35563237500003,0,,0,Mitte,,,1,0.0,,0,14201102148410892070,,,
9453,,229131,14,7,13,000,2020,11,07,5,3,5,3,0,,0,1,0,0,0,,"733735,770100000310000","5695387,373500000700000",12.357594834000054,51.36157994100006,9,,9,Nord,,,0,9.0,,0,14201105148110913040,,,
9454,,229132,14,7,13,000,2020,11,20,3,2,3,2,2,,1,1,0,0,0,,"744129,944799999710000","5694635,758500000500000",12.506096806000073,51.350463758000046,2,,2,Ost,,,0,2.0,,0,14201117144200007610,,,
9455,,229136,14,7,13,000,2020,11,15,2,3,5,3,0,,0,1,0,0,0,,"729709,319199999790000","5690339,995100000900000",12.296603635000054,51.31791140400003,6,,6,West,,,0,6.0,,0,14201102148310902160,,,
9456,,229137,14,7,13,000,2020,11,15,3,3,6,6,0,,1,0,1,0,0,,"735308,032499999740000","5695306,883199999100000",12.380084947000057,51.360208510000064,0,,0,Mitte,,,0,0.0,,0,14201110148410924400,,,
9457,,229138,14,7,13,000,2020,11,20,7,3,5,3,2,,0,1,0,0,0,,"734582,156700000170000","5691404,125900000300000",12.367106561000071,51.325475847000064,0,,0,Mitte,,,0,0.0,,0,14201107144200918680,,,
9458,,229144,14,7,13,000,2020,11,13,5,3,5,5,0,,1,1,0,0,0,,"734606,142500000070000","5693670,162200000100000",12.368942471000025,51.345806879000065,0,,0,Mitte,,,0,0.0,,0,14201112148410927500,,,
9459,,229153,14,7,13,000,2020,11,22,7,3,6,6,2,,0,1,1,0,0,,"735016,711000000130000","5691700,821100000300000",12.373528025000041,51.32795976300008,0,,0,Mitte,,,0,0.0,,0,14201114145200942000,,,
9460,,229155,14,7,13,000,2020,11,07,2,3,5,3,0,,0,1,0,1,0,,"734300,779000000100000","5693446,490000000200000",12.36441839300005,51.34392502500003,0,,0,Mitte,,,0,0.0,,0,14201116148410931390,,,
9461,,229156,14,7,13,000,2020,11,12,2,3,2,6,0,,0,1,0,0,0,,"734761,231300000100000","5690886,574599999900000",12.369331358000068,51.32075621600006,4,,4,Süd,,,1,4.0,,0,14201102148210911980,,,
9462,,229158,14,7,13,000,2020,11,09,2,3,4,6,0,,1,0,0,0,0,,"733860,024799999780000","5694879,683100000000000",12.359042726000041,51.35697154200005,0,,0,Mitte,,,1,0.0,,0,14201102144200895040,,,
9463,,229163,14,7,13,000,2020,11,09,6,2,5,2,0,,1,1,0,0,0,,"737486,992999999780000","5691550,102399999300000",12.408820045000027,51.32558105000004,3,,3,Südost,,,0,3.0,,0,14201106144200911830,,,
9464,,229165,14,7,13,000,2020,11,12,1,3,0,1,0,,1,0,0,0,0,,"734931,093000000340000","5687509,135399999100000",12.369541320000053,51.29036867600007,4,,4,Süd,,,1,4.0,,0,14201101148210900430,,,
9465,,229167,14,7,13,000,2020,11,13,4,3,5,3,0,,0,1,0,0,0,,"742284,794700000440000","5694030,365499999400000",12.47923815400003,51.34581957600005,2,,2,Ost,,,0,2.0,,0,14201104144200950300,,,
9466,,229171,14,7,13,000,2020,11,11,2,3,5,2,0,,1,1,0,0,0,,"738076,915900000370000","5695127,898900000400000",12.419663203000027,51.35744864600008,1,,1,Nordost,,,0,1.0,,0,14201109144200032450,,,
9467,,229174,14,7,13,000,2020,11,16,3,3,6,4,1,,0,1,1,0,0,,"735515,794800000270000","5692025,940600000300000",12.38089356200004,51.33067174400003,0,,0,Mitte,,,1,0.0,,0,14201117144200944130,,,
9468,,229176,14,7,13,000,2020,11,08,6,3,6,7,0,,0,1,1,0,0,,"731667,346699999650000","5696549,446599999400000",12.328693247000047,51.37285869100003,8,,8,Nordwest,,,0,8.0,,0,14201113148110925780,,,
9469,,229178,14,7,13,000,2020,11,15,2,3,5,2,0,,1,1,0,0,0,,"736717,047199999910000","5697675,559699999200000",12.401863609000031,51.38088471200007,1,,1,Nordost,,,0,1.0,,0,14201102144200891650,,,
9470,,229184,14,7,13,000,2020,11,17,4,3,4,7,2,,0,1,0,0,0,,"732195,587299999780000","5692107,060000000500000",12.333371146000047,51.33276495700005,7,,7,Alt-West,,,1,7.0,,1,14201111144200918700,,,
9471,,229186,14,7,13,000,2020,10,08,5,3,0,1,0,,1,0,0,0,0,,"737772,408099999650000","5693736,584599999700000",12.414368274000026,51.345087729000056,2,,2,Ost,,,1,2.0,,0,14201029148410881930,,,
9472,,229189,14,7,13,000,2020,10,15,5,3,1,5,0,,1,1,0,0,0,,"735213,445700000040000","5692713,262000000100000",12.377015105000055,51.33696648800003,0,,0,Mitte,,,0,0.0,,0,14201029148410881920,,,
9473,,229191,14,7,13,000,2020,11,17,3,3,5,3,2,,1,1,0,0,0,,"732651,527300000190000","5691452,516200000400000",12.339477333000048,51.326703000000066,5,,5,Südwest,,,0,5.0,,0,14201103144200950310,,,
9474,,229194,14,7,13,000,2020,10,07,5,3,5,3,0,,1,1,0,0,0,,"730511,399100000040000","5689714,879899999100000",12.307689886000048,51.31197541200004,6,,6,West,,,1,6.0,,0,14201029148310881890,,,
9475,,229196,14,7,13,000,2020,10,11,5,2,3,6,0,,0,1,0,0,0,,"734951,742499999700000","5690895,461500000200000",12.372066380000035,51.32075735900003,4,,4,Süd,,,0,4.0,,1,14201029148210891850,,,
9476,,229199,14,7,13,000,2020,10,11,5,3,2,6,0,,0,1,0,0,0,,"735674,025399999690000","5696191,256100000800000",12.385918404000051,51.36799516700006,9,,9,Nord,,,1,9.0,,0,14201029148110881810,,,