UNFALL_ID,FID_left,OBJECTID,ULAND,UREGBEZ,UKREIS,UGEMEINDE,UJAHR,UMONAT,USTUNDE,UWOCHENTAG,UKATEGORIE,UART,UTYP1,ULICHTVERH,IstStrasse,IstRad,IstPKW,IstFuss,IstKrad,IstGkfz,IstSonstig,LINREFX,LINREFY,XGCSWGS84,YGCSWGS84,index_right,FID_right,SBZ,Name,UIDENTSTLA,LICHT,STRZUSTAND,FID,OBJECTID_1,IstSonstige,UIDENTSTLAE,OID_,IstStrassenzustand,PLST
9477,,229204,14,7,13,000,2020,11,15,6,3,5,2,0,,1,1,0,0,0,,"731313,638899999670000","5693989,888100000100000",12.32195581700006,51.35002618500005,7,,7,Alt-West,,,0,7.0,,0,14201106148310925870,,,
9478,,229205,14,7,13,000,2020,10,15,5,2,5,2,0,,1,1,0,0,0,,"739275,622299999930000","5691565,529999999300000",12.434454545000051,51.324970120000046,2,,2,Ost,,,0,2.0,,0,14201029144310881790,,,
9479,,229207,14,7,13,000,2020,11,09,7,3,6,2,0,,0,1,1,0,0,,"736692,924899999980000","5689806,920199999600000",12.39628678400004,51.31026481500004,4,,4,Süd,,,0,4.0,,0,14201114144200925700,,,
9480,,229209,14,7,13,000,2020,11,09,2,3,5,3,0,,1,1,0,0,0,,"738016,223799999800000","5692045,238900000200000",12.416732639000031,51.329804237000076,2,,2,Ost,,,0,2.0,,0,14201116148223933870,,,
9481,,229222,14,7,13,000,2020,11,15,4,2,5,2,0,,1,1,0,0,0,,"734288,323699999600000","5698407,878799999100000",12.367508440000051,51.38846560300004,9,,9,Nord,,,0,9.0,,0,14201104144200900360,,,
9482,,229233,14,7,13,000,2020,11,17,6,3,5,7,2,,1,1,0,0,0,,"735531,290000000040000","5692695,239000000100000",12.381558028000029,51.33667316100008,0,,0,Mitte,,,0,0.0,,0,14201113148410924430,,,
9483,,229244,14,7,13,000,2020,11,18,5,3,3,6,2,,1,1,0,0,0,,"734266,531999999660000","5693493,956700000900000",12.363958766000053,51.34436522000004,0,,0,Mitte,,,0,0.0,,0,14201105148410968580,,,
9484,,229254,14,7,13,000,2020,10,22,4,3,5,2,2,,0,1,0,0,0,,"737246,987499999810000","5692229,517100000800000",12.405833881000035,51.331779674000074,3,,3,Südost,,,0,3.0,,0,14201028148410924330,,,
9485,,229259,14,7,13,000,2020,10,17,4,3,0,1,2,,1,0,0,0,0,,"737402,417700000110000","5692707,025699999200000",12.40837911400007,51.33600097200008,2,,2,Ost,,,1,2.0,,0,14201028148410902200,,,
9486,,229263,14,7,13,000,2020,11,12,2,3,5,3,0,,1,1,0,0,0,,"734476,701999999580000","5693078,665999999300000",12.366697678000037,51.34055075300006,0,,0,Mitte,,,0,0.0,,0,14201116148410931450,,,
9487,,229270,14,7,13,000,2020,10,12,4,3,5,2,0,,1,1,0,0,0,,"731072,228400000370000","5691863,625700000700000",12.31711556700003,51.33103715500005,7,,7,Alt-West,,,0,7.0,,0,14201028148310879180,,,
9488,,229272,14,7,13,000,2020,11,09,4,3,3,6,0,,1,0,0,0,0,,"732137,643400000410000","5692773,566500000700000",12.332975129000033,51.33877167600008,7,,7,Alt-West,,,0,7.0,,0,14201104143263001631,,,
9489,,229274,14,7,13,000,2020,11,09,2,3,5,3,0,,1,1,0,0,0,,"737297,970599999650000","5695375,212799999900000",12.408660920000045,51.35999433200004,1,,1,Nordost,,,1,1.0,,0,14201123144100958380,,,
9490,,229276,14,7,13,000,2020,12,16,3,3,2,2,1,,1,1,0,0,0,,"736045,686900000090000","5699578,453400000900000",12.393498402000034,51.39824480100003,9,,9,Nord,,,0,9.0,,0,14201208144200996770,,,
9491,,229280,14,7,13,000,2020,11,11,6,2,6,7,0,,0,1,1,0,0,,"735455,082600000310000","5690034,571699999300000",12.37870857200005,51.31282165200008,4,,4,Süd,,,0,4.0,,0,14201127148210972990,,,
9492,,229281,14,7,13,000,2020,12,16,3,3,5,2,2,,1,1,0,0,0,,"737427,332299999890000","5693235,223400000500000",12.409088204000057,51.34073170100004,2,,2,Ost,,,0,2.0,,0,14201208144200993880,,,
9493,,229282,14,7,13,000,2020,11,18,4,3,5,3,2,,0,1,0,1,0,,"735856,936499999840000","5688895,985099999200000",12.383711686000026,51.302434951000066,4,,4,Süd,,,0,4.0,,0,14201125144200960930,,,
9494,,229283,14,7,13,000,2020,12,12,3,3,5,2,0,,1,0,0,0,0,,"733823,908400000070000","5692555,533900000200000",12.356998532000034,51.33612364900006,0,,0,Mitte,,,0,0.0,,1,14201208144200993811,,,
9495,,229287,14,7,13,000,2020,11,16,2,3,5,3,0,,0,1,0,0,0,,"736070,315200000070000","5689665,604900000600000",12.387276287000077,51.30925486800004,4,,4,Süd,,,0,4.0,,0,14201130148210970940,,,
9496,,229298,14,7,13,000,2020,11,10,5,3,5,3,0,,1,1,0,0,0,,"734514,560700000260000","5695386,246999999500000",12.368760622000025,51.36124893600004,9,,9,Nord,,,0,9.0,,0,14201126144200965490,,,
9497,,229308,14,7,13,000,2020,12,08,2,3,6,2,0,,0,0,1,0,0,,"728682,720200000330000","5689590,382200000800000",12.28141608900006,51.31159540400006,6,,6,West,,,1,6.0,,1,14201214148310038450,,,
9498,,229312,14,7,13,000,2020,12,09,5,3,5,5,0,,0,1,0,1,0,,"733360,083700000310000","5695802,172499999400000",12.352480204000074,51.36545781600006,8,,8,Nordwest,,,1,8.0,,0,14201210148110003790,,,
9499,,229317,14,7,13,000,2020,12,16,7,3,0,1,1,,1,0,0,0,0,,"737779,114199999720000","5693739,989900000400000",12.414466663000042,51.34511549100006,2,,2,Ost,,,1,2.0,,0,14201212148410012390,,,
9500,,229324,14,7,13,000,2020,11,15,4,3,2,2,0,,0,1,0,0,0,,"741568,633200000040000","5695724,254499999800000",12.470124013000031,51.36132774400005,2,,2,Ost,,,0,2.0,,0,14201125148210961090,,,
9501,,229327,14,7,13,000,2020,11,16,1,3,5,2,1,,1,1,0,0,0,,"737637,080599999990000","5692162,856399999900000",12.41137881800006,51.33101848800004,3,,3,Südost,,,0,3.0,,0,14201122148210952920,,,
9502,,229332,14,7,13,000,2020,11,17,1,3,5,2,1,,1,1,0,0,0,,"735600,755199999550000","5697090,535199999800000",12.385463669000046,51.37609768500005,9,,9,Nord,,,0,9.0,,0,14201122148120944220,,,
9503,,229334,14,7,13,000,2020,12,12,2,3,2,2,0,,1,1,0,0,0,,"732975,003399999810000","5691756,787399999800000",12.344310915000051,51.32930196600006,5,,5,Südwest,,,0,5.0,,0,14201207148310013460,,,
9504,,229336,14,7,13,000,2020,12,15,3,3,5,3,0,,1,1,0,0,0,,"736532,848799999800000","5687735,647399999200000",12.392621726000073,51.29173908300004,4,,4,Süd,,,0,4.0,,0,14201215148210025930,,,
9505,,229337,14,7,13,000,2020,12,07,2,2,0,1,1,,1,0,0,0,0,,"735321,780500000340000","5697877,853800000600000",12.381983825000077,51.38328051000008,9,,9,Nord,,,0,9.0,,0,14201207148110989610,,,
9506,,229338,14,7,13,000,2020,11,20,1,3,0,1,2,,1,1,1,0,0,,"735053,958499999720000","5696706,793400000800000",12.377367400000026,51.37287968600003,9,,9,Nord,,,0,9.0,,0,14201122148110961000,,,
9507,,229343,14,7,13,000,2020,12,13,6,3,3,6,0,,0,1,0,0,0,,"734140,696899999860000","5695550,774199999900000",12.363508376000027,51.36287998300003,9,,9,Nord,,,0,9.0,,1,14201211148110027750,,,
9508,,229345,14,7,13,000,2020,12,15,3,2,3,6,0,,1,1,0,0,0,,"732999,798899999820000","5694154,345599999700000",12.346234672000037,51.35081381600003,0,,0,Mitte,,,0,0.0,,0,14201201144200046640,,,
9509,,229358,14,7,13,000,2020,11,06,5,3,5,3,2,,1,1,0,0,0,,"731845,793300000020000","5696459,700799999800000",12.331194061000076,51.37198025600003,8,,8,Nordwest,,,0,8.0,,0,14201126148110967020,,,
9510,,229360,14,7,13,000,2020,12,06,2,3,5,2,2,,1,1,0,0,0,,"741231,402900000100000","5692651,134400000800000",12.463206937000052,51.33388817400004,2,,2,Ost,,,0,2.0,,0,14201214144200012330,,,
9511,,229368,14,7,13,000,2020,11,09,2,3,5,2,0,,1,1,0,0,0,,"735297,166000000200000","5695972,376000000200000",12.380369383000073,51.36618665900005,9,,9,Nord,,,0,9.0,,0,14201123144200980200,,,
9512,,229378,14,7,13,000,2020,11,12,7,3,6,4,0,,0,1,1,0,0,,"738052,316399999890000","5697308,230200000100000",12.420770086000061,51.377029391000065,1,,1,Nordost,,,0,1.0,,0,14201121148110943340,,,
9513,,229387,14,7,13,000,2020,12,12,3,3,3,6,0,,0,1,0,1,0,,"733536,962600000200000","5694194,949300000400000",12.35396163200005,51.350957857000026,0,,0,Mitte,,,1,0.0,,0,14201201148110977590,,,
9514,,229393,14,7,13,000,2020,11,17,6,3,2,6,2,,0,1,0,0,0,,"728038,408900000150000","5689295,369200000500000",12.271998367000037,51.30920546400006,6,,6,West,,,0,6.0,,0,14201127148310003810,,,
9515,,229394,14,7,13,000,2020,12,15,7,3,2,6,0,,1,0,0,0,0,,"736093,525700000110000","5692918,496600000200000",12.38976295200007,51.33844404800004,0,,0,Mitte,,,0,0.0,,0,14201205148220987251,,,
9516,,229395,14,7,13,000,2020,11,22,4,3,5,3,2,,1,1,0,0,0,,"736849,874900000170000","5692030,264399999800000",12.40001142400007,51.330156646000034,3,,3,Südost,,,0,3.0,,0,14201125144200960950,,,
9517,,229396,14,7,13,000,2020,12,10,7,2,1,5,0,,1,1,0,0,0,,"735209,830299999560000","5695772,544800000300000",12.378984869000021,51.36442908200007,9,,9,Nord,,,0,9.0,,0,14201205148110987140,,,
9518,,229399,14,7,13,000,2020,12,18,7,3,5,3,2,,1,1,0,0,0,,"736526,323099999690000","5692381,517999999200000",12.395608710000033,51.333444188000044,3,,3,Südost,,,0,3.0,,0,14201205144310079070,,,
9519,,229409,14,7,13,000,2020,12,17,7,2,2,6,2,,1,1,0,0,0,,"736604,003800000060000","5696603,777599999700000",12.399528664000059,51.37131142900006,1,,1,Nordost,,,0,1.0,,0,14201205144200079040,,,
9520,,229416,14,7,13,000,2020,11,10,5,3,5,3,0,,0,1,0,0,0,,"731977,396300000140000","5690976,558599999200000",12.32950869800004,51.32270570600008,5,,5,Südwest,,,0,5.0,,0,14201126144200965501,,,
9521,,229427,14,7,13,000,2020,12,19,5,3,5,3,2,,1,1,0,0,0,,"731973,706299999730000","5693978,745200000700000",12.331410776000041,51.34965717500006,7,,7,Alt-West,,,1,7.0,,0,14201210148310001700,,,
9522,,229429,14,7,13,000,2020,11,09,7,3,5,3,0,,0,1,0,0,0,,"737248,366999999620000","5692229,234999999400000",12.40585345900007,51.33177656600003,3,,3,Südost,,,0,3.0,,1,14201128144200993860,,,
9523,,229437,14,7,13,000,2020,12,09,4,3,5,3,0,,0,1,0,0,0,,"736937,364299999550000","5691828,519500000400000",12.401130845000068,51.32830932200005,3,,3,Südost,,,1,3.0,,0,14201209148410001710,,,
9524,,229440,14,7,13,000,2020,11,16,4,3,5,2,1,,1,1,0,0,0,,"732313,849000000390000","5690619,007500000300000",12.334095976000071,51.31935878200005,5,,5,Südwest,,,0,5.0,,0,14201125148210996980,,,
9525,,229441,14,7,13,000,2020,11,06,6,3,5,2,0,,1,1,0,0,0,,"735252,852300000380000","5692283,292099999300000",12.377295899000046,51.333090629000026,0,,0,Mitte,,,0,0.0,,0,14201120148410942390,,,
9526,,229446,14,7,13,000,2020,12,12,3,3,1,2,0,,1,1,0,0,0,,"730748,553000000310000","5685497,162000000500000",12.308361601000058,51.27401672800005,5,,5,Südwest,,,0,5.0,,0,14201208148310029650,,,
9527,,229448,14,7,13,000,2020,11,08,6,3,6,6,0,,1,0,1,0,0,,"742698,161600000230000","5692857,447799999300000",12.48436312800004,51.33511594500004,2,,2,Ost,,,0,2.0,,0,14201120148210961130,,,
9528,,229449,14,7,13,000,2020,11,16,6,3,5,2,2,,1,1,0,0,0,,"734478,836099999960000","5695026,151100000400000",12.36801106200005,51.35803131600005,9,,9,Nord,,,0,9.0,,0,14201127148110975010,,,
9529,,229454,14,7,13,000,2020,11,06,6,3,5,3,2,,0,1,0,0,0,,"729084,531700000170000","5698858,490199999900000",12.293137415000047,51.394634730000064,8,,8,Nordwest,,,1,8.0,,0,14201120148110942030,,,
9530,,229457,14,7,13,000,2020,11,15,2,3,5,3,0,,0,1,0,0,0,,"736976,636300000360000","5692383,749600000700000",12.40206273800004,51.33327678000006,3,,3,Südost,,,0,3.0,,0,14201130148110983890,,,
9531,,229458,14,7,13,000,2020,12,18,4,3,5,3,2,,1,1,0,0,0,,"734721,325699999930000","5690667,650399999700000",12.36861558000004,51.31880751500006,4,,4,Süd,,,1,4.0,,0,14201209144200016540,,,
9532,,229459,14,7,13,000,2020,12,17,6,3,5,3,2,,1,1,0,0,0,,"738576,032999999820000","5690799,437599999800000",12.423919615000045,51.318387510000036,3,,3,Südost,,,1,3.0,,0,14201211148220005020,,,
9533,,229460,14,7,13,000,2020,12,10,6,3,5,7,0,,1,1,0,0,0,,"735311,210699999700000","5691846,426500000100000",12.377843651000035,51.32914503000006,0,,0,Mitte,,,0,0.0,,0,14201204148410007650,,,
9534,,229461,14,7,13,000,2020,12,22,3,3,8,1,2,,0,1,0,0,0,,"731568,572100000460000","5696599,839600000500000",12.327309410000055,51.37335133700003,8,,8,Nordwest,,,0,8.0,,0,14201201144200054150,,,
9535,,229462,14,7,13,000,2020,11,14,6,3,5,3,0,,1,1,0,0,0,,"742478,115600000140000","5692797,019200000900000",12.481169113000021,51.33466743000008,2,,2,Ost,,,0,2.0,,0,14201120144200941860,,,
9536,,229466,14,7,13,000,2020,12,19,6,3,6,6,2,,1,0,1,0,0,,"731044,212299999780000","5691847,834300000200000",12.316703872000062,51.33090677700005,7,,7,Alt-West,,,0,7.0,,0,14201204148310029620,,,
9537,,229468,14,7,13,000,2020,11,07,6,2,2,6,0,,0,1,0,0,0,,"742956,791199999860000","5685679,800499999900000",12.483183237000048,51.27058341000003,3,,3,Südost,,,1,3.0,,1,14201120144200052200,,,
9538,,229470,14,7,13,000,2020,12,09,6,3,2,6,0,,0,1,0,0,1,,"730640,146599999630000","5691649,452700000300000",12.310785408000072,51.329289893000066,7,,7,Alt-West,,,1,7.0,,0,14201204148310007640,,,
9539,,229472,14,7,13,000,2020,11,16,5,3,5,3,2,,1,1,0,0,0,,"742273,364400000310000","5694562,958900000900000",12.47943678300004,51.35060467000005,2,,2,Ost,,,0,2.0,,0,14201126144200960940,,,
9540,,229475,14,7,13,000,2020,12,16,6,3,1,1,2,,0,1,0,0,0,,"739954,144100000150000","5689290,593499999500000",12.44264449600007,51.30426507300007,3,,3,Südost,,,0,3.0,,1,14201204148210054880,,,
9541,,229476,14,7,13,000,2020,11,07,5,3,5,3,1,,1,1,0,0,0,,"736697,504700000400000","5689804,076099999200000",12.396350489000042,51.31023738200008,4,,4,Süd,,,0,4.0,,0,14201126148210022990,,,
9542,,229478,14,7,13,000,2020,12,08,2,3,5,3,0,,0,1,0,0,0,,"739054,305399999950000","5691268,128300000000000",12.431084557000077,51.32239371400004,3,,3,Südost,,,0,3.0,,0,14201214144200054830,,,
9543,,229479,14,7,13,000,2020,12,18,6,2,1,5,2,,1,1,0,0,0,,"737170,328400000000000","5691666,138000000300000",12.404360557000075,51.326754692000065,3,,3,Südost,,,0,3.0,,0,14201204144200996800,,,
9544,,229480,14,7,13,000,2020,12,15,4,3,3,2,0,,1,0,0,0,0,,"738573,060700000260000","5697629,905600000200000",12.428454661000046,51.379698165000036,1,,1,Nordost,,,0,1.0,,0,14201202148110985690,,,
9545,,229482,14,7,13,000,2020,12,09,5,3,5,3,0,,1,1,0,0,0,,"734088,046000000090000","5696241,352000000000000",12.363207987000067,51.36910060400004,9,,9,Nord,,,1,9.0,,0,14201210144200075070,,,
9546,,229483,14,7,13,000,2020,12,07,6,2,6,4,2,,0,1,1,0,0,,"729091,901600000450000","5690879,723899999600000",12.288105416000064,51.323005538000075,6,,6,West,,,2,6.0,,0,14201204144200983830,,,
9547,,229485,14,7,13,000,2020,12,16,4,3,1,5,2,,1,1,0,0,0,,"737289,935899999920000","5692496,043899999900000",12.406626759000062,51.334154125000055,3,,3,Südost,,,1,3.0,,0,14201209144200007620,,,
9548,,229487,14,7,13,000,2020,11,11,2,3,5,3,0,,0,1,0,0,0,,"735085,859699999910000","5698322,609300000600000",12.378893893000054,51.38737048300004,9,,9,Nord,,,0,9.0,,0,14201123148110950440,,,
9549,,229488,14,7,13,000,2020,12,15,7,2,6,4,0,,1,0,1,0,0,,"736145,633600000290000","5692106,257899999600000",12.389971328000058,51.33113157100007,0,,0,Mitte,,,0,0.0,,0,14201212144200006130,,,
9550,,229490,14,7,13,000,2020,12,07,3,3,1,1,0,,0,1,0,0,0,,"730509,824300000440000","5691499,698999999100000",12.308821153000054,51.327998380000054,7,,7,Alt-West,,,0,7.0,,0,14201208148310023010,,,
9551,,229493,14,7,13,000,2020,11,11,6,3,2,2,0,,1,1,0,0,0,,"731530,895499999630000","5691622,189400000500000",12.323531139000067,51.32868330800005,7,,7,Alt-West,,,0,7.0,,0,14201127148310967170,,,
9552,,229494,14,7,13,000,2020,12,15,3,3,1,1,0,,1,1,0,0,0,,"735258,291000000200000","5689600,712500000400000",12.375603837000028,51.30900852900004,4,,4,Süd,,,0,4.0,,0,14201208148210003800,,,
9553,,229503,14,7,13,000,2020,12,06,3,3,5,3,2,,1,1,0,0,0,,"734946,435999999750000","5695783,540300000500000",12.375215309000055,51.36463676300008,9,,9,Nord,,,0,9.0,,0,14201208148110993950,,,
9554,,229506,14,7,13,000,2020,11,11,6,3,5,2,0,,1,1,0,0,0,,"734457,605299999940000","5692598,577800000100000",12.366107984000053,51.33624914100005,0,,0,Mitte,,,0,0.0,,0,14201127144200970720,,,
9555,,229508,14,7,13,000,2020,12,19,3,3,3,2,2,,0,1,0,1,0,,"734290,633999999610000","5695620,237999999900000",12.365704037000057,51.36344171200005,9,,9,Nord,,,1,9.0,,0,14201215148110013390,,,
9556,,229511,14,7,13,000,2020,11,04,4,2,5,7,2,,0,1,0,0,0,,"729735,435999999750000","5700939,503100000300000",12.303824883000061,51.413052711000034,8,,8,Nordwest,,,1,8.0,,0,14201125144200993850,,,
9557,,229525,14,7,13,000,2020,12,21,5,3,5,3,2,,1,1,0,0,0,,"736477,988800000400000","5696406,479399999600000",12.397590273000048,51.36959293600006,9,,9,Nord,,,0,9.0,,0,14201203148110980290,,,
9558,,229526,14,7,13,000,2020,11,12,7,3,3,7,0,,0,1,0,0,0,,"731341,621899999680000","5690692,488399999200000",12.320215749000056,51.320414491000065,5,,5,Südwest,,,0,5.0,,0,14201128148310005040,,,
9559,,229532,14,7,13,000,2020,11,15,5,2,6,4,0,,0,1,1,0,0,,"729064,450500000270000","5690875,011800000400000",12.287709085000074,51.32297428900006,6,,6,West,,,0,6.0,,0,14201126144200974910,,,
9560,,229536,14,7,13,000,2020,12,09,4,3,5,3,0,,1,1,0,0,0,,"735564,621100000110000","5692151,098400000500000",12.38167590300003,51.33177498200007,0,,0,Mitte,,,0,0.0,,0,14201202144200977430,,,
9561,,229537,14,7,13,000,2020,11,15,5,3,0,7,0,,0,0,0,1,0,,"737187,581899999640000","5692034,186799999300000",12.404852681000023,51.33005114400004,3,,3,Südost,,,1,3.0,,0,14201119148410942350,,,
9562,,229546,14,7,13,000,2020,12,17,3,3,5,3,2,,0,1,0,0,0,,"737235,820100000130000","5691252,854100000100000",12.405023808000067,51.32301770600003,3,,3,Südost,,,0,3.0,,0,14201208144200996790,,,
9563,,229548,14,7,13,000,2020,11,10,5,3,6,7,0,,0,1,1,0,0,,"736058,727300000380000","5689631,289599999800000",12.38708762500005,51.30895164900005,4,,4,Süd,,,1,4.0,,0,14201119144200941870,,,
9564,,229555,14,7,13,000,2020,12,09,6,3,3,2,0,,1,1,0,0,0,,"734624,088899999860000","5693234,698799999400000",12.368912778000038,51.34189057400005,0,,0,Mitte,,,0,0.0,,0,14201211148410013470,,,
9565,,229557,14,7,13,000,2020,12,13,3,3,5,3,0,,1,1,0,0,0,,"735838,989299999550000","5694980,562500000000000",12.387481275000027,51.35705926700007,9,,9,Nord,,,1,9.0,,0,14201201144200974930,,,
9566,,229560,14,7,13,000,2020,12,19,3,2,6,2,2,,0,1,1,0,0,,"736692,843299999830000","5689807,359999999400000",12.396285907000049,51.31026879700005,4,,4,Süd,,,1,4.0,,0,14201222144200034110,,,
9567,,229561,14,7,13,000,2020,12,16,4,2,5,3,2,,1,1,0,0,0,,"729832,479399999600000","5694459,934299999800000",12.301026066000077,51.35484660800006,7,,7,Alt-West,,,1,7.0,,0,14201223148310080920,,,
9568,,229566,14,7,13,000,2020,12,13,3,3,5,3,0,,1,1,0,0,0,,"730748,553000000310000","5685497,162000000500000",12.308361601000058,51.27401672800005,5,,5,Südwest,,,0,5.0,,0,14201222144200032440,,,
9569,,229584,14,7,13,000,2020,12,08,3,3,1,7,0,,1,0,0,0,0,,"733391,965300000270000","5697659,198100000600000",12.354156641000031,51.38211432700007,8,,8,Nordwest,,,1,8.0,,1,14201229148110042770,,,
9570,,229588,14,7,13,000,2020,12,13,4,3,5,3,0,,1,1,0,0,0,,"735724,956600000150000","5689109,722899999500000",12.381962946000044,51.30440819000006,4,,4,Süd,,,1,4.0,,0,14201223148220037000,,,
9571,,229592,14,7,13,000,2020,12,09,2,3,0,1,0,,1,0,0,0,0,,"733255,533200000410000","5691699,281999999700000",12.348292851000053,51.32867080200003,5,,5,Südwest,,,2,5.0,,0,14201221148410043690,,,
9572,,229594,14,7,13,000,2020,12,12,2,2,6,2,0,,0,1,1,0,0,,"738713,290799999610000","5690987,881500000100000",12.426011837000033,51.32002140900005,3,,3,Südost,,,0,3.0,,0,14201221144200029510,,,
9573,,229601,14,7,13,000,2020,12,16,4,3,6,2,2,,0,1,1,0,0,,"734783,854000000280000","5692497,288300000100000",12.370716487000038,51.33520533500007,0,,0,Mitte,,,1,0.0,,0,14201223144200125210,,,
9574,,229612,14,7,13,000,2020,12,06,4,3,5,2,2,,1,1,0,0,0,,"734342,139000000430000","5696049,790999999300000",12.366725602000031,51.36727631100007,9,,9,Nord,,,1,9.0,,0,14201223144200113160,,,
9575,,229623,14,7,13,000,2020,12,08,7,3,0,1,0,,1,0,0,0,0,,"735474,491999999620000","5691926,440999999600000",12.380236011000022,51.32979570200007,0,,0,Mitte,,,2,0.0,,0,14201219148410024730,,,
9576,,229625,14,7,13,000,2020,12,12,7,3,2,3,0,,1,1,0,0,0,,"735094,452399999830000","5689534,630999999100000",12.373213832000033,51.30848303800008,4,,4,Süd,,,0,4.0,,0,14201219148210029590,,,
9577,,229652,14,7,13,000,2020,12,17,4,1,5,3,2,,0,1,0,0,0,,"736071,100700000300000","5691525,472200000700000",12.388518689000023,51.32594922800007,0,,0,Mitte,,,1,0.0,,1,14201223144200048220,,,
9578,,229655,14,7,13,000,2020,12,11,4,3,3,2,0,,0,1,0,0,0,,"731171,978900000450000","5691918,683700000900000",12.31858065800003,51.33149087400005,7,,7,Alt-West,,,1,7.0,,1,14201223144200036940,,,
9579,,229659,14,7,13,000,2020,12,18,1,3,5,3,2,,0,1,0,1,0,,"734290,919900000100000","5695622,451600000300000",12.365709595000055,51.36346146400007,9,,9,Nord,,,0,9.0,,0,14201227144200050250,,,
9580,,229660,14,7,13,000,2020,12,22,1,3,5,7,2,,0,1,0,0,0,,"738109,594600000420000","5694870,721200000500000",12.419959600000027,51.35512654900003,1,,1,Nordost,,,0,1.0,,0,14201227144200036950,,,
9581,,229664,14,7,13,000,2020,12,19,4,3,5,3,2,,1,1,0,0,0,,"732322,590400000100000","5690630,117000000600000",12.33422844000006,51.31945494100006,5,,5,Südwest,,,1,5.0,,0,14201223144200034890,,,
9582,,229666,14,7,13,000,2020,12,19,4,3,5,3,2,,1,1,0,0,0,,"732575,775999999610000","5691501,516400000100000",12.338423955000053,51.327173834000064,5,,5,Südwest,,,0,5.0,,0,14201230148310079570,,,
9583,,229675,14,7,13,000,2020,12,08,6,3,5,3,0,,1,1,0,0,0,,"734623,433000000190000","5694788,109699999900000",12.369927207000046,51.355834884000046,9,,9,Nord,,,0,9.0,,0,14201218148410026060,,,
9584,,229677,14,7,13,000,2020,12,12,6,3,3,6,0,,0,1,0,0,0,,"737151,186999999920000","5692933,865100000100000",12.404930057000058,51.338141918000076,2,,2,Ost,,,0,2.0,,1,14201218144200027620,,,
9585,,229717,14,7,13,000,2020,12,16,6,3,5,3,1,,0,1,0,0,0,,"740609,566999999810000","5699671,848999999500000",12.459046854000064,51.39716640700004,1,,1,Nordost,,,0,1.0,,0,14201225144320035610,,,
9586,,229724,14,7,13,000,2020,12,13,5,3,3,2,0,,0,1,0,0,0,,"737515,982900000180000","5697141,138699999100000",12.412966109000024,51.37575415200007,1,,1,Nordost,,,0,1.0,,0,14201231144200080230,,,
9587,,229727,14,7,13,000,2020,12,19,5,3,8,1,2,,0,1,0,0,0,,"733808,866100000220000","5694812,263299999800000",12.358264963000067,51.35638739800004,0,,0,Mitte,,,1,0.0,,0,14201217148410016600,,,
9588,,229729,14,7,13,000,2020,12,14,5,3,0,1,0,,0,0,0,0,0,,"731555,468299999830000","5692166,037799999100000",12.324236633000055,51.33355534800006,7,,7,Alt-West,,,0,7.0,,1,14201217148310016980,,,
9589,,229731,14,7,13,000,2020,12,13,5,3,1,5,0,,1,1,0,0,0,,"728069,710199999620000","5690690,478599999100000",12.273338825000053,51.321717283000055,6,,6,West,,,0,6.0,,0,14201217148310016590,,,
9590,,229737,14,7,13,000,2020,12,12,5,3,6,6,0,,1,0,1,0,0,,"737567,818799999540000","5694395,908399999100000",12.411875983000073,51.351091351000036,1,,1,Nordost,,,0,1.0,,0,14201217148121036990,,,
9591,,229743,14,7,13,000,2020,12,13,5,2,5,2,0,,1,1,0,0,0,,"734819,275000000370000","5694103,107999999100000",12.37228293000004,51.34960517400003,0,,0,Mitte,,,0,0.0,,0,14201217145500016550,,,
9592,,229745,14,7,13,000,2020,12,15,5,2,6,2,0,,0,1,1,0,0,,"731243,847099999900000","5696757,122899999800000",12.32275432800003,51.37489553900008,8,,8,Nordwest,,,1,8.0,,0,14201217144200036930,,,
9593,,229760,14,7,13,000,2020,12,10,5,3,5,3,0,,0,1,0,1,0,,"735073,052299999630000","5689671,041400000500000",12.372997220000059,51.309716354000045,4,,4,Süd,,,0,4.0,,0,14201224144200079870,,,
9594,,229775,14,7,13,000,2020,12,06,3,3,0,1,2,,0,0,0,1,0,,"735097,570899999700000","5688180,848600000100000",12.372366819000035,51.29632960200007,4,,4,Süd,,,1,4.0,,0,14201222148210054870,,,
9595,,229777,14,7,13,000,2020,12,03,4,3,1,5,2,,0,1,0,0,0,,"729376,137000000100000","5694383,367000000600000",12.294434028000069,51.35434361800003,7,,7,Alt-West,,,0,7.0,,0,14201230148310079930,,,
9596,,229787,14,7,13,000,2020,12,17,4,3,1,5,2,,1,1,0,0,0,,"737444,552400000390000","5691720,673000000400000",12.408325646000037,51.32712981800006,3,,3,Südost,,,0,3.0,,0,14201216148410053960,,,
9597,,229793,14,7,13,000,2020,12,20,4,2,5,2,2,,1,0,0,0,0,,"737283,233699999750000","5692937,874900000200000",12.406825009000045,51.33812282900004,2,,2,Ost,,,0,2.0,,1,14201216144200042720,,,