UNFALL_ID,FID_left,OBJECTID,ULAND,UREGBEZ,UKREIS,UGEMEINDE,UJAHR,UMONAT,USTUNDE,UWOCHENTAG,UKATEGORIE,UART,UTYP1,ULICHTVERH,IstStrasse,IstRad,IstPKW,IstFuss,IstKrad,IstGkfz,IstSonstig,LINREFX,LINREFY,XGCSWGS84,YGCSWGS84,index_right,FID_right,SBZ,Name,UIDENTSTLA,LICHT,STRZUSTAND,FID,OBJECTID_1,IstSonstige,UIDENTSTLAE,OID_,IstStrassenzustand,PLST
9718,,,14,7,13,000,2021,05,16,6,2,2,6,0,,0,1,0,0,0,,"744297,750728065147996","5693706,123186822980642",12.507864067000071,51.342048100000056,2,,2,Ost,,,,2.0,,1,14210507144310336360,122357,1,
9719,,,14,7,13,000,2021,02,13,5,3,2,6,0,,0,1,0,0,0,,"736338,941913173533976","5694294,160855539143085",12.394193011000027,51.35069032100006,0,,0,Mitte,,,,0.0,,0,14210225144200169010,122359,0,
9720,,,14,7,13,000,2021,04,23,6,3,5,3,2,,0,1,0,0,0,,"736490,451634348370135","5694623,902156138792634",12.396583918000033,51.35358711300006,1,,1,Nordost,,,,1.0,,0,14210416144200279100,122365,0,
9721,,,14,7,13,000,2021,01,20,4,2,5,3,2,,1,1,0,0,0,,"727240,381161577999592","5693204,335315691307187",12.26306005300006,51.344616991000066,7,,7,Alt-West,,,,7.0,,0,14210127144200113570,122368,1,
9722,,,14,7,13,000,2021,04,09,6,3,6,4,0,,0,1,1,0,0,,"732481,834530833177269","5692411,311573401093483",12.337671526000065,51.33537921000004,7,,7,Alt-West,,,,7.0,,0,14210423148310327450,122382,0,
9723,,,14,7,13,000,2021,02,20,3,2,1,1,2,,0,1,0,0,0,,"727872,373496218584478","5684607,201713627204299",12.266629551000051,51.26718432400003,5,,5,Südwest,,,,5.0,,1,14210223144200168660,122398,0,
9724,,,14,7,13,000,2021,01,09,2,3,2,6,0,,0,1,0,0,0,,"727191,920274879783392","5693382,654071094468236",12.262479175000067,51.346237193000036,7,,7,Alt-West,,,,7.0,,0,14210118148310082970,122406,1,
9725,,,14,7,13,000,2021,04,14,5,3,2,6,0,,1,0,0,0,0,,"736319,145390906371176","5692436,168577864766121",12.392676283000071,51.33402086000007,3,,3,Südost,,,,3.0,,0,14210408148410270020,122425,0,
9726,,,14,7,13,000,2021,02,13,7,3,5,2,0,,0,1,0,0,0,,"729993,524768801406026","5697072,677073521539569",12.30502477500005,51.37823597400006,8,,8,Nordwest,,,,8.0,,0,14210220144200168670,122497,0,
9727,,,14,7,13,000,2021,01,13,3,3,2,6,0,,0,1,0,0,0,,"732601,951001440174878","5698926,787986872717738",12.343653993000032,51.393817141000056,8,,8,Nordwest,,,,8.0,,0,14210105148110057930,122499,1,
9728,,,14,7,13,000,2021,05,15,3,3,2,6,0,,0,1,0,0,0,,"731540,270158679224551","5692707,491961974650621",12.324370759000033,51.33842208100003,7,,7,Alt-West,,,,7.0,,0,14210511144200337080,122521,0,
9729,,,14,7,13,000,2021,02,15,4,3,3,6,0,,0,0,0,1,1,,"728257,217850728891790","5684164,413390845060349",12.271854225000027,51.263055276000046,5,,5,Südwest,,,,5.0,,0,14210224144310177320,122531,0,
9730,,,14,7,13,000,2021,06,09,6,3,5,2,0,,1,1,0,0,0,,"738079,636454807594419","5690026,720450120046735",12.416293419000056,51.311659475000056,3,,3,Südost,,,,3.0,,0,14210611148210446570,122540,0,
9731,,,14,7,13,000,2021,04,08,5,3,9,1,0,,0,0,0,0,1,,"739369,765084460377693","5698852,428530974313617",12.440705445000049,51.39033586700003,1,,1,Nordost,,,,1.0,,0,14210429144310320470,122553,0,
9732,,,14,7,13,000,2021,05,15,6,3,3,2,0,,1,1,0,0,0,,"737765,759779511019588","5690338,005025811493397",12.412005544000067,51.31458477800004,3,,3,Südost,,,,3.0,,0,14210528148210389840,122604,0,
9733,,,14,7,13,000,2021,04,14,3,2,5,7,0,,0,1,0,1,0,,"736070,022427828982472","5693834,812654124572873",12.390033563000031,51.34667886200003,0,,0,Mitte,,,,0.0,,0,14210420144200406850,122631,0,
9734,,,14,7,13,000,2021,04,12,4,3,9,1,0,,0,0,0,0,0,,"740284,273730332963169","5694423,438164461404085",12.450831911000023,51.35019667300003,2,,2,Ost,,,,2.0,,1,14210421144200294220,122678,0,
9735,,,14,7,13,000,2021,06,07,2,3,2,6,0,,0,1,0,0,0,,"735849,423345498740673","5693710,077525991946459",12.386789014000044,51.34565076800004,0,,0,Mitte,,,,0.0,,0,14210607148410406860,122691,0,
9736,,,14,7,13,000,2021,04,08,2,3,6,4,0,,0,1,1,0,0,,"733380,593894573859870","5693034,277111627161503",12.350959257000056,51.34060322200003,0,,0,Mitte,,,,0.0,,0,14210419148410001050,122693,0,
9737,,,14,7,13,000,2021,03,17,6,2,6,4,0,,0,0,1,0,0,,"731382,360037218779325","5692758,437819264829159",12.322140731000047,51.33894368700004,7,,7,Alt-West,,,,7.0,,1,14210312144200210270,122717,0,
9738,,,14,7,13,000,2021,05,17,2,3,3,7,0,,0,1,0,0,0,,"740538,370500300079584","5696138,106603318825364",12.455633162000026,51.365479365000056,2,,2,Ost,,,,2.0,,0,14210510144200341710,122721,0,
9739,,,14,7,13,000,2021,03,18,2,3,2,6,1,,0,1,0,0,0,,"733247,191417925991118","5692978,758055116981268",12.349010973000077,51.34015958600003,0,,0,Mitte,,,,0.0,,0,14210315148410209990,122736,1,
9740,,,14,7,13,000,2021,01,15,4,3,2,2,0,,0,1,0,0,0,,"735597,668630882166326","5697095,001988012343645",12.385422361000053,51.37613906100006,9,,9,Nord,,,,9.0,,0,14210113148110082840,122740,1,
9741,,,14,7,13,000,2021,03,17,6,3,6,4,0,,0,1,1,0,0,,"731037,451958692632616","5692859,572801599279046",12.31726313200005,51.33999180100005,7,,7,Alt-West,,,,7.0,,0,14210312144200210280,122745,0,
9742,,,14,7,13,000,2021,04,10,6,3,5,3,0,,1,1,0,0,0,,"738586,114583707414567","5689385,365013208240271",12.423118307000038,51.30569063300004,3,,3,Südost,,,,3.0,,0,14210423148210320510,122760,0,
9743,,,14,7,13,000,2021,02,13,7,3,5,5,0,,0,0,0,1,0,,"741565,982031323015690","5687056,204150585457683",12.464213058000041,51.28352855700007,3,,3,Südost,,,,3.0,,1,14210220144200161390,122779,0,
9744,,,14,7,13,000,2021,04,06,2,3,2,6,0,,0,1,0,0,0,,"732043,981821916066110","5692443,880169540643692",12.331418039000027,51.33585038500007,7,,7,Alt-West,,,,7.0,,0,14210426148310341380,122797,0,
9745,,,14,7,13,000,2021,01,14,4,3,3,6,0,,1,1,0,0,0,,"732374,062505908310413","5688331,565492428839207",12.333468805000052,51.298800320000055,5,,5,Südwest,,,,5.0,,0,14210127144200000620,122802,1,
9746,,,14,7,13,000,2021,01,22,6,3,5,3,2,,0,1,0,0,0,,"740038,415595320984721","5694416,547950094565749",12.447303249000072,51.350238700000034,2,,2,Ost,,,,2.0,,0,14210122144200092490,122820,1,
9747,,,14,7,13,000,2021,02,16,2,3,3,7,0,,0,1,0,0,0,,"731266,350760291330516","5697277,512931223958731",12.323415730000022,51.37955780300007,8,,8,Nordwest,,,,8.0,,0,14210222148110161630,122830,0,
9748,,,14,7,13,000,2021,07,11,4,3,1,6,0,,0,1,0,0,0,,"733890,223839610815048","5693205,206663463264704",12.358375476000049,51.34192818100007,0,,0,Mitte,,,,0.0,,0,14210707148410504370,122853,1,
9749,,,14,7,13,000,2021,08,08,3,2,0,7,0,,1,0,0,0,0,,"733987,033552446402609","5693232,916660074144602",12.359781185000031,51.34213709000005,0,,0,Mitte,,,,0.0,,0,14210810148410591680,122862,1,
9750,,,14,7,13,000,2021,08,18,1,3,3,2,0,,1,1,0,0,0,,"738773,206790255382657","5689210,165964819490910",12.425680253000053,51.30403962500003,3,,3,Südost,,,,3.0,,0,14210815148210628300,122863,0,
9751,,,14,7,13,000,2021,08,17,7,3,5,3,0,,1,1,0,0,0,,"738877,597186071798205","5689120,079919198527932",12.427114775000064,51.30318723200003,3,,3,Südost,,,,3.0,,0,14210814148210618850,122871,0,
9752,,,14,7,13,000,2021,08,15,4,2,5,2,0,,1,1,0,0,0,,"736417,562414008192718","5692749,159427916631103",12.39429423200005,51.33678942600005,0,,0,Mitte,,,,0.0,,0,14210804144200582120,122921,0,
9753,,,14,7,13,000,2021,07,12,4,3,5,3,0,,1,1,0,0,0,,"729990,528018266893923","5693103,819546870887280",12.302415877000044,51.34260881600005,7,,7,Alt-West,,,,7.0,,0,14210728148310582500,122935,0,
9754,,,14,7,13,000,2021,07,13,5,3,9,1,0,,0,1,0,0,0,,"729238,680525413714349","5692239,007834887132049",12.291082718000041,51.335148917000026,6,,6,West,,,,6.0,,0,14210715144200521380,122948,0,
9755,,,14,7,13,000,2021,06,19,6,3,4,6,0,,0,1,0,0,0,,"741905,797256036661565","5702958,436637304723263",12.479886274000023,51.42611339900003,9,,9,Nord,,,,9.0,,0,14210618144200618810,122959,0,
9756,,,14,7,13,000,2021,09,18,1,2,0,7,0,,0,0,0,1,0,,"742476,112850724719465","5692469,051240725442767",12.480917232000024,51.33172464800003,2,,2,Ost,,,,2.0,,0,14210919144200705360,122967,0,
9757,,,14,7,13,000,2021,08,10,4,3,5,3,0,,1,0,0,0,0,,"734339,321205402724445","5690141,380706116557121",12.362797573000023,51.31424088500006,4,,4,Süd,,,,4.0,,1,14210818144200718480,122975,0,
9758,,,14,7,13,000,2021,08,13,5,2,9,1,0,,0,1,0,0,0,,"732747,393484944477677","5701124,038944682106376",12.347182038000028,51.413481200000035,8,,8,Nordwest,,,,8.0,,0,14210805144310582180,122977,1,
9759,,,14,7,13,000,2021,07,18,7,3,3,6,0,,1,0,0,0,0,,"732335,090803014114499","5692428,793269777670503",12.335580005000054,51.335596105000036,7,,7,Alt-West,,,,7.0,,0,14210717148310549960,122985,0,
9760,,,14,7,13,000,2021,07,14,5,3,6,4,0,,0,1,1,0,0,,"731492,681678596884012","5692722,978741655126214",12.323698801000035,51.33858047700005,7,,7,Alt-West,,,,7.0,,0,14210708148323503520,122986,1,
9761,,,14,7,13,000,2021,06,17,7,3,5,3,0,,1,1,0,0,0,,"741225,324001586064696","5694505,855982655659318",12.46437614000007,51.35053785800005,2,,2,Ost,,,,2.0,,0,14210619148410464660,122991,0,
9762,,,14,7,13,000,2021,07,15,6,3,2,6,0,,0,1,0,0,0,,"735813,122423344291747","5698212,892057403922081",12.389254403000052,51.38608401300007,9,,9,Nord,,,,9.0,,1,14210730144200561930,122993,0,
9763,,,14,7,13,000,2021,07,15,1,3,5,3,0,,0,1,0,0,0,,"736212,289001514203846","5693801,339985307306051",12.392050502000075,51.34631931200005,0,,0,Mitte,,,,0.0,,0,14210718148110522100,122995,0,
9764,,,14,7,13,000,2021,09,15,6,3,2,6,0,,1,0,0,0,0,,"738872,097093679942191","5688800,730061162263155",12.426822311000024,51.30032307500005,3,,3,Südost,,,,3.0,,0,14210903144200880880,123004,0,
9765,,,14,7,13,000,2021,08,17,5,3,5,3,0,,0,1,0,0,0,,"731593,996028638444841","5688412,966506412252784",12.32235157100007,51.299848825000026,5,,5,Südwest,,,,5.0,,0,14210805148320582800,123008,1,
9766,,,14,7,13,000,2021,08,17,6,3,5,2,0,,0,1,0,0,0,,"742269,145961701869965","5694720,371106354519725",12.47948346000004,51.35201930000005,2,,2,Ost,,,,2.0,,0,14210827148110680400,123014,1,
9767,,,14,7,13,000,2021,06,08,2,3,8,1,0,,0,0,0,0,0,,"736179,620751617476344","5694441,810675740242004",12.392007192000051,51.35208187300003,1,,1,Nordost,,,,1.0,,1,14210621148410464100,123023,0,
9768,,,14,7,13,000,2021,07,06,2,3,5,3,0,,1,1,0,0,0,,"736236,844001513905823","5693697,804985295981169",12.392333757000074,51.34537975900008,0,,0,Mitte,,,,0.0,,1,14210712144200513180,123032,0,
9769,,,14,7,13,000,2021,07,10,4,3,0,6,0,,0,1,0,0,0,,"743058,016279872506857","5695335,230921562761068",12.491210653000053,51.35720104600006,2,,2,Ost,,,,2.0,,0,14210707144310521750,123037,1,
9770,,,14,7,13,000,2021,07,10,5,3,3,6,0,,0,1,0,0,1,,"740239,185375555418432","5695918,323289612308145",12.451194921000024,51.36363326500003,2,,2,Ost,,,,2.0,,0,14210715144200521390,123055,0,
9771,,,14,7,13,000,2021,06,20,6,3,5,3,0,,0,1,0,0,0,,"736993,907368213869631","5691382,878925461322069",12.401644666000038,51.32428563900004,3,,3,Südost,,,,3.0,,0,14210618144200464620,123067,0,
9772,,,14,7,13,000,2021,07,07,7,3,9,1,1,,0,1,0,0,0,,"736158,983001503162086","5696675,868985269218683",12.39319454300005,51.37214372900007,9,,9,Nord,,,,9.0,,0,14210717148110521790,123094,1,
9773,,,14,7,30,250,2021,06,07,4,3,5,3,0,,0,1,0,0,0,,"736573,127236444503069","5702614,386147754266858",12.403091634000077,51.42527569900005,9,,9,Nord,,,,9.0,,1,14210616144200435660,123111,0,
9774,,,14,7,13,000,2021,09,07,5,3,5,3,0,,1,1,0,0,0,,"735719,950652576051652","5690283,448717910796404",12.382666708000045,51.314946028000065,4,,4,Süd,,,,4.0,,0,14210909144200682560,123123,0,
9775,,,14,7,13,000,2021,07,12,7,3,5,2,0,,0,1,0,0,0,,"736161,728579279035330","5693926,806354636326432",12.391409036000027,51.34746652800004,0,,0,Mitte,,,,0.0,,1,14210703148110482570,123128,0,
9776,,,14,7,13,000,2021,09,17,4,3,5,3,0,,1,1,0,0,0,,"732801,657583418302238","5692764,727449793368578",12.342485712000041,51.338420883000026,7,,7,Alt-West,,,,7.0,,0,14210901144200644440,123132,0,
9777,,,14,7,13,000,2021,06,14,1,3,5,2,0,,1,1,0,0,0,,"736341,975065708160400","5692490,280946996062994",12.393039311000052,51.33449709800004,3,,3,Südost,,,,3.0,,0,14210627148410513560,123147,0,
9778,,,14,7,13,000,2021,07,11,3,3,3,7,0,,0,1,0,0,0,,"738841,499780753627419","5689153,924136826768517",12.42662053600003,51.30350615800006,3,,3,Südost,,,,3.0,,1,14210706144200503040,123164,0,
9779,,,14,7,13,000,2021,09,18,1,2,5,3,0,,1,1,0,0,0,,"739141,581956887617707","5687232,741499075666070",12.42963091200005,51.286135828000056,3,,3,Südost,,,,3.0,,0,14210905144200679750,123167,0,
9780,,,14,7,13,000,2021,07,10,6,3,6,2,0,,0,1,1,0,0,,"734745,032890905626118","5693486,736810453236103",12.370812303000037,51.34410305000006,0,,0,Mitte,,,,0.0,,0,14210716148410530500,123222,0,
9781,,,14,7,13,000,2021,09,18,4,3,5,3,0,,1,1,0,0,0,,"729849,763499740511179","5692856,693576943129301",12.300238752000041,51.34044727700007,7,,7,Alt-West,,,,7.0,,0,14210929144200737290,123229,0,
9782,,,14,7,13,000,2021,09,09,3,3,3,6,0,,0,1,0,1,0,,"727804,274908518418670","5684964,472116161137819",12.26588262000007,51.27041892200003,5,,5,Südwest,,,,5.0,,0,14210921148310766960,123239,0,
9783,,,14,7,13,000,2021,06,09,6,3,5,3,0,,1,1,0,0,0,,"735174,336070918478072","5693551,264019781723619",12.377007997000021,51.34450485800005,0,,0,Mitte,,,,0.0,,0,14210618148410446600,123279,0,
9784,,,14,7,13,000,2021,08,12,6,3,6,4,0,,0,0,1,0,0,,"735369,084723208099604","5693547,033674163743854",12.379796491000036,51.34438629700003,0,,0,Mitte,,,,0.0,,1,14210827148410636790,123303,1,
9785,,,14,7,13,000,2021,09,11,6,3,3,6,0,,0,1,0,0,1,,"735177,273222247138619","5700537,376512235030532",12.381672567000066,51.40721285800004,9,,9,Nord,,,,9.0,,0,14210917144310697540,123319,0,
9786,,,14,7,13,000,2021,07,19,1,3,5,2,0,,1,1,0,0,0,,"734476,035001476295292","5697039,258986059576273",12.369298267000033,51.37610289300005,9,,9,Nord,,,,9.0,,0,14210711144200636660,123324,0,
9787,,,14,7,13,000,2021,07,07,7,3,5,3,0,,1,1,0,0,0,,"740572,344953257590532","5694447,662491811439395",12.454977333000045,51.35029226100005,2,,2,Ost,,,,2.0,,0,14210724148220570140,123356,0,
9788,,,14,7,13,000,2021,09,07,6,3,2,6,0,,1,1,0,0,0,,"727278,659721265546978","5690036,006706055253744",12.261588022000069,51.31615833600006,6,,6,West,,,,6.0,,0,14210910148310705460,123404,0,
9789,,,14,7,13,000,2021,08,14,6,3,2,6,0,,0,1,0,0,0,,"744298,353355378843844","5693704,098149448633194",12.507871313000066,51.34202966600003,2,,2,Ost,,,,2.0,,0,14210813144310602040,123437,0,
9790,,,14,7,13,000,2021,08,14,4,3,5,2,0,,1,0,0,0,0,,"735415,160946873947978","5690257,531130958348513",12.378283925000062,51.314839532000065,4,,4,Süd,,,,4.0,,1,14210811148210592150,123464,0,
9791,,,14,7,13,000,2021,09,11,3,3,5,3,0,,0,1,0,0,0,,"740531,281293496489525","5696133,523068582639098",12.45552841600005,51.365441227000076,2,,2,Ost,,,,2.0,,0,14210907148110683010,123470,0,
9792,,,14,7,13,000,2021,06,17,2,3,3,6,0,,1,0,0,0,0,,"732603,331448473967612","5688445,069662110880017",12.336825701000066,51.29972562300003,5,,5,Südwest,,,,5.0,,0,14210621143263513540,123481,0,
9793,,,14,7,13,000,2021,09,04,2,3,2,6,2,,0,1,0,0,1,,"727712,010001352988183","5699066,646988874301314",12.27357534600003,51.39705576500006,8,,8,Nordwest,,,,8.0,,0,14210913144200726110,123516,0,
9794,,,14,7,13,000,2021,09,16,2,2,5,2,0,,1,1,0,0,0,,"739342,429001554846764","5695169,393983671441674",12.437833511000065,51.35728953300003,2,,2,Ost,,,,2.0,,0,14210920144200705380,123530,0,
9795,,,14,7,13,000,2021,06,17,3,3,5,2,0,,0,1,0,1,0,,"733912,795952790416777","5693221,577536271885037",12.358709738000073,51.34206584900005,0,,0,Mitte,,,,0.0,,0,14210615148321446580,123548,0,
9796,,,14,7,13,000,2021,07,07,2,3,5,3,0,,1,0,0,0,0,,"733840,463701854459941","5693218,880247561261058",12.357671277000065,51.34207138900007,0,,0,Mitte,,,,0.0,,1,14210726144200618800,123551,0,
9797,,,14,7,13,000,2021,09,10,4,3,5,3,0,,0,1,0,1,0,,"740673,035238577984273","5686729,624218769371510",12.45121264900007,51.28097512700003,3,,3,Südost,,,,3.0,,0,14210908144200680330,123554,0,
9798,,,14,7,13,000,2021,09,12,3,3,5,3,0,,1,1,0,0,0,,"734476,035001476295292","5697039,258986059576273",12.369298267000033,51.37610289300005,9,,9,Nord,,,,9.0,,0,14210921148110766860,123562,0,
9799,,,14,7,13,000,2021,09,14,6,3,3,6,0,,1,0,0,0,0,,"737285,892146884463727","5690924,017638308927417",12.40552228000007,51.32004515600005,3,,3,Südost,,,,3.0,,0,14210903144200679880,123570,0,
9800,,,14,7,13,000,2021,07,14,7,3,6,2,0,,0,1,1,0,0,,"734901,300158275291324","5697039,032268138602376",12.375397576000069,51.37592512000003,9,,9,Nord,,,,9.0,,0,14210703148110562010,123587,0,
9801,,,14,7,13,000,2021,08,18,2,3,8,7,0,,0,0,0,0,0,,"728142,019572170451283","5685686,308583540841937",12.271176811000032,51.27676407400003,5,,5,Südwest,,,,5.0,,1,14210816144200602820,123593,1,
9802,,,14,7,13,000,2021,09,11,6,3,6,4,0,,0,0,1,0,0,,"734387,218079995363951","5693391,777948481962085",12.36562129500004,51.34339827800005,0,,0,Mitte,,,,0.0,,1,14210917148410718580,123594,0,
9803,,,14,7,13,000,2021,07,16,5,3,5,3,0,,0,1,0,0,0,,"735434,067274447530508","5699082,800279250368476",12.38439328800007,51.394049807000044,9,,9,Nord,,,,9.0,,0,14210722148110541680,123597,0,
9804,,,14,7,13,000,2021,10,11,7,3,5,2,0,,1,1,0,0,0,,"728392,858477502129972","5690401,652699224650860",12.277783618000058,51.31899479500004,6,,6,West,,,,6.0,,0,14211002148310807250,123617,0,
9805,,,14,7,13,000,2021,07,15,4,2,5,3,0,,1,1,0,0,0,,"736314,196200854144990","5692421,184125253930688",12.392595425000025,51.33388841300007,0,,0,Mitte,,,,0.0,,0,14210721144200561960,123618,0,
9806,,,14,7,13,000,2021,09,16,2,3,5,3,0,,0,1,0,1,0,,"729841,368301632814109","5697110,714984206482768",12.302866779000055,51.37863904400007,8,,8,Nordwest,,,,8.0,,0,14210927144200725620,123632,0,
9807,,,14,7,13,000,2021,08,12,4,3,5,3,0,,1,1,0,0,0,,"736314,798920889385045","5692448,217649046331644",12.392621992000045,51.33413082100003,0,,0,Mitte,,,,0.0,,0,14210818148410636760,123650,0,
9808,,,14,7,13,000,2021,07,14,6,3,5,3,0,,1,1,0,0,0,,"731919,610065557062626","5688237,834158377721906",12.326900478000027,51.29814416600004,5,,5,Südwest,,,,5.0,,0,14210716144200522520,123712,0,
9809,,,14,7,13,000,2021,09,05,3,3,5,3,2,,1,1,0,0,0,,"739759,048738563433290","5688230,987957989796996",12.439139237000063,51.294836427000064,3,,3,Südost,,,,3.0,,0,14210914144200682580,123714,0,
9810,,,14,7,13,000,2021,08,13,1,3,3,6,0,,1,0,0,0,0,,"735307,067909722216427","5690251,732340181246400",12.376731822000067,51.314832179000064,4,,4,Süd,,,,4.0,,0,14210815148210637160,123724,0,
9811,,,14,7,13,000,2021,07,11,2,3,5,3,0,,1,1,0,0,0,,"727273,629294593818486","5688972,632278827950358",12.260838501000023,51.30661396200003,6,,6,West,,,,6.0,,0,14210712148310521820,123763,0,
9812,,,14,7,13,000,2021,07,07,4,3,8,1,0,,0,0,0,1,0,,"735450,082524227909744","5700511,563858911395073",12.385570877000077,51.40686799700006,9,,9,Nord,,,,9.0,,0,14210707144310503050,123769,1,
9813,,,14,7,13,000,2021,06,20,5,3,0,1,0,,0,0,0,1,0,,"736213,119765152223408","5693820,959966210648417",12.392075426000076,51.34649508000007,0,,0,Mitte,,,,0.0,,0,14210624662221463850,123791,1,
9814,,,14,7,13,000,2021,08,03,7,3,0,1,2,,1,0,0,0,0,,"736241,246445716358721","5694041,753340171650052",12.39262508400003,51.34846527600007,0,,0,Mitte,,,,0.0,,0,14210807148110592120,123801,0,
9815,,,14,7,13,000,2021,07,13,7,2,4,1,0,,0,1,0,1,0,,"742870,262799011543393","5688900,941112495958805",12.484134686000061,51.29953141100003,3,,3,Südost,,,,3.0,,0,14210731144200570100,123835,0,
9816,,,14,7,13,000,2021,09,11,4,3,2,6,0,,0,1,0,0,0,,"736188,617001511156559","5694404,947985308244824",12.392111691000025,51.35174724800004,1,,1,Nordost,,,,1.0,,0,14210922148110726340,123838,0,
9817,,,14,7,13,000,2021,09,17,3,3,3,6,0,,1,1,0,0,0,,"736462,361651363782585","5692995,865145336836576",12.395099981000044,51.338985276000074,3,,3,Südost,,,,3.0,,0,14210914148422696610,123879,0,
9818,,,14,7,13,000,2021,07,17,3,3,2,6,0,,0,1,0,0,0,,"735849,967861844226718","5693710,439896790310740",12.38679705900006,51.34565379500003,0,,0,Mitte,,,,0.0,,0,14210727148410549510,123882,0,
9819,,,14,7,13,000,2021,09,14,5,3,3,6,0,,0,1,0,1,0,,"728768,070163002237678","5684113,276220135390759",12.279131265000046,51.26239146700004,5,,5,Südwest,,,,5.0,,0,14210902144200644800,123921,0,
9820,,,14,7,13,000,2021,08,06,3,2,5,2,0,,0,1,0,0,0,,"736141,649585399776697","5701505,759181944653392",12.396158145000072,51.41550450700004,9,,9,Nord,,,,9.0,,1,14210803144200678790,123946,0,
9821,,,14,7,13,000,2021,07,11,5,3,6,4,0,,1,0,1,0,0,,"737091,001801898702979","5691210,102955516427755",12.402920750000021,51.32269432800007,3,,3,Südost,,,,3.0,,0,14210729148210561570,123962,0,
9822,,,14,7,13,000,2021,07,13,5,3,2,2,0,,0,1,0,0,0,,"729990,833721646107733","5693103,793331928551197",12.30242024100005,51.34260845700004,7,,7,Alt-West,,,,7.0,,1,14210708148310582210,123965,1,
9823,,,14,7,13,000,2021,06,07,4,3,5,3,0,,0,1,0,0,0,,"730830,368139025755227","5696861,351119099184871",12.316891420000047,51.37599938500006,8,,8,Nordwest,,,,8.0,,1,14210616148110446560,123981,0,
9824,,,14,7,13,000,2021,06,08,4,3,5,3,0,,0,1,0,0,0,,"730961,192164735868573","5697339,984366852790117",12.319078957000045,51.380242800000076,8,,8,Nordwest,,,,8.0,,0,14210630148110481810,123990,1,
9825,,,14,7,13,000,2021,06,13,1,3,3,7,0,,0,1,0,0,0,,"739775,564879071898758","5695523,443625204265118",12.444281472000057,51.36028479200007,2,,2,Ost,,,,2.0,,0,14210620148210455690,123992,0,
9826,,,14,7,13,000,2021,07,23,1,3,2,6,2,,0,1,0,0,0,,"727221,227496135048568","5693379,894559467211366",12.262897534000047,51.34620070700004,7,,7,Alt-West,,,,7.0,,0,14210711148310521450,124000,1,
9827,,,14,7,13,000,2021,08,12,6,2,5,3,0,,1,1,0,0,0,,"739759,412439927458763","5688230,608755102381110",12.439144189000046,51.29483287000005,3,,3,Südost,,,,3.0,,0,14210813144200813320,124009,0,
9828,,,14,7,13,000,2021,06,21,7,3,5,3,1,,1,1,0,0,0,,"729223,126324994489551","5693184,510406430810690",12.291468312000063,51.34364308500005,7,,7,Alt-West,,,,7.0,,0,14210619148310481290,124015,0,
9829,,,14,7,13,000,2021,07,19,7,3,0,1,0,,1,0,0,0,0,,"732354,354602803476155","5688325,158454809337854",12.333182433000047,51.298750847000065,5,,5,Südwest,,,,5.0,,0,14210731148320601820,124017,0,
9830,,,14,7,13,000,2021,10,10,6,3,5,3,0,,1,1,0,0,0,,"736213,675332893617451","5693818,610806321725249",12.392081831000041,51.34647376200007,0,,0,Mitte,,,,0.0,,0,14211001144200847110,124018,0,
9831,,,14,7,13,000,2021,08,16,2,3,2,6,0,,0,1,0,1,0,,"737766,312695810571313","5690337,333318198099732",12.41201301600006,51.31457851700003,3,,3,Südost,,,,3.0,,0,14210809144200583050,124053,0,
9832,,,14,7,13,000,2021,09,05,2,3,5,3,2,,1,1,0,0,0,,"736864,920926304534078","5694395,272262332960963",12.401799890000063,51.35137897700008,1,,1,Nordost,,,,1.0,,0,14210906148110683000,124069,0,
9833,,,14,7,13,000,2021,07,10,2,3,2,6,0,,0,1,0,0,1,,"745646,224576108157635","5690955,979407772421837",12.525291978000041,51.316784762000054,2,,2,Ost,,,,2.0,,0,14210726144310582190,124070,0,
9834,,,14,7,13,000,2021,07,09,3,3,2,6,0,,0,1,0,0,0,,"726634,325922943651676","5693430,062356943264604",12.254516178000074,51.346885359000055,7,,7,Alt-West,,,,7.0,,0,14210720148310529960,124081,0,
9835,,,14,7,13,000,2021,09,11,5,3,2,6,0,,0,1,0,0,0,,"728401,036489102058113","5690408,651958370581269",12.277905262000047,51.319054347000076,6,,6,West,,,,6.0,,0,14210909148310681040,124100,0,
9836,,,14,7,13,000,2021,08,21,1,3,2,6,2,,0,1,0,0,1,,"731154,512138526886702","5701193,187693312764168",12.324361168000053,51.414753381000025,8,,8,Nordwest,,,,8.0,,0,14210815144310608940,124104,0,
9837,,,14,7,13,000,2021,09,06,2,2,5,3,2,,1,1,0,0,0,,"736062,215188786387444","5693821,468720955774188",12.389912812000034,51.346562326000026,0,,0,Mitte,,,,0.0,,0,14210920144200704910,124128,0,