UNFALL_ID,FID_left,OBJECTID,ULAND,UREGBEZ,UKREIS,UGEMEINDE,UJAHR,UMONAT,USTUNDE,UWOCHENTAG,UKATEGORIE,UART,UTYP1,ULICHTVERH,IstStrasse,IstRad,IstPKW,IstFuss,IstKrad,IstGkfz,IstSonstig,LINREFX,LINREFY,XGCSWGS84,YGCSWGS84,index_right,FID_right,SBZ,Name,UIDENTSTLA,LICHT,STRZUSTAND,FID,OBJECTID_1,IstSonstige,UIDENTSTLAE,OID_,IstStrassenzustand,PLST
9838,,,14,7,13,000,2021,07,14,5,3,3,6,0,,0,1,0,0,0,,"734512,368084958754480","5700696,031543556600809",12.37223442100003,51.408912248000036,9,,9,Nord,,,,9.0,,0,14210708144310503900,124149,1,
9839,,,14,7,13,000,2021,09,09,6,3,3,6,0,,0,1,0,0,0,,"730104,959022788330913","5683418,540886152535677",12.297813331000043,51.25561676700005,5,,5,Südwest,,,,5.0,,0,14210910144310667280,124154,0,
9840,,,14,7,13,000,2021,06,17,4,3,2,2,0,,1,1,0,0,0,,"734230,069905260577798","5693319,470662079751492",12.363321382000038,51.34281397400008,0,,0,Mitte,,,,0.0,,0,14210616144200445860,124165,0,
9841,,,14,7,13,000,2021,08,16,7,3,5,3,0,,1,0,0,0,0,,"732801,644314019009471","5692765,997391812503338",12.342486352000037,51.33843228900008,7,,7,Alt-West,,,,7.0,,0,14210814144200602030,124166,0,
9842,,,14,7,13,000,2021,06,20,6,3,4,2,0,,1,1,0,0,0,,"735063,273681127466261","5690249,703960729762912",12.373238471000036,51.314914712000075,4,,4,Süd,,,,4.0,,0,14210625148210529950,124191,0,
9843,,,14,7,13,000,2021,09,20,6,3,5,3,2,,0,1,0,0,0,,"731952,414008834399283","5692427,600132647901773",12.330095199000027,51.33574159600005,7,,7,Alt-West,,,,7.0,,1,14210903148310678040,124192,0,
9844,,,14,7,13,000,2021,08,07,4,3,2,2,0,,0,1,0,0,0,,"735163,492714444175363","5693549,295407013967633",12.376851281000029,51.34449167200006,0,,0,Mitte,,,,0.0,,0,14210811144200705410,124214,0,
9845,,,14,7,13,000,2021,09,14,5,3,3,2,0,,1,1,0,0,0,,"734089,114504681900144","5697016,042169144377112",12.363733429000035,51.37605410700007,9,,9,Nord,,,,9.0,,0,14210923148110783120,124220,0,
9846,,,14,7,13,000,2021,07,10,4,3,2,6,0,,0,1,0,0,0,,"727738,848757335916162","5699055,196771146729589",12.273953156000061,51.39694220400003,8,,8,Nordwest,,,,8.0,,0,14210728144200549890,124224,0,
9847,,,14,7,13,000,2021,07,14,6,3,8,1,0,,0,1,0,0,0,,"739239,312862298451364","5699003,212691735476255",12.438935531000027,51.39174425400006,1,,1,Nordost,,,,1.0,,0,14210716144310521760,124256,0,
9848,,,14,7,13,000,2021,06,14,1,1,8,1,0,,0,1,0,0,0,,"743040,093901624903083","5695349,454046299681067",12.490963450000038,51.35733636700007,2,,2,Ost,,,,2.0,,0,14210620144200446150,124288,0,
9849,,,14,7,13,000,2021,09,12,7,3,1,6,0,,0,1,0,0,0,,"736491,435902695171535","5694972,156385803595185",12.396829466000042,51.35671268200008,1,,1,Nordost,,,,1.0,,0,14210911148110696540,124299,0,
9850,,,14,7,13,000,2021,08,07,4,3,5,3,0,,0,1,0,0,0,,"736492,000102258287370","5692234,270026652142406",12.39501916200004,51.33213673500006,0,,0,Mitte,,,,0.0,,0,14210811144200592060,124302,0,
9851,,,14,7,13,000,2021,08,14,5,3,6,6,0,,0,0,1,0,0,,"739166,757721983827651","5688830,059951739385724",12.43106098800007,51.30046265900006,3,,3,Südost,,,,3.0,,1,14210819148210636700,124303,0,
9852,,,14,7,13,000,2021,10,15,3,3,5,3,0,,1,0,0,0,1,,"735344,864780588075519","5693560,985997632145882",12.379458574000068,51.34452156300006,0,,0,Mitte,,,,0.0,,0,14211005148410770850,124305,1,
9853,,,14,7,13,000,2021,09,07,6,2,6,7,0,,1,0,1,0,0,,"735416,962012646719813","5693518,497278129681945",12.380463837000036,51.34411032400004,0,,0,Mitte,,,,0.0,,0,14210924148410717380,124329,0,
9854,,,14,7,13,000,2021,07,08,3,3,5,2,0,,1,1,0,0,0,,"730435,990132984705269","5696960,401639688760042",12.311298842000042,51.37704871200003,8,,8,Nordwest,,,,8.0,,0,14210727148110591220,124333,0,
9855,,,14,7,13,000,2021,07,11,4,2,2,2,0,,0,1,0,0,0,,"728307,196418050676584","5697574,063298011198640",12.28115709900004,51.38341749400007,8,,8,Nordwest,,,,8.0,,0,14210707144200503460,124336,0,
9856,,,14,7,13,000,2021,08,13,7,3,5,3,0,,1,1,0,0,0,,"732286,648321895860136","5698933,135034130886197",12.339133942000046,51.394003250000026,8,,8,Nordwest,,,,8.0,,0,14210807144200591600,124345,0,
9857,,,14,7,13,000,2021,09,10,1,3,2,6,0,,0,1,0,0,0,,"744910,577147471718490","5691805,680451547726989",12.515339604000076,51.32472792900006,2,,2,Ost,,,,2.0,,0,14210905144310680380,124357,0,
9858,,,14,7,13,000,2021,06,07,6,1,6,2,0,,0,1,1,0,0,,"734157,088350090198219","5693289,141522051766515",12.362255431000051,51.342571786000065,0,,0,Mitte,,,,0.0,,0,14210618144200463600,124364,0,
9859,,,14,7,13,000,2021,09,22,1,3,5,2,2,,0,1,0,0,0,,"740891,048001574352384","5696352,697982791811228",12.46083525000006,51.36725601000006,2,,2,Ost,,,,2.0,,0,14210926148210783860,124419,0,
9860,,,14,7,13,000,2021,09,08,4,2,2,6,0,,0,1,0,0,1,,"736915,139615313149989","5699979,345482571050525",12.406241942000065,51.401480880000065,9,,9,Nord,,,,9.0,,0,14210915144310682960,124428,0,
9861,,,14,7,13,000,2021,06,14,2,3,0,7,0,,0,0,0,1,0,,"740650,255010001361370","5696195,966303305700421",12.457276532000037,51.365951308000035,2,,2,Ost,,,,2.0,,0,14210628148210464640,124429,0,
9862,,,14,7,13,000,2021,09,09,3,3,2,6,0,,0,1,0,0,0,,"736996,933114928193390","5691378,012133533135056",12.40168477700007,51.32424069400008,3,,3,Südost,,,,3.0,,0,14210914144200682940,124447,0,
9863,,,14,7,13,000,2021,09,06,4,2,5,2,1,,0,1,0,0,0,,"727619,318718423135579","5685561,471279600635171",12.263615719000029,51.27585235500004,5,,5,Südwest,,,,5.0,,0,14210922144200770350,124460,0,
9864,,,14,7,13,000,2021,09,19,2,3,0,1,1,,1,0,0,0,0,,"742469,812029121443629","5692513,014738405123353",12.48085687300005,51.332121923000045,2,,2,Ost,,,,2.0,,0,14210913148210682610,124466,0,
9865,,,14,7,13,000,2021,08,15,5,3,5,3,0,,0,1,0,0,0,,"727240,835081183351576","5693201,434514239430428",12.263064709000048,51.344590768000046,7,,7,Alt-West,,,,7.0,,0,14210812144200619840,124490,0,
9866,,,14,7,13,000,2021,08,16,3,3,3,3,0,,0,1,0,0,0,,"741081,778368979692459","5686850,180197129026055",12.457143848000044,51.281884423000065,3,,3,Südost,,,,3.0,,0,14210817144100770290,124515,0,
9867,,,14,7,13,000,2021,10,14,3,3,5,2,0,,1,1,0,0,0,,"734780,956195023842156","5693527,393418485298753",12.371353991000035,51.34445316700004,0,,0,Mitte,,,,0.0,,0,14211005144200783510,124527,1,
9868,,,14,7,13,000,2021,10,06,2,3,2,2,2,,0,1,0,0,0,,"735600,277001493610442","5697095,206985527649522",12.38545990800003,51.37613981900006,9,,9,Nord,,,,9.0,,0,14211004148110766920,124547,1,
9869,,,14,7,13,000,2021,09,08,5,3,5,3,0,,1,1,0,0,0,,"736314,674068232998252","5692447,958033870905638",12.392620031000035,51.33412854300008,0,,0,Mitte,,,,0.0,,0,14210923148410717370,124549,0,
9870,,,14,7,13,000,2021,07,16,2,3,5,3,0,,1,1,0,0,0,,"726646,043088932521641","5693430,342366313561797",12.254684326000074,51.346883201000026,7,,7,Alt-West,,,,7.0,,0,14210726148310563370,124559,0,
9871,,,14,7,13,000,2021,08,13,1,3,8,1,0,,0,1,0,0,0,,"732475,014049401506782","5697802,218751154839993",12.341096514000071,51.38377434500006,8,,8,Nordwest,,,,8.0,,0,14210808144200582761,124565,0,
9872,,,14,7,13,000,2021,06,19,3,3,6,6,0,,1,0,1,0,0,,"735453,125617933459580","5693496,965488225221634",12.380967919000057,51.34390207300004,0,,0,Mitte,,,,0.0,,0,14210615143260436160,124578,0,
9873,,,14,7,13,000,2021,08,11,6,2,9,1,0,,0,0,0,1,0,,"732187,663748044520617","5698968,891054050996900",12.337737010000069,51.394364722000034,8,,8,Nordwest,,,,8.0,,0,14210806144200582150,124580,0,
9874,,,14,7,13,000,2021,07,11,2,3,4,6,0,,1,0,0,0,0,,"736616,156438984908164","5694552,629637291654944",12.398338554000077,51.35289504500008,1,,1,Nordost,,,,1.0,,0,14210712148110521050,124604,0,
9875,,,14,7,13,000,2021,09,15,4,3,2,6,0,,0,1,0,0,0,,"736426,503266771323979","5692747,337098561227322",12.39442114600007,51.33676935200003,3,,3,Südost,,,,3.0,,0,14210929144200767080,124630,0,
9876,,,14,7,13,000,2021,07,07,1,3,5,3,0,,0,1,0,0,0,,"736426,444017214700580","5692747,045351848006248",12.394420103000073,51.33676675800007,3,,3,Südost,,,,3.0,,0,14210718148210522110,124646,0,
9877,,,14,7,13,000,2021,09,07,4,3,2,2,0,,0,1,0,0,0,,"732797,477848499082029","5696859,051311938092113",12.34510455700007,51.37517580400004,8,,8,Nordwest,,,,8.0,,0,14210929148110737300,124665,1,
9878,,,14,7,13,000,2021,06,15,6,3,5,2,0,,0,1,0,0,0,,"728395,447001386433840","5690402,969988763332367",12.277821546000041,51.319005581000056,6,,6,West,,,,6.0,,1,14210625148310464070,124681,0,
9879,,,14,7,13,000,2021,07,21,3,2,3,6,2,,0,1,0,0,0,,"734900,527130059897900","5693490,699830392375588",12.373043578000022,51.344074403000036,0,,0,Mitte,,,,0.0,,0,14210727144200582770,124714,0,
9880,,,14,7,13,000,2021,09,11,6,3,2,6,0,,0,1,0,0,0,,"736344,140961582772434","5694732,685058796778321",12.394558743000061,51.354624424000065,1,,1,Nordost,,,,1.0,,0,14210924148110718290,124732,0,
9881,,,14,7,13,000,2021,06,20,4,3,2,6,2,,0,1,0,0,0,,"733557,092394244857132","5693073,964412676170468",12.353514851000057,51.34088701100006,0,,0,Mitte,,,,0.0,,0,14210630148410504170,124746,0,
9882,,,14,7,13,000,2021,09,11,4,3,6,2,0,,0,1,1,0,0,,"734175,494803127832711","5697030,007737969979644",12.364981570000054,51.376143856000056,9,,9,Nord,,,,9.0,,0,14210908148110682990,124747,0,
9883,,,14,7,13,000,2021,06,17,7,3,5,3,0,,1,1,0,0,0,,"728253,000001383945346","5690347,640988815575838",12.27574538600004,51.318566031000046,6,,6,West,,,,6.0,,0,14210619148310445900,124769,0,
9884,,,14,7,13,000,2021,08,08,5,2,8,1,0,,0,1,0,0,0,,"730889,188540924340487","5697432,038456849753857",12.318105893000052,51.38109843600006,8,,8,Nordwest,,,,8.0,,0,14210826144200628640,124770,1,
9885,,,14,7,13,000,2021,07,14,1,2,5,2,0,,0,0,0,1,0,,"735096,618796684779227","5697039,231771534308791",12.37819908800003,51.37584609000004,9,,9,Nord,,,,9.0,,1,14210718144200562920,124773,0,
9886,,,14,7,13,000,2021,09,16,6,3,0,1,0,,1,0,0,0,0,,"736574,662632538937032","5695165,299829671159387",12.39815105100007,51.35841172100004,1,,1,Nordost,,,,1.0,,0,14210910144200696500,124778,0,
9887,,,14,7,13,000,2021,08,17,5,3,5,3,0,,0,1,0,1,0,,"738626,701894040219486","5694505,150436589494348",12.427127429000052,51.35162836100005,2,,2,Ost,,,,2.0,,0,14210819148210681540,124795,0,
9888,,,14,7,13,000,2021,09,10,4,3,5,2,0,,0,1,0,0,0,,"732790,898673912510276","5696858,760247468948364",12.345010002000038,51.37517588800006,8,,8,Nordwest,,,,8.0,,1,14210901144200679780,124813,0,
9889,,,14,7,13,000,2021,10,09,2,3,5,2,0,,1,1,0,0,0,,"735719,904331469908357","5690283,447229748591781",12.382666044000075,51.31494603300007,4,,4,Süd,,,,4.0,,0,14211004148210738780,124818,0,
9890,,,14,7,13,000,2021,06,16,7,2,8,1,0,,0,0,0,1,0,,"734719,934001499786973","5690192,678986096754670",12.368283048000023,51.314544527000066,4,,4,Süd,,,,4.0,,0,14210626145500464340,124829,0,
9891,,,14,7,13,000,2021,09,07,2,3,2,6,0,,0,1,0,0,0,,"735939,655302729457617","5697271,140161350369453",12.390444236000064,51.37757813200005,9,,9,Nord,,,,9.0,,0,14210927148110718530,124853,1,
9892,,,14,7,13,000,2021,06,15,3,3,2,6,0,,0,1,0,0,0,,"737149,387001535855234","5691109,043984904885292",12.403689935000045,51.32176288000005,3,,3,Südost,,,,3.0,,0,14210629148410503530,124865,1,
9893,,,14,7,13,000,2021,09,19,1,3,3,6,1,,0,1,0,1,0,,"736005,799533577635884","5700780,981076762080193",12.393725793000044,51.40905539400006,9,,9,Nord,,,,9.0,,0,14210926148110726120,124877,0,
9894,,,14,7,13,000,2021,08,22,6,3,2,6,2,,0,1,0,0,0,,"733838,526769057847559","5693188,551819005981088",12.357623602000047,51.34179994100003,0,,0,Mitte,,,,0.0,,0,14210827148410636800,124880,1,
9895,,,14,7,13,000,2021,09,08,5,3,1,6,0,,0,1,0,0,0,,"739751,206503513269126","5695504,913858478888869",12.443919765000032,51.360128753000026,2,,2,Ost,,,,2.0,,0,14210923148210738800,124898,0,
9896,,,14,7,13,000,2021,07,13,5,1,6,4,0,,0,0,1,0,0,,"735482,698723571375012","5693479,357678042724729",12.38138013300005,51.34373177200007,0,,0,Mitte,,,,0.0,,1,14210715144200521020,124921,0,
9897,,,14,7,13,000,2021,09,14,2,3,4,1,0,,0,1,0,0,0,,"745092,965212700888515","5693895,810075821354985",12.519389986000022,51.343408338000074,2,,2,Ost,,,,2.0,,0,14210913144200681940,124923,0,
9898,,,14,7,13,000,2021,06,07,3,3,5,3,0,,1,1,0,0,0,,"737580,863655779510736","5690565,234365813434124",12.409508637000044,51.316701616000046,3,,3,Südost,,,,3.0,,0,14210615148210435740,124956,0,
9899,,,14,7,13,000,2021,09,03,3,3,9,1,2,,0,1,0,0,1,,"738984,414929826743901","5699160,455517254769802",12.435384415000044,51.39326300100004,1,,1,Nordost,,,,1.0,,0,14210921144310726330,124969,0,
9900,,,14,7,13,000,2021,08,07,3,3,9,1,0,,0,1,0,0,0,,"739302,927265611477196","5698919,058446981012821",12.43979147500005,51.390962097000056,1,,1,Nordost,,,,1.0,,0,14210817144310628290,125001,0,
9901,,,14,7,13,000,2021,10,08,7,3,5,3,0,,1,1,0,0,0,,"737346,060196005739272","5690243,896256577223539",12.405931549000059,51.31391522000007,4,,4,Süd,,,,4.0,,0,14211002148210767420,125026,0,
9902,,,14,7,13,000,2021,08,17,6,3,1,6,0,,0,1,0,0,0,,"734200,633381256833673","5697032,917244629934430",12.365344046000075,51.376159607000034,9,,9,Nord,,,,9.0,,1,14210820148110619180,125045,0,
9903,,,14,7,13,000,2021,07,22,6,2,5,2,2,,0,1,0,0,0,,"740891,048001574352384","5696352,697982791811228",12.46083525000006,51.36725601000006,2,,2,Ost,,,,2.0,,0,14210723144200561500,125071,0,
9904,,,14,7,13,000,2021,06,15,7,2,6,4,0,,0,1,1,0,0,,"735089,045363663695753","5697039,236798778176308",12.378090469000028,51.37584927000006,9,,9,Nord,,,,9.0,,0,14210619148110446170,125074,0,
9905,,,14,7,13,000,2021,07,11,7,3,2,6,0,,0,1,0,1,0,,"732506,967001456767321","5692413,137987045571208",12.338032880000071,51.335385332000044,7,,7,Alt-West,,,,7.0,,0,14210731148310562310,125077,0,
9906,,,14,7,13,000,2021,08,08,5,3,2,2,0,,0,1,0,0,0,,"733559,987526268698275","5693075,137079639360309",12.353557114000068,51.34089634800006,0,,0,Mitte,,,,0.0,,0,14210812148410602640,125089,0,
9907,,,14,7,13,000,2021,10,17,2,2,3,6,0,,0,1,0,1,0,,"727068,325199930928648","5693393,962404187768698",12.260714647000043,51.34638809200004,7,,7,Alt-West,,,,7.0,,0,14211004144200903340,125114,0,
9908,,,14,7,13,000,2021,08,17,7,3,3,5,0,,0,1,0,0,0,,"738660,639122960157692","5689318,095128273591399",12.424140514000044,51.30505558700003,3,,3,Südost,,,,3.0,,0,14210814148210618860,125119,0,
9909,,,14,7,13,000,2021,07,16,5,3,3,6,0,,0,1,0,1,0,,"733056,458885418251157","5696869,785607885569334",12.34882611200004,51.37516594400006,8,,8,Nordwest,,,,8.0,,0,14210715144200583040,125143,0,
9910,,,14,7,13,000,2021,07,21,6,3,6,4,2,,0,0,1,0,0,,"739949,287180222570896","5695674,945786602795124",12.446874265000076,51.36157129400004,2,,2,Ost,,,,2.0,,1,14210723145200569380,125151,0,
9911,,,14,7,13,000,2021,09,11,3,3,5,2,0,,0,1,0,1,0,,"728177,842430938966572","5690318,429507246240973",12.27464997100003,51.31833393100004,6,,6,West,,,,6.0,,0,14210928148310766950,125152,0,
9912,,,14,7,13,000,2021,08,14,1,3,5,2,0,,0,1,0,0,0,,"736719,994923085905612","5692016,571014733985066",12.398141405000047,51.330087795000054,3,,3,Südost,,,,3.0,,0,14210829144200682550,125155,1,
9913,,,14,7,13,000,2021,06,19,7,3,5,2,0,,1,1,0,0,0,,"727283,715020796284080","5690037,439915755763650",12.261661356000047,51.316169184000046,6,,6,West,,,,6.0,,0,14210626148310513220,125181,0,
9914,,,14,7,13,000,2021,09,12,2,3,2,6,0,,0,1,0,0,0,,"733898,582163304090500","5693207,930657608434558",12.358497059000058,51.34194919500004,0,,0,Mitte,,,,0.0,,0,14210906144200679760,125182,0,
9915,,,14,7,13,000,2021,12,16,5,3,5,7,1,,0,1,0,0,0,,"740384,034921187907457","5694431,590153230354190",12.452267340000049,51.350227665000034,2,,2,Ost,,,,2.0,,0,14211223144200980190,125269,1,
9916,,,14,7,13,000,2021,10,07,7,3,5,3,2,,1,1,0,0,0,,"738931,864001573994756","5688213,172984061762691",12.427284875000055,51.295024124000065,3,,3,Südost,,,,3.0,,0,14211016148210793820,125295,1,
9917,,,14,7,13,000,2021,12,16,2,2,3,6,0,,0,1,0,0,0,,"738433,489975252188742","5699419,433056097477674",12.427654062000045,51.39581923500003,1,,1,Nordost,,,,1.0,,0,14211220144310979990,125301,0,
9918,,,14,7,13,000,2021,11,09,5,3,9,7,0,,0,1,0,0,0,,"736023,793099423870444","5701707,255900800228119",12.394600461000039,51.41736221600007,9,,9,Nord,,,,9.0,,0,14211118148110890580,125308,0,
9919,,,14,7,13,000,2021,11,16,3,2,1,5,1,,1,1,0,0,0,,"731244,259164681658149","5696830,437825728207827",12.32280793600006,51.37555350400004,8,,8,Nordwest,,,,8.0,,0,14211130144200903730,125368,1,
9920,,,14,7,13,000,2021,12,15,1,3,5,3,0,,1,1,0,0,0,,"732965,357273345813155","5692858,378673583269119",12.344893010000021,51.339194519000046,7,,7,Alt-West,,,,7.0,,0,14211205144200923440,125385,0,
9921,,,14,7,13,000,2021,10,15,4,3,3,2,0,,1,1,0,0,0,,"733863,395845246501267","5693196,524558128789067",12.35798526800005,51.341861281000035,0,,0,Mitte,,,,0.0,,0,14211006148410768340,125517,0,
9922,,,14,7,13,000,2021,12,13,6,3,3,6,0,,0,1,0,0,0,,"743472,045839564874768","5694989,226876193657517",12.496909033000065,51.35391837100008,2,,2,Ost,,,,2.0,,0,14211224144310979820,125523,0,
9923,,,14,7,13,000,2021,12,07,2,3,5,2,1,,0,1,1,0,0,,"731293,474112397991121","5697264,255008142441511",12.323796173000062,51.379427743000065,8,,8,Nordwest,,,,8.0,,0,14211206148110923470,125554,1,
9924,,,14,7,13,000,2021,12,22,1,1,6,4,2,,0,1,1,0,0,,"730477,905812865123153","5697629,630810711532831",12.312334147000058,51.383039290000056,8,,8,Nordwest,,,,8.0,,0,14211212144200978380,125576,1,
9925,,,14,7,13,000,2021,12,15,6,3,3,6,0,,0,1,0,0,0,,"736984,002590988762677","5691374,053283158689737",12.40149690100003,51.32421054500003,3,,3,Südost,,,,3.0,,0,14211217148410979840,125585,0,
9926,,,14,7,13,000,2021,12,08,7,2,5,2,0,,1,0,0,0,1,,"736479,392484161071479","5693024,672370487824082",12.395363173000021,51.33923677300004,2,,2,Ost,,,,2.0,,0,14211204144200922730,125592,0,
9927,,,14,7,13,000,2021,12,14,6,1,6,2,0,,0,1,1,0,0,,"742698,312109790742397","5692702,698834290727973",12.484259873000042,51.33372695600008,2,,2,Ost,,,,2.0,,0,14211210144200962800,125610,0,
9928,,,14,7,13,000,2021,11,16,2,3,2,2,1,,0,1,0,0,0,,"727592,892229841090739","5685591,558030761778355",12.263256630000058,51.27613301200006,5,,5,Südwest,,,,5.0,,0,14211122148310902760,125666,0,
9929,,,14,7,13,000,2021,10,14,6,3,2,6,0,,0,1,0,0,0,,"732803,559504902921617","5696859,334422482177615",12.34519197000003,51.37517585200004,8,,8,Nordwest,,,,8.0,,0,14211029148110824470,125680,0,
9930,,,14,7,13,000,2021,12,15,3,3,5,3,0,,1,1,0,0,0,,"736341,827829649671912","5692489,922098489478230",12.393036964000032,51.33449393800004,3,,3,Südost,,,,3.0,,0,14211214148410963850,125713,0,
9931,,,14,7,13,000,2021,10,12,5,3,5,3,0,,1,1,0,0,0,,"737582,762295274995267","5690562,848590692505240",12.409534243000053,51.31667940900007,3,,3,Südost,,,,3.0,,0,14211028148210824240,125724,0,
9932,,,14,7,13,000,2021,11,18,2,3,2,6,2,,0,1,0,0,0,,"736981,025156347081065","5691379,620855720713735",12.40145794700004,51.32426176000007,3,,3,Südost,,,,3.0,,0,14211122144200891080,125785,0,
9933,,,14,7,13,000,2021,11,15,1,2,2,6,0,,1,1,0,0,0,,"736988,671668492257595","5691391,614688824862242",12.401575466000054,51.324366233000035,3,,3,Südost,,,,3.0,,0,14211128144200912620,125792,0,
9934,,,14,7,13,000,2021,11,11,2,3,5,2,0,,1,1,0,0,0,,"736504,265090792439878","5692238,991505887359381",12.395198037000057,51.33217401600007,3,,3,Südost,,,,3.0,,0,14211108148410902780,125796,0,
9935,,,14,7,13,000,2021,12,15,4,2,5,3,0,,1,0,0,0,0,,"736513,745967277325690","5692229,799074158072472",12.395327784000074,51.33208756100004,3,,3,Südost,,,,3.0,,1,14211208144200994520,125813,1,
9936,,,14,7,13,000,2021,12,21,6,3,5,3,2,,0,1,0,0,0,,"742258,660518927499652","5694718,082650780677795",12.479331608000052,51.35200322900005,2,,2,Ost,,,,2.0,,0,14211224144200979650,125857,1,
9937,,,14,7,13,000,2021,10,21,1,3,2,6,2,,0,1,0,0,0,,"736453,905594062060118","5696410,857783792540431",12.397247824000033,51.36964226200007,9,,9,Nord,,,,9.0,,0,14211031144200824970,125860,0,
9938,,,14,7,13,000,2021,12,15,3,3,5,2,0,,0,1,0,0,0,,"742269,614404744468629","5694720,482341993600130",12.479490250000026,51.35202009900007,2,,2,Ost,,,,2.0,,1,14211207144200923760,125888,0,
9939,,,14,7,13,000,2021,11,11,1,2,4,6,0,,1,0,0,0,0,,"737413,287866165861487","5690749,638911945745349",12.407231094000053,51.31842678000004,3,,3,Südost,,,,3.0,,0,14211114144200858960,125926,0,
9940,,,14,7,13,000,2021,11,07,5,3,5,2,0,,1,1,0,0,0,,"739901,176096422597766","5695634,551089568063617",12.446157250000056,51.36122903900008,2,,2,Ost,,,,2.0,,0,14211118148110890210,125980,1,
9941,,,14,7,13,000,2021,12,16,3,3,2,6,1,,0,1,0,0,0,,"740538,499871177598834","5696138,189785733819008",12.455635074000043,51.36548005700007,2,,2,Ost,,,,2.0,,0,14211221144200964590,126006,0,
9942,,,14,7,13,000,2021,10,17,5,3,2,6,0,,0,1,0,1,0,,"733111,395000629127026","5692915,932618893682957",12.347023633000049,51.33965131200006,0,,0,Mitte,,,,0.0,,0,14211028148410854570,126143,0,
9943,,,14,7,13,000,2021,11,12,2,3,5,3,0,,0,1,0,0,0,,"734615,088815891183913","5690178,147954601794481",12.36677172700007,51.31445731800005,4,,4,Süd,,,,4.0,,0,14211101148210833840,126204,1,
9944,,,14,7,13,000,2021,10,15,2,2,8,1,0,,0,0,0,0,0,,"730275,141348795965314","5687979,144799433648586",12.303185853000059,51.29648922600006,5,,5,Südwest,,,,5.0,,1,14211018148310825030,126223,0,
9945,,,14,7,13,000,2021,11,13,3,3,3,6,0,,0,1,0,0,0,,"740259,347524972632527","5697742,184963593259454",12.452716552000027,51.37999498000005,1,,1,Nordost,,,,1.0,,1,14211130144310964320,126245,1,
9946,,,14,7,13,000,2021,12,13,3,3,2,2,0,,0,1,0,0,0,,"736066,109894782304764","5693825,012676808983088",12.389970986000037,51.34659252000006,0,,0,Mitte,,,,0.0,,0,14211221148410964620,126259,0,
9947,,,14,7,13,000,2021,11,08,3,3,2,6,0,,0,1,0,0,1,,"729747,621829115785658","5693133,312776347622275",12.298953245000064,51.34297178200006,7,,7,Alt-West,,,,7.0,,0,14211116148310880580,126311,0,
9948,,,14,7,13,000,2021,11,01,1,3,5,3,2,,0,1,0,0,0,,"736680,854304408654571","5695558,862188044935465",12.399935335000066,51.36190016000006,1,,1,Nordost,,,,1.0,,0,14211114144200858970,126345,0,
9949,,,14,7,13,000,2021,10,18,3,3,5,3,2,,1,1,0,0,0,,"737346,466705680824816","5690253,049737628549337",12.405943462000039,51.31399721300005,3,,3,Südost,,,,3.0,,0,14211019148210834810,126353,0,
9950,,,14,7,13,000,2021,11,10,6,3,2,6,0,,0,1,0,0,0,,"741993,901022264733911","5694674,961797969415784",12.475507317000051,51.351728981000065,2,,2,Ost,,,,2.0,,0,14211105144320847921,126394,1,
9951,,,14,7,13,000,2021,11,13,2,3,5,2,0,,1,1,0,0,0,,"737354,004366515204310","5690845,300706187263131",12.406445575000077,51.31931017900007,3,,3,Südost,,,,3.0,,0,14211108148410858700,126469,0,
9952,,,14,7,13,000,2021,10,14,3,3,5,2,0,,1,1,0,0,0,,"735063,010618911124766","5690249,666567105799913",12.373234678000074,51.31491448500003,4,,4,Süd,,,,4.0,,0,14211019148210858870,126475,0,
9953,,,14,7,13,000,2021,11,22,3,3,5,3,2,,0,1,0,0,0,,"732593,371001439169049","5698945,912986878305674",12.343543410000052,51.393992334000075,8,,8,Nordwest,,,,8.0,,0,14211123144200890200,126505,1,
9954,,,14,7,13,000,2021,10,10,5,3,2,6,0,,0,1,0,0,0,,"732486,019940603524446","5692411,615733290091157",12.337731704000078,51.335380230000055,7,,7,Alt-West,,,,7.0,,0,14211014148210783870,126624,1,
9955,,,14,7,13,000,2021,11,07,3,3,3,6,1,,0,1,0,0,0,,"745463,383733648806810","5691086,352850796654820",12.522763068000074,51.31803375100003,2,,2,Ost,,,,2.0,,0,14211102148210847940,126626,0,
9956,,,14,7,13,000,2021,10,16,3,2,2,6,0,,0,1,0,0,0,,"740018,724768578074872","5694421,200011823326349",12.447024146000047,51.35028877000008,2,,2,Ost,,,,2.0,,0,14211026144100834300,126632,0,
9957,,,14,7,13,000,2021,11,17,5,3,6,2,2,,0,1,1,0,0,,"734324,636072802357376","5693359,018820669502020",12.364702773000033,51.343130012000074,0,,0,Mitte,,,,0.0,,0,14211104144320846740,126677,1,