UNFALL_ID,FID_left,OBJECTID,ULAND,UREGBEZ,UKREIS,UGEMEINDE,UJAHR,UMONAT,USTUNDE,UWOCHENTAG,UKATEGORIE,UART,UTYP1,ULICHTVERH,IstStrasse,IstRad,IstPKW,IstFuss,IstKrad,IstGkfz,IstSonstig,LINREFX,LINREFY,XGCSWGS84,YGCSWGS84,index_right,FID_right,SBZ,Name,UIDENTSTLA,LICHT,STRZUSTAND,FID,OBJECTID_1,IstSonstige,UIDENTSTLAE,OID_,IstStrassenzustand,PLST
9958,,,14,7,13,000,2021,12,16,5,3,3,6,1,,0,1,0,0,0,,"735617,594751724041998","5693482,366584694013000",12.383315519000064,51.34370289600008,0,,0,Mitte,,,,0.0,,0,14211223148410993940,126731,0,
9959,,,14,7,13,000,2021,10,14,7,2,5,3,0,,1,1,0,0,0,,"732502,742856054566801","5692412,831012178212404",12.337972145000037,51.33538430300007,7,,7,Alt-West,,,,7.0,,0,14211009144200768280,126748,0,
9960,,,14,7,13,000,2021,12,17,3,3,9,1,2,,0,1,0,0,0,,"743340,214665029197931","5695036,990712733939290",12.495052028000032,51.35440351800003,2,,2,Ost,,,,2.0,,0,14211228144310994530,126786,0,
9961,,,14,7,13,000,2021,12,11,3,3,3,6,0,,0,1,0,0,0,,"736144,842065948061645","5701500,783995885401964",12.396200659000044,51.41545852100006,9,,9,Nord,,,,9.0,,0,14211228148110980440,126919,0,
9962,,,14,7,13,000,2021,12,05,6,3,5,3,2,,1,1,0,0,0,,"729989,826991738751531","5693103,879661910235882",12.302405867000061,51.342609639000045,7,,7,Alt-West,,,,7.0,,0,14211210148310936810,126920,0,
9963,,,14,7,13,000,2021,10,14,3,2,5,3,0,,1,1,0,0,0,,"736237,713726271875203","5694037,617793263867497",12.392571702000055,51.348429622000026,0,,0,Mitte,,,,0.0,,0,14211012144200066150,126956,0,
9964,,,14,7,13,000,2021,10,13,6,3,5,3,0,,1,1,0,0,0,,"728894,658879674971104","5691755,670549977570772",12.285841965000031,51.33094846900008,6,,6,West,,,,6.0,,0,14211015148310834370,127010,0,
9965,,,14,7,13,000,2021,12,13,5,3,6,2,0,,0,1,1,0,0,,"740921,205538603477180","5696371,216749507933855",12.461280215000045,51.36740943700005,2,,2,Ost,,,,2.0,,0,14211209144200934010,127077,1,
9966,,,14,7,13,000,2021,11,07,2,3,5,3,1,,0,1,0,0,0,,"736711,368985505774617","5692007,648230932652950",12.398011886000063,51.33001129200005,3,,3,Südost,,,,3.0,,1,14211122148410880950,127084,1,
9967,,,14,7,13,000,2021,11,16,1,3,5,2,2,,1,1,0,0,0,,"737155,526385745964944","5691095,878495628014207",12.403769126000043,51.321642146000045,0,,0,Mitte,,,,0.0,,0,14211128148410922430,127092,0,
9968,,,14,7,13,000,2021,11,08,5,3,5,3,0,,0,1,0,0,0,,"734145,508427764289081","5693284,000482764095068",12.362086082000076,51.34253040600004,0,,0,Mitte,,,,0.0,,1,14211111144200879870,127119,0,
9969,,,14,7,13,000,2021,12,08,4,3,0,7,0,,0,0,0,1,0,,"734028,397001480683684","5693242,683986352756619",12.36038043800005,51.342207743000074,0,,0,Mitte,,,,0.0,,0,14211201148410912300,127293,1,
9970,,,14,7,13,000,2021,11,14,7,2,5,2,0,,1,1,0,0,0,,"736497,348731212317944","5692229,209749557077885",12.395092442000077,51.33208908900008,0,,0,Mitte,,,,0.0,,0,14211113144200858860,127294,0,
9971,,,14,7,13,000,2021,11,06,3,3,5,3,2,,1,1,0,0,0,,"738935,726167420856655","5688197,981049615889788",12.427330004000055,51.29488614200005,3,,3,Südost,,,,3.0,,0,14211116148210879530,127358,1,
9972,,,14,7,13,000,2021,10,08,1,3,5,3,0,,1,1,0,0,0,,"740573,211648622527719","5694447,736588381230831",12.454989806000071,51.35029255900008,2,,2,Ost,,,,2.0,,0,14211024148210807710,127417,1,
9973,,,14,7,13,000,2021,10,11,5,1,5,3,0,,1,1,0,0,0,,"732961,861001460812986","5692856,989986835047603",12.344841994000035,51.339183485000035,7,,7,Alt-West,,,,7.0,,0,14211028144100834731,127440,0,
9974,,,14,7,13,000,2021,10,05,1,2,4,6,2,,0,1,0,0,0,,"727002,253072473220527","5690029,302696900442243",12.257624036000038,51.31620846900006,6,,6,West,,,,6.0,,0,14211031144200825870,127442,0,
9975,,,14,7,13,000,2021,11,14,3,2,6,2,0,,0,1,1,0,0,,"731500,682546410709620","5698535,758389638736844",12.327597074000039,51.39075725100008,8,,8,Nordwest,,,,8.0,,0,14211130144200978980,127537,1,
9976,,,14,7,13,000,2021,10,08,4,3,3,2,0,,1,1,0,0,0,,"736212,289001514203846","5693801,339985307306051",12.392050502000075,51.34631931200005,0,,0,Mitte,,,,0.0,,0,14211006148410769810,127565,0,
9977,,,14,7,13,000,2021,11,19,6,3,5,2,2,,0,1,0,0,0,,"735079,529184620827436","5690251,549329061061144",12.373472525000068,51.314924563000034,4,,4,Süd,,,,4.0,,0,14211126148210934660,127596,0,
9978,,,14,7,13,000,2021,11,18,4,3,5,3,1,,0,1,0,1,0,,"731298,077064452692866","5692787,750523645430803",12.320951832000048,51.339241111000035,7,,7,Alt-West,,,,7.0,,0,14211103148320854960,127629,0,
9979,,,14,7,13,000,2021,10,10,3,2,5,3,0,,0,1,0,0,0,,"732795,828412864357233","5696858,974528148770332",12.345080849000055,51.37517579000007,8,,8,Nordwest,,,,8.0,,0,14211019144200793250,127647,0,
9980,,,14,7,13,000,2021,10,10,2,3,6,2,0,,0,1,1,0,0,,"736162,163418557494879","5693920,679786464199424",12.391411205000054,51.34741135400003,0,,0,Mitte,,,,0.0,,0,14211018148410783880,127680,0,
9981,,,14,7,13,000,2021,10,03,4,2,1,1,2,,0,1,0,0,0,,"736448,544428138062358","5692982,718931943178177",12.394893242000023,51.33887301900006,0,,0,Mitte,,,,0.0,,0,14211006144200766980,127682,0,
9982,,,14,7,13,000,2021,12,17,2,2,2,6,2,,0,1,0,0,0,,"735346,495001516304910","5688588,019985835999250",12.376199276000023,51.29988173400005,4,,4,Süd,,,,4.0,,1,14211213144200087670,127740,1,
9983,,,14,7,13,000,2021,11,18,4,3,5,3,2,,0,1,0,0,0,,"735173,572264662943780","5693551,095522128045559",12.376996938000048,51.34450366100003,0,,0,Mitte,,,,0.0,,1,14211124144200890570,127747,0,
9984,,,14,7,13,000,2021,12,15,5,3,5,2,0,,1,1,0,0,0,,"736633,707263580523431","5695725,495583442971110",12.399370198000042,51.36341551500004,9,,9,Nord,,,,9.0,,0,14211230148410993650,127786,1,
9985,,,14,7,13,000,2021,11,16,2,3,5,2,2,,0,1,0,0,1,,"731292,432001420296729","5697264,751987472176552",12.323781548000056,51.379432629000064,8,,8,Nordwest,,,,8.0,,0,14211122144200890180,127948,0,
9986,,,14,7,13,000,2021,10,09,2,3,5,2,0,,1,1,0,0,0,,"738296,429594330489635","5694498,599680043756962",12.422388805000026,51.35170811800003,1,,1,Nordost,,,,1.0,,0,14211018144200903350,127966,0,
9987,,,14,7,13,000,2021,10,17,5,3,8,1,0,,0,1,0,0,0,,"729182,555170594714582","5686940,483285792171955",12.286874450000028,51.28760564100003,5,,5,Südwest,,,,5.0,,0,14211007148310767440,127982,0,
9988,,,14,7,13,000,2021,11,18,2,3,0,7,2,,0,0,0,0,0,,"737290,416618773713708","5690918,620991619303823",12.405583501000024,51.31999482800006,3,,3,Südost,,,,3.0,,1,14211101144200964580,127994,0,
9989,,,14,7,13,000,2021,11,02,2,3,9,1,2,,0,1,0,0,0,,"727957,650001392699778","5684046,663989033550024",12.26749266400003,51.26211802900008,5,,5,Südwest,,,,5.0,,0,14211122144200880920,127996,1,
9990,,,14,7,13,000,2021,12,13,6,3,5,3,0,,1,1,0,0,0,,"732965,576339119113982","5692858,465684477239847",12.344896206000044,51.33919521000007,7,,7,Alt-West,,,,7.0,,0,14211210148310934900,128078,0,
9991,,,14,7,13,000,2021,11,17,3,3,2,6,2,,1,1,0,0,0,,"733916,048144622705877","5693220,577286731451750",12.358755693000035,51.342055533000064,0,,0,Mitte,,,,0.0,,0,14211123148410934940,128084,1,
9992,,,14,7,13,000,2021,11,19,5,2,4,1,2,,0,1,0,0,0,,"741578,755203653126955","5687755,572907982394099",12.46486877600006,51.28980039900006,3,,3,Südost,,,,3.0,,0,14211118144200880150,128145,0,
9993,,,14,7,13,000,2021,12,17,2,3,4,6,2,,1,0,0,0,0,,"736420,446202587336302","5692717,606431253254414",12.394314616000031,51.33650500200008,3,,3,Südost,,,,3.0,,0,14211220148423002180,128172,0,
9994,,,14,7,13,000,2021,11,09,4,3,5,2,0,,1,1,0,0,0,,"737164,951995152980089","5691104,473603934049606",12.403909868000028,51.32171536800007,3,,3,Südost,,,,3.0,,0,14211110144200880100,128179,0,
9995,,,14,7,13,000,2021,11,17,3,3,2,6,0,,0,1,0,0,0,,"737154,383008287288249","5691098,147790191695094",12.40375425700006,51.32166299200003,0,,0,Mitte,,,,0.0,,0,14211130148210912280,128206,1,
9996,,,14,7,13,000,2021,10,08,2,3,5,2,0,,1,1,0,0,0,,"736649,083001525141299","5692097,116985132917762",12.397178866000047,51.33084029400004,3,,3,Südost,,,,3.0,,0,14211011144200878530,128285,0,
9997,,,14,7,13,000,2021,10,00,6,3,5,2,2,,1,1,0,0,0,,"734146,072905016131699","5693284,251088913530111",12.36209433700003,51.34253242300008,0,,0,Mitte,,,,0.0,,0,14211015148410783570,128297,0,
9998,,,14,7,13,000,2021,10,10,4,2,2,6,0,,0,1,0,0,0,,"736997,240009976550937","5691377,523691937327385",12.401688849000038,51.32423618200005,3,,3,Südost,,,,3.0,,0,14211013144200880120,128366,0,
9999,,,14,7,13,000,2021,11,11,2,3,5,2,0,,0,0,0,0,1,,"735029,494458253495395","5702116,684718685224652",12.380598226000075,51.42145029200003,9,,9,Nord,,,,9.0,,0,14211101144200847900,128411,1,
10000,,,14,7,13,000,2021,11,13,3,3,8,7,0,,0,1,0,0,0,,"739378,654155217111111","5695199,783691678196192",12.43837327600005,51.357547046000036,1,,1,Nordost,,,,1.0,,0,14211116144200879050,128477,0,
10001,,,14,7,13,000,2021,10,12,4,3,2,6,0,,0,1,0,0,0,,"736154,237833519466221","5701509,945511970669031",12.396341633000077,51.41553684200005,9,,9,Nord,,,,9.0,,1,14211020149310825930,128517,0,
10002,,,14,7,13,000,2021,11,15,7,3,5,2,0,,0,1,0,0,0,,"740891,048001574352384","5696352,697982791811228",12.46083525000006,51.36725601000006,2,,2,Ost,,,,2.0,,0,14211106144200880910,128523,0,
10003,,,14,7,13,000,2021,10,07,3,3,3,2,1,,1,1,0,0,0,,"734749,913439396768808","5693486,710530575364828",12.370882237000046,51.344100799000046,0,,0,Mitte,,,,0.0,,0,14211012148410770370,128531,0,
10004,,,14,7,13,000,2021,12,12,5,3,1,3,0,,1,1,0,0,0,,"732151,739001449197531","5692470,857987197116017",12.332979862000059,51.336048582000046,7,,7,Alt-West,,,,7.0,,0,14211202148310923490,128544,0,
10005,,,14,7,13,000,2021,11,19,1,2,8,1,2,,0,1,0,0,0,,"732721,957973519340158","5696832,684083905071020",12.344004121000069,51.37497006700005,8,,8,Nordwest,,,,8.0,,0,14211107144200854470,128561,1,
10006,,,14,7,13,000,2021,11,11,6,3,2,6,0,,0,1,0,0,0,,"743108,218330175615847","5695101,336953947320580",12.491770510000038,51.35508031900008,2,,2,Ost,,,,2.0,,0,14211105144320880090,128570,1,
10007,,,14,7,13,000,2021,11,06,6,3,5,3,2,,1,1,0,0,0,,"737345,750438917428255","5690243,886557115241885",12.405927106000036,51.31391526200008,4,,4,Süd,,,,4.0,,0,14211126148210902750,128592,0,
10008,,,14,7,13,000,2021,11,09,3,3,5,3,0,,1,1,0,0,0,,"740112,840075557120144","5687870,718156384304166",12.443962019000026,51.29145368400003,3,,3,Südost,,,,3.0,,0,14211109148210854920,128680,1,
10009,,,14,7,13,000,2021,12,09,6,3,5,2,0,,1,1,0,0,0,,"727282,982432539574802","5690037,235691763460636",12.261650731000032,51.31616764300003,6,,6,West,,,,6.0,,0,14211217144200978970,128706,0,
10010,,,14,7,13,000,2021,10,19,6,3,5,2,1,,1,1,0,0,0,,"732075,136078361421824","5692451,366927949711680",12.331869381000047,51.335904880000044,7,,7,Alt-West,,,,7.0,,0,14211029148320922410,128721,0,
10011,,,14,7,13,000,2021,11,08,3,3,3,6,0,,0,1,0,0,0,,"741356,338037261739373","5696706,010738506913185",12.467746660000046,51.37022966700005,1,,1,Nordost,,,,1.0,,0,14211109144310844070,128770,0,
10012,,,14,7,13,000,2021,11,21,1,2,5,3,2,,1,1,0,0,0,,"735719,547439967282116","5690283,435763858258724",12.38266092400005,51.31494607800005,4,,4,Süd,,,,4.0,,0,14211121144200934640,128792,1,
10013,,,14,7,13,000,2021,01,01,6,3,8,1,2,,0,1,0,0,0,,"730580,902763525955379","5690201,558755695819855",12.309000046000051,51.31631618100005,5,,5,Südwest,,,,5.0,,0,14210108144200061880,222698,0,
10014,,,14,7,13,000,2021,01,10,1,3,5,3,0,,1,1,0,0,0,,"739311,206001573242247","5690707,544983802363276",12.434388459000047,51.31725402200004,3,,3,Südost,,,,3.0,,0,14210124148210115160,222750,2,
10015,,,14,7,13,000,2021,01,15,2,3,6,4,0,,0,1,1,0,0,,"739652,776001571677625","5692147,622983582317829",12.440248957000051,51.330036119000056,2,,2,Ost,,,,2.0,,0,14210118144200085060,222772,1,
10016,,,14,7,13,000,2021,01,04,3,3,5,3,2,,0,1,0,0,0,,"738647,020646033808589","5695290,965973980724812",12.427945667000074,51.358673192000026,1,,1,Nordost,,,,1.0,,1,14210112148110076600,222783,1,
10017,,,14,7,13,000,2021,01,16,2,3,5,2,1,,1,1,0,0,0,,"735758,080833698622882","5692895,788776654750109",12.384940732000075,51.33837938100004,0,,0,Mitte,,,,0.0,,0,14210118148110092560,222863,1,
10018,,,14,7,13,000,2021,01,07,2,3,5,2,0,,1,1,0,0,0,,"734504,208001492545009","5690905,329986181110144",12.365661688000046,51.32103055300007,4,,4,Süd,,,,4.0,,0,14210104148210115150,222897,1,
10019,,,14,7,13,000,2021,01,13,6,3,2,6,0,,0,1,0,0,0,,"737187,018816565163434","5693852,855959467589855",12.406055614000024,51.34637590400007,2,,2,Ost,,,,2.0,,0,14210108148410092730,222902,1,
10020,,,14,7,13,000,2021,01,13,4,3,5,3,0,,1,1,0,0,0,,"736342,680751332081854","5692762,895815538242459",12.393230279000022,51.33694385100006,0,,0,Mitte,,,,0.0,,0,14210113144200070390,222936,1,
10021,,,14,7,13,000,2021,01,18,4,2,5,3,2,,0,1,0,0,0,,"739492,287260059267282","5691861,425529116764665",12.437757255000065,51.32753485900008,2,,2,Ost,,,,2.0,,0,14210120144200087360,222979,0,
10022,,,14,7,13,000,2021,01,04,3,3,6,4,2,,0,1,1,0,0,,"740764,060115852393210","5693932,635442648082972",12.457376964000048,51.34558842800004,2,,2,Ost,,,,2.0,,0,14210105148210059350,223014,1,
10023,,,14,7,13,000,2021,01,06,3,3,3,7,2,,0,1,0,0,0,,"737398,961538148112595","5687216,447161728516221",12.404675944000076,51.286718353000026,4,,4,Süd,,,,4.0,,0,14210112144200070400,223051,2,
10024,,,14,7,13,000,2021,01,12,2,3,5,3,0,,0,1,0,0,0,,"735615,151279827579856","5696832,708717497065663",12.385499243000027,51.37377740800008,9,,9,Nord,,,,9.0,,0,14210111148110072430,223155,0,
10025,,,14,7,13,000,2021,01,20,3,3,1,7,2,,0,1,0,0,0,,"735691,577642584219575","5696210,438554758206010",12.386182818000066,51.368160070000044,9,,9,Nord,,,,9.0,,0,14210119145500087400,223173,1,
10026,,,14,7,13,000,2021,01,15,6,3,3,6,0,,1,0,0,0,0,,"735009,173001493327320","5693382,490985890850425",12.37452935500005,51.34305818400003,0,,0,Mitte,,,,0.0,,1,14210108148410072510,223211,1,
10027,,,14,7,13,000,2021,01,14,2,3,5,3,0,,1,1,0,0,0,,"735402,529116489924490","5690788,299589687958360",12.378453337000053,51.31960912900007,4,,4,Süd,,,,4.0,,0,14210125148210095470,223250,0,
10028,,,14,7,13,000,2021,01,21,3,3,0,1,2,,1,0,0,0,0,,"735176,256589079275727","5693103,622061353176832",12.376739903000043,51.34048587600006,0,,0,Mitte,,,,0.0,,0,14210119144200085950,223420,1,
10029,,,14,7,13,000,2021,01,09,7,3,1,3,0,,0,1,0,0,0,,"740683,491286309435964","5688728,607677105814219",12.452709224000046,51.29891302500005,3,,3,Südost,,,,3.0,,0,14210116148210087480,223449,1,
10030,,,14,7,13,000,2021,01,06,2,3,5,3,2,,1,1,0,0,0,,"735143,675832694396377","5689219,779284931719303",12.373711318000062,51.30563646600007,4,,4,Süd,,,,4.0,,0,14210104144200072310,223470,1,
10031,,,14,7,13,000,2021,01,15,5,2,6,2,0,,0,1,1,0,0,,"731822,678403777070343","5691416,008348807692528",12.327577878000056,51.32671362700006,5,,5,Südwest,,,,5.0,,0,14210114144200075100,223503,1,
10032,,,14,7,13,000,2021,01,20,1,3,5,3,2,,0,1,0,0,0,,"737123,097932609729469","5692261,829010093584657",12.404080239000052,51.33212136800006,3,,3,Südost,,,,3.0,,0,14210110145200085110,223515,0,
10033,,,14,7,13,000,2021,01,22,4,3,1,1,2,,1,1,0,0,0,,"736735,831906563602388","5692771,786159686744213",12.398870101000057,51.33686013200003,3,,3,Südost,,,,3.0,,0,14210106148410060700,223528,1,
10034,,,14,7,13,000,2021,01,17,2,3,6,4,2,,1,0,1,0,0,,"738117,153093459084630","5693619,109732469543815",12.419230734000053,51.343889002000026,2,,2,Ost,,,,2.0,,0,14210125148210113600,223555,1,
10035,,,14,7,13,000,2021,01,14,3,3,0,7,0,,1,0,0,0,0,,"734712,477500053122640","5693406,423462739214301",12.370292756000026,51.34339556600003,0,,0,Mitte,,,,0.0,,0,14210105148410058060,223578,1,
10036,,,14,7,13,000,2021,01,04,1,2,8,1,2,,0,1,0,0,0,,"743544,545691061764956","5694290,086414549499750",12.497469893000073,51.34761239100004,2,,2,Ost,,,,2.0,,0,14210117144200079060,223639,2,
10037,,,14,7,13,000,2021,01,02,6,3,0,1,2,,1,0,0,0,0,,"734721,304331382736564","5695381,762800507247448",12.371721980000075,51.36112331900006,9,,9,Nord,,,,9.0,,0,14210101145500057880,223650,1,
10038,,,14,7,13,000,2021,01,20,4,3,6,4,2,,0,1,1,0,0,,"733282,114117140881717","5695826,641098264604807",12.351378192000027,51.36570948000008,8,,8,Nordwest,,,,8.0,,0,14210113144200075080,223654,2,
10039,,,14,7,13,000,2021,01,15,3,3,6,2,0,,0,1,1,0,0,,"735267,807015681639314","5689586,776726067066193",12.375730934000046,51.30887950300007,4,,4,Süd,,,,4.0,,0,14210126148210000330,223673,1,
10040,,,14,7,13,000,2021,01,18,2,2,5,3,2,,0,0,0,0,0,,"729139,169001397676766","5690915,758988464251161",12.288805796000076,51.32330999800007,6,,6,West,,,,6.0,,1,14210118144200085080,223685,1,
10041,,,14,7,13,000,2021,01,18,7,3,5,3,2,,1,1,0,0,0,,"736863,892008319497108","5693262,302012769505382",12.401031404000037,51.341209742000046,2,,2,Ost,,,,2.0,,0,14210102144200056880,223720,0,
10042,,,14,7,13,000,2021,01,14,3,3,5,3,0,,1,1,0,0,0,,"735323,294044084846973","5695367,976943662390113",12.380344174000072,51.36075058400007,9,,9,Nord,,,,9.0,,0,14210126148110168680,223763,0,
10043,,,14,7,13,000,2021,01,16,5,3,0,1,2,,1,0,0,0,0,,"732686,983349233865738","5691424,638484464958310",12.339967142000035,51.32643825000008,5,,5,Südwest,,,,5.0,,0,14210114144200072320,223801,1,
10044,,,14,7,13,000,2021,01,11,2,3,6,7,0,,0,1,1,0,1,,"735359,676566960290074","5689360,868695382028818",12.37689765600004,51.30681368900008,4,,4,Süd,,,,4.0,,0,14210111148210085180,223811,0,
10045,,,14,7,13,000,2021,01,17,5,3,6,4,2,,1,1,1,0,0,,"735012,432400478981435","5692073,248603437095881",12.373712319000049,51.331304585000055,0,,0,Mitte,,,,0.0,,0,14210121148410094790,223832,0,
10046,,,14,7,13,000,2021,01,10,7,2,2,2,0,,0,1,0,0,0,,"734735,647048504091799","5690505,242902653291821",12.368713830000047,51.31734376400004,4,,4,Süd,,,,4.0,,0,14210102144200056220,223885,1,
10047,,,14,7,13,000,2021,01,16,4,2,8,7,0,,1,0,0,0,0,,"738579,845364594832063","5690975,909775480628014",12.424092291000022,51.31996991500006,3,,3,Südost,,,,3.0,,0,14210120148223113910,223894,0,
10048,,,14,7,13,000,2021,01,12,2,3,6,7,0,,0,0,1,0,0,,"731459,387791971676052","5691894,947916828095913",12.322683684000026,51.33116092200004,7,,7,Alt-West,,,,7.0,,1,14210111144200066070,223917,0,
10049,,,14,7,13,000,2021,05,15,6,3,3,6,0,,1,0,0,0,0,,"735285,916541296057403","5692374,368731221184134",12.377829828000074,51.333894488000055,0,,0,Mitte,,,,0.0,,0,14210514144200363140,223956,0,
10050,,,14,7,13,000,2021,03,06,4,3,5,3,1,,1,1,0,0,0,,"738739,928389989770949","5696631,150879083201289",12.430177230000027,51.37066342000003,1,,1,Nordost,,,,1.0,,0,14210331148110242180,223957,0,
10051,,,14,7,13,000,2021,03,11,1,3,5,3,0,,1,1,0,0,0,,"736218,988080356270075","5688432,285011485219002",12.388589266000054,51.298122559000035,4,,4,Süd,,,,4.0,,0,14210321148210214840,223958,0,
10052,,,14,7,13,000,2021,04,07,4,3,0,1,0,,1,0,0,0,0,,"737667,180569544434547","5692260,165438156574965",12.411874994000073,51.33187936200005,3,,3,Südost,,,,3.0,,0,14210428148210336380,223961,0,
10053,,,14,7,13,000,2021,04,16,3,3,5,2,0,,1,1,0,0,0,,"733742,073092111386359","5692479,200463952496648",12.355775707000078,51.335472079000056,0,,0,Mitte,,,,0.0,,0,14210427148410319990,223971,0,
10054,,,14,7,13,000,2021,03,18,2,2,5,3,0,,1,0,0,0,0,,"738157,939304708503187","5695237,139264238998294",12.420897891000038,51.35839522900005,1,,1,Nordost,,,,1.0,,1,14210329144200280120,223974,0,
10055,,,14,7,13,000,2021,04,11,4,3,4,6,0,,1,1,0,0,0,,"735978,995340529829264","5692947,956846296787262",12.388141163000057,51.338756027000045,0,,0,Mitte,,,,0.0,,0,14210414148410279490,223979,0,
10056,,,14,7,13,000,2021,05,17,3,3,5,3,0,,1,1,0,0,0,,"735622,549001516774297","5689342,926985688507557",12.380650413000069,51.30654390400008,4,,4,Süd,,,,4.0,,0,14210518144200376180,223982,0,
10057,,,14,7,13,000,2021,02,15,4,3,5,5,0,,0,1,0,0,0,,"732845,313691365532577","5690745,111422507092357",12.341791829000044,51.320273565000036,5,,5,Südwest,,,,5.0,,0,14210203148310114890,223984,1,
10058,,,14,7,13,000,2021,04,10,1,3,6,6,0,,0,0,1,0,0,,"731279,664088715799153","5691982,009190624579787",12.320164845000022,51.33201556400007,7,,7,Alt-West,,,,7.0,,1,14210411148310269560,223988,0,
10059,,,14,7,13,000,2021,02,11,7,3,6,6,0,,1,0,1,0,0,,"742179,697848555631936","5693333,833161132410169",12.477258258000063,51.33961269900004,2,,2,Ost,,,,2.0,,0,14210220148220161920,223990,0,
10060,,,14,7,13,000,2021,05,10,6,3,5,3,0,,1,1,0,0,0,,"742019,706001600250602","5693157,745982233434916",12.474845962000074,51.33810035500005,2,,2,Ost,,,,2.0,,0,14210521144200376140,223993,0,
10061,,,14,7,13,000,2021,03,22,3,3,3,6,1,,1,0,0,0,0,,"737692,901439265348017","5695332,273592572659254",12.414294399000028,51.35944385300007,1,,1,Nordost,,,,1.0,,0,14210316148110214480,223997,0,
10062,,,14,7,13,000,2021,03,13,6,3,5,3,0,,0,1,0,0,0,,"727683,468158494681120","5691198,509586572647095",12.268129505000047,51.32643274600008,6,,6,West,,,,6.0,,0,14210326148320278270,224009,0,
10063,,,14,7,13,000,2021,02,14,4,3,2,2,0,,0,1,0,0,0,,"731772,258001442998648","5692341,625987363979220",12.327457486000071,51.33504327000003,7,,7,Alt-West,,,,7.0,,0,14210210148310151170,224010,2,
10064,,,14,7,13,000,2021,04,15,2,3,3,6,0,,1,1,0,0,0,,"734578,811133215203881","5694859,145842472091317",12.369334317000039,51.35649095200006,9,,9,Nord,,,,9.0,,0,14210426148110310690,224011,0,
10065,,,14,7,13,000,2021,03,17,5,3,1,5,2,,1,1,0,0,0,,"735612,005373783409595","5692318,947230214253068",12.382465849000027,51.333262019000074,0,,0,Mitte,,,,0.0,,0,14210304148410186100,224013,1,
10066,,,14,7,13,000,2021,04,15,3,3,0,1,0,,1,1,0,0,0,,"730226,876404389739037","5694085,974922325462103",12.306438656000068,51.351329957000075,7,,7,Alt-West,,,,7.0,,0,14210413144200294540,224014,0,
10067,,,14,7,13,000,2021,03,16,2,2,5,3,0,,0,1,0,0,0,,"736746,527449494227767","5688800,600957864895463",12.396386883000048,51.30120958800006,4,,4,Süd,,,,4.0,,1,14210308144200186370,224017,0,
10068,,,14,7,13,000,2021,05,15,4,2,5,3,0,,1,1,0,0,0,,"734874,202001488767564","5694490,373985931277275",12.373325829000066,51.35305872200007,0,,0,Mitte,,,,0.0,,0,14210519144200365260,224020,0,
10069,,,14,7,13,000,2021,03,14,4,3,5,3,0,,1,1,0,0,0,,"740893,150940937921405","5694683,626988176256418",12.459735267000042,51.352274315000045,2,,2,Ost,,,,2.0,,0,14210303144200185340,224026,0,
10070,,,14,7,13,000,2021,05,09,2,2,3,2,0,,1,1,0,0,0,,"736342,906001524068415","5691152,499985305592418",12.392165524000063,51.32248849800004,0,,0,Mitte,,,,0.0,,0,14210517148210364080,224030,0,
10071,,,14,7,13,000,2021,03,14,3,3,5,3,0,,1,0,0,0,0,,"738405,602833836339414","5693419,908473873510957",12.423231420000036,51.34198011500007,2,,2,Ost,,,,2.0,,0,14210323148210239710,224031,0,
10072,,,14,7,13,000,2021,04,19,4,3,1,7,0,,1,1,0,0,0,,"735291,455392505042255","5690474,132154161110520",12.376654913000039,51.31683498000007,4,,4,Süd,,,,4.0,,0,14210421148210000230,224033,0,
10073,,,14,7,13,000,2021,05,05,1,3,1,1,2,,0,1,0,0,0,,"732996,573643991723657","5695915,932444166392088",12.347342083000058,51.36662818800005,8,,8,Nordwest,,,,8.0,,0,14210516148110364070,224039,1,
10074,,,14,7,13,000,2021,01,22,6,3,5,3,2,,1,1,0,0,0,,"732052,075579727999866","5692047,929963884875178",12.331276141000046,51.33229272800003,7,,7,Alt-West,,,,7.0,,0,14210129148310113610,224042,1,
10075,,,14,7,13,000,2021,04,08,2,3,1,5,0,,1,0,0,0,0,,"737050,709526264108717","5693763,674753656610847",12.40404251800004,51.34563225800008,2,,2,Ost,,,,2.0,,1,14210419148423294300,224043,0,
10076,,,14,7,13,000,2021,04,07,4,1,6,2,0,,0,1,1,0,0,,"730722,702261785045266","5693726,169805487617850",12.313313551000022,51.34789897300004,7,,7,Alt-West,,,,7.0,,0,14210414144200278200,224054,0,
10077,,,14,7,13,000,2021,02,12,4,3,3,6,0,,0,1,0,0,1,,"741370,050588429905474","5691586,779970677569509",12.46447267600007,51.32427620000004,2,,2,Ost,,,,2.0,,1,14210224144200177260,224056,0,