UNFALL_ID,FID_left,OBJECTID,ULAND,UREGBEZ,UKREIS,UGEMEINDE,UJAHR,UMONAT,USTUNDE,UWOCHENTAG,UKATEGORIE,UART,UTYP1,ULICHTVERH,IstStrasse,IstRad,IstPKW,IstFuss,IstKrad,IstGkfz,IstSonstig,LINREFX,LINREFY,XGCSWGS84,YGCSWGS84,index_right,FID_right,SBZ,Name,UIDENTSTLA,LICHT,STRZUSTAND,FID,OBJECTID_1,IstSonstige,UIDENTSTLAE,OID_,IstStrassenzustand,PLST
10078,,,14,7,13,000,2021,05,09,2,3,2,6,0,,0,1,0,0,0,,"737096,348675085231662","5696319,251532806083560",12.406399536000038,51.368552220000026,1,,1,Nordost,,,,1.0,,0,14210517144200364470,224057,0,
10079,,,14,7,13,000,2021,03,11,4,2,3,6,0,,1,1,0,0,0,,"739926,004179407842457","5693562,330867713317275",12.445116358000064,51.34261896500004,2,,2,Ost,,,,2.0,,0,14210303144200185110,224063,0,
10080,,,14,7,13,000,2021,04,15,2,3,1,5,0,,1,1,0,0,0,,"730676,406274674460292","5693150,101172920316458",12.312276686000075,51.34274643500004,7,,7,Alt-West,,,,7.0,,0,14210412148310278280,224064,0,
10081,,,14,7,13,000,2021,04,19,5,2,2,6,0,,0,1,0,0,0,,"736346,526080235838890","5691131,232085157185793",12.39220328500005,51.322296089000076,0,,0,Mitte,,,,0.0,,0,14210422144200000160,224071,0,
10082,,,14,7,13,000,2021,05,18,6,3,5,2,0,,0,1,0,0,0,,"735002,343001486733556","5696220,956985834985971",12.376306020000072,51.36854002900003,9,,9,Nord,,,,9.0,,0,14210507144200414840,224075,0,
10083,,,14,7,13,000,2021,02,12,4,3,4,1,0,,0,1,0,0,0,,"728464,380464624613523","5691183,345091788098216",12.279309191000038,51.32598354400005,6,,6,West,,,,6.0,,0,14210224148310177330,224077,0,
10084,,,14,7,13,000,2021,05,15,4,3,2,6,0,,0,1,0,0,0,,"735004,858249658718705","5691899,540442094206810",12.373489237000058,51.32974844200004,0,,0,Mitte,,,,0.0,,0,14210512144200341510,224078,1,
10085,,,14,7,13,000,2021,05,15,5,3,5,2,0,,1,0,0,0,0,,"736723,857219503261149","5689067,660020884126425",12.396239383000022,51.303616195000075,4,,4,Süd,,,,4.0,,1,14210520144200366110,224082,0,
10086,,,14,7,13,000,2021,04,08,7,3,2,2,0,,0,1,0,0,0,,"736660,606276355683804","5695553,794629510492086",12.399641649000046,51.361863106000044,9,,9,Nord,,,,9.0,,0,14210410148410269340,224088,1,
10087,,,14,7,13,000,2021,05,18,3,3,5,2,0,,1,1,0,0,0,,"737594,814442592673004","5693451,917894432321191",12.411632979000046,51.342606800000056,2,,2,Ost,,,,2.0,,0,14210511148422364100,224092,1,
10088,,,14,7,13,000,2021,02,14,6,3,2,6,0,,0,1,0,0,0,,"739062,799119375646114","5691282,291451541706920",12.431215727000051,51.32251727200003,3,,3,Südost,,,,3.0,,0,14210226145200185370,224102,1,
10089,,,14,7,13,000,2021,04,13,5,3,2,2,0,,0,1,0,0,0,,"738661,853181537240744","5696916,968610743060708",12.429249488000039,51.37326167400005,1,,1,Nordost,,,,1.0,,1,14210408148110243240,224103,0,
10090,,,14,7,13,000,2021,05,16,3,3,5,3,0,,1,1,0,0,0,,"736318,821001534350216","5687511,812985394150019",12.389409568000076,51.28981871000008,4,,4,Süd,,,,4.0,,0,14210518144200365270,224108,0,
10091,,,14,7,13,000,2021,04,22,7,2,0,1,2,,1,0,0,0,0,,"732597,142411237582564","5692181,718210263177752",12.339174058000026,51.33327107300005,7,,7,Alt-West,,,,7.0,,0,14210424148320000400,224111,0,
10092,,,14,7,13,000,2021,05,12,7,2,6,4,0,,0,1,1,0,0,,"734287,699561105109751","5695516,996165903285146",12.365593958000034,51.362516181000046,9,,9,Nord,,,,9.0,,0,14210515144200364040,224117,0,
10093,,,14,7,13,000,2021,04,14,6,3,5,3,0,,1,1,0,0,0,,"735457,220201335847378","5693291,850672883912921",12.380890983000029,51.342059204000066,0,,0,Mitte,,,,0.0,,0,14210430144200319780,224123,0,
10094,,,14,7,13,000,2021,03,07,3,3,3,6,0,,1,0,0,0,0,,"734865,161109945736825","5687356,253468463197351",12.368496910000033,51.28902351900007,4,,4,Süd,,,,4.0,,1,14210316148221241060,224124,0,
10095,,,14,7,13,000,2021,05,14,4,3,1,7,0,,1,1,0,0,0,,"735691,782721995376050","5695647,987988462671638",12.38581301000005,51.36311130400003,9,,9,Nord,,,,9.0,,0,14210505148321327760,224126,0,
10096,,,14,7,13,000,2021,03,18,2,3,5,2,0,,1,1,0,0,0,,"734293,888116953894496","5695619,837346894666553",12.365750434000063,51.363436774000036,9,,9,Nord,,,,9.0,,0,14210322144320427880,224130,0,
10097,,,14,7,13,000,2021,03,18,5,3,2,6,2,,0,1,0,0,0,,"732556,280669886618853","5692027,282950997352600",12.338487719000057,51.33190146100003,5,,5,Südwest,,,,5.0,,1,14210304144200185920,224140,1,
10098,,,14,7,13,000,2021,04,13,4,3,2,2,0,,0,1,0,0,0,,"731164,783465555869043","5690492,635449102148414",12.317552771000067,51.31869229400007,5,,5,Südwest,,,,5.0,,1,14210414144200278210,224141,1,
10099,,,14,7,13,000,2021,05,15,3,3,2,6,0,,0,1,0,0,0,,"729567,038470679894090","5689838,304232897236943",12.294242439000072,51.31346507000006,6,,6,West,,,,6.0,,0,14210511148310363150,224142,0,
10100,,,14,7,13,000,2021,02,17,2,3,5,3,0,,0,1,0,0,0,,"735267,056806648150086","5691395,603680094704032",12.376913440000067,51.325116543000036,4,,4,Süd,,,,4.0,,0,14210222144200161900,224155,0,
10101,,,14,7,13,000,2021,05,14,3,3,2,6,0,,0,1,0,0,0,,"735190,693660569377244","5694032,669482141733170",12.37756046100003,51.34881934600003,0,,0,Mitte,,,,0.0,,0,14210518148410435770,224156,0,
10102,,,14,7,13,000,2021,03,15,5,3,2,6,0,,1,1,0,0,0,,"736165,778001515194774","5693004,344985349103808",12.390855300000055,51.33918464100003,0,,0,Mitte,,,,0.0,,0,14210325148410231010,224157,0,
10103,,,14,7,13,000,2021,04,14,1,3,5,2,0,,1,1,0,0,0,,"737199,010327741503716","5693478,457829222083092",12.405978081000058,51.343010278000065,2,,2,Ost,,,,2.0,,0,14210425144200341700,224159,0,
10104,,,14,7,13,000,2021,05,19,6,3,3,6,0,,1,0,0,0,0,,"734557,440949500538409","5690904,351951912045479",12.36642364200003,51.32099983300003,4,,4,Süd,,,,4.0,,1,14210514148210366120,224166,1,
10105,,,14,7,13,000,2021,04,10,6,2,5,2,0,,0,1,0,0,0,,"735372,781521481461823","5697764,172040099278092",12.382640115000072,51.38223893700007,9,,9,Nord,,,,9.0,,1,14210423144200000150,224171,0,
10106,,,14,7,13,000,2021,03,05,4,3,2,6,1,,1,1,0,0,0,,"732003,351147975772619","5690713,798596015200019",12.329709566000076,51.320336378000036,5,,5,Südwest,,,,5.0,,0,14210317148310213240,224173,1,
10107,,,14,7,13,000,2021,04,20,7,3,3,6,2,,0,1,0,0,0,,"735592,688571467064321","5693279,406007258221507",12.382824279000033,51.341891384000064,0,,0,Mitte,,,,0.0,,0,14210410148410269330,224174,1,
10108,,,14,7,13,000,2021,03,15,3,3,2,6,0,,0,1,0,0,0,,"734059,084510554559529","5690874,005391411483288",12.359264402000065,51.32093263500008,4,,4,Süd,,,,4.0,,1,14210330148210311040,224179,0,
10109,,,14,7,13,000,2021,05,13,2,3,1,5,0,,1,1,0,0,0,,"735049,064630968496203","5691199,535405699163675",12.37366103000005,51.323446657000034,4,,4,Süd,,,,4.0,,0,14210503148210341360,224183,0,
10110,,,14,7,13,000,2021,02,17,6,3,5,3,2,,0,1,0,0,0,,"729709,159614442847669","5690340,107059933245182",12.296601421000048,51.31791247400008,6,,6,West,,,,6.0,,0,14210205144200125500,224185,1,
10111,,,14,7,13,000,2021,02,10,3,2,0,7,0,,1,0,0,0,0,,"736532,212088894098997","5687323,992915129289031",12.392340015000059,51.28804422200005,4,,4,Süd,,,,4.0,,0,14210223144200176930,224191,0,
10112,,,14,7,13,000,2021,04,13,4,3,1,1,0,,1,1,0,0,0,,"739333,518389794044197","5688166,918714070692658",12.433004195000024,51.29444031600008,3,,3,Südost,,,,3.0,,0,14210428148210427890,224197,0,
10113,,,14,7,13,000,2021,03,13,4,3,0,7,0,,1,0,0,0,0,,"737139,029984742403030","5694395,036047721281648",12.405728961000023,51.35126256700005,1,,1,Nordost,,,,1.0,,0,14210331145200364870,224203,0,
10114,,,14,7,13,000,2021,01,14,6,2,5,3,0,,1,1,0,0,0,,"736385,018882669508457","5695700,289714315906167",12.395787647000077,51.36329278300008,9,,9,Nord,,,,9.0,,0,14210129144200114840,224205,1,
10115,,,14,7,13,000,2021,04,18,3,3,3,5,0,,1,1,0,0,0,,"731549,919273507781327","5692894,766540633514524",12.324630795000076,51.34009928300003,7,,7,Alt-West,,,,7.0,,0,14210427148310376210,224207,0,
10116,,,14,7,13,000,2021,04,14,4,3,3,6,0,,1,0,0,0,1,,"735102,628289926797152","5697028,060187308117747",12.378277891000039,51.37574332300005,9,,9,Nord,,,,9.0,,0,14210421144200294560,224211,0,
10117,,,14,7,13,000,2021,03,13,4,3,3,2,0,,1,1,0,0,0,,"737563,073001538403332","5692927,648984653875232",12.410828380000055,51.337914211000054,2,,2,Ost,,,,2.0,,0,14210303144200185090,224217,0,
10118,,,14,7,13,000,2021,05,14,5,3,5,3,0,,1,1,0,0,0,,"736932,085997723042965","5689931,413754776120186",12.399794683000039,51.311282799000026,4,,4,Süd,,,,4.0,,0,14210513148423364530,224229,1,
10119,,,14,7,13,000,2021,05,19,3,3,0,1,0,,0,0,0,1,0,,"735007,517510470934212","5689880,318103674799204",12.37219648200005,51.31162197100008,4,,4,Süd,,,,4.0,,0,14210504148210364480,224234,1,
10120,,,14,7,13,000,2021,04,13,7,3,5,3,0,,1,1,0,0,0,,"735114,421001509763300","5688743,893985943868756",12.372978880000062,51.30137679300003,4,,4,Süd,,,,4.0,,0,14210424144200000350,224237,0,
10121,,,14,7,13,000,2021,04,14,3,3,3,6,0,,1,1,0,0,0,,"735379,787385407835245","5694263,341137547045946",12.380423483000072,51.350811659000044,0,,0,Mitte,,,,0.0,,0,14210413144200270230,224240,0,
10122,,,14,7,13,000,2021,05,12,5,3,5,3,0,,0,1,0,0,0,,"737280,521097952499986","5693756,319234089925885",12.407331443000032,51.345470368000065,2,,2,Ost,,,,2.0,,1,14210520148410415460,224244,0,
10123,,,14,7,13,000,2021,02,12,3,3,6,4,0,,0,1,1,0,0,,"735098,546042313799262","5689508,035934504121542",12.37325493700007,51.308242619000055,4,,4,Süd,,,,4.0,,0,14210202148213114880,224247,0,
10124,,,14,7,13,000,2021,04,14,5,3,2,6,0,,1,1,0,0,0,,"736396,521419300697744","5687660,214483283460140",12.390620112000022,51.29111856800006,4,,4,Süd,,,,4.0,,0,14210429148210311060,224249,0,
10125,,,14,7,13,000,2021,04,16,1,3,6,4,0,,1,0,1,0,0,,"735049,679656612686813","5691165,448668589815497",12.373647368000036,51.323140427000055,4,,4,Süd,,,,4.0,,0,14210411144200269960,224250,0,
10126,,,14,7,13,000,2021,05,19,5,3,1,5,0,,1,1,0,0,0,,"735849,215679785236716","5693472,431841608136892",12.386628631000065,51.34351768800008,0,,0,Mitte,,,,0.0,,0,14210506148410365340,224251,0,
10127,,,14,7,13,000,2021,04,00,4,2,9,1,2,,0,1,0,0,0,,"731408,987497206777334","5692062,800973415374756",12.32207048400005,51.33268822200006,7,,7,Alt-West,,,,7.0,,0,14210428144200540900,224258,0,
10128,,,14,7,13,000,2021,05,09,3,3,5,3,0,,1,1,0,0,0,,"742661,520230089314282","5685852,860331721603870",12.479075863000048,51.27226247300007,3,,3,Südost,,,,3.0,,0,14210511148210341740,224268,0,
10129,,,14,7,13,000,2021,04,07,4,3,5,3,0,,0,1,0,0,0,,"732058,359420523978770","5692937,360287435352802",12.33194557400003,51.34027437300006,7,,7,Alt-West,,,,7.0,,0,14210407148310242950,224273,1,
10130,,,14,7,13,000,2021,02,10,1,3,4,2,0,,0,1,0,0,0,,"728017,119310311973095","5691019,125651471316814",12.272795546000054,51.32468873000005,6,,6,West,,,,6.0,,0,14210214148310139380,224276,1,
10131,,,14,7,13,000,2021,04,20,5,2,3,6,2,,1,1,0,0,0,,"734228,803768005222082","5696326,222570475190878",12.365282456000045,51.36980441500003,9,,9,Nord,,,,9.0,,0,14210408144200270190,224278,0,
10132,,,14,7,13,000,2021,05,07,4,3,5,2,0,,1,1,0,0,0,,"734295,075360373593867","5690895,446971464902163",12.362659222000048,51.32102798600005,4,,4,Süd,,,,4.0,,0,14210512148410446610,224279,1,
10133,,,14,7,13,000,2021,03,09,6,3,5,3,0,,1,1,0,0,0,,"737392,367775216698647","5692879,249779371544719",12.408349870000052,51.337551061000056,2,,2,Ost,,,,2.0,,0,14210319148210230850,224281,1,
10134,,,14,7,13,000,2021,04,18,7,3,5,2,0,,1,1,0,0,0,,"732391,652389202266932","5691544,755547601729631",12.335814023000069,51.32763722400006,5,,5,Südwest,,,,5.0,,0,14210424144200000370,224288,0,
10135,,,14,7,13,000,2021,04,18,2,3,5,3,0,,1,1,0,0,0,,"730660,090937460772693","5690361,185262195765972",12.310237660000041,51.31771705800003,6,,6,West,,,,6.0,,0,14210405144200242480,224289,0,
10136,,,14,7,13,000,2021,03,10,5,3,5,3,0,,0,1,0,0,0,,"735117,226334330625832","5693979,669947965070605",12.376472364000051,51.34837399500003,0,,0,Mitte,,,,0.0,,0,14210304144200185720,224290,1,
10137,,,14,7,13,000,2021,02,15,3,3,0,1,0,,1,0,0,0,0,,"734506,845669681206346","5695000,831796765327454",12.368395952000071,51.357792482000036,9,,9,Nord,,,,9.0,,0,14210202145500169020,224298,1,
10138,,,14,7,13,000,2021,04,08,6,3,8,1,0,,0,1,0,0,0,,"733264,927682572044432","5695832,060462776571512",12.351135296000052,51.365765184000054,8,,8,Nordwest,,,,8.0,,0,14210423144200310670,224299,0,
10139,,,14,7,13,000,2021,04,12,6,3,5,3,0,,0,1,0,1,0,,"738702,057218135334551","5691061,267021844163537",12.425900049000063,51.32068482400007,3,,3,Südost,,,,3.0,,0,14210409148210269100,224301,0,
10140,,,14,7,13,000,2021,05,20,5,2,0,1,1,,1,0,0,0,0,,"739096,545246548950672","5693679,819647110998631",12.433307974000058,51.34402291600003,2,,2,Ost,,,,2.0,,0,14210513148210415910,224305,1,
10141,,,14,7,13,000,2021,03,08,2,3,6,4,0,,0,0,1,0,0,,"728695,039378441870213","5689591,564662333577871",12.281593307000037,51.31160107000005,6,,6,West,,,,6.0,,1,14210315148310209970,224310,1,
10142,,,14,7,13,000,2021,02,16,4,3,2,6,1,,0,1,0,0,0,,"736769,163457778282464","5691328,383008847013116",12.398388749000048,51.32389004400005,3,,3,Südost,,,,3.0,,1,14210217144200151130,224314,1,
10143,,,14,7,13,000,2021,04,14,4,3,1,5,0,,1,1,0,0,0,,"737748,735808255150914","5697725,728315422311425",12.416695333000064,51.38090399200007,1,,1,Nordost,,,,1.0,,0,14210407144200277920,224316,0,
10144,,,14,7,13,000,2021,03,19,2,3,6,4,2,,0,1,1,0,0,,"737355,342143171466887","5693460,859431050717831",12.408206882000059,51.342787076000036,2,,2,Ost,,,,2.0,,0,14210308144200210240,224317,0,
10145,,,14,7,13,000,2021,04,10,5,3,2,2,0,,0,1,0,0,0,,"738952,718929174356163","5691142,944964893162251",12.429545419000021,51.32131275300003,3,,3,Südost,,,,3.0,,0,14210401144200243230,224319,0,
10146,,,14,7,13,000,2021,02,15,4,3,3,6,0,,1,1,0,0,0,,"731962,967456714250147","5690609,341721711680293",12.329063077000058,51.31941515200003,5,,5,Südwest,,,,5.0,,0,14210224143263213780,224321,0,
10147,,,14,7,13,000,2021,04,14,2,3,5,3,0,,1,1,0,0,0,,"737333,281445702537894","5693071,913146678358316",12.407631522000031,51.33930508000003,2,,2,Ost,,,,2.0,,0,14210426148410310710,224326,0,
10148,,,14,7,13,000,2021,04,18,1,3,5,3,0,,0,1,0,0,0,,"737547,858684742823243","5692469,592134321108460",12.410304925000048,51.333809029000065,2,,2,Ost,,,,2.0,,0,14210404148410242210,224327,0,
10149,,,14,7,13,000,2021,04,18,2,3,5,3,0,,0,1,0,0,0,,"737740,043062893673778","5697109,084316011518240",12.41615814000005,51.37537268500006,1,,1,Nordost,,,,1.0,,0,14210412144200294230,224329,0,
10150,,,14,7,13,000,2021,01,08,7,3,8,1,0,,0,1,0,0,0,,"730949,412332925014198","5693941,988152213394642",12.316703403000076,51.34974429200008,7,,7,Alt-West,,,,7.0,,0,14210130148310161110,224335,1,
10151,,,14,7,13,000,2021,04,12,1,3,5,3,0,,1,0,0,0,0,,"735040,802693008445203","5696508,692843172699213",12.377047753000056,51.371106921000035,9,,9,Nord,,,,9.0,,1,14210425148110000380,224340,0,
10152,,,14,7,13,000,2021,04,09,5,3,1,5,0,,1,1,0,0,0,,"736742,707339468412101","5691325,862390998750925",12.39800806200003,51.32387842700007,3,,3,Südost,,,,3.0,,0,14210429148410319980,224350,0,
10153,,,14,7,13,000,2021,04,17,7,3,2,2,0,,0,1,0,0,0,,"733434,698659922927618","5695779,664417272433639",12.353535387000022,51.36522511900006,8,,8,Nordwest,,,,8.0,,0,14210410148110278240,224352,0,
10154,,,14,7,13,000,2021,02,09,3,3,1,7,0,,0,1,0,0,0,,"735955,265798990614712","5695632,209833830595016",12.389580482000042,51.36286031800006,9,,9,Nord,,,,9.0,,0,14210216148110145380,224354,2,
10155,,,14,7,13,000,2021,04,12,4,2,5,3,0,,1,1,0,0,0,,"735910,945884814485908","5688684,806291908025742",12.384345512000039,51.30051696500004,4,,4,Süd,,,,4.0,,0,14210407148210269310,224367,0,
10156,,,14,7,13,000,2021,05,07,2,2,6,4,0,,0,1,1,0,0,,"737813,791256284341216","5693774,654277546331286",12.41498682300005,51.34541213400007,2,,2,Ost,,,,2.0,,0,14210510144200364060,224370,0,
10157,,,14,7,13,000,2021,05,17,2,3,5,3,0,,1,1,0,0,0,,"735331,487114846706390","5692187,622525312006474",12.378359491000026,51.33219933700008,0,,0,Mitte,,,,0.0,,0,14210517148410406440,224372,0,
10158,,,14,7,13,000,2021,03,10,5,3,5,3,0,,1,1,0,0,0,,"727265,927235683426261","5693483,280043890699744",12.263604300000054,51.34711096900003,7,,7,Alt-West,,,,7.0,,0,14210325148320231000,224373,0,
10159,,,14,7,13,000,2021,02,12,5,3,5,2,0,,1,0,0,0,0,,"731169,979175380431116","5691911,486493233591318",12.318547333000026,51.33142707800005,7,,7,Alt-West,,,,7.0,,1,14210204148310115180,224374,1,
10160,,,14,7,13,000,2021,04,20,5,3,5,3,2,,0,1,0,0,0,,"735275,806001505814493","5691050,739985816180706",12.376811193000037,51.32201730100007,4,,4,Süd,,,,4.0,,0,14210429148210320790,224376,0,
10161,,,14,7,13,000,2021,04,15,6,3,9,1,0,,0,0,0,1,0,,"736795,250151324085891","5695801,282830543816090",12.401736913000036,51.36402848500006,1,,1,Nordost,,,,1.0,,0,14210409148110279460,224389,0,
10162,,,14,7,13,000,2021,02,07,2,3,2,6,0,,0,1,0,0,0,,"730576,835394540801644","5693838,904881663620472",12.311295594000057,51.348970172000065,7,,7,Alt-West,,,,7.0,,0,14210215148310145410,224391,2,
10163,,,14,7,13,000,2021,05,17,4,3,5,2,0,,0,1,0,0,0,,"731732,876001446507871","5690705,097987409681082",12.325829079000073,51.32036848600006,5,,5,Südwest,,,,5.0,,0,14210512144200376930,224393,1,
10164,,,14,7,13,000,2021,05,07,2,3,5,2,0,,0,1,0,0,0,,"739921,043583760038018","5693972,514910491183400",12.445321641000021,51.34630274700004,2,,2,Ost,,,,2.0,,0,14210503148210336120,224398,0,
10165,,,14,7,13,000,2021,04,16,2,3,5,3,0,,1,1,0,0,0,,"736670,701397201046348","5692249,855424024164677",12.397590064000042,51.332202306000056,3,,3,Südost,,,,3.0,,0,14210426143263341500,224415,0,
10166,,,14,7,13,000,2021,05,15,3,3,6,4,0,,1,0,1,0,0,,"734891,716111515648663","5693390,686579482629895",12.372851319000063,51.34318028600006,0,,0,Mitte,,,,0.0,,0,14210518145200375980,224421,0,
10167,,,14,7,13,000,2021,05,08,1,3,5,3,0,,1,1,0,0,0,,"733143,510029877535999","5697871,185649693012238",12.350731677000056,51.38411931100006,8,,8,Nordwest,,,,8.0,,0,14210509148110341350,224428,0,
10168,,,14,7,13,000,2021,05,00,1,1,9,1,2,,0,1,0,0,0,,"736500,704875369556248","5696981,517827861011028",12.398298571000055,51.37474508100007,1,,1,Nordost,,,,1.0,,0,14210516144200375870,224431,0,
10169,,,14,7,13,000,2021,05,19,6,3,5,3,0,,1,1,0,0,0,,"732366,061001455411315","5691470,431987123563886",12.335398890000022,51.326980494000054,5,,5,Südwest,,,,5.0,,0,14210521144200389770,224432,0,
10170,,,14,7,13,000,2021,01,13,4,3,5,2,0,,1,1,0,0,0,,"731493,045293797738850","5690697,038288867101073",12.322388012000033,51.320393753000076,5,,5,Südwest,,,,5.0,,0,14210127148310113750,224434,0,
10171,,,14,7,13,000,2021,04,13,3,3,3,2,0,,0,1,0,0,0,,"730812,213977009057999","5690222,900100685656071",12.312327387000039,51.31641399800003,5,,5,Südwest,,,,5.0,,0,14210420144200375920,224435,0,
10172,,,14,7,13,000,2021,02,08,5,3,5,3,0,,1,1,0,0,0,,"737891,219636780209839","5702307,486041214317083",12.421810114000039,51.42196947300005,9,,9,Nord,,,,9.0,,0,14210225144200169000,224441,0,
10173,,,14,7,13,000,2021,05,11,5,3,0,5,0,,1,1,0,0,0,,"735089,735058113001287","5689565,278255484998226",12.373166465000054,51.30876008900003,4,,4,Süd,,,,4.0,,0,14210513143263395950,224442,1,
10174,,,14,7,13,000,2021,03,06,2,3,1,3,0,,1,1,0,0,0,,"737266,832481934688985","5694404,909773686900735",12.407567524000058,51.35129786200008,1,,1,Nordost,,,,1.0,,0,14210308148423199900,224444,0,
10175,,,14,7,13,000,2021,04,15,6,3,5,3,0,,1,1,0,0,0,,"732037,118922799825668","5691872,418743122369051",12.330947528000024,51.33072330400006,7,,7,Alt-West,,,,7.0,,0,14210416148410319800,224445,0,
10176,,,14,7,13,000,2021,05,13,2,3,5,3,0,,1,0,0,0,0,,"728317,612001377157867","5693218,917988743633032",12.278510783000058,51.34431632400003,7,,7,Alt-West,,,,7.0,,0,14210510148310363630,224446,0,
10177,,,14,7,13,000,2021,04,15,7,3,5,3,0,,1,0,0,0,0,,"738744,651984291151166","5690834,904547840356827",12.426358649000065,51.31863514400004,3,,3,Südost,,,,3.0,,1,14210424148210000600,224450,0,
10178,,,14,7,13,000,2021,04,16,3,3,5,3,0,,1,0,0,0,0,,"731009,784445864148438","5691828,442839568480849",12.31619796800004,51.330746685000065,7,,7,Alt-West,,,,7.0,,1,14210406144200242930,224451,0,
10179,,,14,7,13,000,2021,03,15,4,3,3,2,0,,1,1,0,0,0,,"735121,313926996663213","5696007,506642794236541",12.377870968000025,51.36657480700006,9,,9,Nord,,,,9.0,,0,14210303144200185740,224452,0,
10180,,,14,7,13,000,2021,04,16,3,3,5,3,0,,1,0,0,0,0,,"727684,204001372680068","5690648,944989027455449",12.267789045000029,51.321498811000026,6,,6,West,,,,6.0,,1,14210413144200294550,224453,0,
10181,,,14,7,13,000,2021,05,11,6,2,9,1,0,,0,1,0,0,0,,"728545,111033550463617","5689943,737063786014915",12.279671378000046,51.314822836000076,6,,6,West,,,,6.0,,0,14210514148310363160,224456,0,
10182,,,14,7,13,000,2021,04,12,4,2,0,7,0,,1,0,0,0,0,,"735980,387595715001225","5694617,838865097612143",12.389267902000029,51.35374468900005,9,,9,Nord,,,,9.0,,0,14210421148410000240,224460,0,
10183,,,14,7,13,000,2021,04,11,7,3,0,1,0,,1,0,0,0,0,,"735183,958345072343946","5688968,563503531739116",12.374122649000071,51.30336480700004,4,,4,Süd,,,,4.0,,0,14210410148210269320,224462,1,
10184,,,14,7,13,000,2021,03,09,6,3,5,2,0,,1,0,0,0,0,,"732157,526014698669314","5690950,609100462868810",12.332072462000042,51.32239929600007,5,,5,Südwest,,,,5.0,,1,14210305148310185780,224464,0,
10185,,,14,7,13,000,2021,02,15,2,3,5,3,0,,0,1,0,0,0,,"740942,752914057113230","5695181,604699887335300",12.460783412000069,51.35672291000003,2,,2,Ost,,,,2.0,,1,14210222144200161590,224467,0,
10186,,,14,7,13,000,2021,04,06,7,2,8,1,0,,0,0,0,1,0,,"734494,826935538090765","5695015,580225078389049",12.368233358000055,51.35792982900006,9,,9,Nord,,,,9.0,,0,14210424144200000340,224472,0,
10187,,,14,7,13,000,2021,05,15,1,3,3,5,0,,1,1,0,0,0,,"734460,067405302077532","5692131,061985220760107",12.365835609000044,51.33205149100007,0,,0,Mitte,,,,0.0,,0,14210516148410376230,224478,0,
10188,,,14,7,13,000,2021,03,10,3,3,6,4,0,,1,0,1,0,0,,"732702,480144872330129","5692700,495547415688634",12.34102239400005,51.33788488700003,7,,7,Alt-West,,,,7.0,,0,14210323144200241420,224480,0,
10189,,,14,7,13,000,2021,03,15,3,3,5,3,0,,0,1,0,0,0,,"738776,454072006046772","5696434,486008886247873",12.430568945000061,51.36888284300005,1,,1,Nordost,,,,1.0,,0,14210316144200210250,224484,0,
10190,,,14,7,13,000,2021,03,23,2,3,1,1,2,,1,1,0,0,0,,"736883,874497614800930","5695959,239054651930928",12.403112860000022,51.36540936700004,1,,1,Nordost,,,,1.0,,0,14210315148110214270,224487,1,
10191,,,14,7,13,000,2021,02,15,5,3,6,4,0,,0,1,1,0,0,,"737815,519851561635733","5693776,413012430071831",12.415012772000068,51.34542719700005,2,,2,Ost,,,,2.0,,0,14210218144100161580,224488,0,
10192,,,14,7,13,000,2021,03,15,5,3,5,3,0,,0,1,0,0,0,,"734484,902232768014073","5695027,759025737643242",12.368099093000069,51.35804324600008,9,,9,Nord,,,,9.0,,0,14210311144200209300,224492,1,
10193,,,14,7,13,000,2021,03,09,2,3,1,7,0,,0,1,0,0,1,,"727316,568257274106145","5693456,248610807582736",12.264312993000033,51.34684805100005,7,,7,Alt-West,,,,7.0,,0,14210329144200240260,224497,0,
10194,,,14,7,13,000,2021,05,06,5,3,2,6,0,,0,1,0,0,1,,"736390,068854576908052","5695160,019420636817813",12.39550104500006,51.35844114100007,9,,9,Nord,,,,9.0,,0,14210520144200376150,224506,0,
10195,,,14,7,13,000,2021,02,08,2,3,1,7,0,,0,1,0,0,0,,"735914,227801487781107","5694451,161851068958640",12.388208982000037,51.35227602400005,0,,0,Mitte,,,,0.0,,0,14210215148110145080,224515,2,
10196,,,14,7,13,000,2021,02,11,6,2,5,3,0,,1,1,0,0,0,,"738528,726881065405905","5694896,253318525850773",12.425985150000031,51.35517997200003,1,,1,Nordost,,,,1.0,,0,14210226144200185730,224516,1,