UNFALL_ID,FID_left,OBJECTID,ULAND,UREGBEZ,UKREIS,UGEMEINDE,UJAHR,UMONAT,USTUNDE,UWOCHENTAG,UKATEGORIE,UART,UTYP1,ULICHTVERH,IstStrasse,IstRad,IstPKW,IstFuss,IstKrad,IstGkfz,IstSonstig,LINREFX,LINREFY,XGCSWGS84,YGCSWGS84,index_right,FID_right,SBZ,Name,UIDENTSTLA,LICHT,STRZUSTAND,FID,OBJECTID_1,IstSonstige,UIDENTSTLAE,OID_,IstStrassenzustand,PLST
10317,,,14,7,13,000,2021,03,08,7,3,5,3,0,,0,1,0,0,0,,"730840,601001442410052","5686049,951987870037556",12.310035958000071,51.27894188300007,5,,5,Südwest,,,,5.0,,1,14210327148310239940,225009,1,
10318,,,14,7,13,000,2021,03,15,4,3,5,3,0,,1,1,0,0,0,,"740593,067818663083017","5700200,460458463057876",12.459168422000062,51.401917946000026,1,,1,Nordost,,,,1.0,,0,14210324144200389760,225018,0,
10319,,,14,7,13,000,2021,02,21,5,3,5,1,2,,1,1,0,0,0,,"739411,657549870200455","5702134,471628496423364",12.443520836000062,51.419776615000046,9,,9,Nord,,,,9.0,,0,14210204148110115140,225019,1,
10320,,,14,7,13,000,2021,01,16,7,3,9,1,0,,0,1,0,0,0,,"738402,255560809746385","5691233,202474076300859",12.421720439000069,51.32235379100007,3,,3,Südost,,,,3.0,,1,14210130144200213800,225029,1,
10321,,,14,7,13,000,2021,03,15,2,3,5,3,0,,1,1,0,0,0,,"743388,950916232541203","5693258,977344864979386",12.494535190000022,51.33842458400005,2,,2,Ost,,,,2.0,,0,14210315144200213220,225032,1,
10322,,,14,7,13,000,2021,06,13,5,3,2,2,0,,0,1,0,0,0,,"735752,644574294798076","5695307,128794254735112",12.386459777000027,51.36002642600005,9,,9,Nord,,,,9.0,,0,14210624144200456080,225038,0,
10323,,,14,7,13,000,2021,06,09,6,3,6,4,0,,0,1,1,0,0,,"737190,884752805344760","5693840,738048030063510",12.406102951000037,51.34626552000003,2,,2,Ost,,,,2.0,,0,14210611148421704970,225042,0,
10324,,,14,7,13,000,2021,06,14,2,3,1,7,0,,0,0,0,0,1,,"735779,257531888782978","5691801,958216121420264",12.384520376000069,51.32855207100005,0,,0,Mitte,,,,0.0,,1,14210628148410504380,225043,0,
10325,,,14,7,13,000,2021,06,12,5,3,2,2,0,,0,1,0,0,0,,"730416,376433519646525","5691957,519274597987533",12.307778185000075,51.33214608800006,7,,7,Alt-West,,,,7.0,,0,14210603148310436280,225050,0,
10326,,,14,7,13,000,2021,07,10,2,3,5,3,0,,1,1,0,0,0,,"734355,876220598816872","5693164,760694893077016",12.365022686000032,51.34137338800008,0,,0,Mitte,,,,0.0,,0,14210712148410504850,225052,0,
10327,,,14,7,13,000,2021,06,19,3,3,6,4,0,,1,0,1,0,0,,"735776,828060212545097","5693103,224892240017653",12.385346708000043,51.34023361100003,0,,0,Mitte,,,,0.0,,0,14210615144200435650,225056,0,
10328,,,14,7,13,000,2021,06,08,4,3,5,3,0,,0,1,0,1,0,,"733801,315184287726879","5695797,208055214956403",12.358804041000042,51.36523184500004,9,,9,Nord,,,,9.0,,0,14210602148110396420,225062,0,
10329,,,14,7,13,000,2021,07,15,5,3,5,3,0,,1,1,0,0,0,,"734287,006267285905778","5698407,433107588440180",12.367489246000048,51.38846214600005,9,,9,Nord,,,,9.0,,0,14210701144320481730,225066,0,
10330,,,14,7,13,000,2021,05,17,4,3,5,3,0,,1,1,0,0,0,,"734852,112868144176900","5692092,886572543531656",12.371428079000054,51.331547079000075,0,,0,Mitte,,,,0.0,,0,14210526144200376950,225067,1,
10331,,,14,7,13,000,2021,07,10,2,2,5,3,0,,1,1,0,0,0,,"734163,364534000866115","5692190,762962983921170",12.361623344000066,51.33270962000006,0,,0,Mitte,,,,0.0,,0,14210705144200619140,225068,0,
10332,,,14,7,13,000,2021,05,15,2,3,5,2,0,,0,1,0,0,0,,"739102,323871273547411","5699446,248394478112459",12.437268532000076,51.395778533000055,1,,1,Nordost,,,,1.0,,0,14210531148110481220,225082,0,
10333,,,14,7,13,000,2021,06,15,6,3,1,5,0,,1,1,0,0,0,,"735255,182340289466083","5699695,305707793682814",12.382232507000026,51.399621962000026,9,,9,Nord,,,,9.0,,0,14210625144100503010,225088,0,
10334,,,14,7,13,000,2021,07,19,2,2,5,2,0,,1,1,0,0,0,,"731779,440585085190833","5691739,627918263897300",12.327168826000047,51.32963631900003,5,,5,Südwest,,,,5.0,,0,14210712144200522060,225097,0,
10335,,,14,7,13,000,2021,06,08,7,2,5,2,0,,0,1,0,0,0,,"734018,832001457922161","5700450,977986203506589",12.36498900600003,51.406916385000045,9,,9,Nord,,,,9.0,,0,14210626144200464030,225098,0,
10336,,,14,7,13,000,2021,07,03,5,3,2,6,2,,1,1,0,0,0,,"732742,909001459367573","5692081,421986948698759",12.341197357000055,51.332311117000074,5,,5,Südwest,,,,5.0,,0,14210715148323521080,225100,0,
10337,,,14,7,13,000,2021,06,11,4,3,3,6,0,,1,1,0,0,0,,"735008,611564986407757","5691968,986568672582507",12.373588812000037,51.330370267000035,0,,0,Mitte,,,,0.0,,0,14210616144200436230,225101,0,
10338,,,14,7,13,000,2021,06,13,4,2,4,6,0,,1,0,0,0,0,,"730552,727629176340997","5689845,058777317404747",12.308365998000056,51.31312729200005,5,,5,Südwest,,,,5.0,,0,14210623148310480460,225108,0,
10339,,,14,7,13,000,2021,05,17,4,3,5,3,0,,0,1,0,0,0,,"737227,697207418270409","5694486,369836496189237",12.40706083300006,51.35204538600004,1,,1,Nordost,,,,1.0,,0,14210526148110389160,225112,1,
10340,,,14,7,13,000,2021,06,07,2,3,6,2,0,,0,1,1,0,0,,"736977,077491468749940","5691790,276181304827332",12.401674404000062,51.32794950300007,3,,3,Südost,,,,3.0,,0,14210621148423455300,225118,0,
10341,,,14,7,13,000,2021,06,21,7,2,1,1,2,,0,1,0,0,0,,"731194,594960478134453","5692158,396993536502123",12.319060276000073,51.333633562000045,7,,7,Alt-West,,,,7.0,,0,14210605148310406150,225119,1,
10342,,,14,7,13,000,2021,06,10,4,3,5,2,0,,1,1,0,0,0,,"735009,506058363243937","5691892,208078972995281",12.373550997000052,51.329680704000054,0,,0,Mitte,,,,0.0,,0,14210609148410446590,225124,0,
10343,,,14,7,13,000,2021,07,15,4,3,3,6,0,,0,1,0,0,0,,"734912,911749897524714","5690900,887041702866554",12.371513685000025,51.32082209300006,4,,4,Süd,,,,4.0,,1,14210707144200503470,225125,0,
10344,,,14,7,13,000,2021,07,14,5,3,5,2,0,,1,1,0,0,0,,"733118,476299111731350","5696925,759329255670309",12.349752326000043,51.37564294200007,8,,8,Nordwest,,,,8.0,,0,14210715148110521060,225126,0,
10345,,,14,7,13,000,2021,06,05,1,3,8,1,1,,0,1,0,0,0,,"728828,993141533806920","5694712,731966849416494",12.286801338000032,51.357520933000046,7,,7,Alt-West,,,,7.0,,0,14210620148323446190,225130,0,
10346,,,14,7,13,000,2021,06,21,6,3,5,6,1,,1,1,0,0,0,,"738117,516968103125691","5688077,704817019402981",12.415535704000035,51.294149194000056,3,,3,Südost,,,,3.0,,0,14210625148210502090,225136,0,
10347,,,14,7,13,000,2021,05,17,4,3,6,4,0,,0,0,1,0,0,,"731253,112001433968544","5691966,652987590059638",12.319774394000035,51.331888509000066,7,,7,Alt-West,,,,7.0,,1,14210526148310415450,225141,1,
10348,,,14,7,13,000,2021,06,07,4,3,2,6,0,,0,1,0,0,0,,"736563,105472768656909","5692238,838523674756289",12.396041041000046,51.33214817500004,3,,3,Südost,,,,3.0,,0,14210623148410456180,225146,0,
10349,,,14,7,13,000,2021,07,09,3,3,4,6,0,,1,0,0,0,0,,"733492,576415862888098","5692244,059008086100221",12.352046227000073,51.333463797000036,0,,0,Mitte,,,,0.0,,0,14210713148410522140,225147,0,
10350,,,14,7,13,000,2021,06,18,5,3,0,1,0,,0,0,0,1,0,,"730455,347284071147442","5701022,240483023226261",12.314213108000047,51.413503363000075,8,,8,Nordwest,,,,8.0,,0,14210610148110428490,225151,1,
10351,,,14,7,13,000,2021,07,16,7,3,1,6,0,,0,1,0,0,0,,"734049,090795891359448","5692312,050712248310447",12.360065544000065,51.333845395000026,0,,0,Mitte,,,,0.0,,1,14210703148210503510,225153,0,
10352,,,14,7,13,000,2021,06,08,6,3,5,3,0,,1,1,0,0,0,,"735114,421001509763300","5688743,893985943868756",12.372978880000062,51.30137679300003,4,,4,Süd,,,,4.0,,0,14210611148210427910,225158,0,
10353,,,14,7,13,000,2021,06,16,2,3,2,2,0,,1,1,0,0,0,,"732573,629792465828359","5691493,592768225818872",12.338388034000047,51.32710358400004,5,,5,Südwest,,,,5.0,,0,14210614148310455280,225163,0,
10354,,,14,7,13,000,2021,06,15,3,3,5,2,0,,1,1,0,0,0,,"742254,904340766370296","5692990,827241068705916",12.478102679000074,51.33650205200007,2,,2,Ost,,,,2.0,,0,14210629144200480430,225164,1,
10355,,,14,7,13,000,2021,07,11,5,3,5,3,0,,0,1,0,1,0,,"737181,623750754632056","5693664,602600634098053",12.405852884000069,51.344688380000036,2,,2,Ost,,,,2.0,,0,14210708144200549880,225166,1,
10356,,,14,7,13,000,2021,06,14,7,3,3,6,0,,0,1,0,0,0,,"740024,923673051409423","5694379,048411523923278",12.447084576000066,51.34990781400006,2,,2,Ost,,,,2.0,,0,14210605148210406140,225170,0,
10357,,,14,7,13,000,2021,05,11,7,3,5,2,0,,1,1,0,0,0,,"734877,072275726124644","5694490,980961063876748",12.373367377000022,51.353062984000076,0,,0,Mitte,,,,0.0,,0,14210522148410376000,225174,0,
10358,,,14,7,13,000,2021,07,17,5,3,1,5,0,,1,1,0,0,0,,"731235,035416308790445","5696715,827712317928672",12.322601077000058,51.374528429000065,8,,8,Nordwest,,,,8.0,,0,14210715148110521410,225177,0,
10359,,,14,7,13,000,2021,05,06,7,3,5,3,0,,0,1,0,0,0,,"730645,310721344314516","5692130,585519088432193",12.311170828000058,51.33360691100006,7,,7,Alt-West,,,,7.0,,0,14210529148310388970,225180,1,
10360,,,14,7,13,000,2021,06,15,2,3,0,5,0,,1,1,0,0,0,,"736903,372001527808607","5693048,890984984114766",12.401455258000055,51.33927769300004,3,,3,Südost,,,,3.0,,0,14210607148423415470,225185,0,
10361,,,14,7,13,000,2021,06,08,6,3,5,3,0,,1,1,0,0,0,,"742270,250473529100418","5694562,765385411679745",12.479392019000045,51.35060426000007,2,,2,Ost,,,,2.0,,0,14210625144310482970,225187,0,
10362,,,14,7,13,000,2021,05,16,4,3,3,7,0,,1,1,0,0,0,,"734963,721878523007035","5694112,777367757633328",12.374359879000053,51.34963228300006,0,,0,Mitte,,,,0.0,,0,14210526148410445920,225191,1,
10363,,,14,7,13,000,2021,07,22,3,3,1,1,2,,0,1,0,0,0,,"733019,117799356579781","5695752,910786593332887",12.347558554000045,51.365155566000055,8,,8,Nordwest,,,,8.0,,0,14210713144200513160,225198,1,
10364,,,14,7,13,000,2021,06,00,2,3,8,1,2,,0,1,0,0,0,,"738506,897018602117896","5697632,990334501489997",12.427507743000035,51.37975364700003,1,,1,Nordost,,,,1.0,,0,14210628148110480000,225200,0,
10365,,,14,7,13,000,2021,06,15,5,3,2,6,0,,0,1,0,0,0,,"730342,435213359072804","5694594,726074483245611",12.308424588000037,51.35585017500006,7,,7,Alt-West,,,,7.0,,0,14210610148310455710,225202,0,
10366,,,14,7,13,000,2021,07,09,4,3,3,6,0,,1,0,0,0,0,,"731989,286001444794238","5693202,907987251877785",12.331128584000055,51.34268631700007,7,,7,Alt-West,,,,7.0,,1,14210707148323563010,225203,1,
10367,,,14,7,13,000,2021,07,16,5,3,5,2,0,,1,1,0,0,0,,"734527,261553392745554","5693151,474040511995554",12.367470228000059,51.341183459000035,0,,0,Mitte,,,,0.0,,0,14210715148210521070,225212,0,
10368,,,14,7,13,000,2021,07,19,6,3,6,7,0,,0,1,1,0,0,,"732096,332659693434834","5692665,446872873231769",12.332312626000032,51.337817974000075,7,,7,Alt-West,,,,7.0,,0,14210716144200530470,225223,0,
10369,,,14,7,13,000,2021,07,10,6,3,5,2,0,,0,1,0,0,0,,"736437,227799501270056","5691191,912459107115865",12.39354288800007,51.32280308700007,0,,0,Mitte,,,,0.0,,0,14210709144200561470,225229,1,
10370,,,14,7,13,000,2021,06,14,4,2,5,3,0,,1,1,0,0,0,,"737323,049475481733680","5698579,620526380836964",12.411159870000063,51.38874657100007,1,,1,Nordost,,,,1.0,,0,14210602144200455230,225231,0,
10371,,,14,7,13,000,2021,07,10,3,3,5,3,0,,1,1,0,0,0,,"732368,517001435160637","5698831,007986977696419",12.340241826000067,51.393052983000075,8,,8,Nordwest,,,,8.0,,0,14210713148110512760,225244,0,
10372,,,14,7,13,000,2021,06,17,5,3,5,2,0,,1,1,0,0,0,,"735394,405001508072019","5691053,665985759347677",12.378512149000073,51.32199451500003,4,,4,Süd,,,,4.0,,0,14210610144200427820,225248,0,
10373,,,14,7,13,000,2021,07,10,7,3,3,2,0,,1,1,0,0,0,,"735606,397169818170369","5695892,415687346830964",12.384750625000038,51.36534075800006,9,,9,Nord,,,,9.0,,0,14210703148110482540,225251,0,
10374,,,14,7,13,000,2021,06,13,3,3,5,2,0,,1,0,0,0,0,,"734795,274001496843994","5691471,812986033037305",12.370204476000026,51.325995524000064,0,,0,Mitte,,,,0.0,,1,14210622148410463690,225253,0,
10375,,,14,7,13,000,2021,07,07,2,2,6,4,0,,0,0,1,0,1,,"727268,120365384966135","5688579,959389910101891",12.26050953300006,51.30309095800004,6,,6,West,,,,6.0,,0,14210712148310512770,225256,0,
10376,,,14,7,13,000,2021,06,16,4,3,6,4,0,,0,1,1,0,0,,"735607,798924830742180","5693391,879021294414997",12.38311525100005,51.34289471300008,0,,0,Mitte,,,,0.0,,0,14210630148410503540,225271,0,
10377,,,14,7,13,000,2021,06,16,3,3,6,4,0,,0,1,1,0,0,,"732781,713153691031039","5691360,268615994602442",12.34128236500004,51.32582166900005,5,,5,Südwest,,,,5.0,,0,14210622148310481270,225278,0,
10378,,,14,7,13,000,2021,07,18,3,3,2,2,0,,0,1,0,0,0,,"737416,011150842532516","5697082,785679537802935",12.411493333000067,51.375272178000046,1,,1,Nordost,,,,1.0,,1,14210713144200679790,225281,0,
10379,,,14,7,13,000,2021,06,23,2,3,6,4,2,,1,0,1,0,0,,"737242,136313338764012","5692691,429257851094007",12.40607194000006,51.33592786000003,3,,3,Südost,,,,3.0,,0,14210628148410513230,225283,0,
10380,,,14,7,13,000,2021,07,10,4,2,5,2,0,,1,1,0,0,0,,"737595,098627269268036","5693454,751807196065784",12.41163894300007,51.34263211900003,2,,2,Ost,,,,2.0,,0,14210714144200521370,225285,0,
10381,,,14,7,13,000,2021,07,17,5,3,2,6,0,,0,1,0,0,0,,"735589,864304433576763","5693141,704350698739290",12.382692711000061,51.34065650500003,0,,0,Mitte,,,,0.0,,0,14210701144200482260,225287,0,
10382,,,14,7,13,000,2021,05,12,2,3,5,3,0,,0,1,0,1,0,,"737789,322783522307873","5694570,015505162999034",12.415167409000048,51.35256151300007,1,,1,Nordost,,,,1.0,,0,14210524144200366370,225288,0,
10383,,,14,7,13,000,2021,07,12,5,3,5,3,0,,1,1,0,0,0,,"735186,606678069569170","5695102,451939176768064",12.378208839000024,51.35842374200007,0,,0,Mitte,,,,0.0,,0,14210708144200503890,225290,1,
10384,,,14,7,13,000,2021,06,14,6,3,5,2,0,,0,1,0,1,0,,"740487,226106283254921","5691559,854520410299301",12.45180773900006,51.32440835400007,2,,2,Ost,,,,2.0,,0,14210604148210428500,225291,0,
10385,,,14,7,13,000,2021,06,16,3,3,1,5,0,,0,1,0,0,0,,"737737,261830773204565","5694906,572953814640641",12.414645955000026,51.35560422100008,1,,1,Nordost,,,,1.0,,0,14210601148110389830,225292,0,
10386,,,14,7,13,000,2021,06,16,5,3,1,5,0,,1,1,0,0,0,,"736341,317544117569923","5690787,283372543752193",12.391900689000067,51.31921088800004,0,,0,Mitte,,,,0.0,,0,14210624144200541100,225293,1,
10387,,,14,7,13,000,2021,06,23,7,3,1,5,2,,1,1,0,0,0,,"734713,841060191392899","5694975,930573698133230",12.371347229000037,51.35748350400007,9,,9,Nord,,,,9.0,,0,14210605148110406120,225294,1,
10388,,,14,7,13,000,2021,06,10,2,3,5,2,0,,1,1,0,0,0,,"736221,348702428862453","5692532,068636577576399",12.391338505000022,51.33492230600007,0,,0,Mitte,,,,0.0,,0,14210628144200481160,225297,0,
10389,,,14,7,13,000,2021,06,14,6,3,6,4,0,,0,0,1,0,0,,"735052,620215696282685","5692401,047139214351773",12.374504401000024,51.334230424000054,0,,0,Mitte,,,,0.0,,1,14210604144200455590,225304,0,
10390,,,14,7,13,000,2021,07,19,1,3,5,3,0,,0,1,0,1,0,,"732711,979001459665596","5691935,973986964672804",12.340659156000072,51.331018130000075,5,,5,Südwest,,,,5.0,,0,14210711144200513150,225305,1,
10391,,,14,7,13,000,2021,06,19,2,3,5,3,0,,1,1,0,0,0,,"728720,667218227870762","5695024,823245914652944",12.285448779000035,51.360366234000026,7,,7,Alt-West,,,,7.0,,0,14210607144200406970,225314,0,
10392,,,14,7,13,000,2021,06,09,5,3,2,6,0,,0,1,0,1,0,,"733080,412870112806559","5694122,774001378566027",12.347369618000073,51.35049736000008,0,,0,Mitte,,,,0.0,,0,14210617143263503860,225317,0,
10393,,,14,7,13,000,2021,07,14,3,3,5,3,0,,1,1,0,0,0,,"734161,343736955896020","5692192,972286263480783",12.361595839000074,51.332730284000036,0,,0,Mitte,,,,0.0,,0,14210713148410540190,225318,0,
10394,,,14,7,13,000,2021,06,05,2,3,5,3,1,,1,1,0,0,0,,"738000,644421852193773","5695108,245508247986436",12.418556611000042,51.35730418600008,1,,1,Nordost,,,,1.0,,0,14210621144200456070,225325,0,
10395,,,14,7,13,000,2021,06,15,4,3,2,6,0,,0,1,0,0,0,,"731420,387792658060789","5693978,408748837187886",12.323478634000026,51.349879688000044,7,,7,Alt-West,,,,7.0,,0,14210609148310455720,225331,0,
10396,,,14,7,13,000,2021,05,11,2,2,0,7,0,,1,0,0,0,0,,"738064,194001529365778","5697641,713984284549952",12.421163833000037,51.38001772000007,1,,1,Nordost,,,,1.0,,0,14210531148110396010,225336,0,
10397,,,14,7,13,000,2021,06,12,6,3,6,4,0,,1,0,1,0,0,,"730953,981207305565476","5692017,148191766813397",12.315520648000074,51.33246333800008,7,,7,Alt-West,,,,7.0,,0,14210625148310481280,225340,0,
10398,,,14,7,13,000,2021,06,22,6,3,5,2,2,,1,1,0,0,0,,"737426,491881009191275","5693235,922645943239331",12.409076625000068,51.34073832800004,2,,2,Ost,,,,2.0,,0,14210625148410464090,225343,1,
10399,,,14,7,13,000,2021,05,16,2,3,2,6,0,,0,1,0,0,0,,"740711,091403724625707","5686514,306905660778284",12.451612290000071,51.279026421000026,3,,3,Südost,,,,3.0,,0,14210531144200389740,225351,0,
10400,,,14,7,13,000,2021,06,03,7,3,7,1,2,,0,1,0,0,0,,"729019,392779537476599","5690839,169523637741804",12.287040500000046,51.32267066400004,6,,6,West,,,,6.0,,0,14210619148110455680,225352,0,
10401,,,14,7,13,000,2021,06,20,6,3,6,6,0,,1,0,1,0,0,,"735253,093959568068385","5692283,957846987992525",12.377299802000039,51.33309650500007,0,,0,Mitte,,,,0.0,,0,14210611144200464330,225356,0,
10402,,,14,7,13,000,2021,06,10,6,3,6,4,0,,0,1,1,0,0,,"738210,074047109112144","5694642,907841980457306",12.421247534000031,51.35303961200003,1,,1,Nordost,,,,1.0,,0,14210625144200540880,225359,0,
10403,,,14,7,13,000,2021,06,18,5,3,4,2,0,,1,1,0,0,0,,"738924,060398194007576","5695111,623485747724771",12.431797000000074,51.35694703900003,1,,1,Nordost,,,,1.0,,0,14210617144200436170,225369,0,
10404,,,14,7,13,000,2021,06,14,4,2,5,3,0,,1,1,0,0,0,,"731976,076665340922773","5696394,575706319883466",12.333020095000052,51.37134245300007,8,,8,Nordwest,,,,8.0,,0,14210609144200513170,225383,0,
10405,,,14,7,13,000,2021,05,13,2,2,3,2,0,,1,0,0,0,1,,"735629,351173100061715","5690915,220225455239415",12.381786433000059,51.32065453700005,4,,4,Süd,,,,4.0,,0,14210531144200406980,225387,0,
10406,,,14,7,13,000,2021,06,08,6,3,5,2,0,,1,0,0,0,0,,"733824,145759325474501","5692555,750351607799530",12.357002076000072,51.33612549500003,0,,0,Mitte,,,,0.0,,1,14210625148410463670,225391,0,
10407,,,14,7,13,000,2021,06,14,4,3,2,6,0,,0,1,0,0,0,,"734128,104455536231399","5695554,728882309049368",12.363330419000022,51.36292067100004,9,,9,Nord,,,,9.0,,0,14210630148110503500,225399,0,
10408,,,14,7,13,000,2021,06,20,2,3,5,2,1,,0,1,0,1,0,,"736983,144128477200866","5693020,490074042230844",12.402579561000039,51.338989525000045,2,,2,Ost,,,,2.0,,0,14210607148410464081,225403,0,
10409,,,14,7,13,000,2021,05,15,2,3,6,4,0,,1,0,1,0,0,,"735520,279014117084444","5692022,080223331227899",12.380955263000033,51.330635236000035,0,,0,Mitte,,,,0.0,,0,14210531148410414920,225404,0,
10410,,,14,7,13,000,2021,06,15,6,3,5,2,0,,1,0,0,0,0,,"735497,457842509262264","5692042,878467310220003",12.380642016000024,51.33083137600005,0,,0,Mitte,,,,0.0,,1,14210611148410427950,225408,0,
10411,,,14,7,13,000,2021,06,06,3,3,5,3,0,,1,1,0,0,0,,"736589,990573965013027","5693943,820988260209560",12.397558816000071,51.34744118700007,2,,2,Ost,,,,2.0,,0,14210629148410482810,225409,0,
10412,,,14,7,13,000,2021,06,09,3,3,0,1,0,,1,0,0,0,0,,"731532,409719777293503","5691626,840426798909903",12.323555858000077,51.328724443000056,7,,7,Alt-West,,,,7.0,,0,14210601148310445610,225418,0,
10413,,,14,7,13,000,2021,07,12,3,3,5,3,0,,1,1,0,0,0,,"735282,368569580838084","5690783,544651702046394",12.376728893000063,51.31961614100004,4,,4,Süd,,,,4.0,,0,14210713148210521800,225420,0,
10414,,,14,7,13,000,2021,06,10,5,3,1,1,0,,1,1,0,0,0,,"733437,934130864217877","5692456,046261809766293",12.351402114000052,51.33538914900004,0,,0,Mitte,,,,0.0,,0,14210610148410415930,225424,0,
10415,,,14,7,13,000,2021,06,17,5,3,2,6,0,,0,1,0,0,0,,"736906,077850800938904","5697130,377224892377853",12.404211592000024,51.375912302000074,1,,1,Nordost,,,,1.0,,0,14210603148110414890,225429,0,
10416,,,14,7,13,000,2021,07,22,1,3,1,5,2,,1,1,0,0,0,,"737497,587738147936761","5691550,540097853168845",12.408972122000023,51.325580556000034,3,,3,Südost,,,,3.0,,0,14210711148410512790,225430,1,
10417,,,14,7,13,000,2021,06,10,6,2,5,2,0,,0,1,0,0,0,,"740868,331947799772024","5695028,628701977431774",12.459613010000055,51.35538141300003,2,,2,Ost,,,,2.0,,1,14210618148210445870,225434,0,
10418,,,14,7,13,000,2021,07,06,7,3,0,1,0,,1,0,0,0,0,,"733728,662571521475911","5690741,680275246500969",12.354444109000042,51.31988062500005,4,,4,Süd,,,,4.0,,0,14210717148310521810,225435,1,
10419,,,14,7,13,000,2021,07,12,7,2,6,4,0,,0,1,1,0,0,,"729700,769634357653558","5690345,844304714351892",12.296484924000026,51.317967364000026,6,,6,West,,,,6.0,,0,14210710144200504770,225440,0,
10420,,,14,7,13,000,2021,06,09,5,3,0,1,0,,0,0,0,1,0,,"737359,777169692330062","5696813,089284287765622",12.410506744000031,51.37287489300007,1,,1,Nordost,,,,1.0,,0,14210624148310456160,225443,1,
10421,,,14,7,13,000,2021,05,18,2,3,5,2,0,,1,1,0,0,0,,"734834,128755307756364","5692994,211799398064613",12.371764517000031,51.33964516200007,0,,0,Mitte,,,,0.0,,0,14210524148410396050,225447,0,
10422,,,14,7,13,000,2021,07,13,3,3,5,3,0,,1,1,0,0,0,,"729486,260001407936215","5690007,907988345250487",12.293194460000052,51.315020204000064,6,,6,West,,,,6.0,,0,14210706148310503960,225448,0,
10423,,,14,7,13,000,2021,06,06,3,3,5,3,0,,0,1,0,1,0,,"730816,323854907415807","5693662,788597336038947",12.31461450300003,51.34729200100003,7,,7,Alt-West,,,,7.0,,0,14210601148310464060,225451,0,
10424,,,14,7,13,000,2021,06,18,5,3,3,6,0,,1,1,0,0,0,,"733088,063549696467817","5691593,147438991814852",12.345823879000022,51.32778671300008,5,,5,Südwest,,,,5.0,,0,14210624144200463620,225452,1,
10425,,,14,7,13,000,2021,06,06,7,3,2,6,0,,1,1,0,0,0,,"743998,595120264217257","5690923,996488360688090",12.50167237100004,51.31720647000003,2,,2,Ost,,,,2.0,,0,14210612148210445570,225455,0,
10426,,,14,7,13,000,2021,06,16,5,3,0,1,0,,0,0,0,1,0,,"734799,249382555484772","5692489,591154279187322",12.370932030000063,51.33512988600006,0,,0,Mitte,,,,0.0,,0,14210603148410396440,225464,1,
10427,,,14,7,13,000,2021,07,17,2,3,1,5,0,,1,1,0,0,0,,"735538,742498530074954","5689284,499272856861353",12.379411660000073,51.30605411300007,4,,4,Süd,,,,4.0,,0,14210712148210504810,225465,0,
10428,,,14,7,13,000,2021,05,15,6,3,5,3,0,,1,1,0,0,0,,"735773,068001506850123","5693208,615985533222556",12.385362590000057,51.341181189000054,0,,0,Mitte,,,,0.0,,0,14210528148410388780,225471,0,
10429,,,14,7,13,000,2021,06,18,3,3,0,1,0,,1,0,0,0,0,,"737207,763384911231697","5693350,593119937926531",12.406018360000076,51.34185890400005,2,,2,Ost,,,,2.0,,0,14210615144100435640,225481,0,
10430,,,14,7,13,000,2021,06,16,4,3,4,7,0,,0,1,0,0,0,,"743205,393001645803452","5685534,570981755852699",12.486641507000058,51.269173909000074,3,,3,Südost,,,,3.0,,0,14210602148210541380,225487,0,
10431,,,14,7,13,000,2021,06,16,5,3,1,5,0,,1,1,0,0,0,,"730598,914330216124654","5696871,454380700364709",12.313578101000076,51.376184110000054,8,,8,Nordwest,,,,8.0,,0,14210624144200481750,225498,0,
10432,,,14,7,13,000,2021,06,10,2,3,5,3,0,,0,1,0,0,0,,"735278,456310480833054","5691050,805372575297952",12.376849204000052,51.322016792000056,4,,4,Süd,,,,4.0,,0,14210628144100601790,225502,0,
10433,,,14,7,13,000,2021,07,18,2,3,5,3,0,,1,1,0,0,0,,"740540,347611154429615","5693910,568287832662463",12.454155811000021,51.34548505400005,2,,2,Ost,,,,2.0,,0,14210712143263591180,225512,0,
10434,,,14,7,13,000,2021,05,16,5,3,2,6,0,,0,1,0,0,0,,"727289,253070105798542","5693200,224223203957081",12.263757983000062,51.34456054800006,7,,7,Alt-West,,,,7.0,,0,14210527144200415870,225518,1,
10435,,,14,7,13,000,2021,07,14,3,3,8,1,0,,0,1,0,0,0,,"730106,117279693484306","5689953,200610322877765",12.302038464000077,51.31427881900004,6,,6,West,,,,6.0,,0,14210713145200549480,225525,0,