UNFALL_ID,FID_left,OBJECTID,ULAND,UREGBEZ,UKREIS,UGEMEINDE,UJAHR,UMONAT,USTUNDE,UWOCHENTAG,UKATEGORIE,UART,UTYP1,ULICHTVERH,IstStrasse,IstRad,IstPKW,IstFuss,IstKrad,IstGkfz,IstSonstig,LINREFX,LINREFY,XGCSWGS84,YGCSWGS84,index_right,FID_right,SBZ,Name,UIDENTSTLA,LICHT,STRZUSTAND,FID,OBJECTID_1,IstSonstige,UIDENTSTLAE,OID_,IstStrassenzustand,PLST
10436,,,14,7,13,000,2021,07,16,6,3,5,3,0,,0,1,0,0,0,,"738648,091134408488870","5695291,043295472860336",12.427961066000023,51.35867343700005,1,,1,Nordost,,,,1.0,,0,14210709148110512750,225530,1,
10437,,,14,7,13,000,2021,06,20,5,2,5,3,0,,1,1,0,0,0,,"730921,273598420433700","5697965,660071311518550",12.318913004000024,51.38587560900004,8,,8,Nordwest,,,,8.0,,0,14210617144200445550,225534,0,
10438,,,14,7,13,000,2021,07,07,4,3,5,3,0,,1,1,0,0,0,,"734397,037534602917731","5691541,385879289358854",12.364544609000063,51.32678425600005,0,,0,Mitte,,,,0.0,,0,14210714144200522500,225535,0,
10439,,,14,7,13,000,2021,07,18,3,3,5,3,0,,1,1,0,0,0,,"735761,251982956193388","5693476,404093140736222",12.385370531000035,51.34358982500004,0,,0,Mitte,,,,0.0,,0,14210713148210522130,225546,0,
10440,,,14,7,30,270,2021,06,17,1,3,4,1,0,,0,0,0,1,0,,"727759,439525653608143","5699667,756936144083738",12.274641723000059,51.40243300700007,8,,8,Nordwest,,,,8.0,,0,14210613144200455220,225547,0,
10441,,,14,7,13,000,2021,06,13,1,2,6,4,0,,0,0,1,0,0,,"740891,566855114884675","5695119,100749615579844",12.460007327000028,51.356183601000055,2,,2,Ost,,,,2.0,,1,14210620148210456150,225556,0,
10442,,,14,7,13,000,2021,06,13,4,2,9,1,0,,0,0,0,1,0,,"731407,463001437485218","5692061,760987520217896",12.322047963000045,51.33267950700008,7,,7,Alt-West,,,,7.0,,0,14210630148310481260,225565,0,
10443,,,14,7,13,000,2021,05,15,4,3,0,1,0,,0,0,0,1,0,,"735139,213001500815153","5692399,352985853329301",12.37574412600003,51.33417942400007,0,,0,Mitte,,,,0.0,,0,14210526148410376600,225566,1,
10444,,,14,7,13,000,2021,06,18,4,3,5,3,0,,1,1,0,0,0,,"727203,343944010324776","5689678,710864424705505",12.260281475000056,51.31298080500005,6,,6,West,,,,6.0,,0,14210623144200456120,225571,0,
10445,,,14,7,13,000,2021,07,08,3,3,3,6,0,,1,0,0,0,0,,"735272,684701180085540","5692376,696300575509667",12.377641760000074,51.33392085400004,0,,0,Mitte,,,,0.0,,0,14210713148410522150,225573,0,
10446,,,14,7,13,000,2021,06,10,5,3,6,7,0,,0,1,1,0,0,,"732030,883082645013928","5690698,299761088564992",12.330093902000044,51.32018602200003,5,,5,Südwest,,,,5.0,,0,14210610148420428860,225577,0,
10447,,,14,7,13,000,2021,05,20,2,3,3,2,1,,0,1,0,0,0,,"731846,415545072406530","5696459,382349317893386",12.331202777000044,51.37197714300004,8,,8,Nordwest,,,,8.0,,0,14210531148110389410,225580,0,
10448,,,14,7,13,000,2021,06,16,6,3,5,3,0,,1,1,0,0,0,,"735318,802592213265598","5692449,514225618913770",12.378350701000045,51.33455541400008,0,,0,Mitte,,,,0.0,,0,14210611148410429330,225585,0,
10449,,,14,7,13,000,2021,06,13,7,3,6,4,0,,0,1,1,0,0,,"737814,901579365134239","5693775,783960102126002",12.41500349100005,51.34542180900007,2,,2,Ost,,,,2.0,,0,14210626144200464040,225600,0,
10450,,,14,7,13,000,2021,07,16,4,3,1,5,0,,1,1,0,0,0,,"737687,872640388086438","5692378,416057568043470",12.412250357000062,51.33293213700006,2,,2,Ost,,,,2.0,,0,14210707144200522120,225603,0,
10451,,,14,7,13,000,2021,06,09,6,3,1,5,0,,1,1,0,0,0,,"734519,599245461635292","5690547,638266874477267",12.365646931000072,51.317813397000066,4,,4,Süd,,,,4.0,,0,14210625148210502620,225614,0,
10452,,,14,7,13,000,2021,06,08,3,3,5,3,0,,1,1,0,0,0,,"737280,534593077376485","5693756,074602233245969",12.407331473000056,51.345468167000035,2,,2,Ost,,,,2.0,,0,14210615148410463680,225616,0,
10453,,,14,7,13,000,2021,05,13,5,3,5,3,0,,0,1,0,0,0,,"729778,273605353198946","5691144,454593028873205",12.298109905000047,51.325105277000034,6,,6,West,,,,6.0,,0,14210527144200388710,225618,1,
10454,,,14,7,13,000,2021,07,10,2,3,2,6,0,,0,1,0,0,0,,"737594,021024567075074","5695339,127674065530300",12.412881334000076,51.359546726000076,1,,1,Nordost,,,,1.0,,0,14210705148110529930,225619,0,
10455,,,14,7,13,000,2021,07,13,5,3,5,3,0,,0,1,0,0,0,,"738137,327117846347392","5690521,481723083183169",12.417449968000028,51.31607632500004,3,,3,Südost,,,,3.0,,0,14210708148210504820,225620,1,
10456,,,14,7,13,000,2021,06,10,3,3,5,3,0,,1,1,0,0,0,,"735544,293754091486335","5697397,112005256116390",12.384857054000065,51.37887300500006,9,,9,Nord,,,,9.0,,0,14210601144200395980,225622,0,
10457,,,14,7,13,000,2021,07,17,3,3,6,7,0,,0,1,1,0,0,,"737345,087788435630500","5694404,466211874037981",12.408688977000054,51.351261211000065,1,,1,Nordost,,,,1.0,,0,14210713144200529880,225624,0,
10458,,,14,7,13,000,2021,05,10,3,3,6,4,0,,1,0,1,0,0,,"735148,423711978830397","5693382,142492065206170",12.37652491800003,51.34299748300003,0,,0,Mitte,,,,0.0,,0,14210525144200389730,225627,0,
10459,,,14,7,13,000,2021,06,16,5,3,3,2,0,,1,1,0,0,0,,"732946,370218500494957","5694183,988875869661570",12.34548815900007,51.351101810000046,0,,0,Mitte,,,,0.0,,0,14210610144200427840,225628,0,
10460,,,14,7,13,000,2021,05,17,7,3,1,5,0,,1,1,0,0,0,,"732794,942374886944890","5690876,676423519849777",12.341156119000061,51.32147519400007,5,,5,Südwest,,,,5.0,,0,14210522148310376990,225636,0,
10461,,,14,7,13,000,2021,05,13,6,3,5,3,0,,1,1,0,0,0,,"736589,908918874338269","5689745,173413319513202",12.39477045600006,51.30975338700006,4,,4,Süd,,,,4.0,,0,14210528148210427920,225640,0,
10462,,,14,7,13,000,2021,06,07,6,2,5,2,0,,1,1,0,0,0,,"736339,353001520968974","5692059,993985287845135",12.39271633800007,51.33063584200005,0,,0,Mitte,,,,0.0,,0,14210611144200503020,225644,0,
10463,,,14,7,13,000,2021,07,17,5,3,2,6,0,,0,1,0,0,0,,"737495,060549277812243","5693310,950681054964662",12.410109326000054,51.341383148000034,2,,2,Ost,,,,2.0,,0,14210701148420504360,225650,0,
10464,,,14,7,13,000,2021,06,20,7,3,0,1,1,,1,0,0,0,0,,"729935,439407881349325","5693206,140746887773275",12.30169234400006,51.34354963700008,7,,7,Alt-West,,,,7.0,,0,14210605145200415430,225657,0,
10465,,,14,7,13,000,2021,06,09,3,3,3,6,0,,1,1,0,0,0,,"737170,204930474050343","5691666,180847749114037",12.40435881600007,51.32675512800006,3,,3,Südost,,,,3.0,,0,14210608148410414930,225658,0,
10466,,,14,7,13,000,2021,06,09,2,3,0,1,0,,0,0,0,0,0,,"735768,003248715773225","5692887,546453081071377",12.385077472000035,51.33830128200003,0,,0,Mitte,,,,0.0,,1,14210614148410428880,225662,0,
10467,,,14,7,13,000,2021,07,15,5,3,5,3,0,,1,1,0,0,0,,"736543,058709313161671","5690723,980517849326134",12.394748575000051,51.31855884700008,0,,0,Mitte,,,,0.0,,0,14210708144200541110,225666,1,
10468,,,14,7,13,000,2021,06,11,2,3,1,7,0,,1,1,0,0,0,,"732905,821212413720787","5690884,055158399045467",12.342749405000063,51.32149605700005,5,,5,Südwest,,,,5.0,,0,14210607148310427940,225667,0,
10469,,,14,7,13,000,2021,06,21,5,3,8,1,1,,0,1,0,0,0,,"737155,146065498702228","5697496,593655647709966",12.408028143000024,51.379095508000034,1,,1,Nordost,,,,1.0,,0,14210624148121463630,225669,1,
10470,,,14,7,13,000,2021,06,13,6,3,5,3,0,,1,1,0,0,0,,"737252,222130730748177","5686990,907100435346365",12.402425682000057,51.28475498800003,4,,4,Süd,,,,4.0,,0,14210604148210405790,225670,0,
10471,,,14,7,13,000,2021,06,09,3,3,2,6,0,,0,1,0,1,0,,"734738,005062408745289","5693132,376684127375484",12.370477993000065,51.34092507300005,0,,0,Mitte,,,,0.0,,0,14210629148310502630,225673,0,
10472,,,14,7,13,000,2021,06,16,3,3,6,4,0,,0,1,1,0,0,,"732799,381341031752527","5691590,411060743033886",12.341685821000056,51.327880357000026,5,,5,Südwest,,,,5.0,,0,14210622144200513550,225679,0,
10473,,,14,7,13,000,2021,06,16,5,3,2,6,0,,1,0,0,0,0,,"735058,603001503273845","5690887,501985926181078",12.373591960000056,51.32064177900003,4,,4,Süd,,,,4.0,,0,14210603144200455210,225680,0,
10474,,,14,7,13,000,2021,06,18,3,3,5,3,0,,1,0,0,0,0,,"737534,185374731197953","5693352,618855450302362",12.410697828000025,51.34174082100003,2,,2,Ost,,,,2.0,,1,14210615148210480440,225685,0,
10475,,,14,7,13,000,2021,07,11,7,3,2,2,0,,0,1,0,0,0,,"733974,707293687388301","5695289,570970425382257",12.360956481000073,51.36060368100004,9,,9,Nord,,,,9.0,,0,14210703144200482750,225686,0,
10476,,,14,7,13,000,2021,05,15,4,3,5,3,0,,0,1,0,0,0,,"732848,572725622914732","5692082,417443834245205",12.342712118000065,51.33227680700003,5,,5,Südwest,,,,5.0,,0,14210526148310389180,225687,1,
10477,,,14,7,13,000,2021,07,16,5,3,2,6,0,,0,1,0,1,0,,"734291,534001490101218","5690879,467986280098557",12.36259799000004,51.32088600900005,4,,4,Süd,,,,4.0,,0,14210701144200482270,225696,0,
10478,,,14,7,13,000,2021,07,14,3,3,5,3,0,,1,1,0,0,0,,"735908,523835014551878","5696066,606840107589960",12.389198414000077,51.366778959000044,9,,9,Nord,,,,9.0,,0,14210713144200521360,225706,0,
10479,,,14,7,13,000,2021,06,16,1,3,0,1,0,,1,0,0,0,0,,"735565,460184602066875","5689098,360091280192137",12.37967141300004,51.30437220500005,4,,4,Süd,,,,4.0,,0,14210613148210445880,225707,0,
10480,,,14,7,13,000,2021,05,18,2,3,3,2,0,,1,1,0,0,0,,"736046,882221459411085","5688180,546864556148648",12.38595858900004,51.29593423700004,4,,4,Süd,,,,4.0,,0,14210531144200389780,225713,0,
10481,,,14,7,13,000,2021,06,22,6,3,5,3,2,,0,1,0,0,0,,"735708,597531414590776","5692653,240169052034616",12.384071104000043,51.336222709000026,0,,0,Mitte,,,,0.0,,0,14210618144200445530,225717,0,
10482,,,14,7,13,000,2021,05,19,2,3,6,4,0,,0,1,1,0,0,,"729003,597843981347978","5694887,134221490472555",12.289417104000051,51.35901622800003,7,,7,Alt-West,,,,7.0,,0,14210531144200456060,225727,0,
10483,,,14,7,13,000,2021,06,13,2,3,1,7,0,,0,1,0,0,0,,"741216,482266730628908","5694411,168046126142144",12.464185244000078,51.34969173700006,2,,2,Ost,,,,2.0,,0,14210621144200446510,225728,0,
10484,,,14,7,13,000,2021,07,17,2,3,5,3,0,,0,1,0,1,0,,"737027,175653443671763","5693274,299511671066284",12.40337947300003,51.341249392000066,2,,2,Ost,,,,2.0,,0,14210712144200504760,225730,0,
10485,,,14,7,13,000,2021,05,11,5,3,2,6,0,,0,1,0,0,0,,"735020,678946864791214","5692553,682117164134979",12.374147383000036,51.33561373300006,0,,0,Mitte,,,,0.0,,0,14210527148410377020,225737,1,
10486,,,14,7,13,000,2021,07,07,6,3,5,3,0,,0,1,0,1,0,,"729834,536565388552845","5694173,938258962705731",12.300870859000042,51.352278384000044,7,,7,Alt-West,,,,7.0,,0,14210709148310522560,225739,1,
10487,,,14,7,13,000,2021,06,14,2,2,6,4,0,,0,0,1,0,0,,"731975,385362090542912","5690713,065917816013098",12.329308452000078,51.320341202000066,5,,5,Südwest,,,,5.0,,1,14210607144200406990,225740,0,
10488,,,14,7,13,000,2021,06,19,3,3,5,2,0,,0,1,0,0,0,,"731172,177646052092314","5691918,801213428378105",12.31858358200003,51.33149184800004,7,,7,Alt-West,,,,7.0,,0,14210601148310396040,225751,0,
10489,,,14,7,13,000,2021,07,13,7,3,3,6,0,,1,0,0,0,0,,"732114,264072067104280","5688668,545079406350851",12.329967798000041,51.301931284000034,5,,5,Südwest,,,,5.0,,0,14210710148310549950,225765,0,
10490,,,14,7,13,000,2021,06,06,6,3,5,3,0,,1,0,0,1,0,,"735177,807656466029584","5689045,328665390610695",12.374085153000067,51.304056425000056,4,,4,Süd,,,,4.0,,0,14210618144200464650,225769,0,
10491,,,14,7,13,000,2021,06,14,3,3,2,6,0,,1,1,0,0,0,,"735088,028917086310685","5689717,109523290768266",12.37324207100005,51.31012369600006,4,,4,Süd,,,,4.0,,0,14210615148210463640,225773,0,
10492,,,14,7,13,000,2021,07,17,2,2,5,2,0,,0,1,0,0,0,,"735481,723142479546368","5697589,600429680198431",12.384087133000037,51.380626773000074,9,,9,Nord,,,,9.0,,0,14210705148110502600,225776,0,
10493,,,14,7,13,000,2021,06,16,6,2,0,1,0,,1,0,0,0,0,,"738171,524695768952370","5693724,640712957829237",12.420080573000064,51.34481346800004,2,,2,Ost,,,,2.0,,0,14210611144200427830,225778,0,
10494,,,14,7,13,000,2021,07,15,3,3,5,3,0,,1,1,0,0,0,,"731599,736376827582717","5690701,482921905815601",12.323919364000062,51.32039023800007,5,,5,Südwest,,,,5.0,,0,14210713148310562530,225783,0,
10495,,,14,7,13,000,2021,06,08,6,3,6,7,0,,0,0,1,0,0,,"738099,578135550022125","5694070,671525392681360",12.41928082100003,51.34794955500007,1,,1,Nordost,,,,1.0,,1,14210625148410481300,225785,0,
10496,,,14,7,13,000,2021,07,17,6,3,5,3,0,,0,1,0,0,0,,"732401,750001455657184","5690886,052987121045589",12.335529267000027,51.32172009300007,5,,5,Südwest,,,,5.0,,0,14210709148310503950,225791,1,
10497,,,14,7,13,000,2021,06,12,4,3,0,7,0,,1,1,0,0,0,,"735327,722730565816164","5691842,579712135717273",12.378077695000059,51.32910367000005,0,,0,Mitte,,,,0.0,,0,14210623148220513200,225794,0,
10498,,,14,7,13,000,2021,07,12,3,3,5,7,0,,0,1,0,0,0,,"737292,675923277623951","5692936,451251624152064",12.406959372000074,51.33810611100006,3,,3,Südost,,,,3.0,,1,14210713144200521040,225795,0,
10499,,,14,7,13,000,2021,07,15,5,3,5,3,0,,0,0,0,1,1,,"729177,648786959238350","5699224,979518506675959",12.294710205000058,51.39788711400007,8,,8,Nordwest,,,,8.0,,0,14210708144200503880,225799,1,
10500,,,14,7,13,000,2021,06,09,3,3,6,2,0,,0,0,1,0,0,,"732301,271715068258345","5691727,841080270707607",12.334638368000071,51.32931765100005,5,,5,Südwest,,,,5.0,,1,14210601144200395960,225801,0,
10501,,,14,7,13,000,2021,06,02,7,2,6,6,2,,1,0,1,0,0,,"733690,040597365237772","5691913,611232992261648",12.35465911500006,51.33041641500006,0,,0,Mitte,,,,0.0,,0,14210626145500541120,225806,0,
10502,,,14,7,13,000,2021,05,14,7,2,6,4,0,,0,1,1,0,0,,"731033,783424676395953","5691659,022783853113651",12.316432023000061,51.32921606800005,7,,7,Alt-West,,,,7.0,,0,14210522144200375960,225807,0,
10503,,,14,7,13,000,2021,06,16,4,3,4,6,0,,1,1,0,0,0,,"732132,063111878000200","5696239,420269729569554",12.33515592200007,51.36988594500008,8,,8,Nordwest,,,,8.0,,0,14210609148110429300,225808,0,
10504,,,14,7,13,000,2021,06,12,7,3,5,3,0,,0,1,0,1,0,,"735723,476037553511560","5690372,031672319397330",12.382775748000029,51.31573971700004,4,,4,Süd,,,,4.0,,0,14210619144200446160,225814,0,
10505,,,14,7,13,000,2021,06,06,6,1,9,1,0,,0,0,0,1,0,,"730124,196423086337745","5700968,932266535237432",12.309424729000057,51.41315928700004,8,,8,Nordwest,,,,8.0,,0,14210604144200429240,225815,0,
10506,,,14,7,13,000,2021,06,14,6,3,5,2,0,,1,0,0,0,0,,"733670,962342320010066","5697377,493698744103312",12.357973558000026,51.379470869000045,9,,9,Nord,,,,9.0,,1,14210618148122592130,225819,0,
10507,,,14,7,13,000,2021,06,13,6,3,1,5,0,,1,1,0,0,0,,"734172,192007591947913","5696456,713638383895159",12.364556539000034,51.37099909700004,9,,9,Nord,,,,9.0,,0,14210625144200479900,225821,0,
10508,,,14,7,13,000,2021,07,19,5,3,5,3,0,,1,1,0,0,0,,"727878,765218988992274","5689395,683467976748943",12.269775805000052,51.31016995200008,6,,6,West,,,,6.0,,0,14210701148310502110,225824,0,
10509,,,14,7,13,000,2021,07,06,2,3,5,3,0,,1,1,0,0,0,,"735670,923980999737978","5689234,217037467285991",12.381271396000045,51.30554806200007,4,,4,Süd,,,,4.0,,0,14210705148220502100,225826,1,
10510,,,14,7,13,000,2021,06,15,2,3,5,3,0,,1,1,0,0,0,,"734978,300001503899693","5690000,569985980167985",12.371857219000049,51.31271346600005,4,,4,Süd,,,,4.0,,0,14210607148210427900,225828,0,
10511,,,14,7,13,000,2021,06,21,5,2,0,1,1,,0,0,0,1,0,,"735452,553225349634886","5692668,729514436796308",12.380412183000033,51.336467807000076,0,,0,Mitte,,,,0.0,,0,14210624144200521400,225830,1,
10512,,,14,7,13,000,2021,07,14,4,3,5,2,0,,1,1,0,0,0,,"732081,494001448154449","5692452,904987229034305",12.331961497000066,51.33591609200005,7,,7,Alt-West,,,,7.0,,0,14210707144100549850,225836,0,
10513,,,14,7,13,000,2021,07,10,7,3,4,6,0,,1,0,0,0,0,,"742282,786782175302505","5694013,132378052920103",12.47919765000006,51.34566575800005,2,,2,Ost,,,,2.0,,0,14210703148210503940,225837,0,
10514,,,14,7,13,000,2021,06,17,3,3,0,1,0,,1,0,0,0,0,,"737167,854177891276777","5691666,996425449848175",12.404325680000056,51.32676342900004,3,,3,Südost,,,,3.0,,0,14210608148310414910,225843,0,
10515,,,14,7,13,000,2021,06,15,5,3,3,2,0,,1,1,0,0,0,,"736207,184627306647599","5692522,556960307061672",12.391129233000072,51.334842809000065,0,,0,Mitte,,,,0.0,,0,14210610148410445620,225846,0,
10516,,,14,7,13,000,2021,06,19,2,3,6,4,0,,1,0,1,0,0,,"735407,653001504018903","5692536,836985720321536",12.379681597000058,51.33530248400007,0,,0,Mitte,,,,0.0,,0,14210621144200481760,225850,0,
10517,,,14,7,13,000,2021,06,16,5,3,5,2,0,,1,1,0,0,0,,"737715,180433310568333","5692663,647717980667949",12.412831948000075,51.33548097000005,2,,2,Ost,,,,2.0,,0,14210603148210429320,225851,0,
10518,,,14,7,13,000,2021,07,17,7,3,0,1,0,,1,0,0,0,0,,"731781,095519168302417","5689681,480895414948463",12.325854656000047,51.31115999200006,5,,5,Südwest,,,,5.0,,0,14210717148310540640,225856,0,
10519,,,14,7,13,000,2021,05,07,5,3,5,4,0,,1,0,1,0,0,,"738139,021151012741029","5691173,257990485057235",12.417909491000046,51.321925959000055,3,,3,Südost,,,,3.0,,0,14210527148210388950,225859,0,
10520,,,14,7,13,000,2021,06,17,7,3,3,6,0,,0,1,0,1,0,,"737377,810112038627267","5693155,472403578460217",12.408325339000044,51.34003652700005,2,,2,Ost,,,,2.0,,0,14210619144000445960,225860,0,
10521,,,14,7,13,000,2021,07,10,7,3,5,3,0,,0,1,0,0,0,,"734164,008399434387684","5696463,404268084093928",12.364443582000035,51.37106252900003,9,,9,Nord,,,,9.0,,1,14210710144200591200,225861,0,
10522,,,14,7,13,000,2021,07,15,3,2,0,7,0,,1,0,0,0,0,,"729494,416535218246281","5688983,447497084736824",12.292652300000043,51.30582017100005,5,,5,Südwest,,,,5.0,,0,14210706148310504350,225870,1,
10523,,,14,7,13,000,2021,06,16,2,3,4,1,0,,0,1,0,0,0,,"732171,769078500568867","5694005,798097692430019",12.334267662000059,51.34981916000004,7,,7,Alt-West,,,,7.0,,0,14210607144200540600,225872,0,
10524,,,14,7,13,000,2021,06,09,3,3,3,2,0,,1,0,0,0,0,,"734997,995715992525220","5692275,871191896498203",12.37363909000004,51.33312936900006,0,,0,Mitte,,,,0.0,,1,14210601148410435760,225873,0,
10525,,,14,7,13,000,2021,06,07,5,3,0,7,0,,0,1,0,0,0,,"734754,789516378194094","5699274,303484404459596",12.37477343300003,51.396050168000045,9,,9,Nord,,,,9.0,,1,14210624148110456140,225874,0,
10526,,,14,7,13,000,2021,07,16,2,3,1,7,0,,0,1,0,0,0,,"730473,788945575244725","5693783,508728461340070",12.309782539000025,51.34851467200008,7,,7,Alt-West,,,,7.0,,0,14210712148310504840,225886,0,
10527,,,14,7,13,000,2021,06,17,3,2,5,2,0,,1,1,0,0,0,,"732246,717289179563522","5696067,058686137199402",12.336687634000043,51.368291846000034,8,,8,Nordwest,,,,8.0,,0,14210608144200415410,225888,0,
10528,,,14,7,13,000,2021,06,20,4,3,5,2,0,,1,1,0,0,0,,"735010,783279591239989","5692388,333617806434631",12.37389650700004,51.33413359100007,0,,0,Mitte,,,,0.0,,0,14210616145500436240,225890,0,
10529,,,14,7,13,000,2021,05,15,4,3,4,1,0,,1,1,0,0,0,,"735043,029550582170486","5693316,994556307792664",12.374971371000072,51.34245627000007,0,,0,Mitte,,,,0.0,,0,14210526148410406430,225892,1,
10530,,,14,7,13,000,2021,06,13,2,2,6,4,0,,0,1,1,0,0,,"738598,422297674231231","5696808,692372445017099",12.428267153000036,51.37231645700007,1,,1,Nordost,,,,1.0,,0,14210607144200407000,225895,0,
10531,,,14,7,13,000,2021,05,11,2,3,5,3,0,,1,1,0,0,0,,"737205,452431456185877","5697116,613201133906841",12.40849608600007,51.37566379500004,1,,1,Nordost,,,,1.0,,0,14210524148110436250,225901,0,
10532,,,14,7,13,000,2021,05,16,5,3,5,3,0,,0,1,0,1,0,,"730533,206876700744033","5691809,254272732883692",12.309356439000055,51.33076777700006,6,,6,West,,,,6.0,,0,14210527148310415440,225906,1,
10533,,,14,7,13,000,2021,06,11,6,3,5,2,0,,1,1,0,0,0,,"735755,866787466220558","5692866,504859069362283",12.38488962100007,51.33811743900003,0,,0,Mitte,,,,0.0,,0,14210618148415463280,225907,0,
10534,,,14,7,13,000,2021,06,18,4,3,5,3,0,,1,1,0,0,0,,"735184,103971641510725","5688970,398846365511417",12.374125943000024,51.30338122200004,4,,4,Süd,,,,4.0,,0,14210602148220463650,225910,0,
10535,,,14,7,13,000,2021,07,16,2,3,3,6,0,,0,1,0,0,0,,"735916,726100050844252","5690923,273475775495172",12.385908482000048,51.320607755000026,0,,0,Mitte,,,,0.0,,0,14210705148210541700,225916,0,
10536,,,14,7,13,000,2021,06,00,7,3,0,6,2,,1,1,0,0,0,,"737189,247096910141408","5693994,240073166787624",12.406181744000037,51.347644047000074,2,,2,Ost,,,,2.0,,0,14210605144200414870,225918,0,
10537,,,14,7,13,000,2021,07,17,3,3,5,3,0,,1,1,0,0,0,,"732484,860680812969804","5691231,864378673955798",12.336945447000062,51.32479040000004,5,,5,Südwest,,,,5.0,,0,14210713148310540660,225922,0,
10538,,,14,7,13,000,2021,05,14,2,3,2,6,0,,1,1,0,0,0,,"738463,839044657535851","5690288,277634348720312",12.421970785000042,51.313846381000076,3,,3,Südost,,,,3.0,,0,14210531148210415920,225929,0,
10539,,,14,7,13,000,2021,06,10,6,3,2,6,0,,0,1,0,0,0,,"737214,632411370985210","5697097,589363807812333",12.408615050000037,51.37548920300003,1,,1,Nordost,,,,1.0,,0,14210604144200414860,225931,0,
10540,,,14,7,13,000,2021,07,16,2,3,5,2,0,,1,0,0,0,0,,"733494,023814613930881","5692245,429165724664927",12.352067866000027,51.333475502000056,0,,0,Mitte,,,,0.0,,0,14210712144200504730,225932,0,
10541,,,14,7,13,000,2021,06,11,3,3,8,7,0,,0,1,0,0,0,,"742262,778001597151160","5694718,858982050791383",12.47939115500003,51.352008442000056,2,,2,Ost,,,,2.0,,0,14210608144200407010,225935,0,
10542,,,14,7,13,000,2021,07,18,2,2,5,3,0,,1,1,0,0,0,,"737198,027637396939099","5700106,576553665101528",12.410386457000072,51.40250471100006,9,,9,Nord,,,,9.0,,0,14210705144310502580,225941,0,
10543,,,14,7,13,000,2021,07,08,3,3,5,3,0,,1,1,0,0,0,,"734874,202001488767564","5694490,373985931277275",12.373325829000066,51.35305872200007,0,,0,Mitte,,,,0.0,,0,14210713148410522170,225947,0,
10544,,,14,7,13,000,2021,07,16,6,3,2,6,0,,0,1,0,0,0,,"739265,597561425529420","5691551,069168146699667",12.43430122600006,51.32484453700005,2,,2,Ost,,,,2.0,,0,14210709144200503870,225951,1,
10545,,,14,7,13,000,2021,06,07,2,3,1,7,0,,1,1,0,0,0,,"734635,584514178335667","5695386,433967243880033",12.370496002000039,51.361200652000036,9,,9,Nord,,,,9.0,,0,14210621145500455650,225954,0,
10546,,,14,7,13,000,2021,06,08,4,3,5,3,0,,0,1,0,0,0,,"738701,277006356045604","5691062,832774491980672",12.42588992100002,51.32069920500004,3,,3,Südost,,,,3.0,,0,14210609148210455700,225959,0,
10547,,,14,7,13,000,2021,06,15,2,3,5,3,0,,1,1,0,0,0,,"738378,610438130795956","5691285,126201743260026",12.421416433000047,51.322829762000026,3,,3,Südost,,,,3.0,,0,14210621144200456100,225967,0,
10548,,,14,7,13,000,2021,06,01,7,3,0,1,2,,1,0,0,0,0,,"735071,456909398548305","5689694,642554964870214",12.372989921000055,51.309928866000064,4,,4,Süd,,,,4.0,,0,14210605662223406240,225968,0,
10549,,,14,7,13,000,2021,07,08,3,3,3,2,0,,1,1,0,0,0,,"737248,367001534439623","5692229,234984830021858",12.40585345900007,51.33177656600003,3,,3,Südost,,,,3.0,,0,14210713148410513240,225970,0,
10550,,,14,7,13,000,2021,05,14,7,3,5,2,0,,1,1,0,0,0,,"730176,984749568626285","5689972,138138530775905",12.303065824000043,51.31442016700004,5,,5,Südwest,,,,5.0,,0,14210522148310375990,225973,0,
10551,,,14,7,13,000,2021,05,16,2,3,0,7,0,,1,0,0,0,0,,"735282,663184794597328","5695292,578658515587449",12.379711749000023,51.36009061300007,0,,0,Mitte,,,,0.0,,0,14210531144200389710,225978,0,
10552,,,14,7,13,000,2021,06,08,6,3,4,1,0,,1,1,0,0,0,,"730935,648957758210599","5697786,296022502705455",12.319002639000075,51.38425964500004,8,,8,Nordwest,,,,8.0,,0,14210611144200427850,225982,0,
10553,,,14,7,13,000,2021,06,20,3,3,3,2,1,,1,1,0,0,0,,"736174,479563816450536","5691040,533188847824931",12.389678519000029,51.32155338900003,0,,0,Mitte,,,,0.0,,0,14210615148410446200,225988,0,
10554,,,14,7,13,000,2021,06,18,4,2,5,3,0,,1,1,0,0,0,,"734755,780296843498945","5693485,681827340275049",12.370965648000038,51.344089143000076,0,,0,Mitte,,,,0.0,,0,14210602144200503030,225994,0,
10555,,,14,7,13,000,2021,06,11,5,3,5,3,0,,0,1,0,0,0,,"741583,466793849132955","5693123,165507273748517",12.46857145100006,51.33797546100004,2,,2,Ost,,,,2.0,,0,14210610144200427800,226010,0,