UNFALL_ID,FID_left,OBJECTID,ULAND,UREGBEZ,UKREIS,UGEMEINDE,UJAHR,UMONAT,USTUNDE,UWOCHENTAG,UKATEGORIE,UART,UTYP1,ULICHTVERH,IstStrasse,IstRad,IstPKW,IstFuss,IstKrad,IstGkfz,IstSonstig,LINREFX,LINREFY,XGCSWGS84,YGCSWGS84,index_right,FID_right,SBZ,Name,UIDENTSTLA,LICHT,STRZUSTAND,FID,OBJECTID_1,IstSonstige,UIDENTSTLAE,OID_,IstStrassenzustand,PLST
10556,,,14,7,13,000,2021,07,16,5,3,1,5,0,,1,1,0,0,0,,"742235,021027335897088","5692962,802421083673835",12.477798719000077,51.336258987000065,2,,2,Ost,,,,2.0,,0,14210715148210521430,226012,0,
10557,,,14,7,13,000,2021,06,10,6,3,4,3,0,,1,1,0,0,0,,"730815,813558055087924","5694490,962702626362443",12.315144241000041,51.35472664200006,7,,7,Alt-West,,,,7.0,,0,14210618148310445910,226016,0,
10558,,,14,7,13,000,2021,06,08,4,3,5,3,0,,1,1,0,0,0,,"737918,162105576135218","5690379,572809936478734",12.414216121000038,51.314894206000076,3,,3,Südost,,,,3.0,,0,14210616148210435730,226022,0,
10559,,,14,7,13,000,2021,07,09,5,3,1,7,0,,1,0,0,0,0,,"735026,740771917626262","5691046,344465071335435",12.373240224000028,51.322080775000074,4,,4,Süd,,,,4.0,,1,14210708148410522160,226028,0,
10560,,,14,7,13,000,2021,07,23,7,3,0,1,2,,1,0,0,0,0,,"733599,806661582551897","5691871,701908668503165",12.35333870200003,51.330077276000054,5,,5,Südwest,,,,5.0,,0,14210710148310513210,226033,1,
10561,,,14,7,13,000,2021,06,13,6,2,5,3,0,,1,0,0,0,0,,"734505,516082581132650","5690905,305953167378902",12.365680411000028,51.32102979800004,4,,4,Süd,,,,4.0,,1,14210611144200436190,226034,0,
10562,,,14,7,13,000,2021,06,17,4,3,1,5,0,,1,1,0,0,0,,"734041,360658936202526","5690866,773335997015238",12.359005747000026,51.32087500600005,4,,4,Süd,,,,4.0,,0,14210616148210481240,226039,0,
10563,,,14,7,13,000,2021,07,06,5,3,2,6,0,,0,1,0,0,0,,"729934,287544358521700","5691200,416391700506210",12.300381354000024,51.32554461900003,6,,6,West,,,,6.0,,0,14210715144200521030,226040,0,
10564,,,14,7,13,000,2021,06,16,3,3,5,2,0,,0,1,0,0,0,,"734819,275001490488648","5694103,107985965907574",12.37228293000004,51.34960517400003,0,,0,Mitte,,,,0.0,,1,14210601144200415400,226047,0,
10565,,,14,7,13,000,2021,05,18,3,3,3,2,0,,1,1,0,0,0,,"734749,572001487948000","5693854,164986006915569",12.371119614000065,51.34739935500005,0,,0,Mitte,,,,0.0,,0,14210525148410396450,226052,0,
10566,,,14,7,13,000,2021,06,18,5,3,0,7,0,,1,0,0,0,0,,"735260,795770743861794","5693832,589781263843179",12.378433094000059,51.34699436000005,0,,0,Mitte,,,,0.0,,0,14210610148410415940,226053,0,
10567,,,14,7,13,000,2021,07,11,4,3,0,7,0,,1,0,0,0,0,,"740258,238153200596571","5691713,204698530957103",12.448630734000062,51.32588151900006,2,,2,Ost,,,,2.0,,0,14210707148210503930,226054,0,
10568,,,14,7,13,000,2021,07,20,7,3,6,6,0,,1,0,1,0,0,,"735003,036994329653680","5693137,310213983058929",12.374279619000049,51.34085988800007,0,,0,Mitte,,,,0.0,,0,14210703148410482790,226056,0,
10569,,,14,7,13,000,2021,06,06,5,3,5,2,0,,1,1,0,0,0,,"737714,348175202496350","5692663,488237190991640",12.412819916000046,51.335479887000076,2,,2,Ost,,,,2.0,,0,14210603144200406130,226059,0,
10570,,,14,7,13,000,2021,05,00,1,3,0,7,2,,0,0,1,0,0,,"734322,392124191857874","5696111,225223369896412",12.366482913000027,51.36783591500006,9,,9,Nord,,,,9.0,,1,14210523148410366130,226063,0,
10571,,,14,7,13,000,2021,06,08,6,3,6,7,0,,0,0,1,0,0,,"732142,404651140794158","5692506,598011467605829",12.332869383000059,51.33637322200008,7,,7,Alt-West,,,,7.0,,1,14210618148310445580,226068,0,
10572,,,14,7,13,000,2021,07,23,5,3,1,6,2,,1,1,0,0,0,,"734937,226834067143500","5695280,454191600903869",12.374750980000044,51.36012470500003,9,,9,Nord,,,,9.0,,0,14210701144200502540,226075,1,
10573,,,14,7,13,000,2021,05,15,3,3,0,7,0,,1,0,0,0,0,,"737702,013001536950469","5693657,302984569221735",12.413306414000033,51.34440553300004,2,,2,Ost,,,,2.0,,0,14210525148423376610,226076,0,
10574,,,14,7,13,000,2021,07,15,3,3,5,2,0,,1,1,0,0,0,,"731156,715740846469998","5693991,123773982748389",12.31970706800007,51.35010111300005,7,,7,Alt-West,,,,7.0,,0,14210706144200504740,226077,1,
10575,,,14,7,13,000,2021,06,09,3,3,3,2,0,,1,1,0,0,0,,"734859,600852926261723","5690897,282175756990910",12.37074760400003,51.32081174000007,4,,4,Süd,,,,4.0,,0,14210601144000396430,226080,0,
10576,,,14,7,13,000,2021,07,13,7,3,5,3,0,,1,1,0,0,0,,"736382,501527589745820","5695696,117120170965791",12.39574877900003,51.36325637700003,9,,9,Nord,,,,9.0,,0,14210703148110482760,226088,0,
10577,,,14,7,13,000,2021,05,11,1,3,5,1,0,,0,1,0,0,0,,"737332,252491509541869","5694491,119901439175010",12.40856277000006,51.35204437600004,1,,1,Nordost,,,,1.0,,0,14210530144200427810,226089,0,
10578,,,14,7,13,000,2021,06,19,3,3,5,2,0,,1,1,0,0,0,,"739920,322451011277735","5693958,152811391279101",12.445301628000038,51.34617414200005,2,,2,Ost,,,,2.0,,0,14210622148210602210,226090,0,
10579,,,14,7,13,000,2021,09,10,6,3,4,2,0,,0,1,0,0,0,,"734851,683811599388719","5692096,999515235424042",12.371424642000022,51.331584175000046,0,,0,Mitte,,,,0.0,,0,14210903148410678060,226091,0,
10580,,,14,7,13,000,2021,08,06,6,3,5,3,0,,0,1,0,0,0,,"734647,903782716020942","5694572,095921704545617",12.370135595000022,51.353885759000036,0,,0,Mitte,,,,0.0,,0,14210820144200619810,226092,1,
10581,,,14,7,13,000,2021,09,06,6,3,5,3,0,,1,1,0,0,0,,"736683,042156436480582","5697157,111518658697605",12.401030560000038,51.37624526500008,1,,1,Nordost,,,,1.0,,0,14210924148110738750,226094,0,
10582,,,14,7,13,000,2021,08,18,4,2,6,4,0,,0,1,1,0,0,,"740030,787418648600578","5694413,809772370383143",12.447192064000035,51.35021734400004,2,,2,Ost,,,,2.0,,0,14210825144200628620,226096,0,
10583,,,14,7,13,000,2021,09,13,5,3,5,2,0,,0,1,0,0,0,,"736635,298140304163098","5687788,205578060820699",12.394123227000023,51.29216830800004,4,,4,Süd,,,,4.0,,0,14210902144200644830,226103,0,
10584,,,14,7,13,000,2021,09,16,5,3,5,3,0,,1,1,0,0,0,,"736531,216655517928302","5690521,234825911000371",12.394444473000021,51.31674388000005,0,,0,Mitte,,,,0.0,,0,14210916144200705350,226105,0,
10585,,,14,7,13,000,2021,08,16,3,3,5,2,0,,1,1,0,0,0,,"736343,734643833711743","5696818,392068915069103",12.39593885000005,51.37334618800003,9,,9,Nord,,,,9.0,,0,14210824662211637190,226111,0,
10586,,,14,7,13,000,2021,09,19,4,3,6,4,1,,0,1,1,0,0,,"740875,992642949335277","5695070,163001421838999",12.459750940000049,51.355750959000034,2,,2,Ost,,,,2.0,,0,14210922144200726300,226112,0,
10587,,,14,7,13,000,2021,09,09,5,3,5,2,0,,1,1,0,0,0,,"731481,910331834107637","5688728,876792771741748",12.32095140000007,51.302730300000064,5,,5,Südwest,,,,5.0,,0,14210909148310682620,226113,0,
10588,,,14,7,13,000,2021,09,12,3,3,0,1,0,,0,0,0,1,0,,"736186,495350169949234","5692947,651432575657964",12.39111460600003,51.338667143000066,0,,0,Mitte,,,,0.0,,0,14210914144200726090,226117,0,
10589,,,14,7,13,000,2021,09,17,2,3,3,2,0,,0,1,0,0,0,,"731596,510821571573615","5690698,562454551458359",12.323871257000064,51.320365335000076,5,,5,Südwest,,,,5.0,,1,14210906144200682950,226120,0,
10590,,,14,7,13,000,2021,08,14,4,3,5,3,0,,1,1,0,0,0,,"742255,941041314043105","5692995,044256508350372",12.47812040100007,51.33653945900005,2,,2,Ost,,,,2.0,,0,14210811148220618840,226126,0,
10591,,,14,7,13,000,2021,09,05,6,3,5,2,2,,1,1,0,0,0,,"735704,132403425872326","5690917,012568194419146",12.382858881000061,51.320639655000036,4,,4,Süd,,,,4.0,,0,14210910148210697580,226129,0,
10592,,,14,7,13,000,2021,07,10,5,3,5,3,0,,1,1,0,0,0,,"736878,614711627364159","5691129,139837924391031",12.399824371000022,51.32205604900008,0,,0,Mitte,,,,0.0,,0,14210729148410563400,226145,0,
10593,,,14,7,13,000,2021,08,12,6,3,5,3,0,,0,1,0,0,0,,"730005,338709948584437","5690099,547833967953920",12.30068923500005,51.31563332500008,6,,6,West,,,,6.0,,0,14210820148310628330,226147,0,
10594,,,14,7,13,000,2021,09,14,3,3,2,6,0,,0,1,0,0,0,,"735389,135290361940861","5695482,447509143501520",12.381363940000028,51.36175083200004,9,,9,Nord,,,,9.0,,0,14210907144200679350,226149,0,
10595,,,14,7,13,000,2021,09,15,6,3,5,2,0,,0,1,0,0,0,,"734054,810414000414312","5692770,229371985420585",12.360448527000074,51.33795588400005,0,,0,Mitte,,,,0.0,,1,14210903148410704960,226159,0,
10596,,,14,7,13,000,2021,08,16,4,3,5,2,0,,1,1,0,0,0,,"735016,026571020483971","5692394,038217727094889",12.373975404000078,51.33418263200008,0,,0,Mitte,,,,0.0,,0,14210804148410679410,226170,0,
10597,,,14,7,13,000,2021,08,15,1,3,1,5,0,,1,1,0,0,0,,"735255,095745254307985","5691396,034828821197152",12.376742361000026,51.325125359000026,4,,4,Süd,,,,4.0,,0,14210822148210628710,226174,0,
10598,,,14,7,13,000,2021,08,19,3,3,2,2,0,,0,1,0,0,0,,"738464,499821292236447","5690288,969253329560161",12.42198071200005,51.31385231200005,3,,3,Südost,,,,3.0,,0,14210803148210602870,226180,0,
10599,,,14,7,13,000,2021,07,07,3,3,5,3,0,,1,1,0,0,0,,"735595,867064859718084","5693122,341752730309963",12.382765931000051,51.340480213000035,0,,0,Mitte,,,,0.0,,0,14210720148210540630,226181,0,
10600,,,14,7,13,000,2021,09,14,6,3,4,2,0,,1,1,0,0,0,,"732894,869675893336535","5690896,284949203953147",12.34260050000006,51.32161032300007,5,,5,Südwest,,,,5.0,,0,14210910144200682480,226182,0,
10601,,,14,7,13,000,2021,08,10,6,2,5,3,0,,1,1,0,0,0,,"727172,068832042627037","5688627,321544621139765",12.25916406600004,51.30355448100005,6,,6,West,,,,6.0,,0,14210820144200644460,226184,0,
10602,,,14,7,13,000,2021,07,22,7,3,5,3,2,,1,1,0,0,0,,"728590,323678378947079","5690436,156452989205718",12.280634677000023,51.31922525600004,6,,6,West,,,,6.0,,0,14210724148310541710,226187,0,
10603,,,14,7,13,000,2021,09,14,4,3,5,2,0,,1,1,0,0,0,,"732866,425836353562772","5691273,375000532716513",12.342439321000029,51.32500698500007,5,,5,Südwest,,,,5.0,,0,14210922144200705630,226192,0,
10604,,,14,7,13,000,2021,09,13,2,3,5,3,0,,1,1,0,0,0,,"734478,913435135036707","5693077,270799791440368",12.366728453000064,51.34053731700004,0,,0,Mitte,,,,0.0,,0,14210913148410717720,226196,0,
10605,,,14,7,13,000,2021,08,22,4,3,5,3,2,,0,1,0,0,0,,"731779,744079892523587","5691739,774231838062406",12.32717327000006,51.329637509000065,5,,5,Südwest,,,,5.0,,0,14210804148310583080,226197,1,
10606,,,14,7,13,000,2021,07,13,4,2,6,4,0,,0,1,1,0,0,,"740866,765189151279628","5695041,168224312365055",12.459599038000022,51.35549462600005,2,,2,Ost,,,,2.0,,0,14210728144200561490,226199,0,
10607,,,14,7,13,000,2021,09,16,2,3,2,2,0,,0,1,0,0,0,,"736679,355375366285443","5689794,385654551908374",12.396084128000041,51.31015794500007,4,,4,Süd,,,,4.0,,0,14210906144000726350,226200,0,
10608,,,14,7,13,000,2021,09,12,2,3,4,6,0,,0,1,0,0,0,,"737687,498460941016674","5692922,731785669922829",12.412608145000036,51.33781808300006,2,,2,Ost,,,,2.0,,0,14210920148210890220,226202,0,
10609,,,14,7,13,000,2021,09,10,3,3,0,1,0,,1,0,0,0,0,,"735259,516206083819270","5693836,774537194520235",12.378417519000038,51.347032453000054,0,,0,Mitte,,,,0.0,,0,14210907148414679890,226203,0,
10610,,,14,7,13,000,2021,08,14,6,3,2,6,0,,0,1,0,0,0,,"740669,378137950785458","5686731,975820312276483",12.451161892000073,51.280997779000074,3,,3,Südost,,,,3.0,,0,14210827144200682910,226205,0,
10611,,,14,7,13,000,2021,08,08,1,3,5,3,0,,1,1,0,0,0,,"735114,421001509763300","5688743,893985943868756",12.372978880000062,51.30137679300003,4,,4,Süd,,,,4.0,,0,14210815148223602880,226208,0,
10612,,,14,7,13,000,2021,07,20,3,2,1,6,0,,1,1,0,0,0,,"735668,489001498557627","5695978,467985523864627",12.385697995000044,51.36608743000005,9,,9,Nord,,,,9.0,,0,14210720144200549860,226211,0,
10613,,,14,7,13,000,2021,09,12,7,3,2,6,0,,0,1,0,0,0,,"736177,306812518276274","5691036,273651521652937",12.389716199000077,51.32151398100007,0,,0,Mitte,,,,0.0,,0,14210911148410726380,226212,0,
10614,,,14,7,13,000,2021,09,23,7,2,5,3,2,,1,1,0,0,0,,"730239,920001417398453","5692108,773988004773855",12.305347303000076,51.333575358000076,7,,7,Alt-West,,,,7.0,,0,14210904144200678020,226213,0,
10615,,,14,7,13,000,2021,08,17,5,3,5,3,0,,0,1,0,0,0,,"736065,126378904096782","5688532,404277352616191",12.386452441000074,51.29908506100003,4,,4,Süd,,,,4.0,,0,14210826148210628680,226218,0,
10616,,,14,7,13,000,2021,08,20,1,3,0,1,1,,1,0,0,0,0,,"735044,767815236933529","5687779,692449368536472",12.371346746000029,51.29275043200005,4,,4,Süd,,,,4.0,,0,14210808148210678030,226222,0,
10617,,,14,7,13,000,2021,08,13,3,3,5,2,0,,1,1,0,0,0,,"737373,823408816941082","5693153,834675412625074",12.408267115000058,51.34002349100007,2,,2,Ost,,,,2.0,,0,14210810148110591230,226228,0,
10618,,,14,7,13,000,2021,09,23,1,3,5,3,2,,0,1,0,0,0,,"731735,749745927751064","5690587,530499346554279",12.325793842000053,51.31931193100007,5,,5,Südwest,,,,5.0,,0,14210919148310705440,226229,0,
10619,,,14,7,13,000,2021,08,18,6,2,4,6,0,,1,1,0,0,0,,"733361,609005984850228","5691756,085754703730345",12.349849930000062,51.32913720300007,5,,5,Südwest,,,,5.0,,0,14210827148310637350,226232,1,
10620,,,14,7,13,000,2021,08,11,4,3,5,2,0,,1,1,0,0,0,,"735111,041137470863760","5694525,291024273261428",12.376744103000021,51.35327422900008,0,,0,Mitte,,,,0.0,,0,14210811144200602610,226234,0,
10621,,,14,7,13,000,2021,09,14,5,3,5,2,0,,0,1,0,0,0,,"738794,399464883841574","5696080,029659707099199",12.430588257000068,51.365693770000064,1,,1,Nordost,,,,1.0,,0,14210916145200737910,226238,0,
10622,,,14,7,13,000,2021,08,12,3,3,5,3,0,,1,1,0,0,0,,"734753,292461545206606","5690021,517100438475609",12.368648216000054,51.312994341000035,4,,4,Süd,,,,4.0,,0,14210810148210627900,226241,1,
10623,,,14,7,13,000,2021,08,11,5,3,5,3,0,,1,1,0,0,0,,"732435,841001436114311","5699514,981986934319139",12.34165563700003,51.399165167000035,8,,8,Nordwest,,,,8.0,,0,14210805148110602050,226250,0,
10624,,,14,7,13,000,2021,09,16,1,3,5,3,0,,1,1,0,0,0,,"734955,006364604458213","5698642,379874639213085",12.377228185000035,51.39029500200007,9,,9,Nord,,,,9.0,,0,14210905144200681930,226253,0,
10625,,,14,7,13,000,2021,08,07,6,3,5,2,0,,0,1,0,0,0,,"739102,190384617075324","5699446,204012569040060",12.437266587000067,51.39577819100003,1,,1,Nordost,,,,1.0,,0,14210827144200636670,226258,1,
10626,,,14,7,13,000,2021,08,09,4,2,3,6,0,,1,1,0,0,0,,"735085,814001492224634","5694955,353985823690891",12.37666656700003,51.35714504900005,0,,0,Mitte,,,,0.0,,0,14210818144200608900,226265,0,
10627,,,14,7,13,000,2021,08,13,4,3,5,3,0,,0,1,0,0,0,,"735708,262471880763769","5692652,096346277743578",12.384065546000045,51.33621258000005,0,,0,Mitte,,,,0.0,,0,14210825144200679360,226269,0,
10628,,,14,7,13,000,2021,09,18,5,3,5,2,0,,1,1,0,0,0,,"735836,445027572102845","5693467,311187949031591",12.386442206000027,51.34347702100007,0,,0,Mitte,,,,0.0,,0,14210902144200682570,226276,0,
10629,,,14,7,13,000,2021,07,23,2,3,3,6,2,,0,1,0,1,0,,"737555,092359738424420","5690278,769006647169590",12.408948703000021,51.31414103600008,3,,3,Südost,,,,3.0,,0,14210719148210529940,226279,0,
10630,,,14,7,13,000,2021,09,14,5,3,2,6,0,,0,1,0,0,0,,"732601,855001457035542","5692351,949987005442381",12.339352726000072,51.334797266000066,7,,7,Alt-West,,,,7.0,,0,14210909148310698010,226286,0,
10631,,,14,7,13,000,2021,08,16,7,3,1,3,0,,0,1,0,0,0,,"734833,930478500202298","5693867,439586473628879",12.37233754700003,51.34748367200007,0,,0,Mitte,,,,0.0,,0,14210814148110619870,226289,0,
10632,,,14,7,13,000,2021,09,12,2,2,5,3,0,,1,1,0,0,0,,"734789,353514000773430","5692624,305951349437237",12.370879007000042,51.33634322700004,0,,0,Mitte,,,,0.0,,0,14210913144200682590,226290,0,
10633,,,14,7,13,000,2021,08,08,3,3,0,7,0,,1,0,0,0,0,,"734052,114933985285461","5692308,871256249025464",12.360106790000032,51.333815610000045,0,,0,Mitte,,,,0.0,,0,14210803148410679400,226291,0,
10634,,,14,7,13,000,2021,07,06,3,3,5,3,0,,1,1,0,0,0,,"737356,001593719236553","5692913,326033324003220",12.407851442000037,51.337872110000035,2,,2,Ost,,,,2.0,,0,14210727148210549490,226297,0,
10635,,,14,7,13,000,2021,09,18,5,3,2,2,0,,0,1,0,0,0,,"735519,086001507937908","5692023,001985680311918",12.38093877800003,51.33064400400008,0,,0,Mitte,,,,0.0,,0,14210923148410813440,226300,0,
10636,,,14,7,13,000,2021,09,14,5,3,9,1,0,,1,0,0,0,0,,"734881,468539946712554","5687395,023635372519493",12.368755855000074,51.289364816000045,4,,4,Süd,,,,4.0,,0,14210909148410704950,226301,0,
10637,,,14,7,13,000,2021,08,09,4,2,2,6,0,,0,1,0,0,0,,"733227,546734103001654","5693900,149868795648217",12.349332935000064,51.34843860600006,0,,0,Mitte,,,,0.0,,1,14210804144200697960,226306,0,
10638,,,14,7,13,000,2021,09,05,3,2,6,2,1,,0,1,1,0,0,,"737183,488295579329133","5693763,678146511316299",12.405945604000067,51.34557691100008,2,,2,Ost,,,,2.0,,0,14210921144200704900,226311,0,
10639,,,14,7,13,000,2021,07,10,3,3,3,2,0,,1,1,0,0,0,,"734271,213286872953176","5696228,541183823719621",12.365826287000061,51.36891009800007,9,,9,Nord,,,,9.0,,0,14210727144200561550,226313,0,
10640,,,14,7,13,000,2021,08,10,1,2,5,3,0,,0,1,0,0,0,,"738814,187023370526731","5696081,107450351119041",12.430872707000049,51.36569512700004,1,,1,Nordost,,,,1.0,,0,14210829144200644820,226314,1,
10641,,,14,7,13,000,2021,08,14,4,2,5,3,0,,1,1,0,0,0,,"736685,462657971307635","5693032,075077548623085",12.398321255000042,51.33921748900008,3,,3,Südost,,,,3.0,,0,14210811144200592090,226316,0,
10642,,,14,7,13,000,2021,09,15,7,3,6,7,0,,1,0,1,0,0,,"729831,495920056477189","5690966,254838116466999",12.298757580000029,51.32348406600005,6,,6,West,,,,6.0,,0,14210918148310697300,226322,1,
10643,,,14,7,13,000,2021,08,18,3,3,5,3,0,,0,1,0,0,0,,"743236,987685477361083","5694199,288339842110872",12.492999930000053,51.346929129000046,2,,2,Ost,,,,2.0,,0,14210810148210627880,226327,1,
10644,,,14,7,13,000,2021,07,09,6,2,5,2,0,,1,1,0,0,0,,"735688,300560303032398","5696167,083782415837049",12.386107089000063,51.36777226800007,9,,9,Nord,,,,9.0,,0,14210730144200562940,226328,0,
10645,,,14,7,13,000,2021,07,16,6,3,0,7,0,,0,0,0,1,0,,"736400,654780031181872","5690705,470163973048329",12.392696440000066,51.31845186700008,0,,0,Mitte,,,,0.0,,0,14210723148210540930,226337,0,
10646,,,14,7,13,000,2021,09,10,2,3,5,2,0,,1,1,0,0,0,,"735888,993014528416097","5693494,963432993739843",12.387213659000054,51.343703436000055,0,,0,Mitte,,,,0.0,,0,14210906148410718570,226340,0,
10647,,,14,7,13,000,2021,08,15,4,3,5,3,0,,0,1,0,0,0,,"732893,037260496988893","5690897,184370394796133",12.34257483600004,51.321619147000035,5,,5,Südwest,,,,5.0,,0,14210804144200570110,226348,0,
10648,,,14,7,13,000,2021,09,09,2,3,5,3,0,,1,1,0,0,0,,"730555,463091591373086","5689804,156664609909058",12.308378745000027,51.31275900500003,5,,5,Südwest,,,,5.0,,0,14210906144200679330,226350,0,
10649,,,14,7,13,000,2021,07,13,4,3,1,7,0,,0,1,0,1,0,,"738137,665676488541067","5690524,394914180040359",12.417456762000029,51.31610233200007,3,,3,Südost,,,,3.0,,0,14210721148223591650,226359,0,
10650,,,14,7,13,000,2021,08,18,2,3,5,3,0,,1,1,0,0,0,,"727245,971380634233356","5693205,834354728460312",12.263141143000041,51.34462821400007,7,,7,Alt-West,,,,7.0,,0,14210816148410637670,226366,0,
10651,,,14,7,13,000,2021,07,12,6,3,2,6,0,,0,1,0,0,0,,"733896,793260259553790","5690815,190621152520180",12.356900875000065,51.320471413000064,4,,4,Süd,,,,4.0,,1,14210730144200618780,226368,0,
10652,,,14,7,13,000,2021,08,16,6,2,5,3,0,,1,1,0,0,0,,"733141,656001451425254","5697872,795986654236913",12.350706137000032,51.38413452800006,8,,8,Nordwest,,,,8.0,,0,14210827144200680370,226370,1,
10653,,,14,7,13,000,2021,09,01,6,3,0,1,2,,0,0,0,1,0,,"732570,098220855928957","5693131,851525396108627",12.339406858000075,51.34181119100003,7,,7,Alt-West,,,,7.0,,0,14210903148310698020,226375,0,
10654,,,14,7,13,000,2021,09,09,6,3,3,6,0,,1,1,0,0,0,,"734060,889076855033636","5692779,380688698962331",12.36054165400003,51.33803552900008,0,,0,Mitte,,,,0.0,,0,14210917144200766850,226377,0,
10655,,,14,7,13,000,2021,09,08,4,3,5,3,0,,1,1,0,0,0,,"734045,895001477561891","5693524,036986337974668",12.360816147000037,51.34472610300003,0,,0,Mitte,,,,0.0,,0,14210908148410680440,226385,0,
10656,,,14,7,13,000,2021,09,14,5,3,5,3,0,,1,1,0,0,0,,"735639,909455705434084","5696707,871382748708129",12.385771570000031,51.37264657000003,9,,9,Nord,,,,9.0,,0,14210916148121718540,226387,0,
10657,,,14,7,13,000,2021,07,06,2,3,2,6,0,,0,1,0,0,0,,"742245,665708509273827","5693572,056788165122271",12.478365592000046,51.34172275200007,2,,2,Ost,,,,2.0,,1,14210719148222522540,226388,0,
10658,,,14,7,13,000,2021,09,11,3,3,5,3,0,,1,1,0,0,0,,"735954,653631149791181","5699958,591020474210382",12.392444836000038,51.40169481700008,9,,9,Nord,,,,9.0,,0,14210921148110717950,226393,0,
10659,,,14,7,13,000,2021,09,10,3,3,5,3,0,,0,1,0,0,0,,"734810,262094772420824","5692505,763656597584486",12.371100501000058,51.33527051100003,0,,0,Mitte,,,,0.0,,0,14210907148410717710,226394,0,
10660,,,14,7,13,000,2021,08,09,2,3,3,5,0,,1,0,0,0,0,,"735242,242832226678729","5690450,386359710246325",12.375934320000056,51.31664217300005,4,,4,Süd,,,,4.0,,1,14210830148210679830,226395,0,
10661,,,14,7,13,000,2021,09,15,2,3,3,3,0,,1,1,0,0,0,,"736608,618877027183771","5695164,092890409752727",12.398637073000032,51.35838675100007,1,,1,Nordost,,,,1.0,,0,14210906144200678780,226402,0,
10662,,,14,7,13,000,2021,07,08,2,3,5,3,0,,1,1,0,0,0,,"730511,698051319457591","5689714,661344597116113",12.307694027000025,51.31197332900007,6,,6,West,,,,6.0,,0,14210726144200549870,226406,0,
10663,,,14,7,13,000,2021,08,16,3,3,1,5,0,,1,1,0,0,0,,"736947,138426994904876","5690769,102488137781620",12.400566754000067,51.31879576700004,0,,0,Mitte,,,,0.0,,0,14210817144200608930,226408,0,
10664,,,14,7,13,000,2021,09,13,4,3,5,3,0,,1,1,0,0,0,,"734834,105221468955278","5692993,625844134017825",12.37176379300007,51.33963991200005,0,,0,Mitte,,,,0.0,,0,14210915148410717700,226413,1,
10665,,,14,7,13,000,2021,08,19,3,3,2,6,0,,0,1,0,1,0,,"735391,308674553409219","5690886,467761196196079",12.378357409000046,51.320494964000034,4,,4,Süd,,,,4.0,,0,14210810144200592050,226416,1,
10666,,,14,7,13,000,2021,08,11,6,3,5,3,0,,1,1,0,0,0,,"735323,404322420246899","5697851,208415344357491",12.381989469000075,51.38304066200004,9,,9,Nord,,,,9.0,,0,14210806148122591640,226419,0,
10667,,,14,7,13,000,2021,09,19,4,3,1,5,1,,1,1,0,0,0,,"738280,976873255334795","5693620,612976575270295",12.421579657000052,51.343833862000054,2,,2,Ost,,,,2.0,,0,14210922148410705470,226420,0,
10668,,,14,7,13,000,2021,08,17,6,3,5,3,0,,1,1,0,0,0,,"735836,721001503989100","5694978,974985461682081",12.387447703000078,51.35704595800007,9,,9,Nord,,,,9.0,,0,14210827148410698070,226434,1,
10669,,,14,7,13,000,2021,09,18,1,3,0,7,0,,1,0,0,0,0,,"734167,925236661918461","5688633,697650387883186",12.35935315100005,51.30077763000003,4,,4,Süd,,,,4.0,,0,14210926148210726360,226435,0,
10670,,,14,7,13,000,2021,09,13,3,2,1,5,0,,1,1,0,0,0,,"735056,616425807587802","5690951,347882831469178",12.373605591000057,51.32121570600003,4,,4,Süd,,,,4.0,,0,14210914144200682530,226442,0,
10671,,,14,7,13,000,2021,07,17,5,3,2,2,0,,0,1,0,0,0,,"736680,218551430851221","5689794,886173758655787",12.39609682300005,51.310162078000076,4,,4,Süd,,,,4.0,,0,14210729144200562300,226447,0,
10672,,,14,7,13,000,2021,09,19,7,2,7,1,1,,1,0,0,0,0,,"733898,549749571830034","5690815,743986839428544",12.356926401000067,51.32047565800008,4,,4,Süd,,,,4.0,,0,14210904144200783470,226448,0,
10673,,,14,7,13,000,2021,09,16,3,3,5,3,0,,0,1,0,0,0,,"734586,797186785377562","5692063,127074621617794",12.367606806000026,51.331389426000044,0,,0,Mitte,,,,0.0,,0,14210921144200726080,226450,0,
10674,,,14,7,13,000,2021,07,16,3,3,5,3,0,,1,1,0,0,0,,"734995,175680425018072","5693935,527627062052488",12.374693745000059,51.348028224000075,0,,0,Mitte,,,,0.0,,0,14210727145500582200,226452,0,
10675,,,14,7,13,000,2021,09,11,6,3,8,1,0,,0,1,0,0,0,,"738839,932751097716391","5695328,297377580776811",12.430736401000047,51.35892722600005,1,,1,Nordost,,,,1.0,,1,14210924144200718280,226463,0,