UNFALL_ID,FID_left,OBJECTID,ULAND,UREGBEZ,UKREIS,UGEMEINDE,UJAHR,UMONAT,USTUNDE,UWOCHENTAG,UKATEGORIE,UART,UTYP1,ULICHTVERH,IstStrasse,IstRad,IstPKW,IstFuss,IstKrad,IstGkfz,IstSonstig,LINREFX,LINREFY,XGCSWGS84,YGCSWGS84,index_right,FID_right,SBZ,Name,UIDENTSTLA,LICHT,STRZUSTAND,FID,OBJECTID_1,IstSonstige,UIDENTSTLAE,OID_,IstStrassenzustand,PLST
10676,,,14,7,13,000,2021,08,15,6,3,5,3,0,,1,0,0,0,0,,"735007,308001497760415","5692467,268985910341144",12.373898774000054,51.33484358100003,0,,0,Mitte,,,,0.0,,0,14210827148410682650,226465,0,
10677,,,14,7,13,000,2021,09,21,4,3,5,3,2,,0,1,0,0,0,,"736244,294512276537716","5697156,793850610032678",12.394737636000059,51.37642509600005,9,,9,Nord,,,,9.0,,0,14210901148110696530,226470,0,
10678,,,14,7,13,000,2021,07,10,7,3,2,6,0,,0,1,0,0,0,,"737795,556052785366774","5694990,400970173999667",12.415537663000066,51.35633227100004,1,,1,Nordost,,,,1.0,,0,14210724144200561970,226473,0,
10679,,,14,7,13,000,2021,09,18,5,3,2,6,0,,0,1,0,1,0,,"735204,665836561471224","5694042,565253438428044",12.377767278000022,51.34890239300006,0,,0,Mitte,,,,0.0,,0,14210923148410718310,226478,0,
10680,,,14,7,13,000,2021,08,08,2,3,0,1,0,,0,0,0,1,0,,"735073,695852289907634","5689675,514367582276464",12.373009384000056,51.30975623900008,4,,4,Süd,,,,4.0,,0,14210830148210637640,226480,1,
10681,,,14,7,13,000,2021,08,14,5,3,5,2,0,,1,1,0,0,0,,"735085,127958407625556","5694957,021839460358024",12.37665783400007,51.35716030400005,0,,0,Mitte,,,,0.0,,0,14210805148410608980,226484,1,
10682,,,14,7,13,000,2021,07,09,4,3,5,3,0,,1,1,0,0,0,,"737855,818970736116171","5695038,689271813258529",12.416433866000034,51.356740486000035,1,,1,Nordost,,,,1.0,,0,14210728144200561980,226492,0,
10683,,,14,7,13,000,2021,08,15,6,2,6,4,0,,0,0,1,0,0,,"731714,181843970902264","5692787,350506467744708",12.326915154000062,51.339068119000046,7,,7,Alt-West,,,,7.0,,1,14210827144200637130,226493,0,
10684,,,14,7,13,000,2021,07,23,4,2,8,1,2,,0,1,0,0,0,,"727007,693001361563802","5689993,827989289537072",12.257679387000053,51.31588782600005,6,,6,West,,,,6.0,,0,14210721148310591280,226498,0,
10685,,,14,7,13,000,2021,09,18,2,3,3,6,0,,1,1,0,0,0,,"737369,303001526743174","5695356,903984699398279",12.409671409000055,51.35980019900006,1,,1,Nordost,,,,1.0,,0,14210913144200682510,226499,0,
10686,,,14,7,13,000,2021,07,16,1,3,0,7,0,,1,0,0,0,0,,"740356,940667625516653","5693902,655836401507258",12.451521882000065,51.34549160100005,2,,2,Ost,,,,2.0,,0,14210725148210541690,226504,0,
10687,,,14,7,13,000,2021,08,12,4,3,0,1,0,,1,0,0,0,0,,"733629,796006022021174","5690698,924037013202906",12.35299978300003,51.31953741900003,5,,5,Südwest,,,,5.0,,0,14210825148310628320,226508,0,
10688,,,14,7,13,000,2021,08,14,4,3,2,2,0,,0,1,0,0,0,,"737925,337703212164342","5697163,538398211821914",12.418852056000048,51.37578386400003,1,,1,Nordost,,,,1.0,,0,14210818144200697940,226515,0,
10689,,,14,7,13,000,2021,09,10,6,2,3,7,0,,0,1,0,1,0,,"740225,620795693248510","5693905,007590074092150",12.449641388000032,51.34556821100006,2,,2,Ost,,,,2.0,,0,14210924144200737640,226517,0,
10690,,,14,7,13,000,2021,09,20,5,3,1,7,2,,1,1,0,0,0,,"734814,681429594755173","5691472,942614456638694",12.370483273000048,51.32599765500004,0,,0,Mitte,,,,0.0,,0,14210902148410718560,226525,0,
10691,,,14,7,13,000,2021,07,07,6,2,4,6,0,,0,1,0,0,0,,"730750,008123341947794","5695084,726202812045813",12.314585869000041,51.36008351400005,7,,7,Alt-West,,,,7.0,,1,14210723144200563340,226528,0,
10692,,,14,7,13,000,2021,07,17,5,3,5,3,0,,0,1,0,0,0,,"738507,270246184431016","5696649,321115376427770",12.426853048000055,51.37092425000003,1,,1,Nordost,,,,1.0,,0,14210722144200549910,226541,0,
10693,,,14,7,13,000,2021,09,12,1,3,5,3,0,,1,1,0,0,0,,"729020,873558238148689","5694334,235808089375496",12.289308944000027,51.354045831000064,7,,7,Alt-West,,,,7.0,,0,14210926144200766840,226548,0,
10694,,,14,7,13,000,2021,09,13,7,3,5,3,0,,1,1,0,0,0,,"739921,888853356242180","5693991,234934682026505",12.445346371000028,51.346470416000045,2,,2,Ost,,,,2.0,,0,14210918144200697280,226555,1,
10695,,,14,7,13,000,2021,08,13,4,3,5,3,0,,0,1,0,0,0,,"727636,156135885976255","5693056,963695177808404",12.268639053000072,51.343135662000066,7,,7,Alt-West,,,,7.0,,1,14210825148310681550,226558,0,
10696,,,14,7,13,000,2021,08,22,7,2,0,1,2,,1,0,0,0,0,,"737182,066791078075767","5694067,807180028408766",12.406127839000021,51.348307386000045,2,,2,Ost,,,,2.0,,0,14210807148210602891,226562,1,
10697,,,14,7,13,000,2021,09,12,4,3,2,6,0,,0,1,0,0,0,,"729941,120847950689495","5693176,304439796134830",12.301754513000049,51.34327949800007,7,,7,Alt-West,,,,7.0,,0,14210915148310717350,226566,1,
10698,,,14,7,13,000,2021,09,10,2,3,5,2,0,,0,1,0,0,0,,"728918,824079575017095","5689647,876939004287124",12.284834915000033,51.31201664200006,6,,6,West,,,,6.0,,1,14210906148310679870,226570,0,
10699,,,14,7,13,000,2021,08,16,7,3,6,4,0,,1,0,1,0,0,,"737113,381690945476294","5693761,069536225870252",12.404939048000074,51.345582739000065,2,,2,Ost,,,,2.0,,0,14210814148410602240,226576,0,
10700,,,14,7,13,000,2021,09,08,5,3,3,6,0,,0,1,0,0,1,,"734214,263210419565439","5692861,266680400818586",12.362793504000024,51.338707430000056,0,,0,Mitte,,,,0.0,,0,14210902144200679770,226580,0,
10701,,,14,7,13,000,2021,09,09,5,3,3,6,0,,0,1,0,0,0,,"731917,267068841494620","5690985,186277864500880",12.32865285500003,51.32280766700006,5,,5,Südwest,,,,5.0,,0,14210916148310696580,226581,1,
10702,,,14,7,13,000,2021,07,07,6,3,5,3,0,,1,1,0,0,0,,"736341,309748791158199","5692763,105852996930480",12.393210771000042,51.33694630600007,0,,0,Mitte,,,,0.0,,0,14210723148410540940,226583,0,
10703,,,14,7,13,000,2021,08,11,3,3,1,2,0,,0,1,0,0,0,,"738229,384310033172369","5696063,799003718420863",12.422475787000053,51.36578528900003,1,,1,Nordost,,,,1.0,,0,14210831148120677830,226589,0,
10704,,,14,7,13,000,2021,09,08,3,3,5,2,0,,1,1,0,0,0,,"738256,821774280630052","5690476,542278613895178",12.419131509000067,51.31562293800005,3,,3,Südost,,,,3.0,,0,14210914148210696550,226592,0,
10705,,,14,7,13,000,2021,09,21,2,2,6,7,2,,1,0,1,0,0,,"737250,154010602273047","5692211,581206431612372",12.405867310000076,51.33161735900006,3,,3,Südost,,,,3.0,,0,14210906143263679740,226595,0,
10706,,,14,7,13,000,2021,07,18,4,3,2,6,0,,1,1,0,0,0,,"734221,119400084950030","5695524,814497554674745",12.364644439000074,51.362613811000074,9,,9,Nord,,,,9.0,,0,14210728148110549920,226599,0,
10707,,,14,7,13,000,2021,08,18,4,3,5,3,0,,1,1,0,0,0,,"735603,922237663529813","5694413,181003268808126",12.383735571000045,51.35206380600005,0,,0,Mitte,,,,0.0,,0,14210811144200591620,226601,0,
10708,,,14,7,13,000,2021,07,05,4,3,0,1,1,,1,0,0,0,0,,"735014,307292862795293","5692383,429519956931472",12.37394376900005,51.33408811400005,0,,0,Mitte,,,,0.0,,0,14210721148410540670,226603,1,
10709,,,14,7,13,000,2021,07,15,3,2,6,4,0,,0,1,1,0,0,,"736863,896426621824503","5693256,575571527704597",12.401027659000022,51.34115833900006,2,,2,Ost,,,,2.0,,0,14210720144200549430,226609,0,
10710,,,14,7,13,000,2021,09,13,5,2,5,3,0,,0,1,1,0,0,,"738579,576803611591458","5690975,846584664657712",12.424088402000052,51.31996946000004,3,,3,Südost,,,,3.0,,0,14210909144200704890,226616,0,
10711,,,14,7,13,000,2021,09,14,4,3,6,6,0,,0,0,1,0,0,,"735275,571261592209339","5689760,571650678291917",12.375956737000024,51.31043634800005,4,,4,Süd,,,,4.0,,1,14210901144200012170,226617,0,
10712,,,14,7,13,000,2021,08,15,4,3,5,2,0,,0,1,0,0,0,,"736579,535230820067227","5691295,819236895069480",12.395650505000049,51.32367662400003,0,,0,Mitte,,,,0.0,,0,14210804148210570150,226619,0,
10713,,,14,7,13,000,2021,08,17,2,2,4,1,0,,0,1,0,0,0,,"738362,689001525752246","5699997,893984071910381",12.427026633000025,51.40104112000006,1,,1,Nordost,,,,1.0,,0,14210830148110738760,226627,1,
10714,,,14,7,13,000,2021,09,22,6,3,6,4,2,,1,0,1,0,0,,"737182,227691083215177","5693841,099886879324913",12.405979111000022,51.34627238000007,2,,2,Ost,,,,2.0,,0,14210917144200705610,226636,0,
10715,,,14,7,13,000,2021,08,12,3,2,4,6,0,,0,1,0,0,0,,"740909,462509558536112","5691607,830077268183231",12.457888848000039,51.32466034200007,2,,2,Ost,,,,2.0,,1,14210817144200618760,226640,0,
10716,,,14,7,13,000,2021,09,12,6,2,5,3,0,,1,1,0,0,0,,"731815,890134735964239","5689249,743865791708231",12.326072515000021,51.307270180000046,5,,5,Südwest,,,,5.0,,0,14210910144200696480,226643,0,
10717,,,14,7,13,000,2021,09,14,1,3,2,6,0,,0,1,0,0,0,,"729280,244941755197942","5691004,641632907092571",12.290884223000035,51.32405107900007,6,,6,West,,,,6.0,,0,14210912144200770310,226645,0,
10718,,,14,7,13,000,2021,09,06,2,3,3,6,0,,0,1,0,1,0,,"734726,988001472316682","5698996,582985904067755",12.374190903000056,51.39356876900007,9,,9,Nord,,,,9.0,,0,14210906144200678800,226646,0,
10719,,,14,7,13,000,2021,09,02,1,3,6,4,2,,0,1,1,0,0,,"735569,866278772242367","5689410,711590668186545",12.379940694000027,51.30717416500005,4,,4,Süd,,,,4.0,,0,14210919148210718300,226648,0,
10720,,,14,7,13,000,2021,08,14,3,3,3,6,0,,1,0,0,0,0,,"735680,035674039274454","5692882,941624976694584",12.383813782000061,51.338296412000034,0,,0,Mitte,,,,0.0,,0,14210817148410619190,226652,0,
10721,,,14,7,13,000,2021,08,17,6,3,0,7,0,,0,1,0,1,0,,"737063,420730826444924","5690008,588202711194754",12.401726955000072,51.31192084800006,4,,4,Süd,,,,4.0,,0,14210820145200628660,226658,0,
10722,,,14,7,13,000,2021,07,17,2,3,5,3,0,,1,0,0,0,0,,"737065,933288638480008","5693139,229390289634466",12.403845018000027,51.34002083300004,2,,2,Ost,,,,2.0,,0,14210719143263608860,226660,0,
10723,,,14,7,13,000,2021,09,19,4,3,5,3,1,,1,0,0,0,0,,"735710,949372381903231","5690796,767003150656819",12.382877048000068,51.31955746800003,4,,4,Süd,,,,4.0,,0,14210908662223696710,226667,0,
10724,,,14,7,13,000,2021,08,16,7,3,2,6,0,,0,1,0,0,0,,"728709,623712721280754","5690593,519657533615828",12.282444743000042,51.32059000700008,6,,6,West,,,,6.0,,1,14210821148310637660,226676,0,
10725,,,14,7,13,000,2021,09,20,2,3,5,7,2,,1,1,0,0,0,,"733497,817709181457758","5695760,917794993147254",12.35442818200005,51.36503090100007,9,,9,Nord,,,,9.0,,0,14210920148110717340,226677,0,
10726,,,14,7,13,000,2021,07,11,3,3,5,2,0,,1,1,0,0,0,,"735095,824892043136060","5694132,999129602685571",12.37626685600003,51.34975918100008,0,,0,Mitte,,,,0.0,,0,14210727144200562970,226679,0,
10727,,,14,7,13,000,2021,09,17,7,3,4,3,0,,1,0,0,0,0,,"733102,064903299324214","5690607,837770272046328",12.345380241000043,51.31893618700008,5,,5,Südwest,,,,5.0,,1,14210925148310726150,226681,0,
10728,,,14,7,13,000,2021,09,16,1,2,4,6,0,,1,1,0,0,0,,"727624,802349414676428","5688485,896218020468950",12.26555778200003,51.302104031000056,6,,6,West,,,,6.0,,0,14210912148310698040,226684,0,
10729,,,14,7,13,000,2021,08,20,2,3,5,3,0,,1,1,0,0,0,,"728141,442001381888986","5690369,467988863587379",12.27416114600004,51.31880671400006,6,,6,West,,,,6.0,,0,14210802148320636730,226685,0,
10730,,,14,7,13,000,2021,09,14,7,3,1,6,0,,1,1,0,0,0,,"735676,090670052915812","5696384,029963964596391",12.386075791000053,51.369724690000055,9,,9,Nord,,,,9.0,,0,14210904144200678280,226688,0,
10731,,,14,7,13,000,2021,08,11,4,3,5,3,0,,0,1,0,0,0,,"729426,750923912040889","5694704,770209006965160",12.295366910000041,51.35720844700006,7,,7,Alt-West,,,,7.0,,0,14210818148320637360,226689,0,
10732,,,14,7,13,000,2021,09,14,4,3,0,7,0,,1,1,0,0,0,,"734172,964378538541496","5692125,750201251357794",12.361718177000057,51.33212208100008,0,,0,Mitte,,,,0.0,,0,14210901148410680430,226699,1,
10733,,,14,7,13,000,2021,07,15,1,3,1,5,0,,1,1,0,0,0,,"726810,479021282866597","5688717,566462093964219",12.254042792000064,51.30450881400003,6,,6,West,,,,6.0,,0,14210718148313570160,226701,0,
10734,,,14,7,13,000,2021,08,20,2,3,5,3,0,,0,1,0,1,0,,"735183,851122209802270","5688967,212165525183082",12.374120223000034,51.30335272200006,4,,4,Süd,,,,4.0,,0,14210816144200602900,226703,1,
10735,,,14,7,13,000,2021,09,12,4,3,6,2,0,,0,1,1,0,0,,"734486,533518938347697","5692401,405320314690471",12.366392760000053,51.33446730600008,0,,0,Mitte,,,,0.0,,0,14210908148410681570,226708,0,
10736,,,14,7,13,000,2021,08,15,5,3,5,2,0,,1,1,0,0,0,,"736244,144340027123690","5697157,313094038516283",12.394735827000034,51.376429819000066,9,,9,Nord,,,,9.0,,0,14210805148110583060,226712,1,
10737,,,14,7,13,000,2021,07,07,5,3,3,2,0,,1,1,0,0,0,,"737805,422901714220643","5690638,556968959048390",12.412774031000026,51.317265977000034,3,,3,Südost,,,,3.0,,0,14210729148210561560,226718,0,
10738,,,14,7,13,000,2021,08,13,4,3,9,1,0,,0,1,0,0,0,,"733766,134390888735652","5697241,132243718951941",12.359249006000027,51.37820765500004,9,,9,Nord,,,,9.0,,0,14210825144200628270,226719,0,
10739,,,14,7,13,000,2021,08,21,6,3,0,1,2,,1,0,0,0,0,,"735277,242737026885152","5693778,918929032981396",12.378633370000045,51.34650578700007,0,,0,Mitte,,,,0.0,,0,14210806148410582230,226720,1,
10740,,,14,7,13,000,2021,09,18,4,3,5,3,0,,1,1,0,0,0,,"738156,188636671751738","5695235,681362221017480",12.420871817000034,51.358382876000064,1,,1,Nordost,,,,1.0,,0,14210922144200705620,226721,0,
10741,,,14,7,13,000,2021,08,10,3,3,2,6,0,,0,1,0,0,0,,"739334,126123796217144","5691649,602668620646000",12.435349108000025,51.325700134000044,2,,2,Ost,,,,2.0,,0,14210831148210678310,226723,0,
10742,,,14,7,13,000,2021,08,15,4,3,3,5,0,,1,1,0,0,0,,"732308,787106147967279","5691994,939919019117951",12.334920176000026,51.331712261000064,5,,5,Südwest,,,,5.0,,0,14210804148310582810,226726,0,
10743,,,14,7,13,000,2021,08,08,6,3,0,1,0,,1,0,0,0,0,,"736538,041713928803802","5690352,604079887270927",12.394430398000054,51.31522737600005,0,,0,Mitte,,,,0.0,,0,14210827148210636710,226734,1,
10744,,,14,7,13,000,2021,09,16,7,3,5,2,0,,1,1,0,0,0,,"733265,423001470044255","5692086,941986719146371",12.348688309000067,51.332146624000075,5,,5,Südwest,,,,5.0,,0,14210925144200726310,226735,0,
10745,,,14,7,13,000,2021,08,11,1,2,1,1,0,,0,1,0,0,0,,"740744,265280770137906","5689880,218658540397882",12.454356143000041,51.30922382800003,3,,3,Südost,,,,3.0,,1,14210815144200602840,226736,0,
10746,,,14,7,13,000,2021,08,15,3,3,5,2,0,,1,0,0,0,0,,"737589,532377040944993","5693399,596733696758747",12.411522372000036,51.34213937200008,2,,2,Ost,,,,2.0,,1,14210803144200563360,226737,0,
10747,,,14,7,13,000,2021,07,12,4,3,5,3,0,,1,0,0,0,0,,"736868,339085315354168","5690829,668074140325189",12.399478226000042,51.31937221800007,0,,0,Mitte,,,,0.0,,1,14210721144200540610,226738,0,
10748,,,14,7,13,000,2021,09,10,6,3,0,1,0,,1,0,0,0,0,,"732355,451001455076039","5691439,021987130865455",12.335226395000063,51.32670286800004,5,,5,Südwest,,,,5.0,,0,14210917148310705450,226742,1,
10749,,,14,7,13,000,2021,07,17,2,3,5,2,0,,1,1,0,0,0,,"735718,072425702586770","5692149,268293745815754",12.38387345800004,51.33169498500007,0,,0,Mitte,,,,0.0,,0,14210726148410601850,226744,1,
10750,,,14,7,13,000,2021,08,15,4,3,1,1,0,,1,1,0,0,0,,"732277,773001439869404","5696133,108987068757415",12.337176145000058,51.36887206000006,8,,8,Nordwest,,,,8.0,,0,14210811144200602830,226746,0,
10751,,,14,7,13,000,2021,08,11,4,3,5,3,0,,1,1,0,0,0,,"735544,801507288590074","5697395,502890609204769",12.384863271000029,51.378858351000076,9,,9,Nord,,,,9.0,,0,14210825148110637140,226748,0,
10752,,,14,7,13,000,2021,09,05,6,3,5,3,2,,1,1,0,0,0,,"734180,750858803279698","5697034,128485005348921",12.36505967200003,51.37617867800003,9,,9,Nord,,,,9.0,,0,14210910148110705430,226750,0,
10753,,,14,7,13,000,2021,09,16,5,2,1,5,0,,1,1,0,0,0,,"734610,142763548530638","5694902,337472489103675",12.369811986000059,51.356865723000055,9,,9,Nord,,,,9.0,,0,14210902144200718510,226751,0,
10754,,,14,7,13,000,2021,07,10,6,3,6,7,0,,0,1,1,0,0,,"736812,028809590265155","5688833,497942194342613",12.397346623000033,51.301477642000066,4,,4,Süd,,,,4.0,,0,14210723144200592080,226754,0,
10755,,,14,7,13,000,2021,09,18,5,3,5,3,0,,0,1,0,0,0,,"735555,097001885063946","5692937,008809557184577",12.382059066000068,51.33883350000008,0,,0,Mitte,,,,0.0,,0,14210909148410697310,226759,0,
10756,,,14,7,13,000,2021,08,14,1,3,0,7,0,,0,0,0,1,0,,"732268,513958198949695","5691866,116904530674219",12.334259116000055,51.33057229500008,5,,5,Südwest,,,,5.0,,0,14210829148310637760,226760,1,
10757,,,14,7,13,000,2021,08,18,2,3,0,1,0,,1,0,0,0,0,,"735260,630068773403764","5693833,131701759994030",12.378431077000073,51.34699929300007,0,,0,Mitte,,,,0.0,,0,14210816144200602850,226766,1,
10758,,,14,7,13,000,2021,08,15,2,3,5,2,0,,1,1,0,0,0,,"737183,904119565151632","5694050,565924283117056",12.406142687000056,51.348151861000076,2,,2,Ost,,,,2.0,,0,14210809148410583110,226767,0,
10759,,,14,7,13,000,2021,07,09,3,3,7,1,0,,0,1,0,0,0,,"736399,074456928297877","5695698,436490980908275",12.395987949000073,51.36327030000007,9,,9,Nord,,,,9.0,,0,14210727148110562000,226772,0,
10760,,,14,7,13,000,2021,08,07,4,3,6,6,0,,0,1,1,0,0,,"737233,233446243219078","5692046,204389585182071",12.405514771000071,51.330139978000034,3,,3,Südost,,,,3.0,,0,14210811148410591690,226774,0,
10761,,,14,7,13,000,2021,08,22,7,3,7,7,2,,1,0,0,0,0,,"731484,643307533115149","5690810,325051894411445",12.322341193000057,51.32141413200003,5,,5,Südwest,,,,5.0,,0,14210821148310678050,226784,0,
10762,,,14,7,13,000,2021,09,10,3,2,5,3,0,,1,1,0,0,0,,"734940,565003544092178","5698629,167847195640206",12.377012252000043,51.39018238500006,9,,9,Nord,,,,9.0,,0,14210921144200726100,226785,0,
10763,,,14,7,13,000,2021,09,18,4,3,5,3,0,,0,1,0,1,0,,"736010,131001499481499","5697127,761985329911113",12.39135985400003,51.376261862000035,9,,9,Nord,,,,9.0,,0,14210908144200680350,226786,0,
10764,,,14,7,13,000,2021,08,13,6,3,2,6,0,,0,1,0,0,0,,"737372,465984267182648","5693150,966945845633745",12.408245750000049,51.33999831700004,2,,2,Ost,,,,2.0,,0,14210827148410636810,226788,1,
10765,,,14,7,13,000,2021,08,10,6,3,2,2,0,,0,1,0,0,0,,"733926,643882981501520","5696952,674925349652767",12.36136142600003,51.37555224100004,9,,9,Nord,,,,9.0,,0,14210820144200619160,226795,0,
10766,,,14,7,13,000,2021,09,01,7,3,7,1,2,,1,0,0,0,0,,"731321,478997941128910","5692007,179381554946303",12.320780382000066,51.33222451000006,7,,7,Alt-West,,,,7.0,,0,14210918148320769790,226796,1,
10767,,,14,7,13,000,2021,08,14,4,3,1,7,0,,0,1,0,0,0,,"732662,161537930369377","5696327,043230600655079",12.34281554100005,51.37045562700007,8,,8,Nordwest,,,,8.0,,1,14210825144200705420,226802,0,
10768,,,14,7,13,000,2021,08,12,1,3,7,7,0,,0,0,0,0,0,,"726820,834572845138609","5690477,042252456769347",12.255309871000065,51.32030037800007,6,,6,West,,,,6.0,,1,14210808148310592160,226803,0,
10769,,,14,7,13,000,2021,09,15,2,2,5,3,0,,0,0,0,0,0,,"737252,925252489745617","5694407,056665612384677",12.407369602000074,51.35132293800007,1,,1,Nordost,,,,1.0,,1,14210927144200912230,226806,0,
10770,,,14,7,13,000,2021,07,11,7,3,1,5,0,,1,1,0,0,0,,"731468,982563335448503","5692103,073401417583227",12.322956371000032,51.333025330000055,7,,7,Alt-West,,,,7.0,,0,14210724148320541140,226809,0,
10771,,,14,7,13,000,2021,09,16,3,2,6,2,0,,0,1,1,0,0,,"732898,772735530510545","5690893,057807348668575",12.342654308000022,51.32157975600006,5,,5,Südwest,,,,5.0,,0,14210907144200679341,226811,0,
10772,,,14,7,13,000,2021,08,19,3,3,0,7,0,,1,0,0,0,0,,"729237,858562299050391","5690997,173747478052974",12.290272121000044,51.32400111800007,6,,6,West,,,,6.0,,0,14210824148310644870,226812,0,
10773,,,14,7,13,000,2021,09,16,4,3,5,2,0,,0,1,0,0,0,,"735707,735965115949512","5690899,029067020863295",12.382898615000045,51.320476736000046,4,,4,Süd,,,,4.0,,0,14210922144200705400,226813,0,
10774,,,14,7,13,000,2021,08,13,7,3,3,2,0,,1,1,0,0,0,,"731783,509733184240758","5691741,589637491852045",12.327228408000053,51.32965227100004,5,,5,Südwest,,,,5.0,,0,14210814148310608970,226817,0,
10775,,,14,7,13,000,2021,09,08,6,3,3,2,0,,0,1,0,0,0,,"734797,013892885297537","5690885,799998046830297",12.369843452000055,51.32073449900008,4,,4,Süd,,,,4.0,,0,14210924144200726320,226825,0,
10776,,,14,7,13,000,2021,07,10,2,3,5,3,0,,0,1,0,0,0,,"734569,342983129434288","5692132,827410396188498",12.36740258900005,51.33202228500005,0,,0,Mitte,,,,0.0,,0,14210726148410570170,226826,0,
10777,,,14,7,13,000,2021,09,07,4,3,5,3,0,,1,0,0,0,0,,"741853,207554119639099","5686491,991755550727248",12.467942149000066,51.27834258200005,3,,3,Südost,,,,3.0,,0,14210908148210705650,226841,0,
10778,,,14,7,13,000,2021,09,16,3,2,5,2,0,,1,1,0,0,0,,"731890,367930110543966","5692884,787245400249958",12.329503659000068,51.33987096800007,7,,7,Alt-West,,,,7.0,,0,14210914144200738720,226844,0,
10779,,,14,7,13,000,2021,07,16,5,3,6,4,0,,0,1,1,0,0,,"732687,812391541898251","5692687,540724540129304",12.340803724000068,51.33777459700008,7,,7,Alt-West,,,,7.0,,0,14210729144200562930,226848,0,
10780,,,14,7,13,000,2021,08,10,6,2,5,3,0,,1,1,0,0,0,,"737390,562394502572715","5693265,321067800745368",12.408581309000056,51.341017211000064,2,,2,Ost,,,,2.0,,0,14210820148210619400,226850,0,
10781,,,14,7,13,000,2021,08,19,6,3,5,3,0,,1,1,0,0,0,,"737839,189495965838432","5695037,270072728395462",12.416194517000065,51.356734707000044,1,,1,Nordost,,,,1.0,,0,14210806144200582780,226854,0,
10782,,,14,7,13,000,2021,09,16,4,3,5,3,0,,1,1,0,0,0,,"733243,030434922315180","5691708,512365972623229",12.348119749000034,51.32875878600004,5,,5,Südwest,,,,5.0,,0,14210901144200696520,226857,0,
10783,,,14,7,13,000,2021,07,23,5,2,0,1,2,,1,0,0,0,0,,"736550,587276048026979","5693451,520083298906684",12.396666968000034,51.34303861600006,2,,2,Ost,,,,2.0,,0,14210729148410563380,226861,0,
10784,,,14,7,13,000,2021,08,17,2,3,5,3,0,,0,1,0,0,0,,"737884,173621088266373","5690610,882693707942963",12.41388358000006,51.31698465900007,3,,3,Südost,,,,3.0,,1,14210823148210628700,226863,1,
10785,,,14,7,13,000,2021,08,11,5,3,5,3,0,,0,1,0,0,0,,"736034,044331370852888","5692563,238065790385008",12.38867515000004,51.33527985300003,0,,0,Mitte,,,,0.0,,0,14210805148410608990,226871,0,
10786,,,14,7,13,000,2021,08,05,1,3,1,1,1,,0,1,0,0,0,,"735845,503059484064579","5688885,535968547686934",12.383541060000027,51.30234589200006,4,,4,Süd,,,,4.0,,0,14210822144200619620,226876,0,
10787,,,14,7,13,000,2021,09,14,1,3,5,2,0,,0,1,0,0,0,,"737773,711061541922390","5693736,539031883701682",12.414386919000037,51.34508677500003,2,,2,Ost,,,,2.0,,0,14210919144200697520,226877,0,
10788,,,14,7,13,000,2021,07,12,1,3,5,3,0,,0,1,0,0,0,,"738813,525673310272396","5696081,075302571058273",12.430863203000058,51.36569511600004,1,,1,Nordost,,,,1.0,,0,14210725144200541350,226879,0,
10789,,,14,7,13,000,2021,08,07,5,3,5,2,0,,1,1,0,0,0,,"740580,030755211599171","5699310,317662663757801",12.458378086000039,51.39393400600005,1,,1,Nordost,,,,1.0,,0,14210812148110618830,226881,0,
10790,,,14,7,13,000,2021,07,09,5,2,6,4,0,,0,0,1,0,0,,"739609,627598344348371","5689651,569392437115312",12.437953609000033,51.30765021700006,3,,3,Südost,,,,3.0,,1,14210729148213563000,226891,0,
10791,,,14,7,13,000,2021,09,15,4,3,5,2,0,,1,1,0,0,0,,"735684,503507564775646","5696173,505659570917487",12.386056895000024,51.367831488000036,9,,9,Nord,,,,9.0,,0,14210908144200704920,226895,0,
10792,,,14,7,13,000,2021,08,18,2,3,5,3,0,,1,1,0,0,0,,"734672,044152125716209","5691801,780062904581428",12.368656196000074,51.329008298000076,0,,0,Mitte,,,,0.0,,0,14210830148410682640,226896,1,
10793,,,14,7,13,000,2021,09,09,2,3,0,7,0,,0,1,0,1,0,,"738642,825154938735068","5694698,064124619588256",12.427487894000024,51.35335315800006,1,,1,Nordost,,,,1.0,,0,14210913144200793760,226897,0,
10794,,,14,7,13,000,2021,08,12,6,3,5,3,0,,0,1,0,0,0,,"736384,614351342432201","5695700,578515138477087",12.39578203800005,51.36329554400004,9,,9,Nord,,,,9.0,,0,14210820148110627870,226903,0,