UNFALL_ID,FID_left,OBJECTID,ULAND,UREGBEZ,UKREIS,UGEMEINDE,UJAHR,UMONAT,USTUNDE,UWOCHENTAG,UKATEGORIE,UART,UTYP1,ULICHTVERH,IstStrasse,IstRad,IstPKW,IstFuss,IstKrad,IstGkfz,IstSonstig,LINREFX,LINREFY,XGCSWGS84,YGCSWGS84,index_right,FID_right,SBZ,Name,UIDENTSTLA,LICHT,STRZUSTAND,FID,OBJECTID_1,IstSonstige,UIDENTSTLAE,OID_,IstStrassenzustand,PLST
10795,,,14,7,13,000,2021,09,11,1,3,5,3,0,,1,1,0,0,0,,"732569,183528766967356","5691513,743692431598902",12.33833747600005,51.327286290000075,5,,5,Südwest,,,,5.0,,0,14210912144200696590,226914,0,
10796,,,14,7,13,000,2021,08,12,5,3,3,6,0,,1,1,0,0,0,,"734975,590120460838079","5693896,328038357198238",12.374387133000027,51.34768445100008,0,,0,Mitte,,,,0.0,,0,14210826144320963230,226920,0,
10797,,,14,7,13,000,2021,08,15,4,3,5,2,0,,1,1,0,0,0,,"735265,982001504860818","5691395,642985813319683",12.37689806700007,51.32511734000008,4,,4,Süd,,,,4.0,,0,14210811148410602080,226922,0,
10798,,,14,7,13,000,2021,09,13,3,3,3,5,0,,1,1,0,0,0,,"732225,835501332767308","5692582,004686091095209",12.334114181000075,51.337016067000036,7,,7,Alt-West,,,,7.0,,0,14210921148310726370,226923,0,
10799,,,14,7,13,000,2021,07,17,3,3,4,6,0,,1,0,0,0,0,,"736825,979813879355788","5694814,398705640807748",12.40152058600006,51.35515732200008,1,,1,Nordost,,,,1.0,,0,14210727143263680980,226925,0,
10800,,,14,7,13,000,2021,07,17,3,3,6,4,0,,1,0,1,0,0,,"736657,446510993875563","5692456,318472705781460",12.397537270000043,51.33406106700005,3,,3,Südost,,,,3.0,,0,14210720148410563020,226931,0,
10801,,,14,7,13,000,2021,09,13,6,3,1,7,0,,0,1,0,0,0,,"735114,709811677224934","5689407,757105719298124",12.373420353000029,51.307335798000054,4,,4,Süd,,,,4.0,,0,14210924144200767870,226936,0,
10802,,,14,7,13,000,2021,07,18,1,3,5,2,0,,1,1,0,0,0,,"735177,666758318431675","5689046,286246528849006",12.374083767000059,51.304065079000054,4,,4,Süd,,,,4.0,,0,14210725148220549930,226937,1,
10803,,,14,7,13,000,2021,08,15,6,3,6,2,0,,0,1,1,0,0,,"735122,200689561665058","5693981,906302681192756",12.376545143000044,51.34839201200003,0,,0,Mitte,,,,0.0,,0,14210827148410636770,226938,1,
10804,,,14,7,13,000,2021,08,09,4,3,1,7,0,,1,1,0,0,0,,"732895,280895113945007","5691474,375876341015100",12.342984063000074,51.326799494000056,5,,5,Südwest,,,,5.0,,0,14210811148310591660,226939,0,
10805,,,14,7,13,000,2021,09,08,6,3,2,6,0,,1,1,0,0,0,,"740249,621613800525665","5693906,645459361374378",12.44998647400007,51.34557277000005,2,,2,Ost,,,,2.0,,0,14210910148223681970,226941,0,
10806,,,14,7,13,000,2021,07,12,7,3,5,2,0,,1,1,0,0,0,,"733599,174001471139491","5693005,074986549094319",12.35407278200006,51.34025133500006,0,,0,Mitte,,,,0.0,,0,14210724145500561990,226945,0,
10807,,,14,7,13,000,2021,08,15,2,3,0,1,0,,1,0,0,0,0,,"735038,008708718232810","5695066,799810312688351",12.376054813000053,51.35816519700006,0,,0,Mitte,,,,0.0,,0,14210816144200608880,226946,0,
10808,,,14,7,13,000,2021,09,18,4,1,6,2,0,,0,0,1,0,0,,"733901,184951542876661","5692471,223948927596211",12.358050588000026,51.33533506200007,0,,0,Mitte,,,,0.0,,1,14210922144200705391,226950,0,
10809,,,14,7,13,000,2021,08,18,3,3,5,3,0,,1,1,0,0,0,,"737926,143982090987265","5695256,855002891272306",12.41758793400004,51.35866929100007,1,,1,Nordost,,,,1.0,,0,14210831148110680390,226952,0,
10810,,,14,7,13,000,2021,09,08,2,3,5,2,0,,1,1,0,0,0,,"735016,840357261709869","5692056,911594752222300",12.373764705000042,51.331156117000035,0,,0,Mitte,,,,0.0,,0,14210927148410725640,226953,1,
10811,,,14,7,13,000,2021,08,18,6,3,2,6,0,,1,1,0,0,0,,"735167,802160156890750","5693424,160553812980652",12.376830406000067,51.34336663700003,0,,0,Mitte,,,,0.0,,0,14210806148410582510,226954,0,
10812,,,14,7,13,000,2021,07,12,3,3,6,7,0,,0,1,1,0,0,,"739878,780841042287648","5691955,533053167164326",12.443357711000033,51.32821671200003,2,,2,Ost,,,,2.0,,0,14210720148223582490,226969,0,
10813,,,14,7,13,000,2021,07,16,1,2,5,3,0,,1,0,0,0,0,,"740167,718593067489564","5695130,199640000239015",12.449638204000053,51.35658957100003,2,,2,Ost,,,,2.0,,0,14210725144200561510,226975,0,
10814,,,14,7,13,000,2021,08,10,5,3,5,3,0,,1,1,0,0,0,,"735006,436730175279081","5691928,321102837100625",12.373530833000075,51.330006137000055,0,,0,Mitte,,,,0.0,,0,14210812148410601840,226977,0,
10815,,,14,7,13,000,2021,07,11,2,2,3,5,0,,1,1,0,0,0,,"734533,160943989641964","5696520,734039936214685",12.369775502000039,51.37142483900004,9,,9,Nord,,,,9.0,,0,14210719144200583380,226985,0,
10816,,,14,7,13,000,2021,08,16,2,2,6,4,0,,0,1,1,0,0,,"736554,901901512406766","5690671,277919318526983",12.394883262000064,51.31808085400007,0,,0,Mitte,,,,0.0,,0,14210823144200619850,226989,1,
10817,,,14,7,13,000,2021,07,10,6,3,5,3,0,,1,1,0,0,0,,"739135,817001544870436","5697700,105983722954988",12.436573481000039,51.380091554000046,1,,1,Nordost,,,,1.0,,0,14210730144200637740,226992,0,
10818,,,14,7,13,000,2021,09,16,7,3,5,3,0,,0,1,0,0,0,,"735553,887477315030992","5692916,288744816556573",12.382028030000072,51.33864801100003,0,,0,Mitte,,,,0.0,,0,14210911144200737890,226995,0,
10819,,,14,7,13,000,2021,09,14,5,3,6,4,0,,0,0,1,0,0,,"734133,107002756558359","5692685,274554584175348",12.361514757000066,51.33716105800005,0,,0,Mitte,,,,0.0,,1,14210923144200718500,227003,0,
10820,,,14,7,13,000,2021,09,10,5,3,3,6,0,,1,0,0,0,0,,"736408,394567262381315","5692143,884977143257856",12.393761237000035,51.33136017500004,0,,0,Mitte,,,,0.0,,1,14210909148410681990,227004,0,
10821,,,14,7,13,000,2021,08,15,3,3,5,3,0,,1,1,0,0,0,,"730446,772393806837499","5691459,048928424715996",12.307891419000043,51.32765901000005,7,,7,Alt-West,,,,7.0,,0,14210831148310824760,227005,0,
10822,,,14,7,13,000,2021,08,12,3,3,5,3,0,,1,0,0,0,1,,"735281,032902819104493","5690902,988649249076843",12.376788574000045,51.32068886800005,4,,4,Süd,,,,4.0,,0,14210803148423583120,227009,0,
10823,,,14,7,13,000,2021,09,16,3,3,2,6,0,,0,1,0,0,0,,"730284,542655607685447","5694571,181424824520946",12.307579324000073,51.35566227700008,7,,7,Alt-West,,,,7.0,,1,14210907144200767380,227015,0,
10824,,,14,7,13,000,2021,07,16,4,2,5,3,0,,1,1,0,0,0,,"731318,689868890680373","5693238,568365296348929",12.321540072000062,51.343279652000035,7,,7,Alt-West,,,,7.0,,0,14210728144200561520,227016,0,
10825,,,14,7,13,000,2021,08,17,4,3,5,3,0,,0,1,0,1,0,,"737271,368667968548834","5692311,387248300015926",12.406237740000051,51.33250437800007,3,,3,Südost,,,,3.0,,0,14210818662211636900,227024,0,
10826,,,14,7,13,000,2021,07,10,2,3,3,6,0,,1,1,0,1,0,,"729062,624412284232676","5688647,649607542902231",12.286252618000049,51.30297953000007,5,,5,Südwest,,,,5.0,,0,14210726144200549450,227027,0,
10827,,,14,7,13,000,2021,08,18,4,3,5,3,0,,0,0,0,1,0,,"736181,301619401201606","5697351,045784985646605",12.393963247000045,51.37819492700004,9,,9,Nord,,,,9.0,,1,14210825144200628280,227031,0,
10828,,,14,7,13,000,2021,09,13,5,2,5,3,0,,1,1,0,0,0,,"736481,062349129468203","5688792,808703923597932",12.392580504000023,51.301249950000056,4,,4,Süd,,,,4.0,,0,14210909148220682600,227034,0,
10829,,,14,7,13,000,2021,08,07,3,3,2,6,0,,0,1,0,0,0,,"733996,331879006698728","5695102,189881730824709",12.36114328800005,51.35891275800003,9,,9,Nord,,,,9.0,,0,14210824148110644850,227041,0,
10830,,,14,7,13,000,2021,08,16,3,3,5,3,0,,1,1,0,0,0,,"736664,840917548164725","5689871,671705910935998",12.395927522000022,51.310857715000054,4,,4,Süd,,,,4.0,,0,14210831144200644450,227044,0,
10831,,,14,7,13,000,2021,09,11,2,3,3,2,0,,1,0,0,1,0,,"731843,289106125012040","5689357,178384663537145",12.326534727000023,51.308223447000046,5,,5,Südwest,,,,5.0,,0,14210913148210683020,227047,0,
10832,,,14,7,13,000,2021,08,19,4,3,3,2,0,,1,0,0,0,0,,"736315,980638719163835","5693642,238717623054981",12.393431132000046,51.34484809800006,0,,0,Mitte,,,,0.0,,1,14210804148410582830,227048,0,
10833,,,14,7,13,000,2021,09,22,1,3,6,7,2,,0,1,1,0,0,,"736993,477499002590775","5693848,973701475188136",12.403279002000033,51.346421769000074,2,,2,Ost,,,,2.0,,0,14210919148410698060,227053,0,
10834,,,14,7,13,000,2021,07,15,2,3,1,6,0,,0,1,0,0,0,,"735074,584124930202961","5689661,471406979486346",12.373012854000024,51.30962981700003,4,,4,Süd,,,,4.0,,0,14210726144200562510,227055,0,
10835,,,14,7,13,000,2021,07,14,4,3,0,5,0,,1,1,0,0,0,,"734734,192957609891891","5691151,127787183970213",12.369118195000055,51.32314211700003,4,,4,Süd,,,,4.0,,0,14210721144200530460,227059,0,
10836,,,14,7,13,000,2021,08,21,2,3,0,1,2,,1,0,0,0,0,,"729833,075265956111252","5694172,884830843657255",12.30084922900005,51.35226951800007,7,,7,Alt-West,,,,7.0,,0,14210830148310637650,227060,1,
10837,,,14,7,13,000,2021,09,18,2,3,1,5,0,,1,1,0,0,0,,"736668,405765262432396","5693929,300625104457140",12.398673120000069,51.34727821100006,2,,2,Ost,,,,2.0,,0,14210906145500738230,227066,0,
10838,,,14,7,13,000,2021,09,07,3,3,2,6,0,,0,1,0,0,0,,"736564,199062850326300","5690726,667449086904526",12.395053181000037,51.31857417800006,0,,0,Mitte,,,,0.0,,1,14210907148410679390,227069,0,
10839,,,14,7,13,000,2021,09,17,6,2,1,1,0,,0,1,0,0,0,,"740934,632870261557400","5687197,150353156030178",12.455271828000036,51.28506095800003,3,,3,Südost,,,,3.0,,0,14210903144200793280,227076,0,
10840,,,14,7,13,000,2021,08,09,4,3,5,3,0,,0,1,0,0,0,,"735521,137001521885395","5687286,683985786512494",12.377841698000054,51.28812821400004,4,,4,Süd,,,,4.0,,0,14210818148210608960,227077,1,
10841,,,14,7,13,000,2021,07,15,2,3,0,7,0,,0,0,0,0,0,,"735068,179212581366301","5690557,885014479979873",12.37351185700004,51.31767904700007,4,,4,Süd,,,,4.0,,1,14210726144200563350,227080,0,
10842,,,14,7,13,000,2021,09,06,4,3,5,3,0,,1,1,0,0,0,,"740774,323694903403521","5694640,654046270996332",12.458002925000073,51.35193895500004,2,,2,Ost,,,,2.0,,0,14210922148210769750,227085,0,
10843,,,14,7,13,000,2021,09,15,4,3,0,1,0,,0,0,0,1,0,,"735054,781495547853410","5698428,482762390747666",12.378518104000023,51.38833369900004,9,,9,Nord,,,,9.0,,0,14210915144200682920,227088,1,
10844,,,14,7,13,000,2021,08,15,3,3,2,6,0,,0,1,0,0,0,,"739813,490244885906577","5694812,951689081266522",12.444346348000067,51.35389163500008,2,,2,Ost,,,,2.0,,0,14210824144200627860,227095,0,
10845,,,14,7,13,000,2021,07,13,2,2,5,2,0,,1,1,0,1,0,,"728539,534506070427597","5689941,163718055933714",12.279589845000032,51.314801974000034,6,,6,West,,,,6.0,,0,14210726144200541650,227109,0,
10846,,,14,7,13,000,2021,08,08,3,3,4,2,0,,0,1,0,1,0,,"734563,928596495650709","5692149,843332016840577",12.36733620700005,51.33217726000004,0,,0,Mitte,,,,0.0,,0,14210817148410602920,227111,0,
10847,,,14,7,13,000,2021,09,15,4,3,5,3,0,,1,1,0,0,0,,"741701,017130835913122","5695599,777405127882957",12.471937383000068,51.36015421400003,2,,2,Ost,,,,2.0,,0,14210915144200682930,227116,1,
10848,,,14,7,13,000,2021,07,08,5,3,5,3,0,,1,1,0,0,0,,"739988,435319235548377","5694509,332573452964425",12.446649410000077,51.351092608000044,2,,2,Ost,,,,2.0,,0,14210729148210562020,227119,0,
10849,,,14,7,13,000,2021,08,13,2,3,1,7,0,,0,1,0,0,0,,"729179,317876085639000","5700559,199969295412302",12.29559585800007,51.40986373000004,8,,8,Nordwest,,,,8.0,,0,14210823148110628670,227120,1,
10850,,,14,7,13,000,2021,09,08,4,3,1,7,0,,1,1,0,0,0,,"734726,036740710027516","5693633,842584036290646",12.370637010000053,51.345431372000064,0,,0,Mitte,,,,0.0,,1,14210908148410681980,227123,0,
10851,,,14,7,13,000,2021,08,12,5,3,3,6,0,,0,1,0,1,0,,"735710,014748245477676","5690917,081737883388996",12.382943193000074,51.32063783900003,4,,4,Süd,,,,4.0,,0,14210819144200637600,227129,0,
10852,,,14,7,13,000,2021,07,15,2,3,5,3,0,,1,1,0,0,0,,"738637,390128730796278","5693596,546424742788076",12.426671601000066,51.343468365000035,2,,2,Ost,,,,2.0,,0,14210719144200529900,227131,0,
10853,,,14,7,13,000,2021,09,16,4,3,5,3,0,,0,1,0,0,0,,"735281,993030373938382","5690903,008590403944254",12.37680234100003,51.32068865000008,4,,4,Süd,,,,4.0,,1,14210922144200718520,227137,0,
10854,,,14,7,13,000,2021,09,16,3,3,5,2,0,,1,1,0,0,0,,"733067,275972258299589","5691842,346348434686661",12.34568900100004,51.33003220100005,5,,5,Südwest,,,,5.0,,0,14210914144200682500,227141,0,
10855,,,14,7,13,000,2021,08,20,4,3,5,3,0,,1,1,0,0,0,,"730996,884665913879871","5685500,146068688482046",12.31191761100007,51.273942927000064,5,,5,Südwest,,,,5.0,,0,14210804148310591670,227142,0,
10856,,,14,7,13,000,2021,07,19,3,3,5,3,0,,1,1,0,0,0,,"737265,339643502607942","5692934,961745170876384",12.406566640000051,51.338104146000035,3,,3,Südost,,,,3.0,,0,14210727144200618770,227151,0,
10857,,,14,7,13,000,2021,09,17,1,3,6,6,0,,1,0,1,0,0,,"731116,024291013367474","5686915,265614520758390",12.314537849000033,51.28659817700003,5,,5,Südwest,,,,5.0,,0,14210912144000806240,227155,0,
10858,,,14,7,13,000,2021,08,15,2,3,6,2,0,,0,1,1,0,0,,"735761,144233694300056","5693476,893340010195971",12.385369311000034,51.34359426100008,0,,0,Mitte,,,,0.0,,0,14210802148410591290,227156,0,
10859,,,14,7,13,000,2021,07,09,3,3,5,3,0,,0,1,0,0,1,,"727585,574139966629446","5693244,940793342888355",12.268034158000034,51.34484344400005,7,,7,Alt-West,,,,7.0,,0,14210720144200618790,227157,0,
10860,,,14,7,13,000,2021,08,16,4,3,5,2,0,,0,1,0,1,0,,"735061,066577734425664","5690880,455874491482973",12.373622607000073,51.320577513000046,4,,4,Süd,,,,4.0,,0,14210818144200619380,227160,0,
10861,,,14,7,13,000,2021,08,14,7,3,3,6,0,,1,1,0,0,0,,"738250,928886347450316","5690734,249878589063883",12.41921926200007,51.317938585000036,3,,3,Südost,,,,3.0,,0,14210807148210591250,227167,0,
10862,,,14,7,13,000,2021,09,12,4,3,6,6,0,,1,0,1,0,0,,"735899,903725864365697","5692882,969255961477757",12.386964672000033,51.33820549700005,0,,0,Mitte,,,,0.0,,0,14210901148410644480,227169,0,
10863,,,14,7,13,000,2021,09,08,3,3,1,5,0,,1,1,0,0,0,,"736158,352180304937065","5692458,103684213012457",12.390386761000059,51.334284540000056,0,,0,Mitte,,,,0.0,,0,14210914144200766830,227183,0,
10864,,,14,7,13,000,2021,08,22,6,2,6,4,2,,0,1,1,0,0,,"731813,080140431411564","5691281,310504565015435",12.32735275400006,51.32550837900004,5,,5,Südwest,,,,5.0,,0,14210827144200705370,227192,1,
10865,,,14,7,13,000,2021,07,08,5,3,0,7,0,,0,1,0,0,0,,"735891,809544067829847","5693124,847255650907755",12.387008868000066,51.34038001300007,0,,0,Mitte,,,,0.0,,0,14210722148410563390,227201,0,
10866,,,14,7,13,000,2021,08,16,2,3,6,7,0,,0,1,1,0,0,,"736837,517006550915539","5693242,824668755754828",12.400640460000034,51.34104589700007,2,,2,Ost,,,,2.0,,0,14210809148410602660,227202,0,
10867,,,14,7,13,000,2021,09,11,4,3,5,3,0,,0,1,0,0,0,,"735554,963018777780235","5692936,615942353382707",12.382056886000044,51.338830029000064,0,,0,Mitte,,,,0.0,,0,14210908144200682490,227207,0,
10868,,,14,7,13,000,2021,07,18,4,3,2,6,0,,0,1,0,0,0,,"732032,955938870087266","5693986,611363507807255",12.332265251000024,51.34970360500006,7,,7,Alt-West,,,,7.0,,0,14210728148210581690,227208,0,
10869,,,14,7,13,000,2021,08,13,1,3,5,3,0,,0,1,0,1,0,,"736307,806649323552847","5688220,601151928305626",12.389720885000031,51.29618557600003,4,,4,Süd,,,,4.0,,0,14210815148210637150,227212,0,
10870,,,14,7,13,000,2021,09,11,1,3,1,5,0,,1,1,0,0,0,,"738278,024433378130198","5693678,288885148242116",12.421575937000057,51.34435279400003,2,,2,Ost,,,,2.0,,0,14210912148410704940,227215,0,
10871,,,14,7,13,000,2021,08,20,5,2,0,7,2,,0,0,0,0,0,,"732963,162001465447247","5691148,936986871063709",12.34374396100003,51.32385034300006,5,,5,Südwest,,,,5.0,,1,14210819148310618870,227217,0,
10872,,,14,7,13,000,2021,09,21,7,3,8,1,2,,0,1,0,0,0,,"741565,815469765104353","5695727,020847599953413",12.470085494000045,51.36135377100004,2,,2,Ost,,,,2.0,,0,14210918148220697290,227218,1,
10873,,,14,7,13,000,2021,08,12,5,3,5,2,0,,1,1,0,0,0,,"733597,560738811269403","5693007,569188700988889",12.354051297000069,51.34027438700008,0,,0,Mitte,,,,0.0,,0,14210812148410602910,227222,0,
10874,,,14,7,13,000,2021,08,17,4,3,1,7,0,,1,1,0,0,0,,"734467,926825070753694","5692130,415542934089899",12.36594780200005,51.33204244900003,0,,0,Mitte,,,,0.0,,0,14210825144200636680,227224,0,
10875,,,14,7,13,000,2021,09,13,6,3,5,3,0,,0,1,0,0,0,,"735244,160614842548966","5688923,506165431812406",12.37495505000004,51.302935484000045,4,,4,Süd,,,,4.0,,0,14210910148210718550,227227,0,
10876,,,14,7,13,000,2021,09,09,5,3,5,3,0,,1,1,0,0,0,,"734794,682610855437815","5692477,494793158024549",12.370858616000021,51.33502319000007,0,,0,Mitte,,,,0.0,,0,14210909148410698050,227237,0,
10877,,,14,7,13,000,2021,09,09,3,3,3,6,0,,1,0,0,0,0,,"735064,430967887863517","5692765,476222237572074",12.374914106000062,51.33749679400006,0,,0,Mitte,,,,0.0,,0,14210914148410682660,227241,0,
10878,,,14,7,13,000,2021,08,05,4,3,0,1,0,,0,0,0,1,0,,"737559,939565504901111","5693385,630254385992885",12.411088944000028,51.34202637300007,2,,2,Ost,,,,2.0,,0,14210804148410793380,227242,1,
10879,,,14,7,13,000,2021,07,10,5,3,5,3,0,,1,1,0,0,0,,"736071,182661759667099","5689665,519399914890528",12.387288653000041,51.30925374100008,4,,4,Süd,,,,4.0,,0,14210722148210562520,227243,0,
10880,,,14,7,13,000,2021,09,12,2,3,6,4,0,,1,0,1,0,0,,"734270,093241371214390","5692802,279380701482296",12.363554820000047,51.338154935000034,0,,0,Mitte,,,,0.0,,0,14210920148410738810,227246,0,
10881,,,14,7,13,000,2021,07,11,3,3,5,3,0,,0,1,0,1,0,,"738236,418688331730664","5690985,722026728093624",12.41917942200007,51.32020186900007,3,,3,Südost,,,,3.0,,0,14210727144200561950,227248,0,
10882,,,14,7,13,000,2021,08,13,6,2,5,2,0,,0,1,0,0,1,,"738792,629992808215320","5696081,875488014891744",12.430564125000046,51.365711082000075,1,,1,Nordost,,,,1.0,,0,14210820144200619630,227255,0,
10883,,,14,7,13,000,2021,08,09,5,3,0,7,0,,0,0,1,0,0,,"737395,199045611545444","5692725,297028604894876",12.408287848000043,51.336167990000035,3,,3,Südost,,,,3.0,,1,14210826144320793400,227260,0,
10884,,,14,7,13,000,2021,09,05,4,3,0,7,1,,1,0,0,0,0,,"735774,236122836358845","5692864,088054992258549",12.385151267000026,51.33808812900003,0,,0,Mitte,,,,0.0,,0,14210901148410726160,227264,1,
10885,,,14,7,13,000,2021,10,12,4,3,6,6,0,,0,1,1,0,0,,"732219,783986108377576","5690681,120565546676517",12.33278888700005,51.31995475100007,5,,5,Südwest,,,,5.0,,0,14211027148310813390,227285,0,
10886,,,14,7,13,000,2021,11,11,6,3,5,7,0,,0,1,0,0,0,,"736742,666365250013769","5688798,284958027303219",12.396330060000025,51.30119040400007,4,,4,Süd,,,,4.0,,1,14211126144200903720,227288,0,
10887,,,14,7,13,000,2021,11,08,3,3,5,2,0,,1,1,0,0,0,,"734476,702001486904919","5693078,665986144915223",12.366697678000037,51.34055075300006,0,,0,Mitte,,,,0.0,,0,14211109144200937280,227290,0,
10888,,,14,7,13,000,2021,10,08,3,3,2,2,0,,0,1,0,0,0,,"734162,783028472214937","5692191,398718914017081",12.36161542900004,51.33271556700004,0,,0,Mitte,,,,0.0,,0,14211026144200807660,227293,0,
10889,,,14,7,13,000,2021,11,17,4,2,5,2,0,,0,1,0,1,0,,"727296,044001360423863","5693199,343989131972194",12.263854766000065,51.344549931000074,7,,7,Alt-West,,,,7.0,,0,14211103144200834340,227294,0,
10890,,,14,7,13,000,2021,11,21,7,3,1,5,2,,1,1,0,0,0,,"737565,548686584457755","5694730,935886744409800",12.412067068000056,51.35409950600007,1,,1,Nordost,,,,1.0,,0,14211113148110880160,227301,0,
10891,,,14,7,13,000,2021,12,11,1,3,0,1,0,,0,1,0,0,0,,"740913,026323059573770","5695185,232940316200256",12.460359726000036,51.35676807700003,2,,2,Ost,,,,2.0,,0,14211212148220935250,227303,0,
10892,,,14,7,13,000,2021,10,14,5,3,5,3,0,,1,1,0,0,0,,"740130,021248734556139","5696260,149756638333201",12.449860551000029,51.36674751800007,1,,1,Nordost,,,,1.0,,0,14211021148110807670,227305,0,
10893,,,14,7,13,000,2021,11,15,2,3,5,5,0,,1,1,0,0,0,,"736319,563615806400776","5695749,147042287513614",12.394881583000029,51.363758562000044,9,,9,Nord,,,,9.0,,0,14211101144200880130,227306,0,
10894,,,14,7,13,000,2021,10,10,3,3,5,3,0,,1,1,0,0,0,,"740442,241961456835270","5694685,907872354611754",12.453273443000057,51.35248570500005,2,,2,Ost,,,,2.0,,0,14211005148213825460,227308,1,
10895,,,14,7,13,000,2021,11,16,5,3,3,6,2,,1,1,0,0,0,,"736746,259816457517445","5688808,666347980499268",12.396388400000035,51.30128209600008,4,,4,Süd,,,,4.0,,0,14211118144200879850,227315,0,
10896,,,14,7,13,000,2021,10,07,6,3,3,6,2,,1,0,0,0,0,,"736747,758331409655511","5692862,032118642702699",12.399100986000064,51.33766522800005,3,,3,Südost,,,,3.0,,0,14211015148122793340,227318,0,
10897,,,14,7,13,000,2021,11,16,3,3,5,3,0,,1,1,0,0,0,,"737266,572368495166302","5694404,949928019195795",12.407563822000043,51.351298331000066,1,,1,Nordost,,,,1.0,,0,14211102148422853970,227319,0,
10898,,,14,7,13,000,2021,10,16,4,3,5,3,0,,1,1,0,0,0,,"735836,464940482750535","5694984,884979536756873",12.387447949000034,51.35709911400005,9,,9,Nord,,,,9.0,,0,14211013148123782040,227324,0,
10899,,,14,7,13,000,2021,12,15,3,3,5,3,1,,1,1,0,0,0,,"731822,744774503633380","5688980,944490881636739",12.325996069000041,51.30485441400003,5,,5,Südwest,,,,5.0,,0,14211214148310963840,227325,1,
10900,,,14,7,13,000,2021,11,07,3,3,4,6,0,,1,0,0,0,0,,"734145,503591801039875","5692125,582389779388905",12.361324576000072,51.33213188000008,0,,0,Mitte,,,,0.0,,0,14211123143263903320,227326,0,
10901,,,14,7,13,000,2021,12,12,2,3,5,2,0,,0,1,0,1,0,,"728492,161517964676023","5694739,071228779852390",12.281988678000062,51.35789291900005,7,,7,Alt-West,,,,7.0,,0,14211220144200001800,227339,0,
10902,,,14,7,13,000,2021,11,12,2,3,6,4,0,,1,0,1,0,0,,"733304,586754858493805","5695819,536744832992554",12.351695784000071,51.365636480000035,8,,8,Nordwest,,,,8.0,,1,14211122144200048790,227343,0,
10903,,,14,7,13,000,2021,11,08,3,3,3,2,0,,1,0,0,0,0,,"735089,570165616460145","5694811,566420856863260",12.376625421000028,51.35585281200008,0,,0,Mitte,,,,0.0,,1,14211109148410880380,227345,1,
10904,,,14,7,13,000,2021,10,16,6,3,0,3,0,,0,1,0,1,0,,"736046,588850733824074","5693628,246207563206553",12.389560737000068,51.344834406000075,0,,0,Mitte,,,,0.0,,0,14211001148410766880,227350,0,
10905,,,14,7,13,000,2021,11,07,5,2,6,2,1,,0,1,1,0,0,,"734933,712083747610450","5698630,562911743298173",12.376914856000042,51.390197744000034,9,,9,Nord,,,,9.0,,0,14211104144200834780,227365,1,
10906,,,14,7,13,000,2021,10,08,2,3,5,3,0,,1,1,0,0,0,,"736647,019348922185600","5692726,584512641653419",12.397567379000066,51.33649135700006,3,,3,Südost,,,,3.0,,0,14211004148410768330,227366,0,
10907,,,14,7,13,000,2021,12,12,3,2,5,3,0,,0,1,0,1,0,,"743237,657620002515614","5694199,485244005918503",12.493009666000034,51.346930609000026,2,,2,Ost,,,,2.0,,0,14211228144200010990,227369,0,
10908,,,14,7,13,000,2021,10,18,4,3,4,7,1,,1,1,0,0,0,,"736313,954745514318347","5692028,774985952302814",12.39233172300004,51.330366165000044,0,,0,Mitte,,,,0.0,,0,14211020148410806540,227370,0,
10909,,,14,7,13,000,2021,10,08,5,3,3,5,0,,1,1,0,0,0,,"736905,330993177369237","5690801,284561375156045",12.399989265000045,51.31910204500008,0,,0,Mitte,,,,0.0,,0,14211007148410935720,227380,0,
10910,,,14,7,13,000,2021,12,07,2,2,5,2,2,,1,1,0,0,0,,"734290,898433999158442","5695622,386753251776099",12.365709244000072,51.363460891000045,9,,9,Nord,,,,9.0,,0,14211220144200980200,227385,1,
10911,,,14,7,13,000,2021,11,16,3,3,5,3,1,,1,1,0,0,0,,"732576,107482159510255","5692085,110907951369882",12.33880957100007,51.33241246000006,7,,7,Alt-West,,,,7.0,,0,14211109148310879540,227386,0,
10912,,,14,7,13,000,2021,10,07,3,3,5,3,1,,0,1,0,0,0,,"735708,239875966683030","5692652,019208582118154",12.384065171000032,51.336211897000055,0,,0,Mitte,,,,0.0,,0,14211026148410880370,227392,0,
10913,,,14,7,13,000,2021,09,12,5,3,5,2,0,,1,1,0,0,0,,"732895,874001466669142","5690895,791986903175712",12.342614566000066,51.321605487000056,5,,5,Südwest,,,,5.0,,0,14210930144200737280,227394,0,
10914,,,14,7,13,000,2021,11,16,2,3,3,5,1,,1,1,0,0,0,,"732120,384555521421134","5690880,470855027437210",12.331494688000078,51.32178483200005,5,,5,Südwest,,,,5.0,,0,14211108148310848110,227399,1,