UNFALL_ID,FID_left,OBJECTID,ULAND,UREGBEZ,UKREIS,UGEMEINDE,UJAHR,UMONAT,USTUNDE,UWOCHENTAG,UKATEGORIE,UART,UTYP1,ULICHTVERH,IstStrasse,IstRad,IstPKW,IstFuss,IstKrad,IstGkfz,IstSonstig,LINREFX,LINREFY,XGCSWGS84,YGCSWGS84,index_right,FID_right,SBZ,Name,UIDENTSTLA,LICHT,STRZUSTAND,FID,OBJECTID_1,IstSonstige,UIDENTSTLAE,OID_,IstStrassenzustand,PLST
10915,,,14,7,13,000,2021,12,07,2,3,6,4,1,,1,1,1,0,0,,"735455,530001494102180","5695942,102985627949238",12.382620202000055,51.365849309000055,9,,9,Nord,,,,9.0,,0,14211213148110936300,227402,1,
10916,,,14,7,13,000,2021,12,10,6,3,5,3,0,,1,1,0,0,0,,"741388,200641211122274","5686865,009986961260438",12.461539401000039,51.28188780900007,3,,3,Südost,,,,3.0,,0,14211210144200936790,227412,0,
10917,,,14,7,13,000,2021,10,19,3,3,5,3,2,,1,1,0,0,0,,"736130,798362750560045","5697144,170492593199015",12.393101426000044,51.37635898800005,9,,9,Nord,,,,9.0,,0,14211019144200793780,227414,0,
10918,,,14,7,13,000,2021,11,14,6,3,5,3,0,,1,1,0,0,0,,"735143,337001509033144","5689221,821985922753811",12.373707812000077,51.30565494200005,4,,4,Süd,,,,4.0,,0,14211105148210859010,227415,1,
10919,,,14,7,13,000,2021,10,07,5,3,5,3,2,,1,1,0,0,0,,"734873,060272867791355","5694494,145650140941143",12.373311951000062,51.35309304900005,0,,0,Mitte,,,,0.0,,0,14211021148410807750,227421,1,
10920,,,14,7,13,000,2021,10,17,2,3,0,1,0,,1,0,0,0,0,,"731853,941184305585921","5692539,352517101913691",12.328756739000028,51.33678492700005,7,,7,Alt-West,,,,7.0,,0,14211004148210767410,227426,0,
10921,,,14,7,13,000,2021,12,10,4,3,5,3,0,,1,1,0,0,0,,"737172,188415165990591","5695059,703583795577288",12.406647233000058,51.35721482100007,1,,1,Nordost,,,,1.0,,0,14211222148110979050,227429,0,
10922,,,14,7,13,000,2021,11,18,6,3,9,1,2,,0,0,0,1,0,,"730908,376817744225264","5691772,662463406100869",12.314708710000048,51.33028712300006,7,,7,Alt-West,,,,7.0,,0,14211119148310935260,227431,0,
10923,,,14,7,13,000,2021,10,07,5,2,6,2,2,,0,1,1,0,0,,"732730,173230394721031","5696017,020043278113008",12.343588005000072,51.36764480900007,8,,8,Nordwest,,,,8.0,,0,14211014144200891040,227432,1,
10924,,,14,7,13,000,2021,11,07,6,3,3,6,2,,0,1,0,0,1,,"737089,612912863492966","5690028,504093494266272",12.402115324000022,51.31208870700004,4,,4,Süd,,,,4.0,,0,14211126144200032140,227434,0,
10925,,,14,7,13,000,2021,10,17,6,3,2,6,0,,1,1,0,0,0,,"735095,112425919622183","5693969,858081147074699",12.376148903000058,51.34829506600005,0,,0,Mitte,,,,0.0,,0,14211001148410768650,227440,0,
10926,,,14,7,13,000,2021,12,13,3,3,5,3,0,,1,1,0,0,0,,"736338,710368368774652","5692761,425388826057315",12.393172407000066,51.33693230200004,0,,0,Mitte,,,,0.0,,0,14211207148410993660,227442,0,
10927,,,14,7,13,000,2021,11,19,3,3,6,4,2,,0,1,1,0,0,,"729483,374001407064497","5689827,361988348886371",12.293036959000062,51.313400579000074,6,,6,West,,,,6.0,,0,14211109148310858670,227447,0,
10928,,,14,7,13,000,2021,12,21,4,3,6,7,2,,0,1,1,0,0,,"731703,560073287226260","5691894,208763297647238",12.326182048000021,51.33105487800003,7,,7,Alt-West,,,,7.0,,0,14211215148310963830,227450,0,
10929,,,14,7,13,000,2021,10,10,1,3,5,3,0,,0,1,0,0,0,,"735709,446001486852765","5699712,351985419169068",12.388762455000062,51.399586458000044,9,,9,Nord,,,,9.0,,0,14211024148110813810,227452,0,
10930,,,14,7,13,000,2021,09,14,5,3,2,6,0,,0,1,0,0,0,,"735039,764921464957297","5696508,660805745050311",12.377032849000045,51.37110706300007,9,,9,Nord,,,,9.0,,0,14210930148110738240,227454,0,
10931,,,14,7,13,000,2021,12,16,2,2,6,4,1,,0,1,1,0,0,,"730176,389022738672793","5689977,194069705903530",12.303060553000023,51.31446579500005,5,,5,Südwest,,,,5.0,,0,14211206144200934030,227456,0,
10932,,,14,7,13,000,2021,11,01,1,3,6,4,2,,0,1,1,0,0,,"733871,840139880776405","5694913,754580389708281",12.359234517000061,51.35727252100003,9,,9,Nord,,,,9.0,,0,14211121148110880571,227457,0,
10933,,,14,7,13,000,2021,12,06,6,3,2,2,2,,1,1,0,0,0,,"736132,709615802392364","5692838,846276678144932",12.390271685000073,51.337712820000036,0,,0,Mitte,,,,0.0,,0,14211210148415934950,227462,1,
10934,,,14,7,13,000,2021,10,00,7,3,5,3,2,,1,0,0,0,0,,"731463,852001434192061","5693084,839987477287650",12.323520792000068,51.34184058200003,7,,7,Alt-West,,,,7.0,,1,14211030144200879490,227466,0,
10935,,,14,7,13,000,2021,10,17,1,3,5,3,0,,1,1,0,0,0,,"741059,470170669257641","5693970,506994849070907",12.46163639100007,51.34580317100006,2,,2,Ost,,,,2.0,,0,14211003144200767100,227471,0,
10936,,,14,7,13,000,2021,10,09,1,3,5,3,0,,1,1,0,0,0,,"734742,428251492790878","5694654,609952244907618",12.371545110000056,51.35458740300004,0,,0,Mitte,,,,0.0,,0,14211010144320848140,227472,0,
10937,,,14,7,13,000,2021,12,13,2,3,6,7,0,,0,1,1,0,0,,"735726,637202628888190","5695519,222196783870459",12.38622743700006,51.36194101400008,9,,9,Nord,,,,9.0,,0,14211227148110993630,227474,2,
10938,,,14,7,13,000,2021,12,15,5,3,1,7,0,,1,1,0,0,0,,"737167,096812624484301","5693659,999632634222507",12.405641612000068,51.34465312300006,2,,2,Ost,,,,2.0,,0,14211216148410964360,227477,0,
10939,,,14,7,13,000,2021,10,06,6,2,3,6,0,,1,1,0,0,0,,"732416,325887747108936","5691618,247105367481709",12.336215473000038,51.32828685900006,5,,5,Südwest,,,,5.0,,0,14211001144200737650,227484,0,
10940,,,14,7,13,000,2021,11,16,3,3,5,2,1,,0,1,0,0,0,,"734805,705700181424618","5692634,683283595368266",12.371120179000059,51.33642962700003,0,,0,Mitte,,,,0.0,,1,14211123144200891050,227487,1,
10941,,,14,7,13,000,2021,10,16,4,3,2,6,0,,1,0,0,0,0,,"733713,575215354561806","5692452,375529555603862",12.355349726000043,51.335242995000044,0,,0,Mitte,,,,0.0,,1,14211013148410847140,227494,0,
10942,,,14,7,13,000,2021,10,17,2,3,5,2,1,,1,1,0,0,0,,"734999,091958512552083","5692264,807138318195939",12.37364750100005,51.33302960100008,0,,0,Mitte,,,,0.0,,0,14211025148410834390,227500,0,
10943,,,14,7,13,000,2021,10,18,6,3,2,6,1,,0,1,0,0,0,,"732569,199243285693228","5692079,988568307831883",12.338707236000062,51.332369302000075,5,,5,Südwest,,,,5.0,,0,14211001148310766940,227502,0,
10944,,,14,7,13,000,2021,12,20,7,3,0,1,2,,1,0,0,0,0,,"737676,816261881031096","5692299,219418669119477",12.412039107000055,51.33222588600006,2,,2,Ost,,,,2.0,,0,14211218148210963800,227507,0,
10945,,,14,7,13,000,2021,10,12,7,3,5,2,0,,1,0,0,0,0,,"731430,072638973593712","5692077,043946847319603",12.322381884000038,51.33280750000006,7,,7,Alt-West,,,,7.0,,1,14211023148310813820,227513,0,
10946,,,14,7,13,000,2021,11,18,7,3,4,7,2,,0,1,0,0,0,,"737911,770420275628567","5687115,008906377479434",12.411948907000067,51.28559392200003,4,,4,Süd,,,,4.0,,0,14211106148223847540,227519,0,
10947,,,14,7,13,000,2021,11,16,6,3,5,3,1,,1,0,0,0,0,,"735914,217518893070519","5694624,028226343914866",12.388323422000042,51.35382771500008,9,,9,Nord,,,,9.0,,1,14211112148423879890,227520,0,
10948,,,14,7,13,000,2021,10,15,6,3,2,6,0,,0,1,0,0,0,,"734356,589480651542544","5692927,936205687001348",12.364877075000038,51.33924725000003,0,,0,Mitte,,,,0.0,,0,14211008144200768270,227533,0,
10949,,,14,7,13,000,2021,12,10,2,3,2,6,0,,1,1,0,0,0,,"738194,874928019940853","5694165,520988510921597",12.420710196000073,51.34876099600007,2,,2,Ost,,,,2.0,,0,14211220144200964570,227540,0,
10950,,,14,7,13,000,2021,10,09,6,3,3,2,0,,1,1,0,0,0,,"735588,653766456060112","5692241,367484435439110",12.382079944000054,51.332575312000074,0,,0,Mitte,,,,0.0,,0,14211001148415793390,227546,0,
10951,,,14,7,13,000,2021,12,19,3,2,6,6,2,,0,1,1,0,0,,"731780,231985415332019","5689686,121935231611133",12.325845302000062,51.31120200500004,5,,5,Südwest,,,,5.0,,0,14211214144200964312,227554,1,
10952,,,14,7,13,000,2021,09,07,5,3,5,2,0,,1,1,0,0,0,,"735012,853132259100676","5692060,477488873526454",12.373709925000071,51.33118977300006,0,,0,Mitte,,,,0.0,,0,14210930148410766990,227559,0,
10953,,,14,7,13,000,2021,10,10,3,3,0,1,0,,1,0,0,0,0,,"738125,919047683477402","5694097,068896433338523",12.419676029000073,51.348175463000075,1,,1,Nordost,,,,1.0,,0,14211005148210768640,227560,1,
10954,,,14,7,13,000,2021,11,15,3,3,5,2,0,,1,1,0,0,0,,"735979,964710795320570","5692882,696994440630078",12.388111821000052,51.338169837000066,0,,0,Mitte,,,,0.0,,0,14211130144200903740,227561,1,
10955,,,14,7,13,000,2021,10,14,4,3,6,2,0,,0,1,1,0,0,,"731550,893866316415370","5692161,899728514254093",12.324168391000057,51.33352006400003,7,,7,Alt-West,,,,7.0,,0,14211027148310846830,227567,0,
10956,,,14,7,13,000,2021,12,21,7,3,2,2,2,,0,1,0,1,0,,"734025,392001471482217","5695768,626986296847463",12.361998387000028,51.36488303100003,9,,9,Nord,,,,9.0,,0,14211211144200994870,227581,1,
10957,,,14,7,13,000,2021,10,06,4,2,6,4,2,,0,1,1,0,0,,"734263,957677517086267","5695510,986678205430508",12.365249574000075,51.362472026000034,9,,9,Nord,,,,9.0,,0,14211027148110847120,227583,0,
10958,,,14,7,13,000,2021,11,16,6,3,6,7,2,,0,0,1,0,0,,"732916,558981198817492","5695940,881865566596389",12.34621100000004,51.36688496000005,8,,8,Nordwest,,,,8.0,,1,14211126144200902700,227586,0,
10959,,,14,7,13,000,2021,12,15,4,3,0,1,0,,1,0,0,0,0,,"734999,437741337344050","5696209,313141001388431",12.37625666300005,51.36843671300005,9,,9,Nord,,,,9.0,,0,14211208148110963450,227592,1,
10960,,,14,7,13,000,2021,10,08,7,3,3,2,0,,0,1,0,0,0,,"743738,571035346016288","5694415,341004803776741",12.50033640600003,51.34865342100005,2,,2,Ost,,,,2.0,,0,14211030148210890610,227615,0,
10961,,,14,7,13,000,2021,11,17,3,3,5,3,2,,1,1,0,0,0,,"735836,721001503989100","5694978,974985461682081",12.387447703000078,51.35704595800007,9,,9,Nord,,,,9.0,,0,14211130144200963210,227617,0,
10962,,,14,7,13,000,2021,11,21,5,3,7,7,2,,0,0,0,1,0,,"732587,297894488088787","5700105,499156316742301",12.344216103000065,51.404403916000035,8,,8,Nordwest,,,,8.0,,0,14211118148121047630,227624,0,
10963,,,14,7,13,000,2021,10,00,7,3,5,2,2,,0,1,0,0,0,,"737773,612608237192035","5693736,542476624250412",12.414385510000045,51.34508684700006,2,,2,Ost,,,,2.0,,0,14211016144200793290,227627,0,
10964,,,14,7,13,000,2021,11,13,3,3,1,6,0,,0,1,0,0,0,,"738968,369695940986276","5693675,076970001682639",12.431467799000075,51.34403423300006,2,,2,Ost,,,,2.0,,0,14211116148210903780,227640,0,
10965,,,14,7,13,000,2021,10,16,3,3,1,5,0,,0,0,0,0,0,,"736932,623510835692286","5697651,996045641601086",12.404940074000024,51.38058329300003,1,,1,Nordost,,,,1.0,,1,14211026144200813350,227644,0,
10966,,,14,7,13,000,2021,10,14,4,3,0,1,0,,1,1,0,0,0,,"739314,013251628726721","5693854,879325801506639",12.43654233500007,51.34550272200005,2,,2,Ost,,,,2.0,,0,14211013144000783560,227654,0,
10967,,,14,7,13,000,2021,12,07,3,3,2,2,1,,1,1,0,0,0,,"734946,439450773410499","5695783,568741025403142",12.375215378000064,51.364637017000064,9,,9,Nord,,,,9.0,,0,14211221148110001850,227657,0,
10968,,,14,7,13,000,2021,10,12,4,3,1,6,0,,1,0,0,0,0,,"735245,696771522983909","5697987,463619755581021",12.380964993000077,51.38429592400007,9,,9,Nord,,,,9.0,,1,14211006144200767910,227666,0,
10969,,,14,7,13,000,2021,11,13,5,3,5,3,0,,1,1,0,0,0,,"734834,100410121493042","5692993,506049165502191",12.371763645000044,51.33963883800004,0,,0,Mitte,,,,0.0,,0,14211111148410854990,227671,0,
10970,,,14,7,13,000,2021,10,12,6,2,0,7,0,,1,0,0,0,0,,"737735,916432909667492","5693918,553029514849186",12.41396676100004,51.34673633700004,2,,2,Ost,,,,2.0,,0,14211029144200922370,227677,0,
10971,,,14,7,13,000,2021,09,09,3,3,1,7,0,,1,0,0,0,0,,"731492,994400939904153","5691537,961747771129012",12.322933358000057,51.32794263300008,5,,5,Südwest,,,,5.0,,0,14210928148310725630,227678,1,
10972,,,14,7,13,000,2021,10,09,6,3,5,3,0,,1,1,0,0,0,,"737309,082618826068938","5697090,787199594080448",12.409965114000045,51.37538868900003,1,,1,Nordost,,,,1.0,,0,14211008144200767890,227682,0,
10973,,,14,7,13,000,2021,11,19,5,3,5,2,2,,1,1,0,0,0,,"735095,974662303924561","5694521,808154338970780",12.376525816000026,51.35324919800007,0,,0,Mitte,,,,0.0,,0,14211118662221880410,227686,0,
10974,,,14,7,13,000,2021,10,17,4,3,6,4,0,,0,1,1,0,0,,"742276,988825660198927","5694229,360885277390480",12.479261695000048,51.34760896000006,2,,2,Ost,,,,2.0,,0,14211013144310783850,227687,0,
10975,,,14,7,13,000,2021,11,15,6,3,6,7,0,,0,1,1,0,0,,"727884,464087726548314","5690279,624595511704683",12.270422178000047,51.31810312600004,6,,6,West,,,,6.0,,0,14211126148310912660,227689,0,
10976,,,14,7,13,000,2021,12,16,3,3,1,1,2,,0,1,0,0,0,,"729256,566176856867969","5694723,568286970257759",12.292938914000047,51.35744588000006,7,,7,Alt-West,,,,7.0,,0,14211214148310963470,227707,1,
10977,,,14,7,13,000,2021,11,07,5,3,3,2,0,,0,1,0,1,0,,"737532,980746910907328","5691927,161816997453570",12.409730166000031,51.32894636000003,3,,3,Südost,,,,3.0,,0,14211111148410934930,227717,0,
10978,,,14,7,13,000,2021,10,18,6,3,1,7,2,,0,1,0,0,0,,"734261,641141991131008","5695314,094685262069106",12.365086695000059,51.36070559600006,9,,9,Nord,,,,9.0,,0,14211029144200834350,227722,0,
10979,,,14,7,13,000,2021,10,16,1,3,0,1,0,,1,0,0,0,0,,"738618,195070520043373","5693597,127814413979650",12.426396891000024,51.34348164000005,2,,2,Ost,,,,2.0,,0,14211017148410793851,227725,0,
10980,,,14,7,13,000,2021,09,14,5,3,5,3,0,,1,1,0,0,0,,"738676,296645358204842","5694191,606451241299510",12.42762810000005,51.34879321300008,2,,2,Ost,,,,2.0,,0,14210930143263738710,227727,0,
10981,,,14,7,13,000,2021,10,07,3,3,6,7,0,,1,0,1,0,0,,"734980,026275395415723","5696055,829160736873746",12.375876874000028,51.36706702200007,9,,9,Nord,,,,9.0,,0,14211005148121047620,227728,0,
10982,,,14,7,13,000,2021,12,17,2,3,2,2,2,,0,1,0,0,0,,"735397,447651930153370","5690908,498415183275938",12.378459896000038,51.32069018000004,4,,4,Süd,,,,4.0,,0,14211206148410934920,227729,0,
10983,,,14,7,13,000,2021,12,07,6,3,5,2,0,,0,1,0,0,0,,"738795,039024537429214","5696080,065396390855312",12.430597452000029,51.365693822000026,1,,1,Nordost,,,,1.0,,0,14211217148110963240,227731,0,
10984,,,14,7,13,000,2021,11,14,2,3,5,2,0,,1,1,0,0,0,,"735043,309446471743286","5690881,759576901793480",12.37336908800006,51.32059655000006,4,,4,Süd,,,,4.0,,0,14211108144200848040,227732,1,
10985,,,14,7,13,000,2021,11,19,3,3,0,1,2,,0,1,0,0,0,,"735638,678295533172786","5695930,320180680602789",12.385238625000056,51.36566761000006,9,,9,Nord,,,,9.0,,0,14211130144200963200,227740,1,
10986,,,14,7,13,000,2021,10,14,1,3,6,4,0,,1,0,1,0,0,,"732924,157001467421651","5690279,392986902967095",12.342617130000065,51.31606068600007,5,,5,Südwest,,,,5.0,,0,14211010148310935270,227744,0,
10987,,,14,7,13,000,2021,10,12,3,3,5,3,0,,1,1,0,0,0,,"728909,458006734028459","5689666,219489183276892",12.284712525000032,51.31218507400007,6,,6,West,,,,6.0,,0,14211026148323813830,227755,0,
10988,,,14,7,13,000,2021,12,19,4,3,5,3,2,,1,1,0,0,0,,"737042,687382953241467","5691090,505952220410109",12.402149101000077,51.321640939000076,0,,0,Mitte,,,,0.0,,0,14211208148410937350,227759,1,
10989,,,14,7,13,000,2021,10,17,5,3,6,4,1,,0,1,1,0,0,,"734279,555235636420548","5695540,901313778012991",12.365492924000023,51.362734121000074,9,,9,Nord,,,,9.0,,0,14211021148110807680,227767,1,
10990,,,14,7,13,000,2021,10,20,1,3,0,7,2,,1,1,0,0,0,,"733919,846767157316208","5693475,326541865244508",12.358977480000021,51.34434072800008,0,,0,Mitte,,,,0.0,,0,14211031148410825040,227768,0,
10991,,,14,7,13,000,2021,10,14,3,2,9,1,0,,0,1,0,0,0,,"742237,153809367679060","5686192,938293932005763",12.473234071000036,51.275495352000064,3,,3,Südost,,,,3.0,,0,14211005144200766820,227770,0,
10992,,,14,7,13,000,2021,10,16,6,3,6,4,0,,1,0,1,0,0,,"735370,617348680272698","5695438,748495124280453",12.381069513000057,51.36136624900007,9,,9,Nord,,,,9.0,,0,14211029148110824740,227778,0,
10993,,,14,7,13,000,2021,11,06,6,3,1,6,2,,0,1,0,0,0,,"741269,253556473180652","5693987,549180801957846",12.464654537000058,51.345867147000035,2,,2,Ost,,,,2.0,,0,14211126144200903360,227780,0,
10994,,,14,7,13,000,2021,10,04,1,2,9,1,2,,0,1,0,0,0,,"738545,246001549996436","5693716,785984130576253",12.425431562000028,51.34458628800007,2,,2,Ost,,,,2.0,,0,14211017144200793300,227781,0,
10995,,,14,7,13,000,2021,11,11,4,3,1,6,0,,0,1,0,0,0,,"731643,487231471575797","5696561,353763213381171",12.32835880500005,51.37297531000007,8,,8,Nordwest,,,,8.0,,0,14211103148110854900,227783,0,
10996,,,14,7,13,000,2021,10,19,6,3,5,2,2,,0,1,0,0,0,,"731863,586326246149838","5689254,543273530900478",12.326758737000034,51.30729384000006,5,,5,Südwest,,,,5.0,,0,14211008144200768260,227785,0,
10997,,,14,7,13,000,2021,12,11,2,3,5,3,0,,1,0,0,0,0,,"735052,289629364386201","5690656,404311072081327",12.373349183000073,51.31856996000005,4,,4,Süd,,,,4.0,,1,14211220148222993640,227787,0,
10998,,,14,7,13,000,2021,10,06,5,3,2,2,1,,0,1,0,0,0,,"736168,554925626143813","5692946,822194090113044",12.39085695600005,51.33866715000005,0,,0,Mitte,,,,0.0,,0,14211014148410793370,227788,1,
10999,,,14,7,13,000,2021,11,07,2,3,6,4,1,,1,0,1,0,0,,"733445,275709532201290","5695776,499732146039605",12.353684980000025,51.36519236500004,8,,8,Nordwest,,,,8.0,,0,14211115148110878550,227793,1,
11000,,,14,7,13,000,2021,11,16,2,3,6,2,1,,0,1,1,0,0,,"736537,211492948234081","5695717,034011188894510",12.397980976000042,51.36337974300005,9,,9,Nord,,,,9.0,,0,14211101144200834310,227796,0,
11001,,,14,7,13,000,2021,10,21,6,3,3,6,2,,1,0,0,0,0,,"731114,549802144058049","5686910,003524132072926",12.31451333700005,51.28655153700004,5,,5,Südwest,,,,5.0,,0,14211001148322834380,227797,0,
11002,,,14,7,13,000,2021,12,16,7,3,5,2,1,,0,1,0,0,0,,"734805,699595967307687","5692638,474340613931417",12.371122590000027,51.33646365900006,0,,0,Mitte,,,,0.0,,1,14211204144200978990,227799,0,
11003,,,14,7,13,000,2021,10,11,6,3,3,2,0,,1,1,0,0,0,,"735663,601605391129851","5696053,084552202373743",12.385677359000056,51.36675923200005,9,,9,Nord,,,,9.0,,0,14211008148110769720,227803,0,
11004,,,14,7,13,000,2021,12,19,6,3,8,1,2,,0,1,0,0,0,,"730064,154292792081833","5690056,114118235185742",12.301503747000027,51.31521964500007,6,,6,West,,,,6.0,,0,14211224148310066740,227805,1,
11005,,,14,7,13,000,2021,12,14,5,3,5,3,0,,1,1,0,0,0,,"734964,317622609436512","5695237,982459560036659",12.375111349000065,51.35973226300007,0,,0,Mitte,,,,0.0,,0,14211216144200031560,227807,0,
11006,,,14,7,13,000,2021,11,10,6,3,5,3,0,,1,1,0,0,0,,"738086,396081962622702","5697555,512356925755739",12.421424529000035,51.379234677000056,1,,1,Nordost,,,,1.0,,0,14211126148110902740,227808,0,
11007,,,14,7,13,000,2021,11,06,3,3,5,3,2,,0,1,0,0,0,,"735184,128275272436440","5688970,705146888270974",12.374126493000063,51.303383962000055,4,,4,Süd,,,,4.0,,1,14211109148210848100,227810,1,
11008,,,14,7,13,000,2021,11,08,1,2,1,1,0,,1,0,0,0,0,,"729819,921174893155694","5690746,661438131704926",12.29845018800006,51.321517431000075,6,,6,West,,,,6.0,,1,14211114148323890630,227811,0,
11009,,,14,7,13,000,2021,10,16,3,3,6,4,0,,1,0,1,0,0,,"737261,951365243643522","5694399,804140042513609",12.407494153000073,51.35125407100003,1,,1,Nordost,,,,1.0,,0,14211026144200813370,227813,0,
11010,,,14,7,13,000,2021,10,20,7,3,0,6,2,,0,1,0,0,0,,"739936,244503921829164","5694074,834163863211870",12.445608461000063,51.34721471800003,2,,2,Ost,,,,2.0,,1,14211002144200767090,227815,0,
11011,,,14,7,13,000,2021,11,07,6,3,5,2,0,,1,1,0,0,0,,"734505,681969936937094","5690905,302905367687345",12.365682786000036,51.32102970200003,4,,4,Süd,,,,4.0,,0,14211105144200903750,227820,1,
11012,,,14,7,13,000,2021,11,15,7,3,3,6,0,,0,1,0,0,0,,"739928,820092614740133","5694038,326324632391334",12.44547744700003,51.34689016900006,2,,2,Ost,,,,2.0,,0,14211113148210923480,227821,0,
11013,,,14,7,13,000,2021,10,17,3,3,5,3,0,,1,0,0,0,0,,"735174,222001497633755","5693485,316985810175538",12.37696280700004,51.34391294200003,0,,0,Mitte,,,,0.0,,0,14211012144200782660,227822,1,
11014,,,14,7,13,000,2021,12,18,4,3,5,3,2,,0,1,0,0,0,,"735761,657509943470359","5693474,562755133956671",12.385375124000063,51.34357312900005,0,,0,Mitte,,,,0.0,,1,14211229148410993370,227824,1,
11015,,,14,7,13,000,2021,10,15,1,3,0,6,0,,1,0,0,0,0,,"734846,889041917398572","5687310,932569406926632",12.36820553800004,51.28862422900005,4,,4,Süd,,,,4.0,,0,14211031148210825450,227826,0,
11016,,,14,7,13,000,2021,10,10,2,3,6,2,0,,0,1,1,0,0,,"737252,081679063849151","5692227,947290839627385",12.405905827000026,51.33176345800007,3,,3,Südost,,,,3.0,,0,14211011148410769160,227833,0,
11017,,,14,7,13,000,2021,10,19,6,3,6,4,2,,0,1,1,0,0,,"738968,614791010506451","5697664,050418959930539",12.434151042000053,51.379838318000054,1,,1,Nordost,,,,1.0,,0,14211029148110846320,227837,0,
11018,,,14,7,13,000,2021,10,17,6,3,0,1,1,,1,0,0,0,0,,"736535,350702435709536","5693006,143766677007079",12.396152799000049,51.33904718400004,3,,3,Südost,,,,3.0,,0,14211015148410782770,227840,1,
11019,,,14,7,13,000,2021,10,10,5,3,5,2,0,,1,1,0,0,0,,"738646,235832757316530","5695290,909286830574274",12.427934377000042,51.35867301300004,1,,1,Nordost,,,,1.0,,0,14211007144200770820,227844,0,
11020,,,14,7,13,000,2021,10,11,4,3,5,3,0,,0,1,0,0,0,,"730511,147720522247255","5689715,063681604340672",12.307686404000037,51.31197716400004,6,,6,West,,,,6.0,,0,14211027144200813760,227847,0,
11021,,,14,7,13,000,2021,11,17,3,3,5,2,1,,1,1,0,0,0,,"735782,792018665000796","5693130,580760862678289",12.385450290000051,51.34047669200004,0,,0,Mitte,,,,0.0,,0,14211123144200902710,227850,1,
11022,,,14,7,13,000,2021,11,18,4,3,5,2,2,,1,1,0,0,0,,"735015,909123619087040","5692057,481364833191037",12.373751737000077,51.33116161600003,0,,0,Mitte,,,,0.0,,0,14211110144200854860,227852,0,
11023,,,14,7,13,000,2021,10,20,7,3,5,3,2,,1,1,0,0,0,,"734403,034747867844999","5692969,944913299754262",12.365570344000048,51.339605196000036,0,,0,Mitte,,,,0.0,,0,14211030148410824780,227856,0,
11024,,,14,7,13,000,2021,11,07,6,3,1,5,0,,0,1,0,0,0,,"737187,362798077985644","5693870,062558162957430",12.406072007000034,51.34653020800005,2,,2,Ost,,,,2.0,,1,14211105148410846860,227862,1,
11025,,,14,7,13,000,2021,10,19,6,3,3,2,2,,1,1,0,0,0,,"734121,633982640691102","5696550,466120552271605",12.363893211000061,51.37186150000008,9,,9,Nord,,,,9.0,,0,14211022662211880270,227868,1,
11026,,,14,7,13,000,2021,11,10,2,3,5,2,0,,0,1,0,0,0,,"738792,539295672439039","5696083,766788348555565",12.430564094000033,51.365728096000055,1,,1,Nordost,,,,1.0,,0,14211108148110848080,227874,0,
11027,,,14,7,13,000,2021,12,12,4,3,5,3,0,,0,1,0,0,0,,"740466,726775201968849","5693910,771893091499805",12.453100816000074,51.34551802400006,2,,2,Ost,,,,2.0,,0,14211229144200993620,227878,1,
11028,,,14,7,13,000,2021,09,08,5,3,1,5,0,,1,1,0,0,0,,"736726,948749715462327","5689340,342936309054494",12.396464525000056,51.30606257100004,4,,4,Süd,,,,4.0,,0,14210930148210737680,227882,0,
11029,,,14,7,13,000,2021,10,17,4,3,1,5,0,,0,1,0,0,0,,"736198,922829782590270","5687894,665027620270848",12.387946341000031,51.29330503800003,4,,4,Süd,,,,4.0,,0,14211006144200825410,227883,0,
11030,,,14,7,13,000,2021,12,10,5,3,5,3,0,,1,1,0,0,0,,"732383,122001442126930","5696305,135987021028996",12.338799386000062,51.37037319900003,8,,8,Nordwest,,,,8.0,,0,14211202148110963250,227884,0,
11031,,,14,7,13,000,2021,12,14,7,3,1,5,0,,1,1,0,0,0,,"735390,021247321739793","5691312,542332185432315",12.37862027400007,51.32432009400003,4,,4,Süd,,,,4.0,,0,14211211148410964630,227888,0,
11032,,,14,7,13,000,2021,12,18,3,3,5,3,2,,1,1,0,0,0,,"732843,797043426893651","5692082,357385011389852",12.342643646000056,51.33227822300006,5,,5,Südwest,,,,5.0,,0,14211228144200993340,227889,1,
11033,,,14,7,13,000,2021,10,07,6,3,2,2,0,,0,1,0,0,0,,"739921,153917568735778","5693974,407103030011058",12.445324498000048,51.346319684000036,2,,2,Ost,,,,2.0,,0,14211015148210782730,227894,0,
11034,,,14,7,13,000,2021,10,17,6,2,5,3,1,,0,1,0,1,0,,"738387,445998731069267","5696433,219269279390574",12.424989839000034,51.36903485200003,1,,1,Nordost,,,,1.0,,0,14211015144200783480,227897,1,