UNFALL_ID,FID_left,OBJECTID,ULAND,UREGBEZ,UKREIS,UGEMEINDE,UJAHR,UMONAT,USTUNDE,UWOCHENTAG,UKATEGORIE,UART,UTYP1,ULICHTVERH,IstStrasse,IstRad,IstPKW,IstFuss,IstKrad,IstGkfz,IstSonstig,LINREFX,LINREFY,XGCSWGS84,YGCSWGS84,index_right,FID_right,SBZ,Name,UIDENTSTLA,LICHT,STRZUSTAND,FID,OBJECTID_1,IstSonstige,UIDENTSTLAE,OID_,IstStrassenzustand,PLST
11035,,,14,7,13,000,2021,10,16,5,3,2,2,0,,0,1,0,0,0,,"729921,143798742443323","5690166,759199379011989",12.29952647600004,51.31627070800005,6,,6,West,,,,6.0,,1,14211007148310767430,227900,0,
11036,,,14,7,13,000,2021,10,13,5,3,3,2,0,,0,0,0,0,0,,"735379,449001487344503","5697763,326985619962215",12.382735196000056,51.38222858700004,9,,9,Nord,,,,9.0,,1,14211014148110783090,227902,1,
11037,,,14,7,13,000,2021,12,19,3,2,5,3,2,,1,1,0,0,0,,"732939,825585188344121","5692914,257907878607512",12.344563644000061,51.339706586000034,7,,7,Alt-West,,,,7.0,,0,14211214148323081120,227903,1,
11038,,,14,7,13,000,2021,12,17,2,3,6,4,2,,0,1,1,0,0,,"742260,948691291734576","5694026,315475078299642",12.478893644000038,51.34579338700007,2,,2,Ost,,,,2.0,,0,14211220144200065980,227905,0,
11039,,,14,7,13,000,2021,12,20,3,3,0,1,2,,1,0,0,0,0,,"729255,949001390486956","5694931,263988347724080",12.29306389800007,51.35931063100003,7,,7,Alt-West,,,,7.0,,0,14211214148310963480,227909,1,
11040,,,14,7,13,000,2021,12,13,6,3,3,5,0,,0,1,0,1,0,,"733697,489910281263292","5695388,541982868686318",12.357046723000053,51.36160617500008,9,,9,Nord,,,,9.0,,0,14211203144200922380,227916,0,
11041,,,14,7,13,000,2021,11,19,6,3,0,7,2,,0,0,0,0,0,,"735650,271629256196320","5693444,748143438249826",12.383758965000027,51.34335168000007,0,,0,Mitte,,,,0.0,,1,14211119148410880940,227917,0,
11042,,,14,7,13,000,2021,11,18,5,3,5,2,2,,0,1,0,0,0,,"734796,642773268744349","5691471,892656741663814",12.370224139000072,51.32599567400007,0,,0,Mitte,,,,0.0,,0,14211104148410922440,227930,1,
11043,,,14,7,13,000,2021,10,10,2,3,3,2,0,,1,1,0,0,0,,"735699,338370179757476","5695709,830280706286430",12.385962327000072,51.363663280000026,9,,9,Nord,,,,9.0,,0,14211004145500783530,227931,1,
11044,,,14,7,13,000,2021,10,14,4,3,5,2,0,,0,1,0,0,0,,"734404,896001487039030","5692968,703986184671521",12.365596202000063,51.33959328900005,0,,0,Mitte,,,,0.0,,1,14211013148410783130,227938,0,
11045,,,14,7,13,000,2021,11,19,2,3,6,7,2,,0,1,1,0,0,,"734848,525515596382320","5691821,255528945475817",12.371197668000036,51.32911028700005,0,,0,Mitte,,,,0.0,,0,14211129148210912651,227940,0,
11046,,,14,7,13,000,2021,10,14,7,3,6,4,0,,1,0,1,0,0,,"737232,255060464143753","5692153,202770279720426",12.405571983000073,51.33110081400008,3,,3,Südost,,,,3.0,,0,14211002148410737930,227945,0,
11047,,,14,7,13,000,2021,11,08,5,3,6,4,0,,1,0,1,0,0,,"735047,351056028157473","5691295,198517907410860",12.37369955500003,51.32430607500004,4,,4,Süd,,,,4.0,,0,14211104148210834820,227948,1,
11048,,,14,7,13,000,2021,10,14,2,3,5,3,0,,1,1,0,0,0,,"737095,840819475241005","5696340,207225056365132",12.406406226000058,51.36874053000008,1,,1,Nordost,,,,1.0,,0,14211004144200768610,227949,0,
11049,,,14,7,13,000,2021,10,14,5,3,5,2,0,,1,1,0,0,0,,"731597,808676984161139","5690701,430580150336027",12.32389171400007,51.32039055300004,5,,5,Südwest,,,,5.0,,0,14211014148310770840,227955,1,
11050,,,14,7,13,000,2021,11,11,5,3,3,6,0,,1,1,0,0,0,,"740268,893001561053097","5697687,369983104988933",12.452816399000028,51.37949894500008,1,,1,Nordost,,,,1.0,,0,14211111144200858650,227958,0,
11051,,,14,7,13,000,2021,11,17,4,3,5,2,2,,0,1,0,0,0,,"734637,337054611183703","5695396,676783546805382",12.370527886000048,51.36129187200004,9,,9,Nord,,,,9.0,,0,14211117148110923460,227959,1,
11052,,,14,7,13,000,2021,10,11,6,3,5,5,0,,1,1,0,0,0,,"735226,751814570277929","5693943,900477273389697",12.378018668000038,51.348007608000046,0,,0,Mitte,,,,0.0,,0,14211001144320936280,227962,0,
11053,,,14,7,13,000,2021,10,08,3,3,6,7,0,,0,1,0,0,0,,"732057,640253155492246","5696372,981867006048560",12.334175771000048,51.37111529500004,8,,8,Nordwest,,,,8.0,,1,14211012148222769770,227965,1,
11054,,,14,7,13,000,2021,11,17,3,3,5,3,2,,0,1,0,0,0,,"737333,681789351627231","5693071,732586132362485",12.40763713900003,51.33930329300006,2,,2,Ost,,,,2.0,,0,14211116144100891030,227970,0,
11055,,,14,7,13,000,2021,12,17,4,3,5,3,1,,0,1,0,1,0,,"737406,507001533173025","5693749,979984715580940",12.40913292700003,51.34536087300006,2,,2,Ost,,,,2.0,,0,14211215144000067770,227972,0,
11056,,,14,7,13,000,2021,11,20,2,3,5,6,2,,1,1,0,0,0,,"732687,907865731976926","5691861,529179746285081",12.340265627000065,51.33035970900005,5,,5,Südwest,,,,5.0,,0,14211101148310834850,227975,0,
11057,,,14,7,13,000,2021,09,11,5,3,5,3,0,,1,1,0,0,0,,"734940,212191864848137","5698629,007829567417502",12.37700708500006,51.39018109500006,9,,9,Nord,,,,9.0,,0,14210930148110767950,227976,0,
11058,,,14,7,13,000,2021,10,06,6,3,5,3,2,,1,1,0,0,0,,"739926,381746259517968","5693560,572779320180416",12.44512058500004,51.34260302600006,2,,2,Ost,,,,2.0,,0,14211022144200807650,227986,0,
11059,,,14,7,13,000,2021,10,16,6,3,7,1,0,,0,1,0,0,0,,"733580,209282802417874","5695431,264318825677037",12.355393152000033,51.36203789700005,9,,9,Nord,,,,9.0,,0,14211029148110824730,227987,0,
11060,,,14,7,13,000,2021,09,07,4,3,5,3,0,,0,1,0,0,0,,"737127,973367688246071","5691839,676374049857259",12.403869196000073,51.328330048000055,3,,3,Südost,,,,3.0,,1,14210929148410738820,227988,0,
11061,,,14,7,13,000,2021,10,08,6,3,6,4,0,,0,1,1,0,0,,"727684,204001372680068","5690648,944989027455449",12.267789045000029,51.321498811000026,6,,6,West,,,,6.0,,0,14211008144200782680,227993,0,
11062,,,14,7,13,000,2021,12,10,4,3,2,2,0,,0,1,0,0,0,,"734809,017020740546286","5692555,650674618780613",12.371115540000062,51.335718831000065,0,,0,Mitte,,,,0.0,,0,14211208148410020740,227994,0,
11063,,,14,7,13,000,2021,12,01,6,3,5,3,2,,1,1,0,0,0,,"732740,432233814150095","5692086,316927824169397",12.341165063000062,51.33235607100005,7,,7,Alt-West,,,,7.0,,0,14211224148310993360,227995,1,
11064,,,14,7,13,000,2021,12,09,5,3,2,6,0,,0,1,0,0,0,,"735354,649037965573370","5693738,634369105100632",12.379716236000036,51.34611214000006,0,,0,Mitte,,,,0.0,,1,14211216143263994840,227998,0,
11065,,,14,7,13,000,2021,11,17,2,3,5,2,1,,0,1,0,0,0,,"733053,299139070324600","5695903,368615062907338",12.34814730100004,51.36649214000005,8,,8,Nordwest,,,,8.0,,0,14211115144200978960,228001,0,
11066,,,14,7,13,000,2021,10,15,2,3,5,3,0,,1,1,0,0,0,,"728898,400934215635061","5691755,745885454118252",12.285895636000078,51.33094764000003,6,,6,West,,,,6.0,,0,14211018148310813420,228009,0,
11067,,,14,7,13,000,2021,11,09,3,3,0,1,0,,1,0,0,0,0,,"737209,919331450015306","5691652,402205122634768",12.404918630000054,51.326614892000066,3,,3,Südost,,,,3.0,,0,14211123148410890230,228010,1,
11068,,,14,7,13,000,2021,10,22,3,3,5,3,2,,1,1,0,0,0,,"735054,335832667537034","5691285,429255316033959",12.373793181000053,51.32421549700007,4,,4,Süd,,,,4.0,,0,14211012148210769760,228014,0,
11069,,,14,7,13,000,2021,11,21,5,3,5,2,2,,0,1,0,0,0,,"730177,756474337540567","5689971,573713477700949",12.303076514000054,51.31441478800008,5,,5,Südwest,,,,5.0,,0,14211104148310834840,228023,1,
11070,,,14,7,13,000,2021,12,10,6,3,0,1,0,,1,0,0,0,0,,"732785,669838470406830","5692781,780622230842710",12.34226773000006,51.33858050900005,7,,7,Alt-West,,,,7.0,,0,14211210148410936820,228025,1,
11071,,,14,7,13,000,2021,12,19,7,2,6,4,2,,0,1,1,0,0,,"740474,796292902901769","5693907,358184283599257",12.453214163000041,51.34548397100008,2,,2,Ost,,,,2.0,,0,14211218148210979440,228028,1,
11072,,,14,7,13,000,2021,11,13,1,3,5,3,0,,1,1,0,0,0,,"731962,574346541427076","5693977,307036953046918",12.331250261000037,51.34964880700005,7,,7,Alt-West,,,,7.0,,0,14211114144200858980,228030,0,
11073,,,14,7,13,000,2021,11,12,2,2,0,1,0,,1,0,0,0,0,,"732783,160002005286515","5692770,922329809516668",12.34222466400007,51.338484065000046,7,,7,Alt-West,,,,7.0,,0,14211101145500834791,228035,1,
11074,,,14,7,13,000,2021,10,15,2,3,5,3,0,,1,1,0,0,0,,"732251,913597542792559","5691212,936885586008430",12.333595613000057,51.32471563300004,5,,5,Südwest,,,,5.0,,0,14211011144200770300,228042,0,
11075,,,14,7,13,000,2021,12,14,5,3,2,6,0,,1,1,0,0,0,,"735431,769836235791445","5688816,933341111987829",12.377571294000063,51.30190130300008,4,,4,Süd,,,,4.0,,0,14211209148210994030,228043,1,
11076,,,14,7,13,000,2021,10,11,2,3,5,3,0,,1,1,0,0,0,,"736573,770550029352307","5697169,340708814561367",12.39947148400006,51.37640056400005,1,,1,Nordost,,,,1.0,,0,14211004144200902720,228052,0,
11077,,,14,7,13,000,2021,10,16,6,3,6,4,0,,0,0,1,0,0,,"735399,451373514719307","5690881,010738531127572",12.378470453000034,51.32044261100003,4,,4,Süd,,,,4.0,,1,14211008144200813740,228053,0,
11078,,,14,7,13,000,2021,12,07,4,3,3,6,2,,1,1,0,0,0,,"733527,507082310505211","5695750,230250837281346",12.354846896000026,51.36492276200005,9,,9,Nord,,,,9.0,,0,14211222148110979040,228055,0,
11079,,,14,7,13,000,2021,11,18,1,3,2,6,2,,0,1,0,0,0,,"737267,612027556635439","5692935,198823530226946",12.406599362000065,51.33810532600006,3,,3,Südost,,,,3.0,,0,14211114148410878580,228061,1,
11080,,,14,7,13,000,2021,10,13,6,3,5,3,0,,1,1,0,0,0,,"735012,783958503976464","5692062,577225549146533",12.373710319000054,51.331208650000065,0,,0,Mitte,,,,0.0,,0,14211001148414767980,228065,0,
11081,,,14,7,13,000,2021,10,11,5,3,5,3,0,,0,1,0,0,0,,"737060,304215624928474","5688865,622073795646429",12.400923029000069,51.30166268800008,4,,4,Süd,,,,4.0,,0,14211028148223847130,228069,0,
11082,,,14,7,13,000,2021,11,11,7,3,2,2,0,,0,1,0,0,0,,"731366,628728155046701","5696555,613422440364957",12.324384236000071,51.37303662800008,8,,8,Nordwest,,,,8.0,,0,14211113148110879510,228072,1,
11083,,,14,7,13,000,2021,10,17,2,3,5,2,1,,0,1,0,0,0,,"734778,971208010800183","5695547,327705107629299",12.372658086000058,51.36258566400005,9,,9,Nord,,,,9.0,,1,14211011144200807620,228073,1,
11084,,,14,7,13,000,2021,12,12,3,3,1,5,0,,1,1,0,0,0,,"737329,361318979412317","5686988,397612096741796",12.403528172000051,51.28470033600007,4,,4,Süd,,,,4.0,,0,14211214148210936320,228074,0,
11085,,,14,7,13,000,2021,10,13,4,3,2,6,0,,1,1,0,0,0,,"735173,781080506742001","5693475,740058559924364",12.37695016300006,51.34382715900006,0,,0,Mitte,,,,0.0,,0,14211006148410011950,228079,0,
11086,,,14,7,13,000,2021,10,10,6,3,6,4,0,,0,1,1,0,0,,"737427,467150764539838","5691681,221105260774493",12.408054587000038,51.326782826000056,3,,3,Südost,,,,3.0,,0,14211008148410768320,228083,0,
11087,,,14,7,13,000,2021,09,12,3,3,5,3,0,,0,1,0,0,0,,"734568,122910450212657","5695259,598899642005563",12.36944509600005,51.36008998600005,9,,9,Nord,,,,9.0,,1,14210928144200767900,228088,0,
11088,,,14,7,13,000,2021,10,12,5,3,5,3,0,,0,1,0,1,0,,"734993,489001492038369","5693903,038985893130302",12.374648123000043,51.34773729200003,0,,0,Mitte,,,,0.0,,0,14211028148410825050,228094,0,
11089,,,14,7,13,000,2021,10,19,4,3,3,2,2,,1,1,0,0,0,,"737136,604552881792188","5694427,248870745301247",12.405715655000051,51.351552723000054,1,,1,Nordost,,,,1.0,,0,14211013145200793320,228095,1,
11090,,,14,7,13,000,2021,11,07,2,3,6,2,0,,0,1,1,0,0,,"733987,391066703014076","5695448,231751561164856",12.361242704000063,51.362022670000044,9,,9,Nord,,,,9.0,,0,14211122148110902730,228097,0,
11091,,,14,7,13,000,2021,12,09,2,3,3,2,0,,0,1,0,0,1,,"734294,915296731516719","5690897,774742454290390",12.362658459000045,51.321048947000065,4,,4,Süd,,,,4.0,,0,14211220148210011560,228098,0,
11092,,,14,7,13,000,2021,10,10,6,3,5,3,0,,1,0,0,0,0,,"737988,438732250593603","5697543,947748567909002",12.420011781000028,51.37917193700008,1,,1,Nordost,,,,1.0,,1,14211029148110846800,228101,0,
11093,,,14,7,13,000,2021,10,20,7,3,2,2,2,,0,1,0,0,0,,"732740,896856251172721","5692085,398674808442593",12.341171121000059,51.332347638000044,7,,7,Alt-West,,,,7.0,,0,14211009144200768630,228108,0,
11094,,,14,7,13,000,2021,12,15,4,3,5,3,0,,1,1,0,0,0,,"729349,733282144181430","5690698,238208392634988",12.291682716000025,51.321272442000065,6,,6,West,,,,6.0,,0,14211208148310935280,228109,1,
11095,,,14,7,13,000,2021,10,14,2,3,5,3,0,,1,1,0,0,0,,"732056,762962363660336","5692940,130229545757174",12.331924498000035,51.34029988900005,7,,7,Alt-West,,,,7.0,,0,14211018144200783500,228115,0,
11096,,,14,7,13,000,2021,11,07,4,3,2,6,0,,0,1,0,0,0,,"735883,974001506343484","5694496,608985446393490",12.387805412000034,51.352696524000066,9,,9,Nord,,,,9.0,,0,14211110148110854540,228116,0,
11097,,,14,7,13,000,2021,10,17,2,3,8,7,1,,1,0,0,0,0,,"735093,520766891539097","5694805,654535805806518",12.376678152000068,51.35579811100007,0,,0,Mitte,,,,0.0,,0,14211025148110834800,228119,0,
11098,,,14,7,13,000,2021,10,12,5,3,3,6,0,,1,1,0,0,0,,"735025,519496264867485","5691651,177484162151814",12.373621495000066,51.32751050300004,0,,0,Mitte,,,,0.0,,0,14211028148210825440,228125,0,
11099,,,14,7,13,000,2021,10,13,5,3,5,3,0,,0,1,0,0,0,,"735708,066409122198820","5692651,427029255777597",12.384062294000046,51.33620665400008,0,,0,Mitte,,,,0.0,,0,14211021144000813430,228132,0,
11100,,,14,7,13,000,2021,10,15,3,3,1,5,0,,0,1,0,1,0,,"737681,680082581005991","5695034,565419927239418",12.413934643000061,51.356776326000045,1,,1,Nordost,,,,1.0,,0,14211005148110768310,228135,1,
11101,,,14,7,13,000,2021,10,09,4,3,1,5,0,,1,1,0,0,0,,"735118,224891752935946","5699098,828936764970422",12.379872121000062,51.39432461500007,9,,9,Nord,,,,9.0,,0,14211020148110793810,228142,0,
11102,,,14,7,13,000,2021,11,08,6,3,4,7,0,,0,1,0,0,0,,"744682,038230247795582","5690492,594731327146292",12.51116492400007,51.313041172000055,2,,2,Ost,,,,2.0,,0,14211119144200880140,228143,0,
11103,,,14,7,13,000,2021,11,17,6,3,6,2,1,,0,1,1,0,0,,"740769,240271776914597","5694644,105204740539193",12.457932394000068,51.35197208500006,2,,2,Ost,,,,2.0,,0,14211126144200031170,228145,0,
11104,,,14,7,13,000,2021,11,15,4,3,5,3,0,,1,1,0,0,0,,"735166,146067233756185","5692701,794594276696444",12.37632970900006,51.336883113000056,0,,0,Mitte,,,,0.0,,0,14211103144200087700,228148,0,
11105,,,14,7,13,000,2021,10,12,6,3,3,2,0,,1,1,0,0,0,,"730724,482501651160419","5693724,900035556405783",12.313338247000047,51.347886852000045,7,,7,Alt-West,,,,7.0,,0,14211001148310806300,228149,0,
11106,,,14,7,13,000,2021,10,07,5,3,6,2,0,,0,1,1,0,0,,"736367,629054575227201","5693790,223517887294292",12.394269631000043,51.34615496600003,0,,0,Mitte,,,,0.0,,0,14211028148410858690,228152,0,
11107,,,14,7,13,000,2021,10,15,5,3,5,3,0,,1,1,0,0,0,,"735319,480873869732022","5692449,276648657396436",12.378360263000047,51.334553001000074,0,,0,Mitte,,,,0.0,,0,14211028148410880590,228157,0,
11108,,,14,7,13,000,2021,11,17,2,3,2,2,2,,1,0,0,0,0,,"736069,489758667536080","5689665,686159010976553",12.387264519000041,51.30925594000007,4,,4,Süd,,,,4.0,,1,14211115148210879880,228159,0,
11109,,,14,7,13,000,2021,09,10,5,3,6,6,0,,1,0,1,0,0,,"734849,517430900596082","5691857,562899900600314",12.371235806000072,51.32943578800007,0,,0,Mitte,,,,0.0,,0,14210930148423793860,228165,0,
11110,,,14,7,13,000,2021,10,17,2,3,6,4,0,,0,1,1,0,0,,"733969,630749172531068","5696839,863538969308138",12.361903719000054,51.37452189000004,9,,9,Nord,,,,9.0,,0,14211018148110793800,228168,0,
11111,,,14,7,13,000,2021,11,10,2,3,0,3,0,,0,0,0,0,1,,"736368,079737544991076","5698861,173621933907270",12.397646991000045,51.39167225600005,1,,1,Nordost,,,,1.0,,1,14211108144200934020,228171,0,
11112,,,14,7,13,000,2021,09,14,5,3,3,7,0,,0,1,0,0,0,,"740050,196532277390361","5693939,768562890589237",12.447150627000042,51.345954309000035,2,,2,Ost,,,,2.0,,0,14210930144200737270,228184,0,
11113,,,14,7,13,000,2021,10,17,5,3,5,3,0,,0,1,0,0,0,,"734290,908160897903144","5695622,465793607756495",12.365709436000031,51.363461597000025,9,,9,Nord,,,,9.0,,1,14211021148110807220,228194,0,
11114,,,14,7,13,000,2021,11,18,3,3,3,6,2,,1,0,0,0,0,,"731793,265303572639823","5691746,292757054790854",12.32737125400007,51.32969051500004,5,,5,Südwest,,,,5.0,,0,14211130662223936880,228197,1,
11115,,,14,7,13,000,2021,10,14,2,3,1,1,0,,0,1,0,0,0,,"734616,018245480023324","5691379,247408850118518",12.36757532200005,51.325238564000074,4,,4,Süd,,,,4.0,,0,14211004148210738790,228199,0,
11116,,,14,7,13,000,2021,10,15,4,3,2,6,0,,0,1,0,0,0,,"732839,842863858677447","5690551,848473846912384",12.34158725900005,51.31854094000005,5,,5,Südwest,,,,5.0,,0,14211027148310813400,228203,0,
11117,,,14,7,13,000,2021,11,06,6,3,6,4,2,,0,1,1,0,0,,"737665,649797241203487","5695334,195268098264933",12.413904978000062,51.35947250000004,1,,1,Nordost,,,,1.0,,0,14211119148110903380,228204,0,
11118,,,14,7,13,000,2021,11,12,7,3,5,3,0,,1,1,0,0,0,,"736711,525081535801291","5689351,086070563644171",12.396250776000045,51.306165417000045,4,,4,Süd,,,,4.0,,0,14211127144200964560,228207,0,
11119,,,14,7,13,000,2021,11,15,6,3,4,6,0,,1,0,0,0,0,,"735475,069322237744927","5691912,910889264196157",12.380235343000038,51.329674012000055,0,,0,Mitte,,,,0.0,,0,14211119144200880360,228210,0,
11120,,,14,7,13,000,2021,10,16,6,3,5,3,0,,1,1,0,0,0,,"736800,567865748889744","5693857,111538972705603",12.400519430000031,51.34657519900003,2,,2,Ost,,,,2.0,,0,14211001148410782760,228213,0,
11121,,,14,7,13,000,2021,12,13,3,3,0,7,0,,1,0,0,0,0,,"731196,780894801951945","5691722,909207200631499",12.318809045000023,51.32972334700003,7,,7,Alt-West,,,,7.0,,0,14211207144200933120,228215,0,
11122,,,14,7,13,000,2021,11,10,4,3,6,2,0,,0,1,1,0,0,,"732439,667851540260017","5691684,808404022827744",12.336593336000021,51.32887482500007,5,,5,Südwest,,,,5.0,,0,14211124148310903410,228218,0,
11123,,,14,7,13,000,2021,10,11,3,3,5,2,0,,1,1,0,0,0,,"730937,421410232782364","5691775,242469672113657",12.315126570000075,51.330298492000054,7,,7,Alt-West,,,,7.0,,0,14211012144200813360,228223,1,
11124,,,14,7,13,000,2021,12,17,2,3,5,3,2,,1,1,0,0,0,,"740591,066021811217070","5700200,397500162944198",12.459139654000069,51.401918230000035,1,,1,Nordost,,,,1.0,,0,14211213148121936310,228224,0,
11125,,,14,7,13,000,2021,11,18,2,3,6,7,2,,0,1,1,0,0,,"732148,299500050954521","5688872,100719552487135",12.33058758900006,51.303744693000056,5,,5,Südwest,,,,5.0,,0,14211101148310825480,228227,1,
11126,,,14,7,13,000,2021,10,06,3,3,6,4,2,,1,0,1,0,0,,"737160,478480523452163","5694864,043300064280629",12.406348950000051,51.35546345200004,1,,1,Nordost,,,,1.0,,0,14211005148110782720,228229,1,
11127,,,14,7,13,000,2021,11,12,7,3,5,3,0,,1,1,0,0,0,,"736343,071479476056993","5692762,835956027731299",12.393235838000066,51.33694315100007,0,,0,Mitte,,,,0.0,,0,14211120148410890640,228231,0,
11128,,,14,7,13,000,2021,09,07,3,3,5,3,1,,1,1,0,0,0,,"740063,467934189364314","5687832,319111514836550",12.443229433000056,51.291129831000035,3,,3,Südost,,,,3.0,,0,14210928148210737310,228239,1,
11129,,,14,7,13,000,2021,10,15,2,3,6,4,0,,0,0,1,0,0,,"735178,089415417052805","5694087,303573327139020",12.377415883000026,51.34931497400004,0,,0,Mitte,,,,0.0,,1,14211004148110767110,228244,0,
11130,,,14,7,13,000,2021,12,14,4,2,0,1,0,,0,0,0,1,0,,"738281,465657008811831","5693603,950454849749804",12.42157551200006,51.34368409600006,2,,2,Ost,,,,2.0,,0,14211222144200994880,228247,0,
11131,,,14,7,13,000,2021,11,15,2,3,5,3,0,,1,1,0,0,0,,"737297,992939400486648","5695375,363898605108261",12.408661341000027,51.359995679000065,1,,1,Nordost,,,,1.0,,0,14211115144200879060,228253,0,
11132,,,14,7,13,000,2021,11,12,5,3,6,6,0,,1,0,1,0,0,,"736698,441329210996628","5689349,133648980408907",12.396062114000074,51.306153331000075,4,,4,Süd,,,,4.0,,0,14211104148210834830,228258,1,
11133,,,14,7,13,000,2021,10,09,1,3,1,7,0,,1,1,0,0,0,,"734764,427552694454789","5692828,867302725091577",12.370656623000059,51.338189743000044,0,,0,Mitte,,,,0.0,,0,14211010148410768660,228260,0,
11134,,,14,7,13,000,2021,11,11,4,3,3,3,0,,1,1,0,0,0,,"734794,567811403423548","5687195,466630695387721",12.367380638000043,51.287609314000065,4,,4,Süd,,,,4.0,,0,14211117144200879470,228269,0,
11135,,,14,7,13,000,2021,10,12,1,3,5,2,0,,1,1,0,0,0,,"737268,628501379862428","5694404,632517920807004",12.407593084000041,51.35129462400005,1,,1,Nordost,,,,1.0,,0,14211024148110825430,228271,0,
11136,,,14,7,13,000,2021,11,11,3,3,6,2,0,,0,1,1,0,0,,"731597,756405009888113","5688929,175788516178727",12.322740360000068,51.30448125600003,5,,5,Südwest,,,,5.0,,0,14211102148310854950,228272,0,
11137,,,14,7,13,000,2021,10,11,5,2,5,2,0,,0,1,0,0,0,,"738792,723001546226442","5696079,935983944684267",12.43056415600006,51.36569363400008,1,,1,Nordost,,,,1.0,,0,14211007144200824450,228274,0,
11138,,,14,7,13,000,2021,10,15,5,3,6,4,0,,0,0,1,0,0,,"740827,742916524410248","5694716,442476956173778",12.458819912000024,51.35259656900007,2,,2,Ost,,,,2.0,,1,14211028144200879480,228277,0,
11139,,,14,7,13,000,2021,12,22,7,3,8,1,2,,0,1,0,0,0,,"738083,597493523731828","5690431,478937249630690",12.416620300000034,51.31529093800003,3,,3,Südost,,,,3.0,,0,14211218144200963760,228278,1,
11140,,,14,7,13,000,2021,11,12,7,3,0,1,0,,1,0,0,0,0,,"730828,422015719115734","5694623,876722631976008",12.315411225000048,51.355914676000054,7,,7,Alt-West,,,,7.0,,0,14211113662221902500,228280,1,
11141,,,14,7,13,000,2021,12,07,2,3,6,2,2,,0,1,1,0,0,,"736179,873432778753340","5692945,567258764058352",12.39101832700004,51.33865118500006,0,,0,Mitte,,,,0.0,,0,14211213148410935710,228282,1,
11142,,,14,7,13,000,2021,10,11,3,3,5,3,0,,1,1,0,0,0,,"735888,902785789221525","5692619,726874304935336",12.386632705000068,51.33584712800007,0,,0,Mitte,,,,0.0,,0,14211005148410768350,228287,1,
11143,,,14,7,13,000,2021,12,18,1,3,5,2,2,,1,1,0,0,0,,"737237,868629528209567","5692692,076754566282034",12.406011216000024,51.33593545200006,3,,3,Südost,,,,3.0,,0,14211205148410933500,228288,0,
11144,,,14,7,13,000,2021,11,10,6,3,5,7,0,,1,1,0,0,0,,"734141,351001474075019","5695563,021986249834299",12.363525817000038,51.362989655000035,9,,9,Nord,,,,9.0,,0,14211112144200934630,228291,0,
11145,,,14,7,13,000,2021,10,21,3,3,5,3,2,,0,1,0,0,0,,"738444,008568821474910","5690930,605627171695232",12.422116204000076,51.31962020100008,3,,3,Südost,,,,3.0,,0,14211019148210793360,228295,0,
11146,,,14,7,13,000,2021,09,12,3,3,2,6,0,,0,1,0,0,0,,"734522,705001487396657","5693146,879986127838492",12.367401899000072,51.341144100000065,0,,0,Mitte,,,,0.0,,0,14210928148410766970,228297,1,
11147,,,14,7,13,000,2021,10,05,1,3,1,1,2,,0,1,0,1,0,,"740279,334498140029609","5694132,686730889603496",12.450564869000061,51.347589080000034,2,,2,Ost,,,,2.0,,1,14211017148223783550,228299,0,
11148,,,14,7,13,000,2021,11,09,4,3,5,2,0,,1,1,0,0,0,,"732309,744573752395809","5690617,340284604579210",12.334036092000076,51.319345491000036,5,,5,Südwest,,,,5.0,,0,14211103148321834860,228301,0,
11149,,,14,7,13,000,2021,10,07,2,3,3,6,1,,0,1,0,0,0,,"735131,533834795467556","5690898,139828052371740",12.374643739000021,51.320707137000056,4,,4,Süd,,,,4.0,,1,14211004144200813330,228302,0,
11150,,,14,7,13,000,2021,12,18,3,3,5,2,2,,0,1,0,1,0,,"728683,231621622107923","5689589,357077918946743",12.281422758000076,51.311585996000076,6,,6,West,,,,6.0,,0,14211221148310964610,228305,0,
11151,,,14,7,13,000,2021,11,09,2,3,5,2,0,,1,1,0,0,0,,"737307,273815746419132","5693208,099141268059611",12.407349551000038,51.34053834800005,2,,2,Ost,,,,2.0,,0,14211115148410878570,228311,0,
11152,,,14,7,13,000,2021,10,13,6,3,5,3,0,,0,1,0,0,0,,"737403,290866920724511","5693656,149477595463395",12.409024271000021,51.34451999000004,2,,2,Ost,,,,2.0,,0,14211001144200737900,228315,0,
11153,,,14,7,13,000,2021,11,00,1,3,6,4,2,,0,1,1,0,0,,"736125,868994088843465","5693633,080657530575991",12.390700243000026,51.34484488100003,0,,0,Mitte,,,,0.0,,0,14211121148410891110,228318,0,
11154,,,14,7,13,000,2021,12,03,6,3,0,1,2,,1,0,0,0,0,,"732298,527157728560269","5690627,666101096197963",12.333882122000034,51.31944276300004,5,,5,Südwest,,,,5.0,,0,14211217148310963280,228319,0,