UNFALL_ID,FID_left,OBJECTID,ULAND,UREGBEZ,UKREIS,UGEMEINDE,UJAHR,UMONAT,USTUNDE,UWOCHENTAG,UKATEGORIE,UART,UTYP1,ULICHTVERH,IstStrasse,IstRad,IstPKW,IstFuss,IstKrad,IstGkfz,IstSonstig,LINREFX,LINREFY,XGCSWGS84,YGCSWGS84,index_right,FID_right,SBZ,Name,UIDENTSTLA,LICHT,STRZUSTAND,FID,OBJECTID_1,IstSonstige,UIDENTSTLAE,OID_,IstStrassenzustand,PLST
11155,,,14,7,13,000,2021,11,08,6,2,0,1,0,,1,0,0,0,0,,"731631,249475835822523","5690702,338579393923283",12.32437137900007,51.32038509300003,5,,5,Südwest,,,,5.0,,0,14211112148310858680,228321,1,
11156,,,14,7,13,000,2021,10,09,2,3,3,6,0,,1,1,0,0,0,,"735045,311974291689694","5690909,268687322735786",12.373415909000073,51.32084265600008,4,,4,Süd,,,,4.0,,0,14211011143263782310,228322,0,
11157,,,14,7,13,000,2021,10,09,6,3,5,3,0,,0,1,0,1,0,,"735004,566865711472929","5691894,227596944198012",12.373481559000027,51.329700873000036,0,,0,Mitte,,,,0.0,,0,14211022144200807640,228325,0,
11158,,,14,7,13,000,2021,10,15,4,2,5,2,0,,1,0,0,0,0,,"734067,044059225358069","5696089,680876862257719",12.362806964000072,51.367747792000046,9,,9,Nord,,,,9.0,,1,14211006148121767400,228328,0,
11159,,,14,7,13,000,2021,11,16,3,3,2,6,2,,0,1,0,0,0,,"735009,224025472067297","5691981,163222115486860",12.373605618000056,51.33047931700003,0,,0,Mitte,,,,0.0,,0,14211130144320922360,228329,1,
11160,,,14,7,13,000,2021,10,18,2,2,5,3,1,,1,1,0,0,0,,"736537,799372636713088","5691324,658664157614112",12.39507173000004,51.323952845000065,0,,0,Mitte,,,,0.0,,0,14211025144200813310,228331,0,
11161,,,14,7,13,000,2021,10,12,6,2,6,4,0,,0,1,1,0,0,,"737813,410028613172472","5693774,266402827575803",12.414981100000034,51.34540881200007,2,,2,Ost,,,,2.0,,0,14211001144200767370,228333,0,
11162,,,14,7,13,000,2021,11,18,7,3,6,4,2,,0,1,1,0,0,,"735925,385754389688373","5692869,632414128631353",12.387321014000065,51.338075211000046,0,,0,Mitte,,,,0.0,,0,14211106662212854600,228338,0,
11163,,,14,7,13,000,2021,11,12,7,3,2,6,0,,0,1,0,0,0,,"737258,577179361134768","5693263,552582681179047",12.406688614000075,51.341056422000065,2,,2,Ost,,,,2.0,,0,14211113148410902430,228339,0,
11164,,,14,7,13,000,2021,09,06,5,3,5,2,1,,1,1,0,0,0,,"734523,899001490324736","5692279,549986142665148",12.366847991000043,51.33335807200007,0,,0,Mitte,,,,0.0,,0,14210930148122813010,228345,0,
11165,,,14,7,13,000,2021,12,22,4,3,5,3,2,,0,1,0,0,0,,"730705,154992147348821","5697296,183472786098719",12.315377701000045,51.379953691000026,8,,8,Nordwest,,,,8.0,,0,14211208144200001790,228362,1,
11166,,,14,7,13,000,2021,10,14,5,3,5,3,0,,1,0,0,0,1,,"730746,918674676679075","5685497,226190049201250",12.308338252000055,51.27401796500004,5,,5,Südwest,,,,5.0,,0,14211028148310825020,228364,0,
11167,,,14,7,13,000,2021,10,13,5,3,5,2,0,,1,1,0,0,0,,"734543,100460988469422","5698527,292069166898727",12.371242489000053,51.389432286000044,9,,9,Nord,,,,9.0,,0,14211028144200824460,228368,0,
11168,,,14,7,13,000,2021,11,14,3,3,4,2,0,,0,1,0,0,0,,"735997,454254818148911","5699793,246773220598698",12.392949102000046,51.40019287000007,9,,9,Nord,,,,9.0,,0,14211116149310879570,228371,0,
11169,,,14,7,13,000,2021,10,06,3,3,4,6,1,,1,0,0,0,0,,"736097,252669271081686","5693616,291898835450411",12.390278961000035,51.34470606500008,0,,0,Mitte,,,,0.0,,0,14211005148410769150,228376,1,
11170,,,14,7,13,000,2021,11,09,6,3,5,3,0,,0,1,0,0,0,,"738813,005389299243689","5696081,050011917948723",12.430855726000061,51.36569510800007,1,,1,Nordost,,,,1.0,,0,14211105148110854890,228380,1,
11171,,,14,7,13,000,2021,12,11,4,3,6,6,0,,0,1,1,0,0,,"728039,281213505193591","5689309,311391428112984",12.272019773000068,51.30933027800006,6,,6,West,,,,6.0,,0,14211201148322922420,228389,0,
11172,,,14,7,13,000,2021,10,17,6,3,2,6,0,,0,1,0,0,0,,"733880,936319058761001","5695632,019523981958628",12.359837145000029,51.36371626400006,9,,9,Nord,,,,9.0,,0,14211008148110769730,228392,0,
11173,,,14,7,13,000,2021,12,22,7,3,0,1,2,,1,0,0,0,0,,"737371,921243284828961","5693159,794575048610568",12.408243827000035,51.34007778100005,2,,2,Ost,,,,2.0,,0,14211211148410964350,228393,1,
11174,,,14,7,13,000,2021,11,13,5,3,5,3,0,,1,1,0,0,0,,"731859,572001450695097","5690156,142987364903092",12.32728721500007,51.31538899900005,5,,5,Südwest,,,,5.0,,0,14211111148310859020,228399,0,
11175,,,14,7,13,000,2021,11,07,4,3,5,3,0,,0,0,0,0,1,,"735460,758434575051069","5693289,970123225823045",12.380940449000036,51.342040859000065,0,,0,Mitte,,,,0.0,,1,14211117148410879550,228400,1,
11176,,,14,7,13,000,2021,12,16,4,3,5,2,2,,1,1,0,0,0,,"735002,865529728122056","5692243,768984258174896",12.373687698000026,51.332839195000076,0,,0,Mitte,,,,0.0,,0,14211222148410994560,228407,0,
11177,,,14,7,13,000,2021,10,12,4,3,5,3,0,,0,1,0,1,0,,"732391,831544280052185","5691545,216400144621730",12.335816890000046,51.32764128800005,5,,5,Südwest,,,,5.0,,0,14211027148310813410,228408,0,
11178,,,14,7,13,000,2021,09,07,3,3,3,6,0,,1,0,0,0,0,,"737836,314641016535461","5693797,824595419690013",12.415325117000066,51.34561068800008,2,,2,Ost,,,,2.0,,0,14210928148410738250,228411,1,
11179,,,14,7,13,000,2021,10,11,6,3,2,6,0,,0,1,0,0,1,,"735611,724354286678135","5694417,852311229333282",12.383850507000034,51.352102503000026,0,,0,Mitte,,,,0.0,,0,14211015148410782750,228414,0,
11180,,,14,7,13,000,2021,11,16,4,3,6,2,1,,0,1,1,0,0,,"729922,803119346499443","5690165,384631529450417",12.299549360000071,51.31625769800007,6,,6,West,,,,6.0,,0,14211124144200891090,228422,0,
11181,,,14,7,13,000,2021,10,16,2,3,5,3,0,,1,1,0,0,0,,"742270,718000284396112","5694562,802600987255573",12.479398745000026,51.35060439500006,2,,2,Ost,,,,2.0,,0,14211018144100793240,228424,0,
11182,,,14,7,13,000,2021,11,17,3,3,5,3,2,,0,1,0,0,0,,"733075,149682737886906","5696087,379982244223356",12.348581247000027,51.36813496600007,8,,8,Nordwest,,,,8.0,,0,14211109144200854880,228425,0,
11183,,,14,7,13,000,2021,11,14,5,3,0,7,0,,1,0,0,0,0,,"733712,172750849276781","5692765,167950410395861",12.355534841000065,51.33805136700005,0,,0,Mitte,,,,0.0,,0,14211111148410854980,228438,0,
11184,,,14,7,13,000,2021,12,10,2,3,6,2,0,,0,1,1,0,0,,"737018,987009703181684","5689404,004590708762407",12.400688942000045,51.306512507000036,4,,4,Süd,,,,4.0,,0,14211213144000963820,228440,1,
11185,,,14,7,13,000,2021,10,18,6,3,3,6,2,,1,1,0,0,0,,"736990,951135528273880","5693766,102927424013615",12.403187631000037,51.345678967000026,2,,2,Ost,,,,2.0,,0,14211029144200847890,228443,0,
11186,,,14,7,13,000,2021,12,14,5,2,5,2,0,,0,1,0,0,0,,"740848,314361988566816","5696478,207427268847823",12.460307513000032,51.36840064100005,2,,2,Ost,,,,2.0,,0,14211202144200912630,228445,0,
11187,,,14,7,13,000,2021,11,07,5,2,6,4,1,,0,1,1,0,0,,"733045,599001469090581","5690672,991986846551299",12.344613930000037,51.31954418200007,5,,5,Südwest,,,,5.0,,1,14211104144200834740,228447,1,
11188,,,14,7,13,000,2021,10,13,6,3,0,7,0,,1,0,0,0,0,,"737292,731562520377338","5692936,449216088280082",12.406960167000022,51.33810606900005,3,,3,Südost,,,,3.0,,0,14211008148410854970,228449,0,
11189,,,14,7,13,000,2021,11,06,6,2,8,1,2,,0,1,0,0,0,,"735050,661774467676878","5694782,010874222964048",12.376048093000065,51.355603605000056,0,,0,Mitte,,,,0.0,,0,14211119144200880890,228453,0,
11190,,,14,7,13,000,2021,10,13,4,3,6,4,0,,0,1,1,0,0,,"737860,105043277144432","5695324,624216593801975",12.416686465000055,51.35930522900003,1,,1,Nordost,,,,1.0,,0,14211013148110783110,228454,0,
11191,,,14,7,13,000,2021,10,11,2,3,5,3,0,,1,1,0,0,0,,"735009,910704554058611","5691285,286837954074144",12.37315662800006,51.32423257000005,4,,4,Süd,,,,4.0,,0,14211018144200793270,228458,0,
11192,,,14,7,13,000,2021,10,19,7,3,5,3,2,,0,1,0,0,0,,"734743,386835427023470","5694657,886586641892791",12.371561014000065,51.35461642000007,0,,0,Mitte,,,,0.0,,0,14211002148410766870,228464,0,
11193,,,14,7,13,000,2021,12,14,7,3,0,2,0,,1,1,0,0,0,,"734328,288598407991230","5695920,912669520825148",12.366442065000058,51.36612516100007,9,,9,Nord,,,,9.0,,0,14211218148410963490,228470,1,
11194,,,14,7,13,000,2021,11,11,2,3,6,2,0,,0,1,1,0,0,,"738534,735986576415598","5690964,070674855262041",12.423438203000046,51.319882558000074,3,,3,Südost,,,,3.0,,0,14211101148210890600,228478,1,
11195,,,14,7,13,000,2021,12,13,3,3,5,3,0,,1,1,0,0,0,,"734474,300073592923582","5692606,058425001800060",12.366352150000068,51.336309408000034,0,,0,Mitte,,,,0.0,,0,14211207148221933490,228485,0,
11196,,,14,7,13,000,2021,10,12,2,3,0,7,0,,0,0,0,0,0,,"729124,404192591086030","5690920,036640845239162",12.288597003000064,51.32335434500004,6,,6,West,,,,6.0,,1,14211018148310793840,228486,0,
11197,,,14,7,13,000,2021,12,06,3,3,5,3,2,,1,1,0,0,0,,"735237,019410078413785","5695193,919369800016284",12.378992090000054,51.35922391500003,0,,0,Mitte,,,,0.0,,0,14211214148410980000,228488,1,
11198,,,14,7,13,000,2021,12,12,4,3,5,3,0,,1,1,0,0,0,,"735587,182763339951634","5692244,862431252375245",12.382061177000026,51.33260729300008,0,,0,Mitte,,,,0.0,,0,14211222144100979420,228490,0,
11199,,,14,7,13,000,2021,10,17,3,3,1,5,0,,1,1,0,0,0,,"737710,294345607981086","5693738,757893824949861",12.41347948300006,51.34513321000003,2,,2,Ost,,,,2.0,,0,14211012144200769690,228493,0,
11200,,,14,7,13,000,2021,10,14,3,3,5,3,0,,0,1,0,0,0,,"734970,495020424015820","5691173,074155358597636",12.37251797700003,51.32324158200004,4,,4,Süd,,,,4.0,,0,14211026144200879500,228497,0,
11201,,,14,7,13,000,2021,12,16,2,3,5,2,2,,1,1,0,0,0,,"736240,784284424968064","5697157,970670394599438",12.394688072000065,51.37643711900006,9,,9,Nord,,,,9.0,,0,14211206148110923780,228501,1,
11202,,,14,7,13,000,2021,11,15,5,3,1,7,0,,0,1,0,0,0,,"726276,597270249389112","5690229,475188136100769",12.247355414000026,51.31829451300007,6,,6,West,,,,6.0,,1,14211111148310859030,228505,0,
11203,,,14,7,13,000,2021,12,16,5,3,5,3,1,,1,0,0,0,0,,"732666,667729634791613","5692668,744148058816791",12.340488417000074,51.337614518000066,7,,7,Alt-West,,,,7.0,,1,14211230144200993600,228508,1,
11204,,,14,7,13,000,2021,10,22,2,3,1,1,2,,0,1,0,1,0,,"738003,749264171347022","5692327,049332292750478",12.416742126000031,51.332338984000046,2,,2,Ost,,,,2.0,,0,14211018145200813800,228514,0,
11205,,,14,7,13,000,2021,10,10,6,3,0,7,0,,0,1,0,0,0,,"735285,005956823937595","5693699,362260758876801",12.378692069000067,51.345788448000064,0,,0,Mitte,,,,0.0,,0,14211008148410834410,228517,0,
11206,,,14,7,13,000,2021,12,00,1,3,5,3,2,,0,1,0,0,0,,"734977,558001486584544","5696036,123985851183534",12.375828458000058,51.36689116300005,9,,9,Nord,,,,9.0,,0,14211205144200937290,228531,0,
11207,,,14,7,13,000,2021,11,17,7,3,3,2,2,,1,1,0,0,0,,"734999,145011218264699","5692264,271478788927197",12.373647908000066,51.333024771000055,0,,0,Mitte,,,,0.0,,0,14211106144200878590,228534,0,
11208,,,14,7,13,000,2021,12,08,2,3,5,1,0,,1,1,0,0,0,,"732333,709101925604045","5693058,778825741261244",12.335971123000036,51.34125187700005,7,,7,Alt-West,,,,7.0,,0,14211213148310962850,228537,1,
11209,,,14,7,13,000,2021,10,01,7,3,5,3,2,,1,1,0,0,0,,"735263,162770261056721","5689590,202051261439919",12.375666679000062,51.30891217000004,4,,4,Süd,,,,4.0,,0,14211023144200806520,228539,1,
11210,,,14,7,13,000,2021,11,08,3,3,2,7,0,,0,1,0,1,0,,"734785,076948286965489","5689832,105579195544124",12.368978808000065,51.31128098600004,4,,4,Süd,,,,4.0,,0,14211130144200912290,228543,1,
11211,,,14,7,13,000,2021,11,13,7,3,0,1,0,,1,0,0,0,0,,"735003,547565030865371","5691834,906558433547616",12.373427837000065,51.32916880500005,0,,0,Mitte,,,,0.0,,0,14211120148210890620,228544,0,
11212,,,14,7,13,000,2021,10,10,6,3,3,2,0,,0,1,0,0,0,,"736706,545001532882452","5689657,495985157787800",12.396382717000051,51.30891788900004,4,,4,Süd,,,,4.0,,1,14211015148210807231,228552,0,
11213,,,14,7,13,000,2021,11,15,4,3,5,3,0,,1,0,0,0,0,,"731773,866887103766203","5692342,636446377262473",12.327481199000033,51.33505168500005,7,,7,Alt-West,,,,7.0,,1,14211103144200834320,228554,0,
11214,,,14,7,13,000,2021,02,16,4,3,0,7,2,,1,0,0,0,0,,"736818,868816991802305","5692460,261348351836205",12.399852947000056,51.33402927000003,3,,3,Südost,,,,3.0,,0,14210203148410176980,238475,1,
11215,,,14,7,13,000,2021,02,14,3,3,4,6,0,,1,0,0,0,0,,"734042,709557774011046","5694346,462675690650940",12.361311184000044,51.35210990200005,0,,0,Mitte,,,,0.0,,0,14210223144200168990,238482,0,
11216,,,14,7,13,000,2021,02,15,5,3,6,4,0,,1,0,1,0,0,,"734232,979399099363945","5692495,194218060933053",12.362821021000059,51.335413679000055,0,,0,Mitte,,,,0.0,,0,14210225148410169040,238483,0,
11217,,,14,7,13,000,2021,03,16,4,3,4,6,0,,1,0,0,0,0,,"729364,696047530393116","5700977,307711085304618",12.298527222000075,51.41354213300008,8,,8,Nordwest,,,,8.0,,0,14210303148110185390,238484,0,
11218,,,14,7,13,000,2021,03,12,5,3,4,6,0,,1,0,0,0,0,,"729579,387179802637547","5696419,833071358501911",12.298662509000053,51.372542972000076,8,,8,Nordwest,,,,8.0,,0,14210325148110230980,238491,0,
11219,,,14,7,13,000,2021,06,16,5,3,6,4,0,,1,0,1,0,0,,"734936,272576557938010","5693478,789446295239031",12.373548050000068,51.34395272100005,0,,0,Mitte,,,,0.0,,0,14210610144200435710,238538,0,
11220,,,14,7,13,000,2021,06,19,2,3,5,3,0,,1,0,0,0,0,,"731945,553579646279104","5685525,717362861149013",12.325511211000048,51.27378721900004,5,,5,Südwest,,,,5.0,,0,14210621148210455270,238549,0,
11221,,,14,7,13,000,2021,06,14,6,3,0,7,0,,1,0,0,0,0,,"728056,368532502441667","5689284,818080971017480",12.272248865000051,51.30910354800005,6,,6,West,,,,6.0,,0,14210625148310463660,238550,0,
11222,,,14,7,13,000,2021,06,17,7,3,0,1,0,,1,0,0,0,0,,"732169,616297882399522","5695328,253236247226596",12.33509964600006,51.361691335000046,8,,8,Nordwest,,,,8.0,,0,14210626148110479910,238553,0,
11223,,,14,7,13,000,2021,07,18,2,3,0,7,0,,1,0,0,0,0,,"732531,540738951764069","5686681,471265078522265",12.334649458000058,51.28392346700008,5,,5,Südwest,,,,5.0,,0,14210705148310502130,238565,0,
11224,,,14,7,13,000,2021,07,13,5,3,6,7,0,,1,0,1,0,0,,"731851,859329224680550","5685207,618150047957897",12.323964026000056,51.270969783000055,5,,5,Südwest,,,,5.0,,0,14210722148310582220,238581,0,
11225,,,14,7,13,000,2021,07,00,2,2,0,7,2,,1,0,0,0,0,,"732388,898636355064809","5694753,122711926698685",12.337868209000021,51.35643893400004,0,,0,Mitte,,,,0.0,,0,14210726148410590770,238586,1,
11226,,,14,7,13,000,2021,08,17,4,3,4,6,0,,1,0,0,0,0,,"729604,502840683795512","5696529,679401924833655",12.29909368400007,51.373518911000076,8,,8,Nordwest,,,,8.0,,0,14210804148122592140,238598,0,
11227,,,14,7,13,000,2021,08,19,4,3,4,2,0,,1,0,0,0,0,,"733786,674319245386869","5686419,735615030862391",12.35244465900007,51.28106034400008,5,,5,Südwest,,,,5.0,,0,14210811148210679850,238605,0,
11228,,,14,7,13,000,2021,08,09,2,3,5,3,0,,1,1,0,0,0,,"729784,944734882214107","5690312,158215419389307",12.297669085000052,51.31763097800007,6,,6,West,,,,6.0,,0,14210816144200627850,238608,0,
11229,,,14,7,13,000,2021,08,09,5,3,3,6,0,,1,0,0,0,0,,"736289,850221717148088","5688983,964687673375010",12.389969052000026,51.303045197000074,4,,4,Süd,,,,4.0,,0,14210819148213679860,238609,0,
11230,,,14,7,13,000,2021,08,14,6,3,0,7,0,,1,0,0,0,0,,"732188,762508516199887","5695245,652663014829159",12.335320264000075,51.360942032000025,8,,8,Nordwest,,,,8.0,,0,14210827148410636750,238612,1,
11231,,,14,7,13,000,2021,09,15,7,3,0,1,0,,1,0,0,0,0,,"733478,374007565667853","5692258,988399011082947",12.351852493000024,51.33360364200007,0,,0,Mitte,,,,0.0,,0,14210925148410717690,238632,0,
11232,,,14,7,13,000,2021,10,22,6,3,4,1,2,,1,0,0,0,0,,"736721,884155783103779","5695752,968622600659728",12.400652796000031,51.363625384000045,9,,9,Nord,,,,9.0,,0,14211015148110806270,238647,0,
11233,,,14,7,13,000,2021,10,16,5,2,6,4,0,,1,0,1,0,0,,"733181,519897983875126","5692305,396319075487554",12.347628995000036,51.33414200900006,7,,7,Alt-West,,,,7.0,,0,14211028148410846840,238650,0,
11234,,,14,7,13,000,2021,11,15,1,3,4,6,0,,1,0,0,0,0,,"727543,217305157915689","5689777,510085785761476",12.265213059000075,51.31373199400008,6,,6,West,,,,6.0,,0,14211128148310979450,238654,0,
11235,,129006,14,7,13,000,2022,01,20,6,3,2,6,2,,0,1,0,0,0,,"727151,632225662004203","5689427,265555419959128",12.259380611,51.3107441060001,6,,6,West,,,,6.0,,0,14220107148310011010,,1,
11236,,129089,14,7,13,000,2022,02,11,6,2,5,2,0,,1,1,0,0,0,,"738291,275960637023672","5694496,457866920158267",12.4223134970001,51.3516910540001,1,,1,Nordost,,,,1.0,,0,14220204144200318890,,0,
11237,,129100,14,7,13,000,2022,01,16,7,3,1,6,0,,0,1,0,0,0,,"735399,437100179027766","5693528,963907480239868",12.380219578,51.344211531,0,,0,Mitte,,,,0.0,,0,14220129144200067460,,0,
11238,,129219,14,7,13,000,2022,01,10,3,2,4,1,0,,0,1,0,0,0,,"738761,905854829004966","5694678,545363170094788",12.4291817980001,51.353127951,2,,2,Ost,,,,2.0,,0,14220104144200065030,,1,
11239,,129380,14,7,13,000,2022,01,12,4,3,2,6,0,,0,1,0,0,0,,"732580,620086714974605","5698949,010730220004916",12.3433624790001,51.3940253660001,8,,8,Nordwest,,,,8.0,,0,14220119144200038090,,0,
11240,,129615,14,7,13,000,2022,02,20,5,3,0,7,2,,1,0,0,0,0,,"735062,587410263950005","5690235,069825819693506",12.373218997,51.314783633,4,,4,Süd,,,,4.0,,0,14220203148210081460,,1,
11241,,129633,14,7,13,000,2022,01,14,5,3,3,6,0,,0,1,0,0,0,,"730568,906419096980244","5701178,880990879610181",12.31594512,51.414863338,8,,8,Nordwest,,,,8.0,,0,14220106144310020690,,0,
11242,,129642,14,7,13,000,2022,02,14,3,3,2,6,0,,0,1,0,0,0,,"736454,077093619038351","5696408,295490879565477",12.3972485790001,51.369619191,9,,9,Nord,,,,9.0,,0,14220222144200125080,,0,
11243,,129915,14,7,13,000,2022,02,20,5,3,2,6,2,,0,1,0,0,0,,"735614,046530100982636","5697096,125791179947555",12.3856580070001,51.3761423540001,9,,9,Nord,,,,9.0,,0,14220210148110112620,,1,
11244,,129936,14,7,13,000,2022,01,18,5,3,5,3,2,,1,1,0,0,0,,"733906,733603997039609","5693219,238881199620664",12.3586213150001,51.34204735,0,,0,Mitte,,,,0.0,,0,14220113148410031880,,0,
11245,,130036,14,7,13,000,2022,01,10,3,2,5,3,0,,1,1,0,0,0,,"741473,081628979998641","5689526,945852300152183",12.4645541300001,51.3057443270001,3,,3,Südost,,,,3.0,,0,14220111144200032130,,0,
11246,,130056,14,7,13,000,2022,01,15,2,3,5,2,0,,0,1,0,0,0,,"738531,449675332987681","5689484,080677850171924",12.422401485,51.3065996080001,3,,3,Südost,,,,3.0,,0,14220103148220011000,,0,
11247,,130123,14,7,13,000,2022,02,10,7,3,5,2,0,,1,1,0,0,0,,"727241,339664803002961","5693198,209941240027547",12.2630698840001,51.3445616180001,7,,7,Alt-West,,,,7.0,,0,14220212144200095790,,0,
11248,,130176,14,7,13,000,2022,01,09,2,3,8,1,0,,0,1,0,0,0,,"727274,006441178964451","5689034,902192490175366",12.260883564,51.3071728370001,6,,6,West,,,,6.0,,0,14220110148310031600,,1,
11249,,130410,14,7,13,000,2022,01,20,7,2,5,3,2,,0,1,0,0,0,,"736311,853001518989913","5692442,091985289938748",12.3925757160001,51.33407706,0,,0,Mitte,,,,0.0,,0,14220129144200067170,,0,
11250,,130412,14,7,13,000,2022,01,19,3,3,5,3,2,,0,1,0,0,0,,"726967,856649536988698","5686123,784745260141790",12.254648302,51.2811603660001,5,,5,Südwest,,,,5.0,,0,14220104144200001820,,1,
11251,,130453,14,7,13,000,2022,01,22,3,3,0,1,2,,0,1,0,0,1,,"742489,373583036009222","5691543,297643790021539",12.480477407,51.3234099970001,2,,2,Ost,,,,2.0,,0,14220104148210011930,,1,
11252,,130817,14,7,13,000,2022,02,17,3,3,5,1,2,,0,1,0,0,0,,"730310,616231360007077","5688550,584265120327473",12.304062469,51.301604737,5,,5,Südwest,,,,5.0,,0,14220208148320082910,,0,
11253,,130846,14,7,13,000,2022,02,12,6,3,0,1,0,,1,0,0,0,0,,"737754,208355823997408","5694258,829480409622192",12.4144561910001,51.349783003,1,,1,Nordost,,,,1.0,,0,14220204144200304760,,0,
11254,,130873,14,7,13,000,2022,02,18,2,3,6,4,2,,0,0,1,0,0,,"735373,801499600987881","5693544,235610379837453",12.3798622460001,51.344359228,0,,0,Mitte,,,,0.0,,1,14220221144200244610,,1,
11255,,130931,14,7,13,000,2022,01,13,7,3,9,1,0,,0,1,0,0,0,,"734998,832984142005444","5688838,624885380268097",12.3713860890001,51.3022748550001,4,,4,Süd,,,,4.0,,0,14220129148220095800,,1,
11256,,130950,14,7,13,000,2022,02,16,4,3,2,6,0,,0,1,0,0,0,,"738546,350409136968665","5689439,434815630316734",12.422585025,51.3061926240001,3,,3,Südost,,,,3.0,,0,14220202148210102210,,1,
11257,,131025,14,7,13,000,2022,01,17,7,3,5,2,1,,0,1,0,0,0,,"736426,206999900983647","5692745,972485840320587",12.394415995,51.336757226,3,,3,Südost,,,,3.0,,1,14220122144200048470,,1,
11258,,131057,14,7,13,000,2022,01,10,2,3,2,2,0,,0,1,0,0,0,,"730085,983394464943558","5693095,633973949588835",12.303778778,51.342496715,7,,7,Alt-West,,,,7.0,,0,14220110148310011940,,1,
11259,,131091,14,7,30,270,2022,02,09,3,3,0,7,0,,0,0,0,1,0,,"727770,892022209009156","5701311,131301119923592",12.2758613020001,51.417181251,8,,8,Nordwest,,,,8.0,,0,14220222144310113220,,0,
11260,,131122,14,7,13,000,2022,02,05,5,3,2,6,2,,0,1,0,0,0,,"734657,876050740014762","5689291,490419019944966",12.3668014140001,51.3064806140001,4,,4,Süd,,,,4.0,,0,14220217148210177760,,1,
11261,,131126,14,7,13,000,2022,01,07,5,3,6,7,2,,0,0,1,0,0,,"728222,304544463986531","5690335,725418419577181",12.2752980110001,51.318471372,6,,6,West,,,,6.0,,1,14220120148310067190,,1,
11262,,131189,14,7,13,000,2022,01,07,5,3,5,2,0,,0,0,0,0,1,,"728853,190001414041035","5682493,278988719917834",12.2793133320001,51.2478140090001,5,,5,Südwest,,,,5.0,,0,14220120144200112950,,1,
11263,,131316,14,7,13,000,2022,01,17,1,3,6,2,2,,0,1,1,0,0,,"736203,837636912008747","5693802,303841919638216",12.3919300060001,51.3463314750001,0,,0,Mitte,,,,0.0,,0,14220116148410048830,,1,
11264,,131341,14,7,13,000,2022,02,07,5,3,5,3,0,,1,0,0,0,0,,"736314,887868626043200","5692448,402604529634118",12.39262339,51.334132444,0,,0,Mitte,,,,0.0,,0,14220203148410096070,,1,
11265,,131430,14,7,13,000,2022,01,13,7,3,2,2,0,,0,1,0,0,0,,"733551,573001472046599","5693104,462986569851637",12.353455748,51.34116305,0,,0,Mitte,,,,0.0,,0,14220129144200067470,,0,
11266,,131481,14,7,13,000,2022,01,14,6,3,5,2,0,,1,1,0,0,0,,"735191,845771654043347","5697039,217983829788864",12.3795648780001,51.3758065380001,9,,9,Nord,,,,9.0,,0,14220121144200067480,,0,
11267,,131551,14,7,13,000,2022,01,07,2,2,2,6,0,,0,1,0,0,0,,"736692,193921520025469","5694500,709198289550841",12.3993940300001,51.3523973420001,1,,1,Nordost,,,,1.0,,1,14220131144200163200,,1,
11268,,131552,14,7,13,000,2022,01,10,5,3,2,6,0,,0,1,0,0,0,,"736423,588074867962860","5693422,994335969910026",12.3948278660001,51.342835386,0,,0,Mitte,,,,0.0,,0,14220120148410049170,,0,
11269,,131718,14,7,13,000,2022,02,18,7,2,3,6,2,,0,1,0,0,0,,"740506,826585137983784","5694454,030933950096369",12.45404253,51.350377146,2,,2,Ost,,,,2.0,,0,14220212148220096060,,0,
11270,,131759,14,7,13,000,2022,02,18,7,2,2,6,2,,0,1,0,0,0,,"731226,413678604993038","5696762,203078229911625",12.322507584,51.374948241,8,,8,Nordwest,,,,8.0,,0,14220219144200112610,,0,
11271,,131768,14,7,13,000,2022,01,11,5,3,3,6,0,,1,0,0,0,0,,"738094,256117244018242","5694439,779833639971912",12.419451419,51.3512648760001,1,,1,Nordost,,,,1.0,,0,14220113143263038070,,0,
11272,,131838,14,7,13,000,2022,01,07,5,3,4,5,2,,0,0,0,0,1,,"745598,972797965048812","5692112,830411589704454",12.525412106,51.327187861,2,,2,Ost,,,,2.0,,1,14220113144200080460,,0,
11273,,131882,14,7,13,000,2022,01,23,1,3,6,7,2,,0,0,1,0,0,,"733289,676766077056527","5692996,956187879666686",12.349631787,51.3403055150001,0,,0,Mitte,,,,0.0,,1,14220116144200031540,,1,
11274,,131915,14,7,13,000,2022,01,23,1,3,2,6,2,,0,1,0,0,0,,"744355,223097892012447","5693512,996034019626677",12.508555147,51.340290069,2,,2,Ost,,,,2.0,,0,14220123144310066170,,1,
11275,,131946,14,7,13,000,2022,02,10,6,2,5,2,0,,1,1,0,0,0,,"738289,351160536985844","5694495,657933830283582",12.422285371,51.3516846810001,1,,1,Nordost,,,,1.0,,0,14220204148210087160,,0,