UNFALL_ID,FID_left,OBJECTID,ULAND,UREGBEZ,UKREIS,UGEMEINDE,UJAHR,UMONAT,USTUNDE,UWOCHENTAG,UKATEGORIE,UART,UTYP1,ULICHTVERH,IstStrasse,IstRad,IstPKW,IstFuss,IstKrad,IstGkfz,IstSonstig,LINREFX,LINREFY,XGCSWGS84,YGCSWGS84,index_right,FID_right,SBZ,Name,UIDENTSTLA,LICHT,STRZUSTAND,FID,OBJECTID_1,IstSonstige,UIDENTSTLAE,OID_,IstStrassenzustand,PLST
11276,,131956,14,7,13,000,2022,01,16,2,3,5,3,0,,0,1,0,0,0,,"737761,137001547962427","5690343,620984620414674",12.4119430760001,51.3146371180001,3,,3,Südost,,,,3.0,,0,14220117144200047600,,1,
11277,,131979,14,7,13,000,2022,01,10,3,2,1,6,0,,0,1,0,0,0,,"735845,604523475049064","5693707,536133799701929",12.3867325960001,51.3456295400001,0,,0,Mitte,,,,0.0,,0,14220125144200065970,,1,
11278,,131995,14,7,13,000,2022,01,01,3,2,2,6,2,,0,1,0,0,1,,"730526,921029477962293","5683133,386263930238783",12.3036663610001,51.252886496,5,,5,Südwest,,,,5.0,,0,14220104144310010960,,1,
11279,,132049,14,7,13,000,2022,06,07,4,3,5,2,0,,0,1,0,0,0,,"732627,688001457951032","5692411,683986989781260",12.3397619250001,51.3353229140001,7,,7,Alt-West,,,,7.0,,0,14220622144200482180,,0,
11280,,132060,14,7,13,000,2022,04,22,6,3,7,7,2,,1,0,0,0,0,,"736451,829651123960502","5692269,629534609615803",12.394467035,51.332470829,0,,0,Mitte,,,,0.0,,0,14220429148410372290,,0,
11281,,132066,14,7,13,000,2022,03,13,4,3,5,3,0,,0,1,0,0,0,,"727525,938882861053571","5691346,826481410302222",12.2659669820001,51.327827266,6,,6,West,,,,6.0,,0,14220330148310236840,,0,
11282,,132083,14,7,13,000,2022,06,05,3,3,5,3,0,,1,1,0,0,0,,"736437,213398045045324","5693415,545935549773276",12.395018199,51.342762862,0,,0,Mitte,,,,0.0,,0,14220607148410429740,,0,
11283,,132085,14,7,13,000,2022,05,12,5,3,5,3,0,,0,1,0,0,0,,"726967,016001368989237","5686124,598989370279014",12.2546367850001,51.28116801,5,,5,Südwest,,,,5.0,,0,14220526148310343730,,0,
11284,,132088,14,7,13,000,2022,04,13,3,3,6,4,0,,1,0,1,0,0,,"736406,158213290036656","5692343,206611259840429",12.3938614350001,51.3331502550001,3,,3,Südost,,,,3.0,,0,14220426148410274710,,0,
11285,,132089,14,7,13,000,2022,04,17,3,2,9,6,0,,0,0,0,1,0,,"741862,221001593046822","5694646,644982280209661",12.4736006250001,51.35153087,2,,2,Ost,,,,2.0,,0,14220412144200345370,,0,
11286,,132099,14,7,13,000,2022,04,15,6,3,3,6,0,,0,1,0,0,0,,"738724,136299823992886","5699288,750307610258460",12.4317363980001,51.394524076,1,,1,Nordost,,,,1.0,,0,14220401144310225780,,0,
11287,,132104,14,7,13,000,2022,06,15,4,3,2,2,0,,0,1,0,1,0,,"732808,170100320945494","5692793,489968909882009",12.3425978450001,51.3386764090001,7,,7,Alt-West,,,,7.0,,0,14220622144200413390,,0,
11288,,132113,14,7,13,000,2022,03,15,2,3,5,3,0,,1,1,0,0,0,,"736062,808947416022420","5693821,412901270203292",12.3899212860001,51.346561578,0,,0,Mitte,,,,0.0,,0,14220314144200163180,,1,
11289,,132144,14,7,13,000,2022,05,09,5,3,5,3,0,,1,0,0,0,0,,"731609,617224515997805","5688405,847088560461998",12.3225706420001,51.299778561,5,,5,Südwest,,,,5.0,,0,14220505148222282360,,0,
11290,,132150,14,7,13,000,2022,03,11,3,3,5,2,0,,0,1,0,0,0,,"740910,391535561997443","5696360,987531189806759",12.4611182260001,51.3673222100001,2,,2,Ost,,,,2.0,,0,14220329144200244630,,0,
11291,,132168,14,7,13,000,2022,06,14,6,2,5,2,0,,1,1,0,0,0,,"735413,491548546007834","5690270,424239579588175",12.378268523,51.3149559560001,4,,4,Süd,,,,4.0,,0,14220617144200403450,,0,
11292,,132170,14,7,13,000,2022,02,08,2,3,6,4,0,,0,1,1,0,0,,"736828,795559715013951","5691838,234873360022902",12.3995817910001,51.3284417360001,3,,3,Südost,,,,3.0,,0,14220228148410143760,,0,
11293,,132236,14,7,13,000,2022,06,17,3,3,5,2,0,,1,1,0,0,0,,"736434,665739490999840","5693429,220664329826832",12.394990766,51.3428866680001,0,,0,Mitte,,,,0.0,,0,14220614144200403410,,0,
11294,,132240,14,7,13,000,2022,05,14,1,3,2,2,0,,0,1,0,1,0,,"737743,542793247033842","5690344,073820450343192",12.411691376,51.314648532,3,,3,Südost,,,,3.0,,0,14220515148210318910,,0,
11295,,132242,14,7,13,000,2022,04,15,6,3,2,6,0,,0,1,0,0,0,,"741086,689136594999582","5696474,007816860452294",12.463722718,51.3682618350001,2,,2,Ost,,,,2.0,,0,14220429144200383920,,0,
11296,,132243,14,7,13,000,2022,04,16,5,2,6,4,0,,0,0,1,0,0,,"734745,002697990043089","5693520,130839060060680",12.370833885,51.34440282,0,,0,Mitte,,,,0.0,,1,14220414144200237870,,1,
11297,,132250,14,7,13,000,2022,06,12,1,3,5,2,0,,0,1,0,0,0,,"741357,296246174955741","5686902,453853329643607",12.4611223840001,51.2822369830001,3,,3,Südost,,,,3.0,,0,14220619144200403430,,0,
11298,,132262,14,7,13,000,2022,04,18,5,2,6,4,0,,0,0,1,0,0,,"734368,107754233991727","5693368,443000029772520",12.365332036,51.3431966910001,0,,0,Mitte,,,,0.0,,1,14220428144200318150,,0,
11299,,132309,14,7,13,000,2022,03,14,2,2,5,3,0,,1,1,0,0,0,,"727723,933197089005262","5697686,787440179847181",12.2728615940001,51.3846636900001,8,,8,Nordwest,,,,8.0,,0,14220307144200143300,,0,
11300,,132325,14,7,13,000,2022,03,14,6,3,3,6,0,,0,1,0,0,0,,"736042,223667611018755","5693808,100589109584689",12.3896174060001,51.346450631,0,,0,Mitte,,,,0.0,,0,14220325148410224620,,0,
11301,,132328,14,7,13,000,2022,04,16,5,2,5,3,0,,1,1,0,0,0,,"733555,646522723953240","5693106,105938879773021",12.353515207,51.3411761250001,0,,0,Mitte,,,,0.0,,0,14220414144200237860,,1,
11302,,132333,14,7,13,000,2022,05,11,5,3,8,1,0,,0,0,0,1,0,,"736985,847288877004758","5691364,834930780343711",12.4015172000001,51.324127031,3,,3,Südost,,,,3.0,,0,14220512148410305400,,0,
11303,,132354,14,7,13,000,2022,03,16,1,2,5,3,0,,1,1,0,0,0,,"728924,019045535009354","5691778,377871950156987",12.286277281,51.331140502,6,,6,West,,,,6.0,,0,14220320144200183300,,0,
11304,,132374,14,7,13,000,2022,04,17,2,3,5,3,0,,1,1,0,0,0,,"728924,951927516958676","5691779,100348349660635",12.2862911130001,51.3311466120001,6,,6,West,,,,6.0,,0,14220411144200236800,,0,
11305,,132380,14,7,13,000,2022,03,17,7,3,1,7,1,,0,1,0,1,0,,"737595,542408438981511","5690340,060736060142517",12.4095688900001,51.3146743120001,3,,3,Südost,,,,3.0,,0,14220326148210189800,,0,
11306,,132382,14,7,13,000,2022,04,16,6,3,3,7,0,,0,1,0,0,0,,"736308,977001518011093","5692435,794985289685428",12.3925303290001,51.3340217320001,0,,0,Mitte,,,,0.0,,1,14220415148410237480,,0,
11307,,132397,14,7,13,000,2022,02,04,4,3,5,2,2,,0,1,0,0,0,,"735991,022001498960890","5697125,441985339857638",12.391084242,51.376248978,9,,9,Nord,,,,9.0,,0,14220223144200124220,,1,
11308,,132422,14,7,13,000,2022,06,13,3,3,3,6,0,,1,0,0,0,0,,"736761,147844254970551","5694459,262266539968550",12.400354909,51.351996592,1,,1,Nordost,,,,1.0,,0,14220607148110382490,,0,
11309,,132431,14,7,13,000,2022,05,17,4,2,2,6,0,,0,1,0,1,0,,"735426,683575753006153","5693465,993654180318117",12.3805684590001,51.3436350100001,0,,0,Mitte,,,,0.0,,0,14220518144200333250,,0,
11310,,132443,14,7,13,000,2022,05,15,4,3,5,3,0,,0,1,0,0,0,,"739758,568152731982991","5688231,489027139730752",12.439132693,51.294841127,3,,3,Südost,,,,3.0,,0,14220525144320363280,,0,
11311,,132444,14,7,13,000,2022,03,13,3,3,2,2,0,,0,1,0,0,0,,"743388,831019324949011","5695185,401152869686484",12.4958504030001,51.355714715,2,,2,Ost,,,,2.0,,0,14220308148213143740,,0,
11312,,132452,14,7,13,000,2022,06,07,4,3,5,2,0,,1,1,0,0,0,,"734005,857768001966178","5693237,044927990064025",12.3600536920001,51.342166401,0,,0,Mitte,,,,0.0,,0,14220608148410372300,,0,
11313,,132458,14,7,13,000,2022,04,05,3,1,5,2,0,,0,1,0,1,0,,"736425,457502139965072","5693413,197490540333092",12.394848155,51.3427466700001,0,,0,Mitte,,,,0.0,,0,14220412144200225751,,0,
11314,,132460,14,7,13,000,2022,03,15,3,2,4,6,0,,1,0,0,0,0,,"736458,850738459033892","5694597,696498939767480",12.3961134960001,51.3533650350001,1,,1,Nordost,,,,1.0,,0,14220315148110177750,,0,
11315,,132481,14,7,13,000,2022,06,07,4,3,2,6,0,,0,1,0,0,0,,"727181,294093196047470","5693383,626313730143011",12.2623274690001,51.346250168,7,,7,Alt-West,,,,7.0,,0,14220615148310439830,,0,
11316,,132487,14,7,13,000,2022,05,21,2,3,3,6,2,,0,1,0,0,0,,"736155,104150466038845","5701374,628797769546509",12.3962639600001,51.4143218720001,9,,9,Nord,,,,9.0,,0,14220502148110295690,,0,
11317,,132520,14,7,13,000,2022,03,10,3,3,2,2,0,,0,1,0,0,0,,"736061,383644549991004","5693821,322549359872937",12.3899007970001,51.3465613590001,0,,0,Mitte,,,,0.0,,0,14220329148410195840,,0,
11318,,132526,14,7,13,000,2022,05,11,1,2,5,2,0,,0,1,0,0,0,,"736142,826001488952897","5701506,378985160030425",12.396175445,51.415509581,9,,9,Nord,,,,9.0,,0,14220515144200364650,,0,
11319,,132537,14,7,13,000,2022,03,21,4,3,4,7,2,,0,1,0,0,0,,"739837,236081287031993","5694472,366065570153296",12.444457234,51.3508246230001,2,,2,Ost,,,,2.0,,1,14220316148210189780,,0,
11320,,132545,14,7,13,000,2022,04,15,6,3,2,6,0,,0,1,0,0,0,,"733130,390170861966908","5692923,426939380355179",12.347300773,51.3397107980001,0,,0,Mitte,,,,0.0,,0,14220401144200206310,,0,
11321,,132548,14,7,13,000,2022,05,06,4,3,4,6,0,,1,0,0,0,0,,"739889,988357509020716","5695624,944900079630315",12.4459903740001,51.361147541,2,,2,Ost,,,,2.0,,0,14220511148110305300,,0,
11322,,132551,14,7,13,000,2022,05,15,4,3,5,2,0,,1,1,0,0,0,,"736437,738001517020166","5693412,642985199578106",12.395023791,51.3427365860001,2,,2,Ost,,,,2.0,,0,14220525148421344170,,0,
11323,,132553,14,7,13,000,2022,05,17,6,3,5,1,0,,1,1,0,0,0,,"737328,665950519964099","5690875,330487229861319",12.4061026000001,51.319590297,3,,3,Südost,,,,3.0,,0,14220520148410355230,,0,
11324,,132562,14,7,13,000,2022,03,14,5,3,2,6,0,,0,1,0,0,0,,"732802,346252018003725","5696859,277943680062890",12.345174532,51.375175842,8,,8,Nordwest,,,,8.0,,0,14220324144200189600,,0,
11325,,132569,14,7,13,000,2022,05,16,6,3,9,1,0,,0,0,0,1,0,,"733966,267072282964364","5693229,091194369830191",12.35948104,51.342111296,0,,0,Mitte,,,,0.0,,0,14220513144100318850,,0,
11326,,132585,14,7,13,000,2022,04,09,2,3,3,2,0,,1,1,0,0,0,,"735858,051712193991989","5693720,074240179732442",12.386919307,51.3457369220001,0,,0,Mitte,,,,0.0,,0,14220425144200332920,,1,
11327,,132588,14,7,13,000,2022,06,17,6,3,5,2,0,,1,0,0,0,0,,"736159,902001512004063","5693922,322985329665244",12.391379881,51.347427043,0,,0,Mitte,,,,0.0,,1,14220617148410429730,,0,
11328,,132594,14,7,13,000,2022,04,10,7,3,2,6,0,,0,1,0,0,0,,"742050,137926672003232","5694687,055128820240498",12.4763216170001,51.3518135790001,2,,2,Ost,,,,2.0,,0,14220416144200255010,,0,
11329,,132643,14,7,13,000,2022,02,07,2,3,2,6,0,,0,1,0,0,0,,"732792,844268459943123","5696858,842365750111639",12.3450379610001,51.3751758270001,8,,8,Nordwest,,,,8.0,,1,14220228148110142990,,0,
11330,,132654,14,7,13,000,2022,06,16,7,2,2,6,0,,0,1,0,1,0,,"739454,543435720028356","5688539,730954480357468",12.434986844,51.297735764,3,,3,Südost,,,,3.0,,0,14220604144200372650,,0,
11331,,132664,14,7,13,000,2022,03,14,3,2,6,4,0,,0,1,1,0,0,,"735389,808318948023953","5693534,699988669715822",12.380085363,51.344267007,0,,0,Mitte,,,,0.0,,0,14220315144200183310,,0,
11332,,132675,14,7,13,000,2022,05,17,5,3,5,2,0,,1,1,0,0,0,,"736437,738001517020166","5693412,642985199578106",12.395023791,51.3427365860001,2,,2,Ost,,,,2.0,,0,14220512148422317970,,0,
11333,,132679,14,7,13,000,2022,03,20,6,3,7,1,2,,0,1,0,0,0,,"736586,189737468957901","5702646,474867749959230",12.4033006010001,51.4255582750001,9,,9,Nord,,,,9.0,,0,14220304149310137560,,0,
11334,,132680,14,7,13,000,2022,04,08,5,3,3,6,0,,1,0,0,0,0,,"736326,204586750012822","5692475,556211239658296",12.392803562,51.334371479,0,,0,Mitte,,,,0.0,,0,14220421148410244870,,0,
11335,,132699,14,7,13,000,2022,04,21,2,2,2,6,2,,0,1,0,0,0,,"738812,396010683965869","5699268,074669259600341",12.4329888070001,51.394301367,1,,1,Nordost,,,,1.0,,1,14220418144320273120,,0,
11336,,132731,14,7,13,000,2022,04,18,2,3,4,6,0,,1,0,0,0,0,,"736442,995043199043721","5694575,289903629571199",12.395871314,51.353170506,1,,1,Nordost,,,,1.0,,0,14220404144200213270,,1,
11337,,132743,14,7,13,000,2022,06,15,6,3,2,6,0,,0,1,0,0,0,,"727736,271544920979068","5699056,296287209726870",12.273916876,51.396953108,8,,8,Nordwest,,,,8.0,,0,14220617144200403420,,0,
11338,,132770,14,7,13,000,2022,04,13,6,3,2,6,0,,0,1,0,0,0,,"743832,738811700022779","5694703,540916210040450",12.501883449,51.3511996770001,2,,2,Ost,,,,2.0,,0,14220429144310273710,,0,
11339,,132777,14,7,13,000,2022,05,20,5,3,5,3,1,,0,1,0,1,0,,"736425,013624330051243","5693415,523658749647439",12.3948433370001,51.3427677350001,0,,0,Mitte,,,,0.0,,0,14220512148410333330,,0,
11340,,132780,14,7,13,000,2022,05,18,3,3,2,6,0,,0,1,0,0,0,,"730256,973651895998046","5701147,438018039800227",12.311446674,51.4147078130001,8,,8,Nordwest,,,,8.0,,0,14220524144200343230,,0,
11341,,132801,14,7,13,000,2022,03,18,2,3,2,6,0,,1,1,0,0,0,,"735292,578953271033242","5690264,593934990465641",12.3765327720001,51.31495362,4,,4,Süd,,,,4.0,,0,14220328148210224550,,0,
11342,,132804,14,7,13,000,2022,06,15,4,3,5,2,0,,1,1,0,0,0,,"733842,368001474998891","5693189,926986440084875",12.3576795590001,51.341810706,0,,0,Mitte,,,,0.0,,0,14220601148410363630,,0,
11343,,132805,14,7,13,000,2022,03,16,5,3,5,3,0,,0,1,0,0,0,,"729679,414001416997053","5687336,224988319911063",12.294242105,51.290958188,5,,5,Südwest,,,,5.0,,1,14220310144200205630,,0,
11344,,132817,14,7,13,000,2022,04,05,2,3,5,3,1,,1,1,0,0,0,,"733759,020117718027905","5696905,837903729639947",12.3589264350001,51.37520083,9,,9,Nord,,,,9.0,,0,14220425148110263040,,1,
11345,,132827,14,7,13,000,2022,06,14,5,3,6,6,0,,1,0,1,0,0,,"736134,684029296040535","5690289,147282630205154",12.3886108930001,51.314825264,4,,4,Süd,,,,4.0,,0,14220609148220383610,,0,
11346,,132860,14,7,13,000,2022,05,12,6,3,5,3,0,,1,1,0,0,0,,"738840,927406089031138","5689171,805459549650550",12.4266243060001,51.3036669000001,3,,3,Südost,,,,3.0,,0,14220513148220382800,,0,
11347,,132861,14,7,13,000,2022,06,14,6,3,5,3,0,,1,1,0,0,0,,"740038,779864675947465","5694427,573700009845197",12.447315906,51.35033751,2,,2,Ost,,,,2.0,,0,14220603144200571100,,0,
11348,,132922,14,7,13,000,2022,04,19,2,3,8,1,0,,0,1,0,0,0,,"734636,866853208979592","5693486,110062710009515",12.3692615680001,51.3441420730001,0,,0,Mitte,,,,0.0,,0,14220411144200244620,,0,
11349,,132946,14,7,13,000,2022,05,17,3,3,3,2,0,,1,1,0,0,0,,"736408,199161357013509","5694525,206912839785218",12.3953392390001,51.352735427,1,,1,Nordost,,,,1.0,,0,14220510148110317910,,0,
11350,,132951,14,7,13,000,2022,04,17,4,3,2,6,0,,0,1,0,0,0,,"734783,931175454985350","5693527,886059690266848",12.371396955,51.34445636,0,,0,Mitte,,,,0.0,,0,14220413148415237900,,0,
11351,,132957,14,7,13,000,2022,05,16,5,3,2,6,0,,0,1,0,0,0,,"743891,782909780042246","5694618,965022189542651",12.5026717800001,51.350415266,2,,2,Ost,,,,2.0,,0,14220512144310317890,,0,
11352,,132985,14,7,13,000,2022,03,18,4,2,5,3,0,,0,1,0,0,0,,"728119,983818250009790","5691044,577994610182941",12.2742856900001,51.3248759890001,6,,6,West,,,,6.0,,0,14220330148310205720,,1,
11353,,132987,14,7,13,000,2022,05,11,5,3,5,3,0,,1,1,0,0,0,,"738861,895853806054220","5688912,187829449772835",12.426750826,51.3013277920001,3,,3,Südost,,,,3.0,,0,14220512144200332860,,0,
11354,,133008,14,7,13,000,2022,04,07,3,3,6,4,0,,0,1,1,0,0,,"736335,320973193971440","5692497,788074029609561",12.392948942,51.334567248,0,,0,Mitte,,,,0.0,,0,14220426144200262720,,0,
11355,,133031,14,7,13,000,2022,06,22,4,3,0,7,2,,0,0,0,1,0,,"736633,335293570999056","5695730,296021239832044",12.399368059,51.3634587590001,9,,9,Nord,,,,9.0,,1,14220615148110481640,,1,
11356,,133035,14,7,13,000,2022,05,08,2,3,2,6,0,,0,1,0,0,0,,"736241,125452043022960","5694044,298308970406651",12.3926250390001,51.3484881700001,0,,0,Mitte,,,,0.0,,0,14220516148410318940,,0,
11357,,133097,14,7,13,000,2022,05,12,4,3,6,2,0,,0,1,1,0,0,,"731965,279664264991879","5692425,333988410420716",12.3302780980001,51.335716006,7,,7,Alt-West,,,,7.0,,0,14220511148310304780,,0,
11358,,133106,14,7,13,000,2022,06,17,4,3,5,2,0,,1,0,0,0,0,,"737468,736630638013594","5690708,511986870318651",12.4079979680001,51.318034486,3,,3,Südost,,,,3.0,,1,14220615148220402740,,0,
11359,,133107,14,7,13,000,2022,06,21,5,2,8,1,2,,0,0,0,1,0,,"739011,647625543992035","5687845,798840619623661",12.4281812400001,51.291693122,3,,3,Südost,,,,3.0,,0,14220616148220402170,,0,
11360,,133113,14,7,13,000,2022,05,08,5,2,5,2,0,,1,1,0,0,0,,"736345,354978477000259","5694734,879355999641120",12.3945776040001,51.354643616,1,,1,Nordost,,,,1.0,,0,14220519144200364740,,0,
11361,,133120,14,7,13,000,2022,04,13,3,3,5,3,0,,1,1,0,0,0,,"735174,600529631017707","5693551,322267630137503",12.3770118260001,51.3445052710001,0,,0,Mitte,,,,0.0,,0,14220419148410295730,,0,
11362,,133127,14,7,30,150,2022,06,11,6,3,5,3,0,,0,1,0,0,0,,"736574,168001490994357","5702617,042984929867089",12.40310835,51.4252991120001,9,,9,Nord,,,,9.0,,0,14220603144200363840,,0,
11363,,133128,14,7,13,000,2022,06,09,4,2,0,1,0,,1,0,0,0,0,,"735601,841275539947674","5693468,418145979754627",12.3830805040001,51.343584219,0,,0,Mitte,,,,0.0,,0,14220622145200429190,,0,
11364,,133153,14,7,13,000,2022,03,08,6,3,0,1,0,,1,0,0,0,0,,"737246,697144852951169","5690984,987715680152178",12.4050013880001,51.3206087720001,3,,3,Südost,,,,3.0,,0,14220304148410137350,,0,
11365,,133169,14,7,13,000,2022,06,20,1,2,5,3,0,,0,1,0,1,0,,"739757,775001585949212","5688232,315983619540930",12.439121893,51.294848883,3,,3,Südost,,,,3.0,,0,14220619144200536670,,0,
11366,,133170,14,7,13,000,2022,03,20,7,3,2,6,2,,0,1,0,0,0,,"734782,037001490010880","5693527,608985999599099",12.3713696240001,51.344454655,0,,0,Mitte,,,,0.0,,0,14220319148410183400,,0,
11367,,133181,14,7,13,000,2022,04,12,5,3,3,2,0,,0,1,0,0,1,,"733908,515001476975158","5693218,091986400075257",12.3586460930001,51.3420363220001,0,,0,Mitte,,,,0.0,,0,14220428148410273960,,0,
11368,,133198,14,7,13,000,2022,05,14,3,3,3,6,0,,0,1,0,0,0,,"732044,126673880033195","5692444,029790120199323",12.3314202120001,51.3358516690001,7,,7,Alt-West,,,,7.0,,1,14220531148310354250,,0,
11369,,133223,14,7,13,000,2022,05,14,4,3,7,1,0,,0,0,0,1,0,,"736670,121470015030354","5690272,201876110397279",12.396268881,51.314450762,0,,0,Mitte,,,,0.0,,0,14220511662221362680,,0,
11370,,133233,14,7,13,000,2022,05,04,1,3,2,6,1,,0,1,0,0,0,,"731251,970761433010921","5701177,169504229910672",12.3257497930001,51.414569859,8,,8,Nordwest,,,,8.0,,0,14220515148410319600,,0,
11371,,133245,14,7,13,000,2022,03,18,6,3,5,3,2,,0,1,0,0,0,,"731450,937398280017078","5688453,741414709948003",12.3203294470001,51.3002730220001,5,,5,Südwest,,,,5.0,,0,14220318148310177010,,0,
11372,,133248,14,7,13,000,2022,03,18,3,2,5,2,0,,0,1,0,1,0,,"736142,826001488952897","5701506,378985160030425",12.396175445,51.415509581,9,,9,Nord,,,,9.0,,0,14220329144200334050,,0,
11373,,133253,14,7,13,000,2022,06,07,3,3,4,6,0,,1,0,0,0,0,,"739895,772958002984524","5695629,902644949965179",12.4460766510001,51.3611895980001,2,,2,Ost,,,,2.0,,0,14220621148110413760,,0,
11374,,133258,14,7,13,000,2022,06,19,3,3,5,3,0,,1,0,0,0,0,,"736833,230906769982539","5691827,152328420430422",12.399637973,51.3283404110001,3,,3,Südost,,,,3.0,,0,14220614148410391230,,0,
11375,,133260,14,7,13,000,2022,04,14,4,3,5,3,0,,0,1,0,0,0,,"736723,467923294054344","5692020,454381610266864",12.3981937460001,51.330121208,3,,3,Südost,,,,3.0,,1,14220406144200371780,,0,
11376,,133277,14,7,13,000,2022,06,15,2,3,2,6,0,,0,1,0,1,0,,"732801,066706293961033","5696859,218378840014338",12.3451561410001,51.3751758320001,8,,8,Nordwest,,,,8.0,,0,14220613144200413360,,0,
11377,,133302,14,7,13,000,2022,05,17,3,3,5,2,0,,1,1,0,0,0,,"737329,037121805944480","5690874,859106959775090",12.4061076040001,51.319585911,3,,3,Südost,,,,3.0,,0,14220531148210383990,,0,
11378,,133326,14,7,13,000,2022,05,07,5,3,2,6,0,,0,1,0,0,0,,"737609,406956627033651","5694262,665953270159662",12.4123831790001,51.349877984,1,,1,Nordost,,,,1.0,,1,14220512148110305310,,0,
11379,,133328,14,7,13,000,2022,06,11,2,3,2,6,0,,0,1,0,0,0,,"736451,794483680976555","5696438,246359259821475",12.397235763,51.3698889840001,9,,9,Nord,,,,9.0,,0,14220620148110428900,,1,
11380,,133344,14,7,13,000,2022,05,16,1,3,5,3,0,,0,1,0,1,0,,"726253,387516599032097","5690205,986926889978349",12.247007996,51.3180928740001,6,,6,West,,,,6.0,,0,14220522148310372730,,0,
11381,,133429,14,7,13,000,2022,03,10,4,3,2,6,0,,0,1,0,0,0,,"737000,957001534057781","5691378,569984969682992",12.4017427950001,51.324244025,3,,3,Südost,,,,3.0,,0,14220330144200205610,,1,
11382,,133437,14,7,13,000,2022,03,07,3,3,3,2,0,,1,1,0,0,0,,"736992,573347292956896","5691392,667845480144024",12.401632062,51.3243740620001,3,,3,Südost,,,,3.0,,0,14220329148410237490,,0,
11383,,133438,14,7,13,000,2022,04,07,5,2,4,6,0,,0,1,0,0,0,,"738577,091001549037173","5694523,927984089590609",12.426428878,51.351817731,1,,1,Nordost,,,,1.0,,0,14220421144200263010,,0,
11384,,133451,14,7,13,000,2022,05,15,1,2,0,3,0,,0,1,0,0,0,,"740250,881470656022429","5695928,129470679908991",12.451369239,51.363716336,2,,2,Ost,,,,2.0,,1,14220522148110363580,,0,
11385,,133452,14,7,13,000,2022,04,14,3,3,8,1,0,,0,1,0,0,0,,"728028,014748574001715","5700098,986825290136039",12.2787735270001,51.406196342,8,,8,Nordwest,,,,8.0,,0,14220426148110274670,,0,
11386,,133463,14,7,13,000,2022,03,20,5,3,5,3,2,,0,1,0,0,0,,"736312,992114617023617","5694359,057843499816954",12.39386412,51.3512836360001,0,,0,Mitte,,,,0.0,,0,14220331148410224590,,1,
11387,,133475,14,7,13,000,2022,06,22,4,3,0,1,2,,0,0,0,1,0,,"735796,654127183952369","5693664,094983370043337",12.38600222,51.3452599060001,0,,0,Mitte,,,,0.0,,0,14220615144200391580,,0,
11388,,133479,14,7,13,000,2022,05,10,2,2,0,1,0,,0,1,0,0,0,,"735080,028904629987665","5697039,242783909663558",12.377961154,51.375853056,9,,9,Nord,,,,9.0,,0,14220516144200364710,,0,
11389,,133483,14,7,13,000,2022,06,17,5,2,5,3,0,,1,1,0,0,0,,"733253,497273575980216","5692951,188394609838724",12.349083292,51.3399095180001,0,,0,Mitte,,,,0.0,,0,14220609144200413710,,0,
11390,,133505,14,7,13,000,2022,05,19,7,3,5,3,0,,1,1,0,0,0,,"732392,286977738956921","5692411,129773110151291",12.336388141,51.335414176,7,,7,Alt-West,,,,7.0,,0,14220528662212354970,,0,
11391,,133520,14,7,13,000,2022,05,15,7,3,6,4,0,,0,1,1,0,0,,"735336,859735663980246","5693518,690329800359905",12.379315886,51.3441452180001,0,,0,Mitte,,,,0.0,,0,14220514148410364260,,0,
11392,,133595,14,7,13,000,2022,06,15,5,3,0,1,0,,0,0,0,1,0,,"736159,489001509966329","5694432,145985320210457",12.3917121920001,51.3520034850001,1,,1,Nordost,,,,1.0,,0,14220602148110364190,,0,
11393,,133617,14,7,13,000,2022,03,16,6,3,2,6,0,,0,1,0,0,0,,"734957,397394050960429","5693528,261203680187464",12.3738834690001,51.344388069,0,,0,Mitte,,,,0.0,,1,14220304144200161960,,0,
11394,,133625,14,7,13,000,2022,05,20,7,2,5,3,0,,0,1,0,0,0,,"735030,114720087032765","5702116,490459360182285",12.380607002,51.421448291,9,,9,Nord,,,,9.0,,0,14220514144200322180,,0,
11395,,133650,14,7,13,000,2022,05,17,4,3,4,6,0,,0,1,0,1,0,,"727203,890095739043318","5696739,822982209734619",12.264795043,51.3763708650001,8,,8,Nordwest,,,,8.0,,0,14220525144200364630,,0,
11396,,133662,14,7,13,000,2022,04,16,2,3,5,3,0,,1,1,0,0,0,,"731213,950001443037763","5688472,561987670138478",12.316948,51.3005382480001,5,,5,Südwest,,,,5.0,,0,14220425148310282140,,0,
11397,,133668,14,7,13,000,2022,03,16,7,3,2,6,0,,0,1,0,0,1,,"735851,563951901975088","5693711,502080569975078",12.3868206390001,51.3456626670001,0,,0,Mitte,,,,0.0,,0,14220326144200189760,,0,
11398,,133702,14,7,13,000,2022,04,16,6,3,4,6,0,,0,1,0,0,0,,"743182,165800040005706","5691585,335384589619935",12.490430028,51.3234916320001,2,,2,Ost,,,,2.0,,0,14220408144200225030,,0,
11399,,133733,14,7,13,000,2022,06,10,5,3,2,2,0,,0,1,0,0,0,,"736995,701351076946594","5691386,324235959909856",12.4016726570001,51.3243158170001,3,,3,Südost,,,,3.0,,0,14220623148210439810,,0,