UNFALL_ID,FID_left,OBJECTID,ULAND,UREGBEZ,UKREIS,UGEMEINDE,UJAHR,UMONAT,USTUNDE,UWOCHENTAG,UKATEGORIE,UART,UTYP1,ULICHTVERH,IstStrasse,IstRad,IstPKW,IstFuss,IstKrad,IstGkfz,IstSonstig,LINREFX,LINREFY,XGCSWGS84,YGCSWGS84,index_right,FID_right,SBZ,Name,UIDENTSTLA,LICHT,STRZUSTAND,FID,OBJECTID_1,IstSonstige,UIDENTSTLAE,OID_,IstStrassenzustand,PLST
11524,,135555,14,7,13,000,2022,09,19,6,3,1,7,1,,0,1,0,0,0,,"734674,664089574012905","5699054,231904390268028",12.373478252,51.39410788,9,,9,Nord,,,,9.0,,0,14220916148110675600,,0,
11525,,135574,14,7,13,000,2022,07,18,2,2,5,3,0,,1,1,0,0,0,,"728310,268001383985393","5690596,261988789774477",12.276725008,51.3207750010001,6,,6,West,,,,6.0,,0,14220718144200507140,,0,
11526,,135610,14,7,13,000,2022,10,21,7,3,5,3,2,,0,1,0,0,0,,"728105,513486013980582","5691043,714481550268829",12.2740778040001,51.3248740380001,6,,6,West,,,,6.0,,0,14221015148310738470,,0,
11527,,135624,14,7,13,000,2022,10,15,4,3,6,4,0,,0,1,1,0,0,,"733763,403851961949840","5693190,786073099821806",12.356548387,51.341850886,0,,0,Mitte,,,,0.0,,0,14221026144200805920,,0,
11528,,135685,14,7,13,000,2022,11,13,3,3,5,3,0,,0,1,0,0,0,,"726968,889924878021702","5686122,783924249932170",12.2546624570001,51.2811509690001,5,,5,Südwest,,,,5.0,,0,14221101148310843200,,0,
11529,,135692,14,7,13,000,2022,08,07,3,3,3,2,0,,1,0,0,0,1,,"735100,894378997036256","5697039,228443340398371",12.3782604090001,51.37584429,9,,9,Nord,,,,9.0,,0,14220816662221579940,,0,
11530,,135699,14,7,13,000,2022,08,18,7,3,0,7,0,,1,0,0,0,0,,"733560,813148463959806","5693075,469323620200157",12.353569164,51.3408989920001,0,,0,Mitte,,,,0.0,,0,14220827144100607210,,1,
11531,,135734,14,7,13,000,2022,09,09,5,3,2,6,0,,0,1,0,0,0,,"733620,105790665955283","5696857,999471119605005",12.356902588,51.374828569,9,,9,Nord,,,,9.0,,0,14220929144200702280,,0,
11532,,135736,14,7,13,000,2022,10,17,3,3,5,3,1,,1,1,0,0,0,,"735603,536105348961428","5697095,424457239918411",12.3855067960001,51.3761404190001,9,,9,Nord,,,,9.0,,0,14221018148110764030,,1,
11533,,135744,14,7,13,000,2022,09,08,5,3,2,6,0,,0,1,0,0,0,,"736642,683133380953223","5695724,727734380401671",12.3994983870001,51.363404884,9,,9,Nord,,,,9.0,,0,14220922148110678220,,0,
11534,,135762,14,7,13,000,2022,12,09,7,3,5,3,0,,0,1,0,0,0,,"731292,432001419947483","5697264,751987470313907",12.3237815480001,51.3794326290001,8,,8,Nordwest,,,,8.0,,0,14221217144200930700,,1,
11535,,135789,14,7,13,000,2022,09,15,7,2,6,4,0,,0,0,1,0,0,,"735450,883786016958766","5693498,315961520187557",12.380936681,51.343915123,0,,0,Mitte,,,,0.0,,1,14220910148410717180,,0,
11536,,135790,14,7,13,000,2022,07,19,4,2,2,6,0,,0,1,0,0,1,,"744805,901393098989502","5692032,999912650324404",12.513996279,51.326813185,2,,2,Ost,,,,2.0,,0,14220727144310535080,,0,
11537,,135829,14,7,13,000,2022,08,06,6,3,5,3,0,,1,1,0,0,0,,"737345,051152857951820","5690243,864660279825330",12.405917076,51.313915357,4,,4,Süd,,,,4.0,,0,14220805148210560450,,0,
11538,,135876,14,7,13,000,2022,10,18,2,3,5,3,2,,1,1,0,0,0,,"736867,171872655046172","5694392,775685380212963",12.4018304950001,51.3513556290001,1,,1,Nordost,,,,1.0,,0,14221024144200765730,,0,
11539,,135886,14,7,13,000,2022,08,01,1,3,5,3,2,,1,1,0,0,0,,"739049,019001552951522","5694918,600983840413392",12.43345872,51.3551619620001,2,,2,Ost,,,,2.0,,0,14220821144310764000,,0,
11540,,135920,14,7,13,000,2022,11,17,5,3,5,3,2,,1,1,0,0,0,,"739758,601585539057851","5688231,454169370234013",12.4391331480001,51.2948408,3,,3,Südost,,,,3.0,,0,14221117144200886670,,1,
11541,,135933,14,7,13,000,2022,10,16,3,2,5,3,0,,0,1,0,0,0,,"735174,342905875993893","5693551,265444369986653",12.3770080960001,51.3445048680001,0,,0,Mitte,,,,0.0,,0,14221004144320766280,,0,
11542,,135938,14,7,13,000,2022,08,16,7,3,5,2,0,,0,1,0,0,0,,"736427,027001518988982","5692749,915985230356455",12.394430363,51.3367922830001,3,,3,Südost,,,,3.0,,0,14220806148410554150,,0,
11543,,135962,14,7,13,000,2022,11,20,4,3,5,2,2,,1,1,0,0,0,,"734779,232812853995711","5693527,049688849598169",12.3713290630001,51.3444507930001,0,,0,Mitte,,,,0.0,,0,14221123148410865620,,0,
11544,,135987,14,7,13,000,2022,07,15,5,3,2,6,0,,0,1,0,0,0,,"733385,137127827969380","5693004,129507590085268",12.351004615,51.3403307350001,0,,0,Mitte,,,,0.0,,0,14220707148110482220,,1,
11545,,135994,14,7,13,000,2022,08,23,7,3,0,1,2,,1,0,0,0,0,,"736565,915752050001174","5690285,087639659643173",12.39478487,51.3146097490001,0,,0,Mitte,,,,0.0,,0,14220806148420590700,,0,
11546,,136018,14,7,13,000,2022,08,12,4,3,5,2,0,,0,1,0,0,0,,"734725,488572894013487","5690206,089899710379541",12.368371435,51.314662619,4,,4,Süd,,,,4.0,,0,14220831148211612790,,0,
11547,,136087,14,7,13,000,2022,11,15,6,3,5,3,0,,1,1,0,0,0,,"741134,984786086017266","5694496,406132630072534",12.4630748700001,51.35049137,2,,2,Ost,,,,2.0,,0,14221118144200842820,,0,
11548,,136120,14,7,13,000,2022,09,16,3,3,6,4,0,,0,0,1,1,0,,"736623,730747523950413","5692126,468318399973214",12.3968351020001,51.331114304,3,,3,Südost,,,,3.0,,0,14220906148410702630,,0,
11549,,136145,14,7,13,000,2022,09,16,6,3,0,1,0,,0,1,0,1,0,,"737903,555001551983878","5690206,330984549596906",12.4138913580001,51.3133452860001,3,,3,Südost,,,,3.0,,0,14220909144200644050,,1,
11550,,136147,14,7,13,000,2022,10,10,4,3,3,6,0,,1,0,0,0,0,,"734760,534406824968755","5693486,763046409934759",12.3710345000001,51.3440968850001,0,,0,Mitte,,,,0.0,,0,14221026148423776380,,0,
11551,,136159,14,7,13,000,2022,06,16,6,3,4,6,0,,0,1,0,1,0,,"727371,599203565972857","5697072,157566200010478",12.26741335,51.379287205,8,,8,Nordwest,,,,8.0,,0,14220624148123428920,,0,
11552,,136174,14,7,13,000,2022,07,16,3,3,5,3,0,,1,1,0,0,0,,"728926,062914496986195","5691779,960759299807250",12.286307586,51.3311538890001,6,,6,West,,,,6.0,,0,14220705148310489060,,0,
11553,,136176,14,7,13,000,2022,11,14,7,3,5,2,0,,0,1,0,0,0,,"738094,415351105970331","5690013,046510729938745",12.4164959570001,51.311530556,3,,3,Südost,,,,3.0,,1,14221105148210829860,,0,
11554,,136181,14,7,13,000,2022,11,07,3,3,3,2,0,,1,1,0,0,0,,"726273,290875419974327","5690213,625881319865584",12.2472979880001,51.318153539,6,,6,West,,,,6.0,,0,14221108148310808581,,0,
11555,,136188,14,7,13,000,2022,09,14,4,2,5,3,0,,1,1,0,0,0,,"736333,658001490985043","5701674,104985070414841",12.3990265620001,51.416935601,9,,9,Nord,,,,9.0,,0,14220907144200808460,,0,
11556,,136221,14,7,13,000,2022,11,11,3,2,6,4,0,,0,1,1,0,0,,"735455,747204812942073","5693495,418713740073144",12.3810044700001,51.343887103,0,,0,Mitte,,,,0.0,,0,14221115144200842830,,0,
11557,,136237,14,7,13,000,2022,06,06,2,3,2,6,0,,0,1,0,1,0,,"736425,540111711947247","5692742,765329769812524",12.39440431,51.336728715,3,,3,Südost,,,,3.0,,0,14220627148410430310,,0,
11558,,136274,14,7,13,000,2022,12,12,5,3,0,7,0,,0,0,1,0,0,,"735435,648751794011332","5693507,391813510097563",12.380724324,51.3440029000001,0,,0,Mitte,,,,0.0,,1,14221229148410983410,,0,
11559,,136290,14,7,13,000,2022,12,14,6,3,2,6,0,,0,1,0,0,0,,"735848,597500447998755","5693709,527933440171182",12.386776814,51.345646178,0,,0,Mitte,,,,0.0,,0,14221216149610929530,,0,
11560,,136307,14,7,13,000,2022,08,08,2,3,1,6,0,,0,1,0,0,0,,"736685,832001516013406","5695515,431985029950738",12.3999778080001,51.3615082520001,1,,1,Nordost,,,,1.0,,0,14220815148110579860,,0,
11561,,136316,14,7,13,000,2022,09,15,3,3,1,6,0,,0,1,0,1,0,,"731239,184145451989025","5697290,322964070364833",12.323034373,51.3796838600001,8,,8,Nordwest,,,,8.0,,0,14220920148110677330,,0,
11562,,136319,14,7,13,000,2022,09,10,7,3,2,2,0,,1,0,0,0,0,,"734751,901995226973668","5690209,532845250330865",12.368752037,51.314682631,4,,4,Süd,,,,4.0,,0,14220910144200737550,,0,
11563,,136351,14,7,13,000,2022,11,16,6,3,6,4,2,,0,0,1,0,0,,"738578,988325187005103","5694523,148205069825053",12.426455552,51.3518099360001,2,,2,Ost,,,,2.0,,1,14221125148410886220,,1,
11564,,136369,14,7,13,000,2022,08,18,3,2,0,1,0,,1,0,0,0,0,,"742492,536671511013992","5691663,458156909793615",12.48060445,51.3244871370001,2,,2,Ost,,,,2.0,,0,14220816148210590360,,0,
11565,,136370,14,7,13,000,2022,10,15,6,3,8,1,0,,0,0,0,0,1,,"735886,643223944003694","5701803,269992159679532",12.392695501,51.418281113,9,,9,Nord,,,,9.0,,0,14221021149310766400,,1,
11566,,136379,14,7,13,000,2022,09,17,7,3,0,7,0,,0,0,0,1,0,,"736338,625968163018115","5694284,559876220300794",12.3941821080001,51.3506042720001,0,,0,Mitte,,,,0.0,,0,14220924148410679210,,0,
11567,,136380,14,7,13,000,2022,08,07,3,2,5,3,0,,1,0,0,1,0,,"736383,443001520005055","5692592,303985250182450",12.3937012160001,51.3353956440001,3,,3,Südost,,,,3.0,,0,14220809144200560840,,0,
11568,,136404,14,7,13,000,2022,10,15,5,3,5,2,0,,1,1,0,0,0,,"740894,172951873042621","5696350,770125850103796",12.460878752,51.3672373810001,2,,2,Ost,,,,2.0,,0,14221006148110717910,,0,
11569,,136425,14,7,13,000,2022,12,07,2,3,9,1,0,,0,1,0,0,0,,"736176,820001512998715","5693951,113985319621861",12.391641475,51.3476784490001,0,,0,Mitte,,,,0.0,,0,14221226148410944390,,1,
11570,,136437,14,7,13,000,2022,12,15,3,3,5,2,0,,1,1,0,0,0,,"735097,175080433953553","5697039,231402269564569",12.3782070670001,51.3758458560001,9,,9,Nord,,,,9.0,,0,14221206148110916760,,1,
11571,,136488,14,7,13,000,2022,10,15,5,3,5,3,0,,1,1,0,0,0,,"734617,741595947998576","5690175,272475380450487",12.3668078330001,51.3144304130001,4,,4,Süd,,,,4.0,,0,14221013148210739180,,0,
11572,,136489,14,7,13,000,2022,11,16,4,3,8,1,2,,0,1,0,0,0,,"729092,426145717035979","5691940,838878029957414",12.288794996,51.3325311390001,6,,6,West,,,,6.0,,0,14221123148310852170,,0,
11573,,136510,14,7,13,000,2022,11,10,1,3,5,2,0,,0,1,0,0,0,,"732623,248902617022395","5692410,986610050313175",12.339697856,51.3353184700001,7,,7,Alt-West,,,,7.0,,0,14221127144200865170,,0,
11574,,136543,14,7,13,000,2022,11,09,5,3,5,2,0,,0,1,0,0,0,,"736724,314925660961308","5692019,426917079836130",12.3982051990001,51.3301116320001,3,,3,Südost,,,,3.0,,0,14221117148410864791,,1,
11575,,136547,14,7,13,000,2022,08,12,2,3,0,7,0,,1,0,0,0,0,,"733548,177835635025986","5693103,069291809573770",12.353406174,51.341151934,0,,0,Mitte,,,,0.0,,0,14220829148210607660,,0,
11576,,136567,14,7,13,000,2022,09,15,5,3,2,6,0,,0,1,0,0,0,,"727077,932811866980046","5693393,083355600014329",12.260851813,51.346376363,7,,7,Alt-West,,,,7.0,,0,14220908148310675910,,1,
11577,,136590,14,7,13,000,2022,09,18,3,2,8,1,0,,0,0,0,1,0,,"740505,474893330945633","5694441,945555300451815",12.4540149910001,51.3502692440001,2,,2,Ost,,,,2.0,,0,14220913144200677920,,0,
11578,,136594,14,7,13,000,2022,10,12,3,3,6,2,0,,0,1,1,0,0,,"735102,904633064987138","5697039,226487530395389",12.3782892400001,51.37584344,9,,9,Nord,,,,9.0,,0,14221011148110738090,,0,
11579,,136629,14,7,13,000,2022,08,23,6,3,2,6,2,,0,1,0,0,0,,"732998,580395012046210","5692871,574589219875634",12.345377784,51.3392993620001,7,,7,Alt-West,,,,7.0,,0,14220826148310644200,,0,
11580,,136681,14,7,13,000,2022,11,15,2,3,2,6,0,,0,1,0,0,0,,"735180,896343010012060","5693552,711052150465548",12.3771029800001,51.3445151330001,0,,0,Mitte,,,,0.0,,0,14221121148410851510,,1,
11581,,136717,14,7,13,000,2022,07,08,2,3,5,3,0,,1,0,0,0,0,,"734698,014001472969539","5699027,817985920235515",12.3737958250001,51.393861126,9,,9,Nord,,,,9.0,,0,14220725148110535900,,0,
11582,,136729,14,7,13,000,2022,08,09,3,3,2,6,0,,0,1,0,0,0,,"731761,287992855999619","5692602,578056230209768",12.3274700490001,51.337390257,7,,7,Alt-West,,,,7.0,,0,14220816148310580260,,0,
11583,,136739,14,7,13,000,2022,08,13,4,3,3,2,0,,1,1,0,0,0,,"736159,888210554025136","5693927,232567450031638",12.39138294,51.347471118,0,,0,Mitte,,,,0.0,,0,14220810148410605520,,0,
11584,,136747,14,7,13,000,2022,10,07,6,2,6,4,1,,0,0,1,0,0,,"736066,041686682030559","5700920,821283889934421",12.39468349,51.410285543,9,,9,Nord,,,,9.0,,1,14221021144200765190,,1,
11585,,136767,14,7,13,000,2022,11,15,6,2,6,2,0,,0,1,1,0,0,,"738878,041326576960273","5689119,642548089846969",12.427120842,51.30318312,3,,3,Südost,,,,3.0,,0,14221125148210863950,,1,
11586,,136794,14,7,13,000,2022,09,15,6,3,6,6,0,,1,0,1,0,0,,"736751,903573840972967","5691982,371149390004575",12.398575872,51.3297675320001,3,,3,Südost,,,,3.0,,0,14220923148410708080,,0,
11587,,136810,14,7,13,000,2022,12,21,5,3,5,3,1,,0,1,0,0,0,,"728106,020001378958113","5691042,088988860137761",12.274084021,51.324859243,6,,6,West,,,,6.0,,0,14221208148310910220,,2,
11588,,136815,14,7,13,000,2022,09,18,4,2,8,1,0,,0,1,0,0,0,,"732681,130475800950080","5688444,344112689606845",12.337939267,51.299687326,5,,5,Südwest,,,,5.0,,0,14220907144200808480,,0,
11589,,136835,14,7,13,000,2022,10,11,3,3,2,6,0,,0,1,0,0,0,,"735078,021965663996525","5690252,899244519881904",12.3734518260001,51.3149373030001,4,,4,Süd,,,,4.0,,0,14221004148210703620,,0,
11590,,136857,14,7,13,000,2022,09,14,3,3,3,6,0,,0,0,0,1,0,,"736865,543285196996294","5694394,581989609636366",12.401808352,51.351372521,1,,1,Nordost,,,,1.0,,1,14220906148110644110,,0,
11591,,136862,14,7,13,000,2022,11,15,5,3,1,6,0,,0,1,0,0,0,,"732804,509194629965350","5692783,381427530199289",12.3425387720001,51.3385871670001,7,,7,Alt-West,,,,7.0,,0,14221117148310831370,,1,
11592,,136872,14,7,13,000,2022,07,23,1,3,0,7,2,,1,0,0,0,0,,"745092,737117110984400","5693902,442408120259643",12.5193912820001,51.343467961,2,,2,Ost,,,,2.0,,0,14220717148210519870,,0,
11593,,136912,14,7,13,000,2022,07,15,6,3,6,6,0,,1,0,1,0,0,,"734812,163184175966308","5693487,517179110087454",12.371774981,51.3440823340001,0,,0,Mitte,,,,0.0,,0,14220715148410519000,,0,
11594,,136917,14,7,13,000,2022,09,11,6,2,5,3,0,,1,0,0,0,0,,"734755,586001490009949","5693486,679986010305583",12.370963521,51.344098183,0,,0,Mitte,,,,0.0,,1,14220930144200737570,,0,
11595,,136921,14,7,13,000,2022,11,13,3,3,5,3,0,,1,1,0,0,0,,"730830,888032424962148","5692911,348180609755218",12.314336149,51.3405404740001,7,,7,Alt-West,,,,7.0,,0,14221115148310852450,,0,
11596,,136967,14,7,13,000,2022,09,08,4,2,8,1,0,,0,1,0,0,0,,"729519,484580166987143","5697191,373976119793952",12.2983015790001,51.3794933130001,8,,8,Nordwest,,,,8.0,,0,14220907144200716480,,0,
11597,,136993,14,7,13,000,2022,08,19,1,3,0,1,0,,1,0,0,0,0,,"735451,063289472018369","5690255,901169099844992",12.3787970980001,51.3148100500001,4,,4,Süd,,,,4.0,,0,14220807148210554500,,0,
11598,,137011,14,7,13,000,2022,07,08,3,2,8,1,0,,0,0,0,1,0,,"742809,808090633014217","5688909,395905319601297",12.483274894,51.2996330760001,3,,3,Südost,,,,3.0,,0,14220705144200482200,,0,
11599,,137032,14,7,13,000,2022,11,17,6,3,2,6,2,,0,1,0,0,0,,"736327,781861213035882","5694350,460948069579899",12.3940704180001,51.35120032,0,,0,Mitte,,,,0.0,,0,14221118148110843560,,1,
11600,,137047,14,7,13,000,2022,10,17,4,3,5,3,0,,0,1,0,1,0,,"727476,731001368025318","5691170,724989090114832",12.2651494780001,51.3262660140001,6,,6,West,,,,6.0,,0,14221005144200765240,,0,
11601,,137075,14,7,13,000,2022,09,06,5,2,4,6,0,,1,0,0,0,0,,"732619,248185051023029","5692410,358102260157466",12.339640113,51.3353144640001,7,,7,Alt-West,,,,7.0,,0,14220901144200765760,,0,
11602,,137090,14,7,13,000,2022,09,08,5,3,2,6,0,,1,0,0,0,0,,"736189,447169122053310","5694403,715202810242772",12.392122774,51.3517358380001,1,,1,Nordost,,,,1.0,,0,14220908148110645920,,1,
11603,,137115,14,7,13,000,2022,09,16,3,3,5,2,0,,1,0,0,0,0,,"734644,123001490021124","5693488,771986059844494",12.3693673230001,51.344162973,0,,0,Mitte,,,,0.0,,1,14220913144200676160,,0,
11604,,137118,14,7,13,000,2022,07,09,5,3,3,6,0,,0,1,0,0,0,,"732492,091001439024694","5698109,706986939534545",12.341542734,51.3865275520001,8,,8,Nordwest,,,,8.0,,0,14220714144200554470,,0,
11605,,137154,14,7,13,000,2022,08,22,6,3,5,3,2,,0,1,0,0,0,,"742489,281527523999102","5691544,626932879909873",12.480476993,51.3234219670001,2,,2,Ost,,,,2.0,,0,14220826144200606310,,0,
11606,,137197,14,7,13,000,2022,10,16,6,3,2,6,0,,0,1,0,0,0,,"737348,664441804983653","5690243,977803669869900",12.405968903,51.3139148660001,3,,3,Südost,,,,3.0,,0,14221028144200808500,,0,
11607,,137214,14,7,13,000,2022,09,05,4,3,5,3,1,,1,1,0,0,0,,"732224,842294996953569","5699212,815512520261109",12.338430035,51.3965391260001,8,,8,Nordwest,,,,8.0,,0,14220914148110691860,,0,
11608,,137236,14,7,13,000,2022,06,16,3,2,5,3,0,,1,1,0,0,0,,"736197,015398830990307","5693976,119440530426800",12.391947537,51.347894512,0,,0,Mitte,,,,0.0,,0,14220628144200439760,,0,
11609,,137243,14,7,13,000,2022,12,17,5,3,3,6,2,,1,1,0,0,0,,"734157,401467081974261","5693289,280533930286765",12.3622600100001,51.3425729050001,0,,0,Mitte,,,,0.0,,0,14221222144200943670,,1,
11610,,137247,14,7,13,000,2022,07,12,6,3,2,6,0,,0,1,0,0,0,,"736433,571646300028078","5692290,580102119594812",12.394219322,51.3326664750001,0,,0,Mitte,,,,0.0,,0,14220701144200454660,,1,
11611,,137249,14,7,13,000,2022,10,06,2,3,0,1,0,,1,0,0,0,0,,"736997,192001534043811","5691383,512984979897738",12.401692143,51.3242899620001,3,,3,Südost,,,,3.0,,0,14221031148410777810,,0,
11612,,137250,14,7,13,000,2022,11,03,1,2,4,1,2,,1,1,0,0,0,,"732382,518935977015644","5692413,505625969730318",12.3362497090001,51.3354394950001,7,,7,Alt-West,,,,7.0,,0,14221120144200970260,,0,
11613,,137254,14,7,13,000,2022,08,08,4,3,2,2,0,,0,1,0,0,0,,"734340,173655707039870","5690142,154064229689538",12.3628102910001,51.314247476,4,,4,Süd,,,,4.0,,0,14220824148211640970,,0,
11614,,137257,14,7,13,000,2022,10,13,5,3,2,2,0,,0,1,0,0,0,,"736322,619428533944301","5692431,197359340265393",12.3927227660001,51.333974794,3,,3,Südost,,,,3.0,,0,14221020148410777050,,0,
11615,,137294,14,7,13,000,2022,10,12,4,3,5,3,0,,1,1,0,0,0,,"738157,218510359991342","5689953,360245879739523",12.417355576,51.310968539,3,,3,Südost,,,,3.0,,0,14221012144200807780,,0,
11616,,137305,14,7,13,000,2022,10,22,4,2,6,4,2,,0,1,1,0,0,,"739900,725637860014103","5695634,147384599782526",12.4461505200001,51.3612256060001,2,,2,Ost,,,,2.0,,0,14221026148220830960,,0,
11617,,137307,14,7,13,000,2022,10,12,6,3,5,2,0,,1,1,0,0,0,,"738931,864001573994756","5688213,172984059900045",12.4272848750001,51.2950241240001,3,,3,Südost,,,,3.0,,0,14221007148210716540,,0,
11618,,137330,14,7,13,000,2022,10,21,6,3,7,6,2,,0,1,0,0,0,,"731231,768186343950219","5696760,806865779682994",12.322583476,51.374933528,8,,8,Nordwest,,,,8.0,,0,14221014148110806010,,0,
11619,,137339,14,7,13,000,2022,11,11,4,3,2,2,0,,0,1,0,0,0,,"734479,740662269992754","5697039,263026249594986",12.3693514190001,51.3761014,9,,9,Nord,,,,9.0,,0,14221109144200888310,,0,
11620,,137345,14,7,13,000,2022,12,08,3,3,6,6,0,,1,0,1,0,0,,"736404,656152607058175","5692344,871252370066941",12.3938410160001,51.3331658220001,3,,3,Südost,,,,3.0,,0,14221220148410968070,,1,
11621,,137358,14,7,13,000,2022,09,06,3,3,0,1,2,,1,0,0,0,0,,"739883,548961344989948","5694468,304058600217104",12.4451183350001,51.350768622,2,,2,Ost,,,,2.0,,0,14220927148210690990,,1,
11622,,137361,14,7,13,000,2022,10,11,5,3,2,6,0,,0,1,0,0,0,,"736324,351299331057817","5692408,166027289815247",12.392732306,51.3337673400001,0,,0,Mitte,,,,0.0,,0,14221020148410808610,,0,
11623,,137413,14,7,13,000,2022,09,15,7,3,0,7,0,,1,0,0,0,0,,"731839,012767437030561","5692532,940435890108347",12.328538625,51.3367334530001,7,,7,Alt-West,,,,7.0,,0,14220910144200644390,,0,
11624,,137424,14,7,13,000,2022,08,07,2,3,2,6,0,,0,1,0,0,1,,"729950,083692020969465","5693107,287764109671116",12.3018384150001,51.3426563090001,7,,7,Alt-West,,,,7.0,,0,14220801148310554140,,1,
11625,,137444,14,7,13,000,2022,11,16,1,3,0,1,0,,1,0,0,0,0,,"731956,580001445021480","5692423,615987280383706",12.3301523060001,51.335704132,7,,7,Alt-West,,,,7.0,,0,14221106148310842880,,0,
11626,,137456,14,7,13,000,2022,10,06,4,3,5,6,2,,1,0,0,0,0,,"739897,867145554977469","5695631,697487570345402",12.4461078850001,51.361204823,2,,2,Ost,,,,2.0,,0,14221026148110939171,,0,
11627,,137459,14,7,13,000,2022,11,10,7,3,2,6,0,,0,1,0,0,0,,"738549,009266796987504","5699375,873894330114126",12.4292822730001,51.3953797130001,1,,1,Nordost,,,,1.0,,0,14221119144310842850,,0,
11628,,137478,14,7,13,000,2022,07,09,7,3,8,1,0,,0,1,0,0,0,,"732754,614417984033935","5696852,352805229835212",12.344485386,51.3751332420001,8,,8,Nordwest,,,,8.0,,0,14220730148110553770,,1,
11629,,137483,14,7,13,000,2022,06,16,2,2,1,5,0,,1,1,0,0,0,,"738523,486716278013773","5689509,063189470209181",12.422304152,51.3068271860001,3,,3,Südost,,,,3.0,,0,14220627144200430170,,0,
11630,,137513,14,7,13,000,2022,07,08,6,3,0,7,0,,0,1,0,0,0,,"737302,480001543997787","5690245,048984849825501",12.4053081230001,51.313943738,4,,4,Süd,,,,4.0,,1,14220708144200499011,,0,
11631,,137524,14,7,13,000,2022,07,17,2,3,2,6,0,,0,1,0,0,0,,"727322,823687699972652","5690048,342258109711111",12.2622285620001,51.316251439,6,,6,West,,,,6.0,,0,14220704144200454870,,0,
11632,,137525,14,7,13,000,2022,10,16,7,3,5,3,0,,0,1,0,0,0,,"726965,504600913962349","5686126,016303920187056",12.25461605,51.281181336,5,,5,Südwest,,,,5.0,,0,14221008148310717170,,0,
11633,,137529,14,7,13,000,2022,11,08,2,3,2,2,0,,0,1,0,0,0,,"731663,607001440948807","5692666,552987400442362",12.326111756,51.338004348,7,,7,Alt-West,,,,7.0,,0,14221107148310808570,,0,
11634,,137543,14,7,13,000,2022,12,04,1,3,9,1,2,,0,1,0,0,0,,"727985,202667757985182","5684148,761705799959600",12.267951974,51.2630235920001,5,,5,Südwest,,,,5.0,,0,14221211144310909730,,1,
11635,,137624,14,7,13,000,2022,07,21,3,3,6,4,2,,0,1,1,0,0,,"731258,675755896023475","5696970,182023170404136",12.3231056440001,51.376802087,8,,8,Nordwest,,,,8.0,,0,14220726148110519850,,0,
11636,,137646,14,7,13,000,2022,09,12,6,3,5,2,0,,1,1,0,0,0,,"736206,568844733992592","5693808,589341100305319",12.3919733230001,51.34638676,0,,0,Mitte,,,,0.0,,0,14220902145200640950,,0,
11637,,137655,14,7,13,000,2022,10,13,3,1,6,2,0,,0,1,1,0,0,,"737748,946001547970809","5690338,184984619729221",12.411764841,51.314593417,3,,3,Südost,,,,3.0,,0,14221011144200776710,,0,
11638,,137668,14,7,13,000,2022,08,11,7,3,5,3,0,,0,1,0,0,0,,"734181,356001471052878","5697030,763986200094223",12.3650661350001,51.376148228,9,,9,Nord,,,,9.0,,0,14220820144200590980,,1,
11639,,137673,14,7,13,000,2022,12,18,5,3,2,6,2,,0,1,0,0,0,,"734422,804901206050999","5689889,951489229686558",12.363828127,51.3119495500001,4,,4,Süd,,,,4.0,,0,14221215144200930180,,0,
11640,,137681,14,7,13,000,2022,06,06,6,3,5,3,0,,1,1,0,0,0,,"745886,089244451955892","5692177,134045340120792",12.5295694440001,51.3276409640001,2,,2,Ost,,,,2.0,,0,14220624148210430740,,0,
11641,,137695,14,7,13,000,2022,10,07,2,2,0,7,0,,0,1,0,0,0,,"726947,268504259991460","5693405,069142379797995",12.258986366,51.3465361410001,7,,7,Alt-West,,,,7.0,,0,14221010144200717500,,0,
11642,,137722,14,7,13,000,2022,09,14,2,3,3,2,0,,1,1,0,0,0,,"731292,432001419947483","5697264,751987470313907",12.3237815480001,51.3794326290001,8,,8,Nordwest,,,,8.0,,0,14220926148110702300,,0,
11643,,137766,14,7,13,000,2022,07,17,2,2,5,3,0,,0,1,0,1,0,,"727255,802001366973855","5689152,505989209748805",12.2606977250001,51.3082358870001,6,,6,West,,,,6.0,,0,14220718148310523500,,0,
11644,,137781,14,7,13,000,2022,10,10,6,3,2,6,0,,0,1,0,0,0,,"734962,562418112996966","5698855,579832569696009",12.3774776550001,51.392205613,9,,9,Nord,,,,9.0,,0,14221007148110717560,,0,
11645,,137810,14,7,13,000,2022,06,18,3,3,0,1,0,,1,0,0,0,0,,"736159,303287792950869","5694416,261219640262425",12.3916989900001,51.351860978,1,,1,Nordost,,,,1.0,,0,14220628148410439870,,0,
11646,,137820,14,7,13,000,2022,12,09,3,3,0,1,0,,1,0,0,0,0,,"727164,743185325991362","5689552,542484739795327",12.2596481850001,51.311863542,6,,6,West,,,,6.0,,0,14221220148310938730,,2,
11647,,137821,14,7,13,000,2022,09,11,4,3,2,2,0,,0,1,0,0,0,,"733931,832755055977032","5696960,728195330128074",12.361441149,51.3756223930001,9,,9,Nord,,,,9.0,,0,14220907148110643000,,0,