UNFALL_ID,FID_left,OBJECTID,ULAND,UREGBEZ,UKREIS,UGEMEINDE,UJAHR,UMONAT,USTUNDE,UWOCHENTAG,UKATEGORIE,UART,UTYP1,ULICHTVERH,IstStrasse,IstRad,IstPKW,IstFuss,IstKrad,IstGkfz,IstSonstig,LINREFX,LINREFY,XGCSWGS84,YGCSWGS84,index_right,FID_right,SBZ,Name,UIDENTSTLA,LICHT,STRZUSTAND,FID,OBJECTID_1,IstSonstige,UIDENTSTLAE,OID_,IstStrassenzustand,PLST
11648,,137843,14,7,13,000,2022,11,04,3,3,5,3,2,,0,1,0,0,0,,"735967,609629045007750","5697123,697069290094078",12.390747291,51.376243044,9,,9,Nord,,,,9.0,,0,14221122148110929470,,0,
11649,,137934,14,7,13,000,2022,11,16,3,3,5,3,2,,0,1,0,0,0,,"735177,519001498003490","5693551,965985810384154",12.377054081,51.344509843,0,,0,Mitte,,,,0.0,,0,14221129144200865700,,1,
11650,,137955,14,7,13,000,2022,11,10,4,3,5,3,0,,1,1,0,0,0,,"731264,264001420000568","5697777,210987470112741",12.323711044,51.3840443280001,8,,8,Nordwest,,,,8.0,,0,14221123148110852420,,1,
11651,,137963,14,7,13,000,2022,09,08,3,3,1,6,0,,1,0,0,0,0,,"738281,293557737953961","5694492,512014940381050",12.4221677640001,51.3516598210001,1,,1,Nordost,,,,1.0,,0,14220906148110677340,,0,
11652,,137973,14,7,13,000,2022,09,15,6,3,2,6,0,,0,1,0,0,0,,"737761,137001547962427","5690343,620984620414674",12.4119430760001,51.3146371180001,3,,3,Südost,,,,3.0,,0,14220902148210717920,,0,
11653,,137984,14,7,13,000,2022,11,15,5,3,2,6,0,,0,1,0,0,0,,"733287,509001479018480","5688204,419986779801548",12.346465423,51.297285512,5,,5,Südwest,,,,5.0,,0,14221110148310950370,,0,
11654,,137991,14,7,13,000,2022,10,14,5,2,3,6,0,,0,1,0,1,0,,"731367,083960711956024","5688460,616881559602916",12.319133132,51.300368819,5,,5,Südwest,,,,5.0,,0,14221027144200776690,,0,
11655,,138006,14,7,13,000,2022,12,16,6,3,6,4,2,,0,1,1,0,0,,"731473,243560423026793","5688450,156687919981778",12.3206465440001,51.300231775,5,,5,Südwest,,,,5.0,,0,14221209145400939150,,0,
11656,,138030,14,7,13,000,2022,12,07,3,2,1,6,2,,0,1,0,0,0,,"730431,102766899974085","5700984,293647100217640",12.3138404150001,51.4131725730001,8,,8,Nordwest,,,,8.0,,0,14221220144310931080,,1,
11657,,138031,14,7,13,000,2022,09,15,4,3,2,2,0,,0,1,0,0,0,,"728039,839255647035316","5684244,858960890211165",12.26879503,51.2638644510001,5,,5,Südwest,,,,5.0,,0,14220907144310764370,,0,
11658,,138049,14,7,13,000,2022,06,13,5,3,9,1,0,,0,1,0,0,0,,"739525,515502501046285","5698696,719707549549639",12.442834851,51.3888725780001,1,,1,Nordost,,,,1.0,,0,14220630144310454880,,0,
11659,,138052,14,7,13,000,2022,08,09,6,3,2,6,0,,0,1,0,1,0,,"728301,972001367015764","5697576,427988669835031",12.2810836670001,51.3834408230001,8,,8,Nordwest,,,,8.0,,0,14220826148110606330,,0,
11660,,138074,14,7,13,000,2022,07,16,7,3,4,6,0,,0,1,0,0,0,,"735748,702954452019185","5697837,775241719558835",12.3880813380001,51.3827436540001,9,,9,Nord,,,,9.0,,0,14220723144200518971,,0,
11661,,138096,14,7,13,000,2022,11,10,1,3,5,2,0,,1,1,0,0,0,,"727284,747639358974993","5690037,727779339998960",12.261676332,51.3161713550001,6,,6,West,,,,6.0,,0,14221120148310917190,,0,
11662,,138098,14,7,13,000,2022,12,19,5,3,2,3,2,,1,1,0,0,0,,"735174,471819021040574","5693551,293878340162337",12.377009963,51.3445050700001,0,,0,Mitte,,,,0.0,,0,14221215144100939080,,0,
11663,,138121,14,7,13,000,2022,11,17,5,3,5,3,2,,0,1,0,0,0,,"741865,586716796038672","5694634,024654109962285",12.473640292,51.351416165,2,,2,Ost,,,,2.0,,0,14221124144200852390,,0,
11664,,138146,14,7,13,000,2022,09,11,5,3,1,7,0,,0,1,0,0,1,,"733619,599592369981110","5700973,513923300430179",12.3596031180001,51.4117714280001,8,,8,Nordwest,,,,8.0,,0,14220929144310702290,,0,
11665,,138150,14,7,13,000,2022,07,18,5,3,8,1,0,,0,1,0,0,0,,"735847,460727710044011","5700310,969247009605169",12.3911407570001,51.404902371,9,,9,Nord,,,,9.0,,0,14220707144310482700,,1,
11666,,138168,14,7,13,000,2022,12,13,2,3,3,2,0,,0,1,0,1,0,,"735418,735001513035968","5690254,369985770434141",12.3783330320001,51.3148096780001,4,,4,Süd,,,,4.0,,0,14221205148210988030,,1,
11667,,138173,14,7,13,000,2022,10,14,7,3,2,6,0,,0,1,0,0,0,,"738992,160813368973322","5689004,973404119722545",12.4286781610001,51.3021059710001,3,,3,Südost,,,,3.0,,0,14221022148210764380,,0,
11668,,138211,14,7,13,000,2022,06,15,6,3,8,1,0,,0,0,0,0,1,,"743004,152073842007667","5695377,977331140078604",12.4904677000001,51.35760774,2,,2,Ost,,,,2.0,,0,14220624144310429680,,1,
11669,,138219,14,7,13,000,2022,09,07,6,3,2,6,0,,0,1,0,0,0,,"735741,575525955995545","5697104,295437579974532",12.3874925160001,51.3761627630001,9,,9,Nord,,,,9.0,,0,14220923148110678570,,0,
11670,,138281,14,7,13,000,2022,12,16,2,3,6,2,2,,0,1,1,0,0,,"731284,166990043013357","5697268,887063129805028",12.3236656820001,51.3794731150001,8,,8,Nordwest,,,,8.0,,0,14221219144200938320,,1,
11671,,138298,14,7,13,000,2022,07,19,2,2,3,1,0,,0,1,0,0,0,,"732598,471346575999632","5696684,189806659705937",12.3421358050001,51.3736876790001,8,,8,Nordwest,,,,8.0,,0,14220718144200507160,,0,
11672,,138313,14,7,13,000,2022,11,13,4,3,2,2,0,,0,1,0,0,0,,"728905,637154013966210","5698648,276322159916162",12.290434802,51.392819812,8,,8,Nordwest,,,,8.0,,0,14221102148110822560,,0,
11673,,138319,14,7,13,000,2022,07,21,1,3,8,1,2,,0,1,0,0,0,,"736205,991543408017606","5693986,425712020136416",12.392083036,51.3479832940001,0,,0,Mitte,,,,0.0,,0,14220731148410553810,,0,
11674,,138328,14,7,13,000,2022,08,07,2,3,0,1,0,,1,0,0,0,0,,"736490,425459597958252","5694623,893510989844799",12.396583537,51.353587046,1,,1,Nordost,,,,1.0,,0,14220829148110607650,,0,
11675,,138347,14,7,13,000,2022,09,12,5,3,6,4,0,,0,0,1,0,0,,"734373,534015318029560","5693388,837544890120625",12.365423231,51.3433775240001,0,,0,Mitte,,,,0.0,,1,14220908144200645400,,1,
11676,,138354,14,7,13,000,2022,12,23,5,3,5,3,2,,0,1,0,0,0,,"736491,107579899951816","5694624,118805640377104",12.396593465,51.3535887850001,1,,1,Nordost,,,,1.0,,0,14221215148310938350,,0,
11677,,138403,14,7,13,000,2022,07,12,2,2,6,4,0,,0,1,1,0,0,,"734812,939592848997563","5693487,527288749814034",12.3717861150001,51.344082105,0,,0,Mitte,,,,0.0,,0,14220725144200519250,,0,
11678,,138414,14,7,13,000,2022,08,07,3,3,2,6,0,,0,1,0,0,0,,"728012,683688272023574","5699888,480655030347407",12.278418199,51.40431276,8,,8,Nordwest,,,,8.0,,0,14220816148110579840,,0,
11679,,138427,14,7,13,000,2022,07,18,7,3,2,6,0,,0,1,0,0,0,,"738583,809670601040125","5694529,548868900164962",12.426528954,51.3518653630001,1,,1,Nordost,,,,1.0,,1,14220730144200553740,,0,
11680,,138459,14,7,13,000,2022,10,19,3,3,4,2,2,,1,1,0,0,0,,"737166,399276547948830","5691107,745334180071950",12.403932777,51.321744132,3,,3,Südost,,,,3.0,,0,14221018148414763520,,1,
11681,,138472,14,7,13,000,2022,07,12,2,3,3,6,0,,0,1,0,1,0,,"736612,799469948979095","5695852,962982409633696",12.399155212,51.3645683820001,9,,9,Nord,,,,9.0,,0,14220704148110454700,,0,
11682,,138483,14,7,13,000,2022,09,07,6,2,8,1,0,,0,0,0,1,0,,"743126,817423259024508","5688801,042627910152078",12.4877397870001,51.2985253140001,3,,3,Südost,,,,3.0,,0,14220916148210678240,,1,
11683,,138486,14,7,13,000,2022,09,19,3,3,2,6,1,,0,1,0,0,0,,"733821,686501568998210","5693182,522975940257311",12.357378285,51.3417527490001,0,,0,Mitte,,,,0.0,,0,14220906148410644490,,0,
11684,,138502,14,7,13,000,2022,06,13,4,3,5,3,0,,1,1,0,0,0,,"734940,999001501942985","5690235,721985990181565",12.371477839,51.314839691,4,,4,Süd,,,,4.0,,0,14220629148210483830,,0,
11685,,138512,14,7,13,000,2022,10,18,5,3,5,2,2,,1,1,0,0,0,,"738579,869177568005398","5694522,786184489727020",12.4264679360001,51.3518063160001,2,,2,Ost,,,,2.0,,0,14221027144200776360,,0,
11686,,138543,14,7,13,000,2022,06,14,3,3,5,3,0,,1,1,0,0,0,,"740590,838190624956042","5694449,243538159877062",12.4552434730001,51.3502986250001,2,,2,Ost,,,,2.0,,0,14220628148410430780,,0,
11687,,138545,14,7,13,000,2022,11,21,7,3,5,2,2,,0,1,0,0,0,,"736490,754032626980916","5694624,002034000121057",12.396588319,51.353587884,1,,1,Nordost,,,,1.0,,0,14221126144100028240,,0,
11688,,138547,14,7,13,000,2022,11,14,3,3,5,2,0,,1,1,0,0,0,,"736236,390241299988702","5694038,732959309592843",12.392553472,51.348440182,0,,0,Mitte,,,,0.0,,0,14221115148410864430,,0,
11689,,138562,14,7,13,000,2022,12,07,5,2,5,3,0,,1,0,0,0,0,,"736627,487070046016015","5695365,131719930097461",12.3990412950001,51.3601834410001,1,,1,Nordost,,,,1.0,,0,14221201148110886640,,0,
11690,,138577,14,7,13,000,2022,12,13,2,3,2,2,0,,0,1,0,0,0,,"735165,900689253001474","5693520,656017960049212",12.37686688,51.3442335990001,0,,0,Mitte,,,,0.0,,0,14221226148410968810,,1,
11691,,138593,14,7,13,000,2022,08,12,5,3,5,2,0,,1,1,0,0,0,,"732801,206358221010305","5696859,224879849702120",12.3451581480001,51.3751758330001,8,,8,Nordwest,,,,8.0,,0,14220804148110553300,,0,
11692,,138616,14,7,13,000,2022,10,20,4,2,6,4,2,,0,1,1,0,0,,"733690,846725136041641","5693160,985897080041468",12.3554889210001,51.3416132090001,0,,0,Mitte,,,,0.0,,0,14221005148423717970,,0,
11693,,138634,14,7,13,000,2022,08,10,4,3,8,1,0,,0,1,0,0,0,,"736307,841001512948424","5694361,229985250160098",12.3937917220001,51.3513052750001,0,,0,Mitte,,,,0.0,,0,14220831148100707680,,0,
11694,,138676,14,7,13,000,2022,10,07,3,3,2,6,0,,1,1,0,0,0,,"736633,460097818053328","5695728,685367139987648",12.3993687770001,51.36344425,9,,9,Nord,,,,9.0,,0,14221004148110717130,,0,
11695,,138723,14,7,13,000,2022,07,21,3,3,5,3,1,,0,1,0,0,0,,"728119,321614090004005","5691046,884150009602308",12.274277678,51.3248969570001,6,,6,West,,,,6.0,,0,14220726144200523460,,0,
11696,,138744,14,7,13,000,2022,08,10,1,3,2,6,0,,0,1,0,0,0,,"726273,911695630988106","5690213,864153530448675",12.247307033,51.318155432,6,,6,West,,,,6.0,,0,14220828148310612820,,0,
11697,,138758,14,7,13,000,2022,11,18,6,3,2,6,2,,0,1,0,0,0,,"734716,108599000959657","5700648,092666620388627",12.375126987,51.4083976700001,9,,9,Nord,,,,9.0,,0,14221125144310864350,,1,
11698,,138763,14,7,13,000,2022,09,13,2,3,5,2,0,,1,0,0,0,0,,"737748,946001547970809","5690338,184984619729221",12.411764841,51.314593417,3,,3,Südost,,,,3.0,,1,14220919148210691570,,1,
11699,,138764,14,7,13,000,2022,08,09,6,3,0,1,0,,0,0,0,1,0,,"732585,543881529942155","5698939,041552989743650",12.3434265990001,51.3939338590001,8,,8,Nordwest,,,,8.0,,0,14220805148110553760,,1,
11700,,138768,14,7,13,000,2022,10,16,4,3,3,6,0,,1,0,0,0,0,,"735023,819001493975520","5693527,741985879838467",12.3748351350001,51.344355955,0,,0,Mitte,,,,0.0,,0,14221026148410814950,,0,
11701,,138776,14,7,13,000,2022,08,17,3,2,5,3,0,,0,1,0,1,0,,"727896,960862267995253","5690215,418259100057185",12.2705601760001,51.3175217190001,6,,6,West,,,,6.0,,0,14220823144200606860,,0,
11702,,138830,14,7,13,000,2022,08,16,5,2,5,3,0,,0,1,0,0,0,,"738475,416050935047679","5689648,448507250286639",12.421708912,51.3080984430001,3,,3,Südost,,,,3.0,,0,14220825144200607600,,0,
11703,,138839,14,7,13,000,2022,11,18,4,3,3,2,2,,1,1,0,0,0,,"732255,263731852057390","5692456,423685739748180",12.334454044,51.335876741,7,,7,Alt-West,,,,7.0,,0,14221123144000865610,,0,
11704,,138855,14,7,13,000,2022,09,11,6,3,2,6,0,,0,1,0,0,0,,"744127,490217607002705","5694235,008505039848387",12.5057868110001,51.3468680350001,2,,2,Ost,,,,2.0,,0,14220902144320640640,,0,
11705,,138882,14,7,13,000,2022,09,17,7,3,6,4,0,,0,1,1,0,0,,"731139,450777931022458","5697336,892932089976966",12.3216340290001,51.3801425140001,8,,8,Nordwest,,,,8.0,,0,14220903144200641391,,0,
11706,,244655,14,7,13,000,2022,01,07,2,3,5,3,2,,1,1,0,0,0,,"733128,171466368017718","5691716,770137839950621",12.3464794110001,51.3288799950001,5,,5,Südwest,,,,5.0,,0,14220103148310994890,,1,
11707,,244842,14,7,13,000,2022,01,06,2,3,3,3,2,,1,1,0,0,0,,"734906,715363473049365","5694496,598192130215466",12.3737960340001,51.353101156,0,,0,Mitte,,,,0.0,,0,14220103148210081100,,1,
11708,,244854,14,7,13,000,2022,01,16,7,3,5,2,1,,1,1,0,0,0,,"735148,315847798017785","5693383,408645389601588",12.376524208,51.343008893,0,,0,Mitte,,,,0.0,,0,14220101148410994040,,0,
11709,,244885,14,7,13,000,2022,01,04,3,2,6,7,2,,1,0,1,0,0,,"728894,657434477005154","5694684,778855119831860",12.2877248620001,51.3572435500001,7,,7,Alt-West,,,,7.0,,0,14220104148310011290,,1,
11710,,244979,14,7,13,000,2022,01,10,2,2,1,5,0,,1,1,0,0,0,,"730802,135009201010689","5691927,655490200035274",12.3132867260001,51.3317216030001,7,,7,Alt-West,,,,7.0,,0,14220103144100010890,,0,
11711,,245485,14,7,13,000,2022,01,12,2,2,0,7,0,,1,0,0,0,0,,"738821,846946506993845","5695372,673794990405440",12.430506902,51.359333142,1,,1,Nordost,,,,1.0,,0,14220103144200010940,,0,
11712,,245534,14,7,13,000,2022,01,08,2,3,6,7,0,,0,1,1,0,0,,"735979,662138603045605","5692967,424976009875536",12.388163617,51.338930501,0,,0,Mitte,,,,0.0,,0,14220103149520001890,,0,
11713,,245546,14,7,13,000,2022,01,01,7,2,8,1,2,,0,1,0,0,0,,"737339,757623646990396","5692920,584399499930441",12.407623498,51.3379440410001,3,,3,Südost,,,,3.0,,0,14220101144200021160,,0,
11714,,245564,14,7,13,000,2022,01,20,3,3,8,1,2,,0,1,0,0,0,,"742033,295610312023200","5693996,383854970335960",12.4756106360001,51.3456216970001,2,,2,Ost,,,,2.0,,0,14220104144310010950,,1,
11715,,245580,14,7,13,000,2022,01,15,3,3,6,6,0,,0,1,1,0,0,,"739527,905824129004031","5692531,104224990122020",12.4387176660001,51.3335307560001,2,,2,Ost,,,,2.0,,0,14220104148210010970,,1,
11716,,245641,14,7,13,000,2022,02,08,5,3,5,3,0,,0,1,0,0,0,,"732565,892554924008437","5700096,336898420006037",12.343902889,51.4043304460001,8,,8,Nordwest,,,,8.0,,1,14220210144310112430,,0,
11717,,245643,14,7,13,000,2022,04,08,2,3,3,6,0,,0,1,0,0,1,,"735596,988814678043127","5693289,814336880110204",12.382892795,51.341983031,0,,0,Mitte,,,,0.0,,0,14220411144200255340,,0,
11718,,245649,14,7,13,000,2022,04,08,6,3,1,3,0,,1,1,0,0,0,,"738145,133327735005878","5690538,618886210024357",12.417573222,51.3162268820001,3,,3,Südost,,,,3.0,,0,14220401144200262740,,0,
11719,,245650,14,7,13,000,2022,02,20,2,3,6,4,2,,0,1,1,0,0,,"734947,250147614046000","5695267,291584249585867",12.3748859990001,51.3600024080001,9,,9,Nord,,,,9.0,,0,14220228144200238220,,0,
11720,,245653,14,7,13,000,2022,04,09,5,3,5,2,0,,1,1,0,0,0,,"735565,272149282973260","5692151,072966359555721",12.3816852150001,51.3317744840001,0,,0,Mitte,,,,0.0,,0,14220407148410225840,,0,
11721,,245660,14,7,13,000,2022,02,14,4,3,5,3,0,,0,1,0,1,0,,"737280,704612690955400","5693757,176047730259597",12.4073346440001,51.3454779830001,2,,2,Ost,,,,2.0,,0,14220223144200124670,,0,
11722,,245666,14,7,13,000,2022,03,15,3,3,5,3,0,,1,0,0,0,0,,"735920,172001522965729","5688904,613985559903085",12.384622897,51.30248621,4,,4,Süd,,,,4.0,,0,14220322148221206040,,0,
11723,,245667,14,7,13,000,2022,02,10,5,3,5,3,0,,0,1,0,0,0,,"735521,137001522001810","5687286,683985790237784",12.3778416980001,51.288128214,4,,4,Süd,,,,4.0,,0,14220210148210096600,,0,
11724,,245676,14,7,13,000,2022,03,17,5,3,1,5,0,,1,1,0,0,0,,"737477,644485985045321","5695101,765477620065212",12.4110544120001,51.3574648100001,1,,1,Nordost,,,,1.0,,0,14220331148410224610,,0,
11725,,245677,14,7,13,000,2022,03,16,5,3,2,6,0,,1,1,0,0,0,,"737732,347453922964633","5695329,431737889535725",12.4148580340001,51.3594018430001,1,,1,Nordost,,,,1.0,,0,14220303148110161930,,0,
11726,,245680,14,7,13,000,2022,02,08,4,3,3,5,0,,1,0,0,0,0,,"735845,978094135993160","5694997,402548979967833",12.3875926330001,51.3572075270001,9,,9,Nord,,,,9.0,,1,14220216148110102190,,1,
11727,,245681,14,7,13,000,2022,03,08,4,3,2,6,0,,0,1,0,0,0,,"733307,898468525963835","5691838,544827310368419",12.349134325,51.3298994370001,5,,5,Südwest,,,,5.0,,0,14220309144200162230,,0,
11728,,245683,14,7,13,000,2022,03,16,5,3,2,2,0,,1,1,0,0,0,,"735004,018981560948305","5691768,486718620173633",12.373390795,51.3285723990001,0,,0,Mitte,,,,0.0,,0,14220317144200213500,,0,
11729,,245684,14,7,13,000,2022,01,09,3,3,0,1,0,,1,0,0,0,0,,"735004,841428995016031","5692203,437421999871731",12.373689411,51.3324763470001,0,,0,Mitte,,,,0.0,,0,14220118145200048820,,1,
11730,,245687,14,7,13,000,2022,02,19,1,1,6,4,2,,0,1,1,0,0,,"734406,176302329986356","5692970,690801549702883",12.3656158580001,51.3396105960001,0,,0,Mitte,,,,0.0,,0,14220227144200125091,,0,
11731,,245688,14,7,13,000,2022,02,16,6,2,1,7,0,,1,1,0,0,0,,"736875,136252950993367","5693432,262290770187974",12.401305598,51.3427306410001,2,,2,Ost,,,,2.0,,0,14220204148410082920,,0,
11732,,245692,14,7,13,000,2022,03,13,3,1,6,4,0,,0,0,1,0,1,,"735323,111136381048709","5695367,614773320034146",12.380341312,51.3607474090001,9,,9,Nord,,,,9.0,,0,14220315144200196200,,0,
11733,,245695,14,7,13,000,2022,02,10,3,3,5,3,0,,0,1,0,0,0,,"733873,619392880005762","5695333,284247729927301",12.359535812,51.3610376880001,9,,9,Nord,,,,9.0,,0,14220222144200113210,,0,
11734,,245696,14,7,13,000,2022,01,21,5,2,0,1,2,,0,0,0,1,0,,"730225,171187045052648","5690891,170994060114026",12.304349411,51.3226508770001,6,,6,West,,,,6.0,,0,14220113144200049140,,1,
11735,,245716,14,7,13,000,2022,03,15,3,3,7,7,0,,0,0,0,0,0,,"734120,621224966947921","5690611,187425989657640",12.3599734000001,51.3185481260001,4,,4,Süd,,,,4.0,,1,14220308148210162970,,0,
11736,,245724,14,7,13,000,2022,04,16,2,3,2,6,0,,0,1,0,0,0,,"734852,816364891012199","5692047,663417750038207",12.371408355,51.331140847,0,,0,Mitte,,,,0.0,,0,14220411148410244680,,0,
11737,,245725,14,7,13,000,2022,03,15,4,2,5,2,0,,0,1,0,1,0,,"738562,821141890017316","5696747,554733459837735",12.427715581,51.3717826500001,1,,1,Nordost,,,,1.0,,0,14220309144200164070,,0,
11738,,245726,14,7,13,000,2022,01,17,7,3,5,3,2,,0,1,0,0,0,,"740994,463340376038104","5693962,768953629769385",12.460699478,51.3457612760001,2,,2,Ost,,,,2.0,,0,14220108144200020670,,1,
11739,,245729,14,7,13,000,2022,03,07,5,3,5,2,0,,0,1,0,0,0,,"734084,260014547966421","5695132,009654429741204",12.362423581,51.3591442200001,9,,9,Nord,,,,9.0,,1,14220324144200189570,,0,
11740,,245730,14,7,13,000,2022,03,09,3,3,5,3,0,,0,1,0,0,0,,"734979,782889474998228","5696035,683187729679048",12.375860072,51.3668862860001,9,,9,Nord,,,,9.0,,0,14220329148110205660,,0,
11741,,245731,14,7,13,000,2022,02,09,2,3,5,3,0,,1,1,0,0,0,,"734625,009639909025282","5694789,495307830162346",12.369950724,51.3558466710001,9,,9,Nord,,,,9.0,,0,14220228148110125340,,0,
11742,,245736,14,7,13,000,2022,03,09,3,3,2,2,0,,0,1,0,0,0,,"739916,906827155966312","5693880,303451949730515",12.445200217,51.345476831,2,,2,Ost,,,,2.0,,1,14220315144200164060,,0,
11743,,245737,14,7,13,000,2022,02,16,5,3,2,6,1,,0,1,0,0,0,,"733899,787509883986786","5690815,657016560435295",12.356944076,51.3204743690001,4,,4,Süd,,,,4.0,,0,14220203148210163640,,1,
11744,,245739,14,7,13,000,2022,02,09,7,3,5,3,0,,1,1,0,0,0,,"734295,070677257026546","5690895,515077020041645",12.3626592000001,51.3210286,4,,4,Süd,,,,4.0,,0,14220212148223591960,,2,
11745,,245744,14,7,13,000,2022,03,07,3,3,5,3,0,,0,1,0,1,0,,"736648,465927770012058","5692726,440095510333776",12.3975880130001,51.3364894590001,3,,3,Südost,,,,3.0,,0,14220308144200143700,,0,
11746,,245745,14,7,13,000,2022,03,19,2,2,6,4,0,,0,1,1,0,0,,"735062,371154946042225","5690879,600502219982445",12.373640731,51.320569295,4,,4,Süd,,,,4.0,,0,14220328144200345350,,0,
11747,,245746,14,7,13,000,2022,02,17,3,3,1,5,2,,1,1,0,0,0,,"735401,583584208972752","5690815,329244700260460",12.3784576360001,51.3198521480001,4,,4,Süd,,,,4.0,,0,14220201148210125350,,1,
11748,,245747,14,7,13,000,2022,03,00,7,3,1,5,2,,1,0,0,0,1,,"736117,106499769957736","5688542,516680000349879",12.3872034070001,51.2991542830001,4,,4,Süd,,,,4.0,,0,14220312148210206890,,0,
11749,,245751,14,7,13,000,2022,04,08,2,3,2,6,0,,1,1,0,0,0,,"737391,569779486977495","5692878,287405779585242",12.408337794,51.3375427550001,2,,2,Ost,,,,2.0,,0,14220411148210237690,,0,
11750,,245755,14,7,13,000,2022,01,22,6,3,5,3,2,,0,1,0,0,0,,"735923,734302090015262","5692735,628355430439115",12.387208597,51.336873042,0,,0,Mitte,,,,0.0,,1,14220121148210143730,,1,
11751,,245758,14,7,13,000,2022,04,11,6,3,5,3,0,,1,1,0,0,0,,"731486,388920602970757","5688733,848717859946191",12.3210187610001,51.3027731120001,5,,5,Südwest,,,,5.0,,0,14220401148310206050,,0,
11752,,245759,14,7,13,000,2022,03,15,5,2,5,3,0,,1,1,0,0,0,,"743138,573001623037271","5691558,558981630019844",12.4897873190001,51.3232699340001,2,,2,Ost,,,,2.0,,0,14220303144200143040,,0,
11753,,245764,14,7,13,000,2022,03,13,5,2,2,6,0,,0,1,0,1,0,,"731543,475692815962248","5692155,614171760156751",12.3240580030001,51.3334666590001,7,,7,Alt-West,,,,7.0,,0,14220317144200177220,,0,
11754,,245765,14,7,13,000,2022,01,08,3,3,5,3,0,,1,1,0,0,0,,"734873,704773025005125","5694492,016564370132983",12.373319785,51.3530736720001,0,,0,Mitte,,,,0.0,,0,14220111148410012200,,1,
11755,,245768,14,7,13,000,2022,03,19,2,3,6,4,2,,0,1,1,0,0,,"734826,310868788044900","5699387,753832739777863",12.3758747310001,51.397038939,9,,9,Nord,,,,9.0,,0,14220307144200237180,,0,
11756,,245771,14,7,13,000,2022,01,08,6,3,7,7,0,,0,1,0,0,0,,"737151,842077063047327","5687904,196776409633458",12.4015951800001,51.2929946460001,4,,4,Süd,,,,4.0,,0,14220128148210081090,,0,
11757,,245774,14,7,13,000,2022,02,16,4,3,2,6,2,,0,1,0,0,0,,"736331,438565657008439","5691122,064492319710553",12.39198107,51.3222200650001,0,,0,Mitte,,,,0.0,,0,14220209148410102480,,0,
11758,,245781,14,7,13,000,2022,02,07,2,3,2,6,0,,0,1,0,0,0,,"734578,565608053002506","5691399,780691790394485",12.3670522520001,51.3254383230001,4,,4,Süd,,,,4.0,,0,14220228148410125370,,0,
11759,,245783,14,7,13,000,2022,01,12,4,3,1,5,0,,1,1,0,0,0,,"734089,621034324984066","5696253,203127279877663",12.363238376,51.3692063350001,9,,9,Nord,,,,9.0,,0,14220126148110082891,,0,
11760,,245788,14,7,13,000,2022,02,21,1,3,2,2,2,,0,1,0,0,0,,"735610,149096579989418","5694403,154294690117240",12.383818196,51.351971222,0,,0,Mitte,,,,0.0,,0,14220213144200096050,,0,
11761,,245801,14,7,13,000,2022,01,13,6,3,5,3,0,,1,1,0,0,0,,"734767,228001486975700","5694910,991985970176756",12.372069788,51.356878539,9,,9,Nord,,,,9.0,,0,14220107144200010910,,1,
11762,,245802,14,7,13,000,2022,03,10,5,3,3,6,0,,1,1,0,0,0,,"734958,828484731959179","5694343,095172549597919",12.3744417670001,51.3517017190001,0,,0,Mitte,,,,0.0,,0,14220317148410182900,,0,
11763,,245804,14,7,13,000,2022,03,16,1,3,3,2,0,,1,1,0,0,0,,"735183,849357655970380","5688967,189926720224321",12.3741201830001,51.3033525230001,4,,4,Süd,,,,4.0,,0,14220327144200196230,,0,
11764,,245806,14,7,13,000,2022,04,14,1,3,1,5,0,,1,1,0,0,0,,"731634,010486679966561","5692236,029163669794798",12.3254076590001,51.3341516680001,7,,7,Alt-West,,,,7.0,,0,14220403148410213570,,0,
11765,,245809,14,7,13,000,2022,02,19,3,3,5,3,2,,1,1,0,0,0,,"734396,193019364029169","5696044,734374660067260",12.3674974080001,51.367208621,9,,9,Nord,,,,9.0,,0,14220215148110112310,,0,
11766,,245811,14,7,13,000,2022,01,13,3,3,5,3,0,,0,1,0,0,0,,"734629,116681647021323","5691901,666185759939253",12.3681068880001,51.329922627,0,,0,Mitte,,,,0.0,,1,14220125148410081940,,0,
11767,,245812,14,7,13,000,2022,01,08,4,3,9,7,0,,0,1,0,0,0,,"741672,204397985013202","5693992,916715529747307",12.470433214,51.345744182,2,,2,Ost,,,,2.0,,0,14220105144310001840,,1,
11768,,245820,14,7,13,000,2022,01,18,1,3,2,6,2,,0,1,0,0,0,,"729976,271249547018670","5694277,978333749808371",12.3029700430001,51.3531550220001,7,,7,Alt-West,,,,7.0,,0,14220123148310066190,,1,
11769,,245822,14,7,13,000,2022,03,10,6,3,5,3,0,,1,1,0,0,0,,"734889,228542746044695","5694334,789428220130503",12.373438563,51.3516559290001,0,,0,Mitte,,,,0.0,,0,14220311148410164090,,0,
11770,,245825,14,7,13,000,2022,02,15,6,3,0,1,0,,1,0,0,0,0,,"731449,398945697001182","5690695,674244060181081",12.321761844,51.3203992630001,5,,5,Südwest,,,,5.0,,0,14220211148310095530,,1,
11771,,245826,14,7,13,000,2022,02,20,2,2,5,3,2,,1,1,0,0,0,,"734177,436457603005692","5692903,697504219599068",12.362293628,51.339103476,0,,0,Mitte,,,,0.0,,0,14220221144200125590,,1,