UNFALL_ID,FID_left,OBJECTID,ULAND,UREGBEZ,UKREIS,UGEMEINDE,UJAHR,UMONAT,USTUNDE,UWOCHENTAG,UKATEGORIE,UART,UTYP1,ULICHTVERH,IstStrasse,IstRad,IstPKW,IstFuss,IstKrad,IstGkfz,IstSonstig,LINREFX,LINREFY,XGCSWGS84,YGCSWGS84,index_right,FID_right,SBZ,Name,UIDENTSTLA,LICHT,STRZUSTAND,FID,OBJECTID_1,IstSonstige,UIDENTSTLAE,OID_,IstStrassenzustand,PLST
12019,,246773,14,7,13,000,2022,06,10,4,3,5,2,0,,1,1,0,0,0,,"727209,473622407997027","5693565,045732670463622",12.262847207,51.3478675760001,7,,7,Alt-West,,,,7.0,,0,14220608144200383510,,0,
12020,,246776,14,7,13,000,2022,05,12,3,3,5,3,0,,1,1,0,0,0,,"737299,761569877038710","5695376,141350270248950",12.408687217,51.3600019190001,1,,1,Nordost,,,,1.0,,0,14220524144200344030,,0,
12021,,246781,14,7,13,000,2022,06,15,2,3,4,6,0,,0,1,0,0,1,,"732528,987972334027290","5691395,636535960249603",12.337684503,51.326242506,5,,5,Südwest,,,,5.0,,0,14220613144200535480,,0,
12022,,246786,14,7,13,000,2022,05,11,6,2,6,4,0,,0,1,1,0,0,,"734798,374221437028609","5692740,503047919832170",12.3710848640001,51.337382534,0,,0,Mitte,,,,0.0,,0,14220520144200343270,,0,
12023,,246789,14,7,13,000,2022,05,20,7,3,0,5,0,,1,1,0,0,0,,"734737,383238628972322","5690114,313371839933097",12.3684814120001,51.3138338850001,4,,4,Süd,,,,4.0,,0,14220528148210364230,,0,
12024,,246793,14,7,13,000,2022,06,11,2,2,0,7,0,,0,1,0,0,0,,"741757,068593234056607","5695375,527204220183194",12.4725885720001,51.358117631,2,,2,Ost,,,,2.0,,0,14220606144200372240,,0,
12025,,246794,14,7,13,000,2022,05,11,4,2,5,3,0,,0,0,0,1,0,,"731799,118846809025854","5689588,228164649568498",12.326052218,51.3103155360001,5,,5,Südwest,,,,5.0,,1,14220518144200364770,,0,
12026,,246796,14,7,13,000,2022,05,18,3,3,3,6,0,,1,1,0,0,0,,"732575,317046575946733","5692082,329151899553835",12.3387964290001,51.332387812,7,,7,Alt-West,,,,7.0,,0,14220510148310317950,,0,
12027,,246797,14,7,13,000,2022,05,17,2,2,6,4,0,,1,0,1,0,0,,"731010,526658843969926","5692050,400189610198140",12.3163525000001,51.3327388750001,7,,7,Alt-West,,,,7.0,,0,14220523148121345010,,0,
12028,,246798,14,7,13,000,2022,05,17,6,3,5,2,0,,1,1,0,0,0,,"736469,253001517034136","5693785,739985180087388",12.395723235,51.3460724610001,2,,2,Ost,,,,2.0,,0,14220527148410354890,,0,
12029,,246807,14,7,13,000,2022,06,07,4,2,0,7,0,,1,0,0,0,0,,"731845,255001445999369","5691600,397987349890172",12.3280212990001,51.3283596580001,5,,5,Südwest,,,,5.0,,0,14220601148310363380,,1,
12030,,246808,14,7,13,000,2022,04,13,4,3,5,3,0,,0,1,0,0,0,,"731482,273327845032327","5688730,476242220029235",12.3209576360001,51.3027445110001,5,,5,Südwest,,,,5.0,,1,14220413148310238240,,0,
12031,,246814,14,7,13,000,2022,05,09,2,3,4,6,0,,1,1,0,0,0,,"732341,744046080042608","5692481,234149060212076",12.335709552,51.336064134,7,,7,Alt-West,,,,7.0,,0,14220502143263274620,,0,
12032,,246815,14,7,13,000,2022,06,09,5,3,5,3,0,,1,1,0,0,0,,"734934,124297501053661","5691050,026222590357065",12.3719158370001,51.3221520710001,4,,4,Süd,,,,4.0,,0,14220609148410384050,,1,
12033,,246820,14,7,13,000,2022,04,15,3,3,5,3,0,,1,1,0,0,0,,"730882,511216667015105","5689417,439761170186102",12.312813068,51.3091548880001,5,,5,Südwest,,,,5.0,,0,14220412148310244670,,0,
12034,,246823,14,7,13,000,2022,06,21,3,3,5,3,0,,1,1,0,0,0,,"737443,168239695951343","5690830,557569630444050",12.407712987,51.319140647,3,,3,Südost,,,,3.0,,0,14220607148210383120,,0,
12035,,246827,14,7,13,000,2022,05,16,3,3,2,6,0,,1,0,0,0,0,,"736036,600641577038914","5692900,657870350405574",12.388935353,51.338307553,0,,0,Mitte,,,,0.0,,1,14220524148410344150,,0,
12036,,246829,14,7,13,000,2022,05,15,3,3,5,3,0,,0,1,0,0,0,,"738240,740633144043386","5694578,817379079759121",12.4216442320001,51.352451489,1,,1,Nordost,,,,1.0,,0,14220531148110391140,,0,
12037,,246842,14,7,13,000,2022,04,05,7,2,5,3,2,,0,1,0,0,0,,"734006,371867722948082","5695594,650634019635618",12.3616111860001,51.363329176,9,,9,Nord,,,,9.0,,0,14220430144200273700,,0,
12038,,246843,14,7,13,000,2022,05,07,4,3,1,6,0,,1,0,0,0,0,,"732916,724301437032409","5690987,205187750048935",12.34297299,51.3224175400001,5,,5,Südwest,,,,5.0,,0,14220504143263296130,,0,
12039,,246845,14,7,13,000,2022,06,15,7,3,5,2,0,,1,1,0,0,0,,"735096,542069597053342","5694425,784629169851542",12.3764705200001,51.352387025,0,,0,Mitte,,,,0.0,,0,14220604148410364270,,0,
12040,,246856,14,7,13,000,2022,05,10,7,3,8,7,0,,0,1,0,0,0,,"731842,680655185948126","5689360,358522189781070",12.3265280790001,51.308252243,5,,5,Südwest,,,,5.0,,0,14220514144200318860,,0,
12041,,246859,14,7,13,000,2022,06,14,1,3,6,7,0,,0,1,1,0,0,,"737035,400932115968317","5697396,736944289878011",12.406244013,51.3782491900001,1,,1,Nordost,,,,1.0,,0,14220612148110453490,,0,
12042,,246865,14,7,13,000,2022,04,17,7,3,2,6,0,,1,1,0,0,0,,"734804,997238873969764","5692998,708190550096333",12.371349986,51.3396975530001,0,,0,Mitte,,,,0.0,,0,14220423148210262800,,0,
12043,,246871,14,7,13,000,2022,05,05,2,3,3,7,0,,0,1,0,0,0,,"731825,632598033989780","5689452,434545040130615",12.3263437370001,51.3090857390001,5,,5,Südwest,,,,5.0,,0,14220516148310333320,,0,
12044,,246872,14,7,13,000,2022,04,11,4,3,2,6,0,,0,1,0,0,0,,"735110,569995146943256","5694111,571314839646220",12.376464067,51.349560739,0,,0,Mitte,,,,0.0,,1,14220427148410274420,,0,
12045,,246873,14,7,13,000,2022,04,09,3,3,6,4,0,,1,0,1,0,0,,"732810,253632999956608","5695977,447651309892535",12.3447104910001,51.367256771,8,,8,Nordwest,,,,8.0,,0,14220412148110225800,,0,
12046,,246876,14,7,13,000,2022,06,09,4,3,3,6,0,,0,1,0,0,0,,"731154,567976124002598","5691902,059505269862711",12.318320382,51.331348716,7,,7,Alt-West,,,,7.0,,1,14220608144200372660,,0,
12047,,246879,14,7,13,000,2022,05,19,3,3,5,3,1,,1,1,0,0,0,,"735529,177980105974711","5692692,182570399716496",12.3815257410001,51.3366466000001,0,,0,Mitte,,,,0.0,,0,14220524148410364830,,0,
12048,,246885,14,7,13,000,2022,05,15,6,3,1,6,0,,0,1,0,0,0,,"734778,638825156027451","5692838,611254789866507",12.3708667060001,51.3382713410001,0,,0,Mitte,,,,0.0,,1,14220506148410363390,,0,
12049,,246886,14,7,13,000,2022,06,11,2,3,5,2,0,,0,1,0,0,0,,"739937,843849331955425","5694082,536922809667885",12.445636575,51.3472831810001,2,,2,Ost,,,,2.0,,1,14220613144200403470,,0,
12050,,246889,14,7,13,000,2022,04,19,5,3,0,1,1,,1,0,0,0,0,,"728838,843587134964764","5695005,651470440439880",12.287130986,51.3601465450001,7,,7,Alt-West,,,,7.0,,0,14220414148310333590,,1,
12051,,246895,14,7,13,000,2022,04,10,6,3,5,3,0,,0,1,0,0,0,,"734527,354692413005978","5693629,730568190105259",12.367786546,51.345476455,0,,0,Mitte,,,,0.0,,0,14220429144200274660,,0,
12052,,246896,14,7,13,000,2022,05,15,3,3,5,3,0,,0,1,0,0,0,,"736267,059678661986254","5695000,059927149675786",12.3936312540001,51.357056474,9,,9,Nord,,,,9.0,,1,14220503148110318170,,0,
12053,,246903,14,7,13,000,2022,04,14,6,3,2,6,0,,0,1,0,0,0,,"734798,042352661956102","5692957,526893709786236",12.371223166,51.3393307650001,0,,0,Mitte,,,,0.0,,0,14220422144200254990,,0,
12054,,246904,14,7,13,000,2022,05,14,5,3,2,2,0,,0,1,0,0,0,,"730281,705009571975097","5690127,683963949792087",12.3046663170001,51.3157741480001,6,,6,West,,,,6.0,,0,14220512148310318440,,0,
12055,,246907,14,7,13,000,2022,05,10,6,3,5,3,0,,1,1,0,0,0,,"734088,237640650011599","5696242,793951690196991",12.363211684,51.3691134680001,9,,9,Nord,,,,9.0,,0,14220520148410343340,,0,
12056,,246914,14,7,13,000,2022,06,15,2,3,4,6,0,,1,1,0,0,0,,"740978,130198281956837","5686843,667167469859123",12.4556560290001,51.281869806,3,,3,Südost,,,,3.0,,0,14220613148210402730,,0,
12057,,246915,14,7,13,000,2022,05,06,4,3,5,3,0,,1,1,0,0,0,,"740300,585596980992705","5698182,301452869549394",12.453605672,51.3839278240001,1,,1,Nordost,,,,1.0,,0,14220511148110354220,,1,
12058,,246916,14,7,13,000,2022,06,07,4,3,5,3,0,,1,1,0,0,0,,"734310,897045547957532","5695735,328277049586177",12.3660704060001,51.364466453,9,,9,Nord,,,,9.0,,0,14220608144200482670,,0,
12059,,246917,14,7,13,000,2022,05,15,4,3,5,3,0,,1,0,0,0,0,,"736337,716215473948978","5692057,976279470138252",12.3926915480001,51.3306184100001,0,,0,Mitte,,,,0.0,,1,14220518144200332440,,0,
12060,,246918,14,7,13,000,2022,04,10,6,3,5,2,0,,1,1,0,0,0,,"733469,766789598972537","5697584,578811650164425",12.3552236630001,51.3814125220001,8,,8,Nordwest,,,,8.0,,0,14220415148110273930,,0,
12061,,246921,14,7,13,000,2022,05,18,5,3,6,7,0,,0,0,1,0,0,,"731732,202387404046021","5696517,889435379765928",12.32960286,51.3725489540001,8,,8,Nordwest,,,,8.0,,1,14220512148110333270,,0,
12062,,246922,14,7,13,000,2022,05,15,2,3,5,2,0,,1,1,0,0,0,,"734457,560001480043866","5695074,053986109793186",12.36773759,51.35847009,9,,9,Nord,,,,9.0,,0,14220502148110282350,,0,
12063,,246937,14,7,13,000,2022,04,13,6,3,1,1,0,,0,1,0,0,0,,"733904,119470449048094","5696651,010501280426979",12.360839862,51.3728536460001,9,,9,Nord,,,,9.0,,0,14220415148110244240,,0,
12064,,246947,14,7,13,000,2022,05,10,3,2,0,1,0,,1,0,0,0,0,,"733549,038011178956367","5694177,769055070355535",12.3541234620001,51.3507986770001,0,,0,Mitte,,,,0.0,,0,14220517148410319620,,1,
12065,,246948,14,7,13,000,2022,04,14,4,2,5,2,0,,1,0,0,0,1,,"736677,667612339952029","5689793,406992330215871",12.396059307,51.3101498620001,4,,4,Süd,,,,4.0,,0,14220413144200237170,,0,
12066,,246950,14,7,13,000,2022,05,18,7,3,2,6,0,,1,1,0,0,0,,"734159,861001483979635","5692194,593986310064793",12.361575658,51.332745452,0,,0,Mitte,,,,0.0,,0,14220521148410343760,,0,
12067,,246953,14,7,13,000,2022,05,14,6,3,9,1,0,,0,1,0,0,0,,"739475,597645479021594","5687725,707993140444160",12.4347424110001,51.290420344,3,,3,Südost,,,,3.0,,0,14220513144200343260,,0,
12068,,246955,14,7,13,000,2022,05,15,3,2,9,1,0,,0,1,0,0,0,,"736165,345460776006803","5693013,305892679840326",12.390855043,51.339265255,0,,0,Mitte,,,,0.0,,0,14220503144200304740,,0,
12069,,246959,14,7,13,000,2022,04,17,5,3,5,3,0,,1,1,0,0,0,,"731710,445649711997248","5693087,944519969634712",12.327057171,51.3417680150001,7,,7,Alt-West,,,,7.0,,0,14220428148310295130,,0,
12070,,246960,14,7,13,000,2022,04,05,3,2,5,2,1,,1,0,0,1,0,,"728610,800217928015627","5701002,996006529778242",12.2877211050001,51.414077128,8,,8,Nordwest,,,,8.0,,0,14220412148110244860,,0,
12071,,246971,14,7,13,000,2022,05,12,5,3,2,6,0,,0,1,0,1,0,,"741833,449532937025651","5695466,279398660175502",12.473745224,51.3588996710001,2,,2,Ost,,,,2.0,,0,14220505144200295090,,0,
12072,,246975,14,7,13,000,2022,05,20,4,2,0,3,0,,1,0,0,0,0,,"735762,166760371997952","5693472,250449920073152",12.3853808920001,51.343552161,0,,0,Mitte,,,,0.0,,1,14220518144100343220,,0,
12073,,246984,14,7,13,000,2022,05,14,3,3,1,3,0,,1,1,0,0,0,,"738844,115036547998898","5689243,171794610098004",12.42671771,51.3043061430001,3,,3,Südost,,,,3.0,,0,14220503144200372180,,0,
12074,,246987,14,7,13,000,2022,04,17,5,3,1,2,0,,1,1,0,0,0,,"739009,272793367970735","5691197,749689459800720",12.43039228,51.3217809220001,3,,3,Südost,,,,3.0,,0,14220414144200262380,,1,
12075,,246988,14,7,13,000,2022,05,15,2,3,2,2,0,,0,1,0,0,0,,"736762,932733886991628","5699848,060702430084348",12.4039701630001,51.4003660000001,9,,9,Nord,,,,9.0,,0,14220509149410296200,,0,
12076,,246991,14,7,13,000,2022,04,19,6,3,3,3,1,,1,1,0,0,0,,"734176,857504131970927","5692173,698924030177295",12.361805475,51.3325508900001,0,,0,Mitte,,,,0.0,,0,14220422148410318450,,0,
12077,,246992,14,7,13,000,2022,05,16,5,3,3,6,0,,1,0,0,0,0,,"732777,005183225031942","5691354,272680370137095",12.341210996,51.3257697710001,5,,5,Südwest,,,,5.0,,0,14220512148310305340,,0,
12078,,246994,14,7,13,000,2022,06,15,5,3,4,2,0,,0,1,0,1,0,,"736923,050734041025862","5691346,818452700041234",12.400605597,51.3239914650001,3,,3,Südost,,,,3.0,,0,14220609148410402190,,0,
12079,,246996,14,7,13,000,2022,05,14,2,3,1,5,0,,0,1,0,0,0,,"736177,937885615974665","5693517,731350409798324",12.391370023,51.3437878550001,0,,0,Mitte,,,,0.0,,0,14220523144200334000,,0,
12080,,247000,14,7,13,000,2022,05,05,6,3,0,2,0,,0,1,0,1,0,,"741367,395245434949175","5695937,703574210405350",12.4673837570001,51.363329064,2,,2,Ost,,,,2.0,,0,14220513148210333300,,0,
12081,,247002,14,7,13,000,2022,05,16,4,3,5,3,0,,1,1,0,0,0,,"730999,795266006956808","5685596,875244040042162",12.312021767,51.274810089,5,,5,Südwest,,,,5.0,,0,14220504144200282330,,0,
12082,,247011,14,7,13,000,2022,05,09,5,3,5,3,0,,1,1,0,0,0,,"730815,314974208013155","5694490,992871760390699",12.315137113,51.354727116,7,,7,Alt-West,,,,7.0,,0,14220512148310320090,,0,
12083,,247020,14,7,13,000,2022,05,19,4,3,1,7,0,,1,1,0,0,0,,"731780,768084889044985","5689683,240682479925454",12.325851109,51.3111759220001,5,,5,Südwest,,,,5.0,,0,14220511143263317840,,0,
12084,,247024,14,7,13,000,2022,06,14,5,3,3,7,0,,0,1,0,0,0,,"737283,637229059007950","5692939,778963970020413",12.4068320600001,51.3381397520001,2,,2,Ost,,,,2.0,,1,14220602144200453860,,0,
12085,,247025,14,7,13,000,2022,05,18,3,3,0,7,0,,1,0,0,0,0,,"731721,186208763043396","5690503,363583019934595",12.325530515,51.318562308,5,,5,Südwest,,,,5.0,,0,14220524148310334600,,0,
12086,,247026,14,7,13,000,2022,05,16,7,3,0,7,0,,1,0,0,0,0,,"735038,211989080999047","5691559,706191229633987",12.3737430300001,51.3266841770001,0,,0,Mitte,,,,0.0,,0,14220528148410363880,,0,
12087,,247028,14,7,13,000,2022,05,22,1,3,4,6,2,,1,1,0,0,0,,"731010,336699257954024","5696575,974740239791572",12.3192873300001,51.373364435,8,,8,Nordwest,,,,8.0,,0,14220501144200364730,,0,
12088,,247033,14,7,13,000,2022,04,13,6,3,0,7,0,,1,0,0,0,0,,"737206,821441338048317","5693355,679061880335212",12.406008248,51.3419049490001,2,,2,Ost,,,,2.0,,0,14220415148410244270,,0,
12089,,247034,14,7,13,000,2022,05,08,3,3,5,3,0,,1,1,0,0,0,,"735115,031012326013297","5688746,082450999878347",12.372989057,51.301396186,4,,4,Süd,,,,4.0,,0,14220510148210319520,,0,
12090,,247035,14,7,13,000,2022,05,06,2,3,5,3,0,,0,1,0,0,0,,"736989,766695910948329","5697912,953472100198269",12.405933771,51.382901803,1,,1,Nordost,,,,1.0,,0,14220523144200364590,,0,
12091,,247039,14,7,13,000,2022,05,15,6,3,5,3,0,,1,1,0,0,0,,"737050,669346811948344","5697505,897369280457497",12.406535821,51.3792226420001,1,,1,Nordost,,,,1.0,,0,14220513148110363310,,0,
12092,,247042,14,7,13,000,2022,06,14,1,3,1,1,0,,0,1,0,0,0,,"730877,070477982051671","5693623,812614929862320",12.315460005,51.34691745,7,,7,Alt-West,,,,7.0,,0,14220612148310383140,,0,
12093,,247045,14,7,13,000,2022,05,16,2,3,0,7,0,,1,0,1,0,0,,"740533,463939493987709","5694133,677532790228724",12.454207882,51.3474905090001,2,,2,Ost,,,,2.0,,0,14220509144200344040,,0,
12094,,247056,14,7,13,000,2022,04,07,3,3,5,3,0,,0,1,0,1,0,,"731897,289130875957198","5690507,411819200031459",12.3280559020001,51.318526913,5,,5,Südwest,,,,5.0,,0,14220412148310305360,,0,
12095,,247057,14,7,13,000,2022,05,14,7,3,5,3,0,,1,0,0,0,1,,"735173,458968522958457","5693468,743696169927716",12.376940925,51.3437644900001,0,,0,Mitte,,,,0.0,,0,14220507144200322160,,0,
12096,,247065,14,7,13,000,2022,06,15,5,3,2,6,0,,0,1,0,0,0,,"727565,455241941963322","5691175,081332609988749",12.2664235660001,51.3262696400001,6,,6,West,,,,6.0,,0,14220602148310382820,,0,
12097,,247066,14,7,13,000,2022,05,09,2,3,3,2,0,,1,0,0,0,0,,"736617,961299374001101","5687119,321293209679425",12.393431955,51.2861714250001,4,,4,Süd,,,,4.0,,1,14220516144200345000,,0,
12098,,247074,14,7,13,000,2022,04,14,3,2,6,7,0,,0,1,1,0,0,,"736927,305903088999912","5687878,440761170350015",12.3983635340001,51.292856896,4,,4,Süd,,,,4.0,,0,14220419144200244231,,0,
12099,,247077,14,7,13,000,2022,05,15,1,3,3,2,0,,1,1,0,0,0,,"735559,323121121036820","5692147,727604789659381",12.381597761,51.3317469190001,0,,0,Mitte,,,,0.0,,0,14220515148410318460,,0,
12100,,247078,14,7,13,000,2022,04,09,7,3,5,3,0,,0,1,0,0,0,,"732058,770557785057463","5692939,818467950448394",12.3319530680001,51.3402962710001,7,,7,Alt-West,,,,7.0,,0,14220430148310273740,,0,
12101,,247080,14,7,13,000,2022,06,14,2,3,1,6,0,,0,1,0,0,0,,"735509,274996862048283","5692065,514345699921250",12.380826298,51.3310296700001,0,,0,Mitte,,,,0.0,,0,14220613144200402690,,0,
12102,,247081,14,7,13,000,2022,06,16,3,3,5,3,0,,0,1,0,1,0,,"735177,594570846995339","5689046,776851699687541",12.3740830560001,51.3040695120001,4,,4,Süd,,,,4.0,,0,14220607144200372200,,0,
12103,,247088,14,7,13,000,2022,04,07,3,3,4,6,0,,1,1,0,0,0,,"729554,846611601999030","5688761,856297519989312",12.293375245,51.3038065490001,5,,5,Südwest,,,,5.0,,0,14220426148310273950,,0,
12104,,247089,14,7,13,000,2022,05,07,6,2,4,6,0,,1,0,0,0,0,,"730256,792924470035359","5691362,439440730027854",12.3051068660001,51.3268686710001,6,,6,West,,,,6.0,,0,14220513144320888730,,0,
12105,,247090,14,7,13,000,2022,04,01,7,3,1,5,2,,1,1,0,0,0,,"735050,258832038962282","5691186,398938479833305",12.3736694780001,51.3233282460001,4,,4,Süd,,,,4.0,,0,14220430148210273940,,0,
12106,,247091,14,7,13,000,2022,05,15,4,3,2,6,0,,0,1,0,0,0,,"731839,176942095975392","5689379,404420009814203",12.326490273,51.308424642,5,,5,Südwest,,,,5.0,,0,14220504148320333600,,0,
12107,,247092,14,7,13,000,2022,06,14,1,3,5,3,0,,1,1,0,0,0,,"738825,241993288975209","5695759,489778130315244",12.430815264,51.3628037020001,1,,1,Nordost,,,,1.0,,0,14220612144200430200,,0,
12108,,247098,14,7,13,000,2022,05,22,5,2,8,1,2,,0,1,0,0,0,,"736883,548793760011904","5695958,645702210254967",12.403107795,51.3654041770001,1,,1,Nordost,,,,1.0,,0,14220526148110343700,,0,
12109,,247100,14,7,13,000,2022,05,07,5,3,5,3,0,,0,1,0,0,0,,"739938,457001570030116","5694085,489983379840851",12.445647353,51.3473094280001,2,,2,Ost,,,,2.0,,0,14220512148210319510,,0,
12110,,247106,14,7,13,000,2022,04,18,4,3,6,7,0,,0,1,1,0,0,,"732963,996917146025226","5695926,024736099876463",12.346881539,51.366732142,8,,8,Nordwest,,,,8.0,,0,14220427144200273690,,0,
12111,,247110,14,7,13,000,2022,06,20,3,3,5,3,0,,1,0,0,0,0,,"734304,117695927037857","5691824,913492210209370",12.3633996930001,51.3293676150001,0,,0,Mitte,,,,0.0,,0,14220607144200372220,,0,
12112,,247113,14,7,13,000,2022,05,13,2,2,5,3,0,,1,1,0,0,0,,"738063,137188747990876","5690417,775952050462365",12.416318099,51.315176498,3,,3,Südost,,,,3.0,,0,14220523144200364640,,0,
12113,,247114,14,7,13,000,2022,05,03,7,3,1,1,2,,0,1,0,0,0,,"738814,925327804987319","5694190,386105040088296",12.429614298,51.348724039,2,,2,Ost,,,,2.0,,0,14220528144200344490,,0,
12114,,247117,14,7,13,000,2022,05,18,1,2,5,2,0,,0,1,0,1,0,,"736590,364001519046724","5693781,799985120072961",12.3974565020001,51.3459867080001,2,,2,Ost,,,,2.0,,0,14220515144200322200,,0,
12115,,247119,14,7,13,000,2022,05,13,6,3,3,6,0,,1,1,0,0,0,,"732332,475113997003064","5690658,676756010390818",12.3343886530001,51.3197072790001,5,,5,Südwest,,,,5.0,,0,14220506148310295410,,0,
12116,,247129,14,7,13,000,2022,05,10,4,3,5,3,0,,1,1,0,0,0,,"730817,478001418989152","5694490,861987720243633",12.3151680390001,51.3547250620001,7,,7,Alt-West,,,,7.0,,0,14220504148323304770,,1,
12117,,247130,14,7,13,000,2022,06,18,7,2,5,3,0,,1,1,0,0,0,,"736746,433872375055216","5688242,917305709794164",12.3960157270001,51.2962037300001,4,,4,Süd,,,,4.0,,0,14220611144200383080,,0,
12118,,247138,14,7,13,000,2022,04,18,1,3,5,3,0,,0,1,0,0,0,,"730659,426870611030608","5690364,777192699722946",12.31023047,51.3177495720001,6,,6,West,,,,6.0,,0,14220417144200255190,,0,
12119,,247143,14,7,13,000,2022,05,14,6,3,6,4,0,,0,1,1,0,0,,"739007,604966606013477","5693676,319851409643888",12.432030947,51.344028897,2,,2,Ost,,,,2.0,,0,14220513148210320080,,0,
12120,,247147,14,7,13,000,2022,06,14,7,3,3,5,0,,0,1,0,0,0,,"738132,137870982987806","5693616,190207829698920",12.4194435430001,51.3438565210001,2,,2,Ost,,,,2.0,,0,14220604144200383570,,0,
12121,,247149,14,7,13,000,2022,04,21,5,3,5,3,2,,0,1,0,0,0,,"731772,983001446002163","5691005,888987390324473",12.326599188,51.3230523030001,5,,5,Südwest,,,,5.0,,0,14220428148310305380,,0,
12122,,247155,14,7,13,000,2022,05,17,2,3,2,6,0,,0,1,0,1,0,,"735069,357503287028521","5690543,359295260161161",12.373519161,51.3175481710001,4,,4,Süd,,,,4.0,,0,14220502662211282410,,0,
12123,,247156,14,7,13,000,2022,06,10,6,3,5,3,0,,0,1,0,0,0,,"731002,710784542956389","5693544,657855769619346",12.317209631,51.3461558490001,7,,7,Alt-West,,,,7.0,,1,14220610144200498761,,0,
12124,,247161,14,7,13,000,2022,04,17,4,3,1,5,0,,0,1,0,0,0,,"736592,587472129031084","5695725,242919780313969",12.3987804390001,51.363430371,9,,9,Nord,,,,9.0,,1,14220427148110274370,,0,
12125,,247164,14,7,13,000,2022,05,15,4,3,5,3,0,,1,1,0,0,0,,"736168,502773122047074","5692947,902742859907448",12.390856925,51.3386768710001,0,,0,Mitte,,,,0.0,,0,14220511148410304790,,0,
12126,,247169,14,7,13,000,2022,05,18,2,3,3,6,0,,0,1,0,1,0,,"742155,002182672964409","5693356,883839259855449",12.476920046,51.339830105,2,,2,Ost,,,,2.0,,0,14220523148210344500,,0,
12127,,247170,14,7,13,000,2022,05,15,5,3,9,1,0,,0,0,0,1,0,,"727230,493214820045978","5690799,590562489815056",12.2613846080001,51.3230325900001,6,,6,West,,,,6.0,,0,14220526148320384020,,0,
12128,,247171,14,7,13,000,2022,05,06,3,3,3,6,0,,0,1,0,1,0,,"732576,740467148949392","5692080,065114179626107",12.338815348,51.3323669060001,5,,5,Südwest,,,,5.0,,0,14220531144200413400,,0,
12129,,247176,14,7,13,000,2022,06,16,7,3,1,7,0,,0,1,0,0,0,,"727255,037413132027723","5695243,807099590077996",12.264572517,51.3629201890001,7,,7,Alt-West,,,,7.0,,1,14220611148310382810,,0,
12130,,247179,14,7,13,000,2022,04,09,5,3,5,2,0,,1,1,0,0,0,,"734633,785001495969482","5690904,053986120037735",12.367517122,51.320965684,4,,4,Süd,,,,4.0,,0,14220414148210255370,,0,
12131,,247183,14,7,13,000,2022,04,19,7,3,2,6,0,,0,1,0,0,0,,"731538,156268313992769","5691740,000342049635947",12.323711717,51.329737924,7,,7,Alt-West,,,,7.0,,0,14220423148310274390,,0,
12132,,247184,14,7,13,000,2022,05,12,5,3,0,6,0,,1,0,0,0,0,,"739916,623976718983613","5693773,950332660228014",12.445124504,51.344522356,2,,2,Ost,,,,2.0,,0,14220512148210344120,,0,
12133,,247189,14,7,13,000,2022,04,11,5,3,6,2,0,,0,1,1,0,0,,"734126,787277878029272","5696546,726000379770994",12.363964654,51.371825803,9,,9,Nord,,,,9.0,,0,14220428144200274350,,0,
12134,,247192,14,7,13,000,2022,06,17,3,2,5,3,0,,1,0,0,0,1,,"731715,571484165033326","5692790,051568959839642",12.3269368270001,51.3390918000001,7,,7,Alt-West,,,,7.0,,0,14220614144200391100,,0,
12135,,247196,14,7,13,000,2022,04,08,5,3,5,3,0,,0,1,0,0,0,,"737268,713001532014459","5693462,487984789535403",12.4069664130001,51.3428378500001,2,,2,Ost,,,,2.0,,0,14220421148410255030,,1,
12136,,247198,14,7,13,000,2022,05,11,2,3,5,3,0,,1,1,0,0,0,,"732550,959226481034420","5692615,911338710226119",12.338795681,51.3371875810001,7,,7,Alt-West,,,,7.0,,0,14220530145400354210,,0,
12137,,247201,14,7,13,000,2022,06,11,2,3,6,4,0,,0,1,1,0,0,,"736713,950475431978703","5693776,840899039991200",12.3992245640001,51.3458907510001,2,,2,Ost,,,,2.0,,0,14220613144200383550,,0,
12138,,247202,14,7,13,000,2022,06,18,6,2,5,3,0,,1,0,0,0,0,,"734336,973809157032520","5699679,103214990347624",12.369045413,51.399856463,9,,9,Nord,,,,9.0,,0,14220603144200372190,,0,
12139,,247204,14,7,13,000,2022,04,13,4,2,5,3,0,,1,1,0,0,0,,"731269,832588074961677","5693463,063653090037405",12.320985598,51.3453147880001,7,,7,Alt-West,,,,7.0,,0,14220427144200304240,,0,
12140,,247206,14,7,13,000,2022,05,07,6,3,5,3,0,,1,1,0,0,0,,"737439,231060269055888","5693007,649277590215206",12.4091070170001,51.338684017,2,,2,Ost,,,,2.0,,0,14220506148423296190,,0,
12141,,247208,14,7,13,000,2022,05,17,5,2,0,7,0,,0,0,0,0,0,,"740681,721871130052023","5693921,670369979925454",12.4561894830001,51.3455248720001,2,,2,Ost,,,,2.0,,1,14220512144200319470,,0,
12142,,247211,14,7,13,000,2022,05,12,5,3,1,6,0,,0,1,0,0,0,,"734408,562194227008149","5692974,393311549909413",12.365652488,51.339642848,0,,0,Mitte,,,,0.0,,0,14220519148410334630,,0,