UNFALL_ID,FID_left,OBJECTID,ULAND,UREGBEZ,UKREIS,UGEMEINDE,UJAHR,UMONAT,USTUNDE,UWOCHENTAG,UKATEGORIE,UART,UTYP1,ULICHTVERH,IstStrasse,IstRad,IstPKW,IstFuss,IstKrad,IstGkfz,IstSonstig,LINREFX,LINREFY,XGCSWGS84,YGCSWGS84,index_right,FID_right,SBZ,Name,UIDENTSTLA,LICHT,STRZUSTAND,FID,OBJECTID_1,IstSonstige,UIDENTSTLAE,OID_,IstStrassenzustand,PLST
12143,,247214,14,7,13,000,2022,05,16,2,3,5,3,0,,1,1,0,0,0,,"732241,426081247976981","5691854,427253689616919",12.333863352,51.3304784200001,5,,5,Südwest,,,,5.0,,0,14220530148310364810,,0,
12144,,247225,14,7,13,000,2022,05,12,2,3,8,1,0,,0,1,0,0,0,,"739731,471705210977234","5688217,932233760133386",12.438735668,51.2947308490001,3,,3,Südost,,,,3.0,,0,14220523148210334090,,0,
12145,,247229,14,7,13,000,2022,05,13,7,3,5,2,0,,1,1,0,0,0,,"732973,774001467972994","5691187,100986859761178",12.343920939,51.3241885840001,5,,5,Südwest,,,,5.0,,0,14220514148210319530,,0,
12146,,247236,14,7,13,000,2022,05,15,1,3,5,3,0,,0,1,0,0,0,,"737014,306416308041662","5691838,605111620388925",12.402239932,51.3283678010001,3,,3,Südost,,,,3.0,,0,14220522148210344110,,0,
12147,,247243,14,7,13,000,2022,05,07,2,3,2,6,0,,0,1,0,0,0,,"734314,452224359964021","5691791,754345900379121",12.363525968,51.3290657060001,0,,0,Mitte,,,,0.0,,0,14220516148410319610,,0,
12148,,247253,14,7,13,000,2022,05,09,2,3,2,6,0,,0,1,0,0,0,,"737374,444091220037080","5692663,665339469909668",12.4079493690001,51.335623443,3,,3,Südost,,,,3.0,,0,14220530144200402130,,0,
12149,,247257,14,7,13,000,2022,06,14,2,3,2,6,0,,0,1,0,0,0,,"736474,687891506007873","5693785,564001750200987",12.3958010170001,51.346068621,2,,2,Ost,,,,2.0,,0,14220606148410364250,,0,
12150,,247261,14,7,13,000,2022,05,15,3,3,5,3,0,,1,1,0,0,0,,"735771,576583581045270","5693208,432116819545627",12.3853410940001,51.3411801570001,0,,0,Mitte,,,,0.0,,0,14220524144200343690,,0,
12151,,247262,14,7,13,000,2022,05,08,6,3,5,3,0,,1,1,0,0,0,,"736337,236318844021298","5692763,981167189776897",12.393152979,51.336955856,0,,0,Mitte,,,,0.0,,0,14220527148410344160,,1,
12152,,247264,14,7,13,000,2022,04,17,3,3,0,4,0,,1,0,1,0,0,,"737200,633541404036805","5696702,311091319657862",12.40815052,51.371947031,1,,1,Nordost,,,,1.0,,0,14220426148110296170,,0,
12153,,247266,14,7,13,000,2022,04,12,7,3,1,1,0,,0,1,0,0,0,,"736776,275001539033838","5689062,683985140174627",12.396986693,51.3035497340001,4,,4,Süd,,,,4.0,,0,14220430148211274680,,0,
12154,,247268,14,7,13,000,2022,06,21,7,3,5,3,0,,0,1,0,0,0,,"734787,043259000987746","5692511,200306319631636",12.370771357,51.3353288980001,0,,0,Mitte,,,,0.0,,1,14220611145400383100,,0,
12155,,247280,14,7,13,000,2022,04,09,6,2,0,1,0,,1,0,0,0,0,,"735203,018410810036585","5689533,671595050022006",12.374768042,51.308429582,4,,4,Süd,,,,4.0,,0,14220429148221707710,,0,
12156,,247282,14,7,13,000,2022,06,02,1,3,0,7,2,,1,0,0,0,0,,"734885,356489452999085","5693389,657401409931481",12.3727594910001,51.3431736750001,0,,0,Mitte,,,,0.0,,0,14220612148410391240,,0,
12157,,247284,14,7,13,000,2022,05,23,3,3,1,6,2,,0,1,0,1,0,,"734225,183353865984827","5692079,311066320165992",12.362435906,51.3316837200001,0,,0,Mitte,,,,0.0,,0,14220517148410319560,,0,
12158,,247285,14,7,13,000,2022,06,08,4,3,5,3,0,,1,1,0,0,0,,"727222,553198348032311","5689678,311803960241377",12.2605563870001,51.3129695550001,6,,6,West,,,,6.0,,0,14220601148310364240,,0,
12159,,247297,14,7,13,000,2022,04,15,4,3,5,3,0,,1,1,0,0,0,,"732058,018259737989865","5692939,484146079979837",12.331942068,51.3402935770001,7,,7,Alt-West,,,,7.0,,0,14220427148310295140,,0,
12160,,247299,14,7,13,000,2022,05,05,1,3,0,7,1,,1,0,0,0,0,,"737207,856617277022451","5693757,483357749879360",12.4062907410001,51.34551114,2,,2,Ost,,,,2.0,,0,14220508148410319570,,0,
12161,,247307,14,7,13,000,2022,05,15,1,3,5,3,0,,0,1,0,1,0,,"737926,931938130990602","5689238,109423969872296",12.4135805400001,51.304644711,3,,3,Südost,,,,3.0,,0,14220515148210430210,,0,
12162,,247314,14,7,13,000,2022,05,21,3,3,5,3,1,,1,1,0,0,0,,"735666,961557758040726","5692503,549351939931512",12.3833754340001,51.3348962950001,0,,0,Mitte,,,,0.0,,0,14220510144320364780,,0,
12163,,247318,14,7,13,000,2022,05,09,7,3,6,7,0,,0,1,1,0,0,,"734380,756001489004120","5691537,129986230283976",12.3643085370001,51.3267527610001,4,,4,Süd,,,,4.0,,0,14220514148410332500,,0,
12164,,247321,14,7,13,000,2022,06,11,7,3,3,7,0,,0,1,0,0,0,,"739411,468429918051697","5693885,755194419994950",12.437959845,51.345738827,2,,2,Ost,,,,2.0,,0,14220611144200391120,,0,
12165,,247322,14,7,13,000,2022,06,04,7,3,1,5,1,,1,1,0,0,0,,"736898,880171324010007","5693549,929822700098157",12.4017241720001,51.343776946,2,,2,Ost,,,,2.0,,0,14220604148410391620,,0,
12166,,247324,14,7,13,000,2022,04,23,5,3,1,1,2,,0,1,0,0,0,,"731770,688503526966088","5690140,564074080437422",12.3260038820001,51.315285353,5,,5,Südwest,,,,5.0,,1,14220414144200691780,,1,
12167,,247328,14,7,13,000,2022,04,20,7,2,5,7,0,,0,1,0,1,0,,"736878,245002493960783","5695948,983497000299394",12.4030253080001,51.3653196600001,1,,1,Nordost,,,,1.0,,0,14220423144200255320,,0,
12168,,247330,14,7,13,000,2022,05,15,2,3,6,2,0,,0,1,1,0,0,,"731728,060580112040043","5690704,967236979864538",12.325760008,51.320369274,5,,5,Südwest,,,,5.0,,0,14220502144200274360,,0,
12169,,247331,14,7,13,000,2022,06,08,6,3,5,2,0,,1,1,0,0,0,,"734800,805441249045543","5693002,260240829549730",12.371292254,51.3397311680001,0,,0,Mitte,,,,0.0,,0,14220610148410391250,,0,
12170,,247333,14,7,13,000,2022,04,06,3,2,5,2,0,,0,1,0,1,0,,"731781,202063361997716","5691740,477119550108910",12.327194618,51.329643225,5,,5,Südwest,,,,5.0,,0,14220419144200282090,,0,
12171,,247335,14,7,13,000,2022,05,13,2,3,1,5,0,,1,1,0,0,0,,"736139,114652410033159","5693457,266364649869502",12.3907734970001,51.3432612340001,0,,0,Mitte,,,,0.0,,0,14220530148423355240,,0,
12172,,247338,14,7,13,000,2022,05,18,1,3,5,3,0,,1,1,0,0,0,,"728311,140989618026651","5689815,135740160010755",12.276237435,51.313762249,6,,6,West,,,,6.0,,0,14220508144200304750,,0,
12173,,247342,14,7,13,000,2022,05,11,4,3,5,2,0,,1,1,0,0,0,,"736780,181318911025301","5690613,749918630346656",12.398072031,51.3174707860001,0,,0,Mitte,,,,0.0,,0,14220525148410343330,,0,
12174,,247350,14,7,13,000,2022,05,12,3,3,2,2,0,,0,1,0,0,0,,"734484,801467807032168","5698505,986664599739015",12.37039201,51.389265127,9,,9,Nord,,,,9.0,,0,14220517148110320050,,0,
12175,,247352,14,7,13,000,2022,04,20,3,3,6,6,1,,0,1,1,0,0,,"735413,162047761026770","5689501,977799619548023",12.377756719,51.3080582250001,4,,4,Süd,,,,4.0,,0,14220412148210237450,,0,
12176,,247366,14,7,13,000,2022,06,20,1,2,0,1,0,,1,0,0,0,0,,"732353,958001452032477","5692545,111987110227346",12.335926252,51.3366325580001,7,,7,Alt-West,,,,7.0,,0,14220605148310429200,,1,
12177,,247367,14,7,13,000,2022,06,16,4,3,3,6,0,,0,1,0,0,0,,"737932,128880557953380","5693897,211210919544101",12.416764798,51.3464626890001,2,,2,Ost,,,,2.0,,1,14220601148210382510,,0,
12178,,247370,14,7,13,000,2022,05,14,2,3,5,3,0,,1,0,0,0,0,,"737336,776426992029883","5698629,222147620283067",12.4113899450001,51.389186054,1,,1,Nordost,,,,1.0,,0,14220523148110334060,,0,
12179,,247374,14,7,13,000,2022,04,16,6,3,5,3,0,,1,1,0,0,0,,"736336,524279693956487","5692764,181640489958227",12.3931429080001,51.336957951,0,,0,Mitte,,,,0.0,,0,14220429144200319500,,0,
12180,,247379,14,7,13,000,2022,04,17,4,3,0,4,0,,1,0,1,0,0,,"735100,130565903964452","5692404,626025550067425",12.375187569,51.334242913,0,,0,Mitte,,,,0.0,,0,14220427148410319580,,0,
12181,,247385,14,7,13,000,2022,06,07,6,3,1,7,0,,1,1,0,0,0,,"737236,181641309056431","5694951,183425529859960",12.4074923090001,51.35621403,1,,1,Nordost,,,,1.0,,0,14220610148110391160,,0,
12182,,247386,14,7,13,000,2022,05,00,5,3,3,6,2,,1,1,0,0,0,,"732626,499369426048361","5691474,279147610068321",12.3391329410001,51.3269085950001,5,,5,Südwest,,,,5.0,,0,14220519148310383130,,0,
12183,,247393,14,7,13,000,2022,05,16,4,2,3,2,0,,1,1,0,0,0,,"735588,656061402987689","5692241,374908099882305",12.3820799820001,51.3325753780001,0,,0,Mitte,,,,0.0,,0,14220511148210332870,,0,
12184,,247395,14,7,13,000,2022,05,17,4,3,2,6,0,,1,0,0,0,0,,"734954,083001493010670","5693388,250985920429230",12.373743583,51.343132655,0,,0,Mitte,,,,0.0,,0,14220518148410320120,,0,
12185,,247399,14,7,13,000,2022,05,09,2,2,5,3,0,,1,1,0,0,0,,"737818,115781215950847","5691226,601518739946187",12.413348032,51.3225389840001,3,,3,Südost,,,,3.0,,0,14220523144200363300,,0,
12186,,247402,14,7,13,000,2022,05,11,6,3,2,6,0,,0,1,0,1,0,,"730069,492659991024993","5688569,959790560416877",12.300621934,51.3018761500001,5,,5,Südwest,,,,5.0,,0,14220513148310334110,,0,
12187,,247404,14,7,13,000,2022,05,14,4,3,5,3,0,,1,1,0,0,0,,"733704,189512653043494","5697348,593328139744699",12.358431163,51.3791977720001,9,,9,Nord,,,,9.0,,0,14220504148110295380,,0,
12188,,247405,14,7,13,000,2022,06,09,6,3,6,6,0,,1,0,1,0,0,,"735416,740528458030894","5692971,529859419912100",12.380099096,51.3392006650001,0,,0,Mitte,,,,0.0,,0,14220610148410391260,,0,
12189,,247410,14,7,13,000,2022,06,10,4,3,5,2,0,,1,1,0,0,0,,"727209,182419007993303","5693565,069790629670024",12.262843048,51.3478679080001,7,,7,Alt-West,,,,7.0,,0,14220608144200383520,,0,
12190,,247414,14,7,13,000,2022,05,08,2,3,3,5,0,,0,1,0,0,0,,"738795,780059591983445","5691080,010957290418446",12.427255148,51.3208137450001,3,,3,Südost,,,,3.0,,1,14220523144200344060,,0,
12191,,247416,14,7,13,000,2022,05,15,3,3,3,6,0,,1,0,0,0,0,,"735626,842370818019845","5695938,316428620368242",12.385074204,51.3657442950001,9,,9,Nord,,,,9.0,,0,14220531148110383980,,0,
12192,,247421,14,7,13,000,2022,06,11,2,3,0,1,0,,1,0,0,0,0,,"743045,120399903971702","5694145,955966359935701",12.4902137080001,51.3465325130001,2,,2,Ost,,,,2.0,,0,14220606148210364220,,0,
12193,,247425,14,7,13,000,2022,05,18,4,3,6,3,0,,1,0,1,0,0,,"735047,311741604004055","5691296,636152570135891",12.3736999390001,51.324318996,4,,4,Süd,,,,4.0,,0,14220525148410343740,,0,
12194,,247426,14,7,13,000,2022,04,14,2,3,4,7,0,,0,1,0,0,0,,"734403,429061106988229","5692968,482541699893773",12.365575033,51.3395919060001,0,,0,Mitte,,,,0.0,,1,14220425144200273110,,0,
12195,,247432,14,7,13,000,2022,05,16,2,2,5,2,0,,1,1,0,0,0,,"737284,505040682968684","5692943,874078200198710",12.406847224,51.3381761480001,2,,2,Ost,,,,2.0,,0,14220516144200318870,,0,
12196,,247433,14,7,13,000,2022,04,10,4,3,1,5,0,,1,0,0,0,0,,"734900,757853545015678","5695685,238982570357621",12.374495402,51.3637732650001,9,,9,Nord,,,,9.0,,1,14220427148110295390,,0,
12197,,247436,14,7,13,000,2022,04,15,7,3,5,3,0,,1,1,0,0,0,,"741634,053342300001532","5689227,703328589908779",12.4666565530001,51.302990165,3,,3,Südost,,,,3.0,,0,14220423148210255380,,0,
12198,,247450,14,7,13,000,2022,05,17,4,3,6,4,0,,1,0,1,0,0,,"737725,208211845019832","5693738,236078569665551",12.413692887,51.3451222900001,2,,2,Ost,,,,2.0,,0,14220518144200364610,,0,
12199,,247453,14,7,13,000,2022,05,16,2,3,3,2,0,,1,1,0,0,0,,"735012,015867699054070","5695129,671965859830379",12.3757236810001,51.3587403080001,9,,9,Nord,,,,9.0,,0,14220523144100334490,,0,
12200,,247454,14,7,13,000,2022,05,19,6,2,7,1,0,,1,0,0,0,0,,"737294,669000654015690","5700484,927182340063155",12.4120263070001,51.405860347,9,,9,Nord,,,,9.0,,0,14220527144200344090,,0,
12201,,247455,14,7,13,000,2022,05,16,3,3,2,2,0,,1,1,0,0,0,,"738745,644376114010811","5690835,128226010128856",12.426373013,51.318636736,3,,3,Südost,,,,3.0,,0,14220531148210440310,,0,
12202,,247457,14,7,13,000,2022,05,13,6,3,5,2,0,,1,1,0,0,0,,"734786,657215069979429","5692628,481949090026319",12.3708431200001,51.336381825,0,,0,Mitte,,,,0.0,,0,14220513148410317960,,0,
12203,,247460,14,7,13,000,2022,06,12,7,3,6,4,0,,1,0,1,0,0,,"738552,390489330980927","5691147,434265710413456",12.423813769,51.3215210180001,3,,3,Südost,,,,3.0,,0,14220611148210391190,,0,
12204,,247464,14,7,13,000,2022,04,16,5,3,5,3,0,,1,1,0,0,0,,"732198,917170249042101","5690489,395725239999592",12.332365109,51.3182421930001,5,,5,Südwest,,,,5.0,,0,14220414148310305350,,1,
12205,,247471,14,7,13,000,2022,06,23,5,3,5,3,2,,0,1,0,0,0,,"739496,067314640036784","5691861,961678540334105",12.437811771,51.3275380800001,2,,2,Ost,,,,2.0,,0,14220609148410383650,,0,
12206,,247472,14,7,13,000,2022,06,20,5,3,5,2,0,,1,0,0,0,0,,"735756,203001508023590","5692867,492985550314188",12.3848950930001,51.3381261690001,0,,0,Mitte,,,,0.0,,0,14220602148410364820,,0,
12207,,247473,14,7,13,000,2022,05,20,2,3,1,2,0,,1,1,0,0,0,,"734841,282386663020588","5693152,666555290110409",12.3719715190001,51.3410645590001,0,,0,Mitte,,,,0.0,,0,14220516144200319460,,1,
12208,,247476,14,7,13,000,2022,05,18,7,3,1,6,0,,1,1,0,0,0,,"737510,754227183992043","5693746,400510359555483",12.410624672,51.3452852030001,2,,2,Ost,,,,2.0,,0,14220507148410318200,,0,
12209,,247477,14,7,13,000,2022,05,16,4,3,0,1,0,,1,0,0,0,0,,"735073,033720580977388","5689670,617432639934123",12.372996675,51.3097125560001,4,,4,Süd,,,,4.0,,0,14220511145200320030,,0,
12210,,247485,14,7,13,000,2022,05,15,2,3,1,6,0,,0,1,0,0,0,,"735095,919452865025960","5694529,184748450294137",12.3765298970001,51.3533154360001,0,,0,Mitte,,,,0.0,,0,14220502144200498751,,0,
12211,,247487,14,7,13,000,2022,06,14,7,3,3,2,0,,1,0,0,1,0,,"735073,462359715951607","5689892,590099999681115",12.373149072,51.3117049000001,4,,4,Süd,,,,4.0,,0,14220604148210372270,,0,
12212,,247495,14,7,13,000,2022,04,14,5,3,5,3,0,,1,1,0,0,0,,"739254,834943010006100","5693836,554119209758937",12.4356818630001,51.3453631460001,2,,2,Ost,,,,2.0,,0,14220421148210262410,,0,
12213,,247497,14,7,13,000,2022,05,07,3,2,1,5,0,,1,1,0,0,0,,"734432,910766427987255","5695602,782782570458949",12.36773262,51.36322634,9,,9,Nord,,,,9.0,,0,14220524144200354790,,0,
12214,,247502,14,7,13,000,2022,06,16,1,3,0,7,0,,1,0,0,0,0,,"740159,973426116048358","5702161,929312950000167",12.4542816740001,51.4197066230001,9,,9,Nord,,,,9.0,,0,14220605149310383200,,0,
12215,,247506,14,7,13,000,2022,05,11,6,3,0,1,0,,1,0,0,0,0,,"738238,730100176995620","5697591,445926340296865",12.4236335420001,51.379493322,1,,1,Nordost,,,,1.0,,0,14220527148110354230,,1,
12216,,247510,14,7,13,000,2022,05,18,3,2,5,3,0,,1,0,0,0,0,,"732515,910910879960284","5696239,897465620189905",12.340661105,51.369733237,8,,8,Nordwest,,,,8.0,,1,14220503144200282100,,0,
12217,,247514,14,7,13,000,2022,06,16,4,3,8,1,0,,0,1,0,0,0,,"729175,574038872029632","5685432,917813230305910",12.2858077290001,51.2740746370001,5,,5,Südwest,,,,5.0,,0,14220601144200354810,,0,
12218,,247518,14,7,13,000,2022,05,13,4,3,2,6,0,,0,1,0,0,0,,"733110,351932937977836","5695880,558076160028577",12.348950491,51.3662639730001,8,,8,Nordwest,,,,8.0,,0,14220525144200343250,,0,
12219,,247520,14,7,13,000,2022,05,15,6,3,2,7,0,,1,0,0,0,0,,"735507,207173318951391","5692062,030012790113688",12.380794366,51.33099925,0,,0,Mitte,,,,0.0,,0,14220513143263333990,,0,
12220,,247521,14,7,13,000,2022,05,16,2,3,5,2,0,,1,1,0,0,0,,"731772,719292358960956","5691003,973541109822690",12.326594164,51.3230352160001,5,,5,Südwest,,,,5.0,,0,14220502148310332900,,0,
12221,,247536,14,7,13,000,2022,05,19,1,3,1,5,0,,1,1,0,0,0,,"737186,585001523024403","5695531,828984780237079",12.407168384,51.3614466270001,1,,1,Nordost,,,,1.0,,0,14220515148110332450,,0,
12222,,247538,14,7,13,000,2022,05,16,5,3,3,6,0,,1,0,0,0,0,,"735041,902078732033260","5692578,226022889837623",12.374467705,51.3358252780001,0,,0,Mitte,,,,0.0,,0,14220505148413305410,,0,
12223,,247542,14,7,13,000,2022,05,05,3,3,5,3,1,,0,1,0,0,0,,"732401,750001456006430","5690886,052987120114267",12.335529267,51.3217200930001,5,,5,Südwest,,,,5.0,,0,14220510144200333240,,0,
12224,,247543,14,7,13,000,2022,05,15,2,3,2,2,0,,0,1,0,0,0,,"739494,835001567960717","5691859,810983669944108",12.4377926710001,51.3275192950001,2,,2,Ost,,,,2.0,,0,14220523148210344510,,0,
12225,,247547,14,7,13,000,2022,05,15,2,3,4,7,0,,0,1,0,0,1,,"732722,089973993948661","5693466,278149940073490",12.3418038400001,51.3447510390001,7,,7,Alt-West,,,,7.0,,0,14220530144200345380,,0,
12226,,247549,14,7,13,000,2022,05,15,1,2,0,1,0,,1,0,0,0,0,,"737203,894342793966644","5693375,811149889603257",12.405979707,51.342086877,2,,2,Ost,,,,2.0,,0,14220501148210304250,,0,
12227,,247551,14,7,13,000,2022,06,00,2,3,3,6,2,,1,1,0,0,0,,"728391,660214890027419","5689868,919440279714763",12.277425286,51.314212776,6,,6,West,,,,6.0,,0,14220613145200403130,,0,
12228,,247562,14,7,13,000,2022,05,06,3,3,4,6,0,,1,1,0,0,0,,"731709,779851031955332","5693088,527870790101588",12.3270480080001,51.341773523,7,,7,Alt-West,,,,7.0,,0,14220503144200282340,,0,
12229,,247563,14,7,13,000,2022,06,05,1,3,5,3,0,,1,1,0,0,0,,"734151,089448038954288","5695638,092790200375021",12.363714874,51.36365951,9,,9,Nord,,,,9.0,,0,14220612148110383600,,0,
12230,,247568,14,7,13,000,2022,05,18,1,3,0,1,0,,0,0,0,1,0,,"733527,773722946993075","5693160,170406569726765",12.353151182,51.341672886,0,,0,Mitte,,,,0.0,,0,14220522148410333610,,0,
12231,,247572,14,7,13,000,2022,05,10,2,3,3,5,0,,1,1,0,0,0,,"736622,304388477001339","5693780,611801859922707",12.3979135120001,51.3459627500001,2,,2,Ost,,,,2.0,,0,14220502148410274430,,0,
12232,,247574,14,7,13,000,2022,05,18,6,3,5,3,0,,1,1,0,0,0,,"727296,726628900971264","5688412,005478310398757",12.260812265,51.3015717390001,6,,6,West,,,,6.0,,0,14220520148320344880,,0,
12233,,247576,14,7,13,000,2022,06,07,5,2,5,3,0,,1,1,0,0,0,,"739597,333402671036310","5689267,999340569600463",12.4375200270001,51.3042125310001,3,,3,Südost,,,,3.0,,0,14220602148211384000,,0,
12234,,247582,14,7,13,000,2022,06,17,3,2,5,3,0,,1,0,0,0,0,,"732847,649668151978403","5692082,405835489742458",12.342698883,51.332277081,5,,5,Südwest,,,,5.0,,0,14220607148310364800,,0,
12235,,247591,14,7,13,000,2022,05,21,6,3,0,3,1,,1,1,0,0,0,,"737184,061465658014640","5694048,965403820388019",12.406143876,51.3481374290001,2,,2,Ost,,,,2.0,,0,14220506148410318480,,0,
12236,,247594,14,7,13,000,2022,06,15,4,3,1,1,0,,1,1,0,0,0,,"732296,099885312956758","5692145,292703860439360",12.334836395,51.3330671210001,7,,7,Alt-West,,,,7.0,,0,14220601148310372700,,0,
12237,,247595,14,7,13,000,2022,04,18,5,3,5,1,0,,1,1,0,0,0,,"734221,899084388976917","5692596,613024979829788",12.3627289180001,51.3363286270001,0,,0,Mitte,,,,0.0,,0,14220414144200391550,,1,
12238,,247608,14,7,13,000,2022,05,21,7,3,7,7,2,,0,0,0,1,0,,"738186,871969374944456","5696438,301481540314853",12.4221170540001,51.369164604,1,,1,Nordost,,,,1.0,,0,14220507148110295710,,0,
12239,,247612,14,7,13,000,2022,06,11,6,2,5,2,0,,1,1,0,0,0,,"732816,949877928011119","5692082,044676770456135",12.342258735,51.332286405,5,,5,Südwest,,,,5.0,,0,14220610144200383910,,0,
12240,,247614,14,7,13,000,2022,04,10,3,3,6,7,0,,0,0,1,0,0,,"739047,111157290986739","5697460,422955780290067",12.435139942,51.377977571,1,,1,Nordost,,,,1.0,,1,14220419144200363290,,0,
12241,,247615,14,7,13,000,2022,04,17,2,3,0,3,0,,1,1,0,0,0,,"734501,056972743012011","5698654,767247689887881",12.3707234660001,51.3905939150001,9,,9,Nord,,,,9.0,,0,14220425148110333280,,0,
12242,,247628,14,7,13,000,2022,06,06,6,3,0,7,0,,1,0,0,0,0,,"732758,091274679056369","5692749,653306250460446",12.341851494,51.3383034010001,7,,7,Alt-West,,,,7.0,,0,14220610148310382520,,0,
12243,,247631,14,7,13,000,2022,04,07,4,3,5,3,0,,0,1,0,0,0,,"734140,344979887944646","5692523,058798000216484",12.3615118650001,51.33570195,0,,0,Mitte,,,,0.0,,0,14220420144200255830,,0,
12244,,247634,14,7,13,000,2022,04,17,4,3,5,3,0,,1,1,0,0,0,,"735300,516018172027543","5690006,594529720023274",12.3764762700001,51.3126344350001,4,,4,Süd,,,,4.0,,0,14220427148210274380,,0,
12245,,247636,14,7,13,000,2022,05,16,7,3,5,3,0,,0,1,0,1,0,,"728561,528053403017111","5689495,294056110084057",12.279619215,51.310790448,6,,6,West,,,,6.0,,0,14220507148310304270,,0,
12246,,247647,14,7,13,000,2022,05,17,1,3,5,2,0,,0,1,0,0,0,,"734773,234364197007380","5691386,762196900323033",12.369832694,51.3252411670001,4,,4,Süd,,,,4.0,,0,14220515148410334620,,0,
12247,,247650,14,7,13,000,2022,06,20,2,3,0,1,1,,0,0,0,1,0,,"729239,694654060993344","5694935,443429590202868",12.292833526,51.3593547080001,7,,7,Alt-West,,,,7.0,,0,14220613148310499121,,0,
12248,,247653,14,7,13,000,2022,06,07,4,3,6,4,0,,1,0,1,0,0,,"735884,720038207015023","5694790,296807990409434",12.3880107690001,51.3553324210001,9,,9,Nord,,,,9.0,,0,14220601148110372250,,0,
12249,,247654,14,7,13,000,2022,04,18,5,2,0,1,1,,0,0,0,1,0,,"735055,404372008983046","5695025,873450390063226",12.3762771780001,51.357790634,0,,0,Mitte,,,,0.0,,0,14220414148410237890,,1,
12250,,247657,14,7,13,000,2022,05,11,5,2,5,3,0,,0,1,0,1,0,,"736571,828548296005465","5697169,546033630147576",12.399443768,51.376403216,1,,1,Nordost,,,,1.0,,0,14220526144200344080,,0,
12251,,247660,14,7,13,000,2022,05,12,2,3,3,5,0,,1,0,0,0,0,,"734277,996723404969089","5695372,655970940366387",12.3653597690001,51.361224523,9,,9,Nord,,,,9.0,,1,14220502144200274640,,0,
12252,,247664,14,7,13,000,2022,04,10,5,2,5,3,0,,1,1,0,0,0,,"735596,267550116986968","5693122,114828060381114",12.3827715210001,51.34047801,0,,0,Mitte,,,,0.0,,0,14220428144200282320,,0,
12253,,247665,14,7,13,000,2022,04,08,3,2,4,6,0,,1,0,0,0,0,,"742083,441413530032150","5693246,271632979623973",12.475819412,51.3388677820001,2,,2,Ost,,,,2.0,,0,14220412144200317850,,0,
12254,,247670,14,7,13,000,2022,05,15,5,3,5,3,0,,1,0,0,0,0,,"737739,002196502988227","5693819,552279479801655",12.413944884,51.345846416,2,,2,Ost,,,,2.0,,0,14220519148410334130,,0,
12255,,247671,14,7,13,000,2022,04,15,3,3,1,7,0,,1,0,0,0,0,,"735456,763535854057409","5693372,083566660061479",12.3809374860001,51.342779588,0,,0,Mitte,,,,0.0,,0,14220419662223244380,,0,
12256,,247678,14,7,13,000,2022,05,15,4,3,5,2,0,,1,1,0,0,0,,"735707,731619806960225","5690899,069044860079885",12.382898579,51.320477097,4,,4,Süd,,,,4.0,,0,14220518143263332420,,0,
12257,,247693,14,7,13,000,2022,06,08,2,3,5,3,0,,0,1,0,0,0,,"738543,636502665001899","5691147,901562220416963",12.423688681,51.3215288820001,3,,3,Südost,,,,3.0,,0,14220613148210402450,,0,
12258,,247696,14,7,13,000,2022,05,19,4,3,1,6,0,,1,1,0,0,0,,"732221,175205764942802","5692507,138579299673438",12.333998589,51.336345916,7,,7,Alt-West,,,,7.0,,0,14220518148310343720,,0,
12259,,247700,14,7,13,000,2022,05,10,6,3,0,5,0,,0,1,0,1,0,,"738259,344715232960880","5692566,842079100199044",12.4205647430001,51.3343843470001,2,,2,Ost,,,,2.0,,0,14220527148210344540,,1,
12260,,247705,14,7,13,000,2022,05,21,4,3,5,3,2,,1,1,0,0,0,,"734176,746177810011432","5692173,856817870400846",12.3618039830001,51.332552353,0,,0,Mitte,,,,0.0,,0,14220504144200334030,,1,
12261,,247709,14,7,13,000,2022,05,12,2,3,5,3,0,,1,1,0,0,0,,"735973,578535472042859","5697995,697066850028932",12.3914119680001,51.3840677680001,9,,9,Nord,,,,9.0,,0,14220509144200345340,,0,
12262,,247718,14,7,13,000,2022,04,14,4,3,5,2,0,,1,1,0,0,0,,"735661,760295712971129","5692504,983704189769924",12.3833018500001,51.3349113250001,0,,0,Mitte,,,,0.0,,0,14220427148410274720,,0,
12263,,247719,14,7,13,000,2022,04,16,3,3,4,2,0,,1,0,0,0,0,,"735021,705621173954569","5693381,761155130341649",12.374708496,51.3430464520001,0,,0,Mitte,,,,0.0,,1,14220412148415236850,,0,
12264,,247722,14,7,13,000,2022,06,15,4,3,2,2,0,,1,1,0,0,0,,"736348,175032390048727","5691131,195403129793704",12.392226883,51.3222950750001,0,,0,Mitte,,,,0.0,,0,14220608148410383150,,0,
12265,,247725,14,7,13,000,2022,05,13,3,3,5,3,0,,0,0,0,1,1,,"739351,158878247952089","5691673,681227089837193",12.4356092890001,51.3259090940001,2,,2,Ost,,,,2.0,,0,14220524148210403570,,0,
12266,,247731,14,7,13,000,2022,05,20,4,2,0,7,0,,0,0,0,0,0,,"735721,345796804991551","5693465,733473969623446",12.3847915160001,51.3435105890001,0,,0,Mitte,,,,0.0,,1,14220518144100355180,,0,
12267,,247734,14,7,13,000,2022,05,15,2,3,5,3,0,,1,0,0,0,0,,"735163,896290212054737","5693685,930414490401745",12.376947307,51.3457179870001,0,,0,Mitte,,,,0.0,,1,14220523144200354200,,0,