UNFALL_ID,FID_left,OBJECTID,ULAND,UREGBEZ,UKREIS,UGEMEINDE,UJAHR,UMONAT,USTUNDE,UWOCHENTAG,UKATEGORIE,UART,UTYP1,ULICHTVERH,IstStrasse,IstRad,IstPKW,IstFuss,IstKrad,IstGkfz,IstSonstig,LINREFX,LINREFY,XGCSWGS84,YGCSWGS84,index_right,FID_right,SBZ,Name,UIDENTSTLA,LICHT,STRZUSTAND,FID,OBJECTID_1,IstSonstige,UIDENTSTLAE,OID_,IstStrassenzustand,PLST
12392,,248192,14,7,13,000,2022,07,16,3,3,3,2,0,,1,1,0,0,0,,"736965,132670028950088","5695766,665272279642522",12.404149712,51.363646928,1,,1,Nordost,,,,1.0,,0,14220705144200482660,,0,
12393,,248193,14,7,13,000,2022,07,10,6,3,5,3,0,,0,1,0,1,0,,"733705,722619551001117","5695398,502204339951277",12.3571713110001,51.3616921970001,9,,9,Nord,,,,9.0,,0,14220729148110535520,,0,
12394,,248199,14,7,13,000,2022,07,05,7,3,0,1,1,,0,1,0,0,0,,"740231,376015388057567","5693904,614655150100589",12.4497236070001,51.345562252,2,,2,Ost,,,,2.0,,0,14220723148211536690,,0,
12395,,248202,14,7,13,000,2022,08,22,2,3,5,3,2,,1,1,0,0,0,,"732740,244642651057802","5692086,687672190368176",12.3411626170001,51.332359475,7,,7,Alt-West,,,,7.0,,0,14220808144200607620,,0,
12396,,248205,14,7,13,000,2022,07,17,6,3,2,6,0,,1,1,0,0,0,,"737367,087515495950356","5692669,908910320140421",12.4078481130001,51.3356825560001,3,,3,Südost,,,,3.0,,0,14220708148410483110,,0,
12397,,248206,14,7,13,000,2022,07,15,5,3,5,3,0,,0,1,0,0,0,,"737238,549444050993770","5692691,973460789769888",12.4060209030001,51.3359342410001,3,,3,Südost,,,,3.0,,0,14220714148410518800,,0,
12398,,248208,14,7,13,000,2022,07,09,1,3,0,1,0,,1,0,0,0,0,,"732953,543793170945719","5691959,101485230028629",12.3441356820001,51.33112686,5,,5,Südwest,,,,5.0,,0,14220703148310488590,,0,
12399,,248210,14,7,13,000,2022,06,16,5,3,0,1,0,,0,0,0,1,0,,"737508,568074239999987","5694761,663522009737790",12.4112707420001,51.354399132,1,,1,Nordost,,,,1.0,,0,14220623144200429630,,0,
12400,,248211,14,7,13,000,2022,07,13,3,3,4,2,0,,0,1,0,0,0,,"732112,919810403021984","5696325,377344610169530",12.3349374970001,51.3706653770001,8,,8,Nordwest,,,,8.0,,1,14220712144200498481,,0,
12401,,248215,14,7,13,000,2022,07,10,5,3,5,3,0,,1,0,0,0,0,,"734649,935902536963113","5691173,897150260396302",12.3679260910001,51.323381259,4,,4,Süd,,,,4.0,,1,14220714148210498501,,0,
12402,,248216,14,7,13,000,2022,07,16,5,3,0,5,0,,0,1,0,0,0,,"727372,681294584996067","5690958,297126529738307",12.2635230720001,51.324400559,6,,6,West,,,,6.0,,0,14220721148310507960,,0,
12403,,248222,14,7,13,000,2022,07,07,4,3,2,2,0,,1,1,0,0,0,,"742286,940957903047092","5694030,665190120227635",12.4792691170001,51.345821351,2,,2,Ost,,,,2.0,,0,14220727144200535070,,0,
12404,,248231,14,7,13,000,2022,06,08,4,3,2,7,0,,1,1,0,0,0,,"735188,941186937969178","5695233,503881890326738",12.3783289420001,51.3595991380001,0,,0,Mitte,,,,0.0,,0,14220629148410439850,,1,
12405,,248235,14,7,13,000,2022,07,12,3,3,5,3,0,,1,1,0,0,0,,"742154,990458894055337","5693356,855519019998610",12.476919858,51.3398298560001,2,,2,Ost,,,,2.0,,0,14220705144320808520,,0,
12406,,248237,14,7,13,000,2022,07,23,4,3,5,3,2,,0,1,0,0,0,,"732740,058740527019836","5692087,055078440345824",12.3411601930001,51.33236285,7,,7,Alt-West,,,,7.0,,0,14220713148310518760,,0,
12407,,248246,14,7,13,000,2022,06,15,4,3,4,6,0,,1,0,0,0,0,,"732739,890709426021203","5691534,047647190280259",12.3407966250001,51.3273987410001,5,,5,Südwest,,,,5.0,,0,14220615143263402120,,0,
12408,,248247,14,7,13,000,2022,06,02,1,3,0,1,2,,1,0,0,0,0,,"741441,267055151984096","5690311,125168680213392",12.4646291990001,51.3127962780001,3,,3,Südost,,,,3.0,,0,14220619148410413810,,0,
12409,,248249,14,7,13,000,2022,07,00,7,3,0,1,2,,0,0,0,0,0,,"731187,904623789945617","5693386,192733320407569",12.319761339,51.3446580500001,7,,7,Alt-West,,,,7.0,,1,14220716144200498741,,0,
12410,,248253,14,7,13,000,2022,06,14,4,3,2,6,0,,0,1,0,0,0,,"736815,755885491962545","5693772,648139149881899",12.4006809420001,51.34581072,2,,2,Ost,,,,2.0,,0,14220622148210453500,,0,
12411,,248257,14,7,13,000,2022,07,05,3,3,5,3,0,,0,1,0,0,0,,"738441,009921747958288","5690933,059957399964333",12.422074891,51.3196434870001,3,,3,Südost,,,,3.0,,0,14220726144200519820,,0,
12412,,248262,14,7,13,000,2022,08,21,5,3,5,3,1,,1,1,0,0,0,,"734766,694129785988480","5691302,354359329678118",12.3696834040001,51.3244861840001,4,,4,Süd,,,,4.0,,0,14220804148210571460,,0,
12413,,248264,14,7,13,000,2022,07,13,2,3,5,3,0,,0,1,0,0,0,,"736761,902897901949473","5699846,069394320249557",12.403954057,51.4003485550001,9,,9,Nord,,,,9.0,,0,14220711148110507180,,0,
12414,,248265,14,7,13,000,2022,07,18,7,3,3,2,0,,0,1,0,0,0,,"734406,114105844055302","5692967,894263559952378",12.3656131270001,51.3395855190001,0,,0,Mitte,,,,0.0,,1,14220716148414499141,,0,
12415,,248272,14,7,13,000,2022,07,12,3,2,0,7,0,,1,0,0,0,0,,"733256,359001458040439","5695834,760986640118062",12.3510141940001,51.3657929440001,8,,8,Nordwest,,,,8.0,,0,14220726148410535570,,0,
12416,,248275,14,7,13,000,2022,08,14,2,3,5,3,0,,1,1,0,0,0,,"735531,290001507033594","5692695,238985659554601",12.381558028,51.3366731610001,0,,0,Mitte,,,,0.0,,0,14220801145400553750,,0,
12417,,248286,14,7,13,000,2022,07,18,5,2,6,3,0,,0,0,1,1,0,,"742277,867676564957947","5694029,265549539588392",12.479138129,51.345812655,2,,2,Ost,,,,2.0,,0,14220714144200498461,,0,
12418,,248300,14,7,13,000,2022,07,07,5,3,5,3,0,,1,1,0,0,0,,"729591,837001399020664","5694730,647988219745457",12.2977506030001,51.357374081,7,,7,Alt-West,,,,7.0,,0,14220714148422489570,,0,
12419,,248301,14,7,13,000,2022,07,05,5,1,5,3,0,,1,1,0,0,0,,"743044,519747551996261","5695604,870083830319345",12.4912013680001,51.3596268950001,2,,2,Ost,,,,2.0,,0,14220721144200507920,,0,
12420,,248302,14,7,13,000,2022,07,10,7,3,5,3,0,,0,1,0,0,0,,"742271,945465681958012","5694562,900308409705758",12.4794164050001,51.3506047490001,2,,2,Ost,,,,2.0,,1,14220702144310482690,,0,
12421,,248305,14,7,13,000,2022,07,13,3,3,1,5,0,,1,1,0,0,0,,"737522,273645494948141","5697068,192987520247698",12.413007586,51.375096763,1,,1,Nordost,,,,1.0,,0,14220712148110499091,,0,
12422,,248312,14,7,13,000,2022,07,16,7,3,6,6,0,,0,1,1,0,0,,"734916,333357256953605","5693686,178082570433617",12.373399093,51.3458225570001,0,,0,Mitte,,,,0.0,,0,14220730148415537190,,0,
12423,,248317,14,7,13,000,2022,06,03,7,3,0,1,2,,0,0,0,1,0,,"735181,696293720975518","5690880,812348959967494",12.3753509090001,51.320530869,4,,4,Süd,,,,4.0,,0,14220625148210430770,,0,
12424,,248324,14,7,13,000,2022,07,19,6,3,5,3,0,,0,1,0,0,0,,"737146,141636810963973","5694338,691719289869070",12.405793364,51.35075385,1,,1,Nordost,,,,1.0,,0,14220708144200483770,,0,
12425,,248329,14,7,13,000,2022,06,07,5,3,1,5,0,,1,1,0,0,0,,"737021,716385766980238","5693132,075337929651141",12.403206584,51.3399750500001,2,,2,Ost,,,,2.0,,0,14220623144200430720,,0,
12426,,248333,14,7,13,000,2022,07,14,5,3,5,3,0,,1,1,0,0,0,,"736698,866457537980750","5691944,753798940218985",12.3977909770001,51.329451944,3,,3,Südost,,,,3.0,,0,14220707144200482190,,1,
12427,,248342,14,7,13,000,2022,07,18,7,3,2,6,0,,0,1,0,1,0,,"736643,131763563025743","5693779,837022939696908",12.3982115150001,51.345947127,2,,2,Ost,,,,2.0,,0,14220702148410482750,,0,
12428,,248343,14,7,13,000,2022,07,08,4,3,5,3,0,,1,1,0,0,0,,"736391,798282886971720","5699671,876382559537888",12.398527072,51.398939297,9,,9,Nord,,,,9.0,,0,14220727148110537140,,0,
12429,,248350,14,7,13,000,2022,08,17,2,3,5,3,0,,1,1,0,0,0,,"737185,932910786010325","5693907,340526769869030",12.4060763470001,51.346865414,2,,2,Ost,,,,2.0,,0,14220801144200537120,,0,
12430,,248355,14,7,13,000,2022,07,18,3,3,5,3,0,,0,1,0,0,0,,"729288,697442358010449","5691008,033419869840145",12.2910075090001,51.3240781210001,6,,6,West,,,,6.0,,0,14220712144200498431,,0,
12431,,248362,14,7,13,000,2022,07,10,7,3,5,3,0,,0,1,0,1,0,,"735087,927133884048089","5689717,273164739832282",12.3732407210001,51.3101252070001,4,,4,Süd,,,,4.0,,0,14220730148211536700,,1,
12432,,248363,14,7,13,000,2022,07,17,4,3,4,2,0,,1,0,0,0,0,,"736708,376965831033885","5693774,700262050144374",12.3991432560001,51.3458738570001,2,,2,Ost,,,,2.0,,1,14220713148410536250,,0,
12433,,248365,14,7,13,000,2022,07,10,2,3,5,2,0,,1,1,0,0,0,,"735398,573929616948590","5690912,713177739642560",12.3784788130001,51.320727547,4,,4,Süd,,,,4.0,,0,14220711148210498791,,0,
12434,,248376,14,7,13,000,2022,07,09,7,3,1,5,0,,0,1,0,0,0,,"735059,067857607034966","5692050,536831689998507",12.3743655650001,51.331081446,0,,0,Mitte,,,,0.0,,1,14220702148410454271,,0,
12435,,248381,14,7,13,000,2022,06,19,7,3,0,7,0,,1,0,0,0,0,,"735737,835451030987315","5693369,594676890410483",12.384964209,51.3426407850001,0,,0,Mitte,,,,0.0,,0,14220618148410413780,,0,
12436,,248382,14,7,13,000,2022,07,12,5,3,4,6,0,,1,0,0,0,0,,"733244,152677205973305","5691703,936314160004258",12.3481328340001,51.328717248,5,,5,Südwest,,,,5.0,,0,14220707143263519780,,0,
12437,,248385,14,7,13,000,2022,08,09,5,3,2,6,0,,0,1,0,0,0,,"738204,825293284025975","5695987,237283959984779",12.4220723610001,51.3651083780001,1,,1,Nordost,,,,1.0,,0,14220804148110675890,,0,
12438,,248387,14,7,13,000,2022,07,04,3,3,7,1,1,,1,0,0,0,0,,"728639,949167349957861","5691619,983897959813476",12.282104927,51.32983282,6,,6,West,,,,6.0,,0,14220712148310484480,,0,
12439,,248388,14,7,13,000,2022,07,07,2,3,3,6,0,,1,0,0,0,0,,"735548,550853685010225","5697390,920230690389872",12.384914012,51.37881566,9,,9,Nord,,,,9.0,,1,14220718144200507150,,0,
12440,,248390,14,7,13,000,2022,06,05,2,3,5,3,0,,0,1,0,0,0,,"737133,097001518006437","5696709,570984779857099",12.407186826,51.3720403950001,1,,1,Nordost,,,,1.0,,0,14220627148110453890,,0,
12441,,248392,14,7,13,000,2022,06,08,5,2,2,1,0,,1,1,0,0,0,,"739920,168575676972978","5693954,645664050243795",12.445297059,51.346142727,2,,2,Ost,,,,2.0,,0,14220616144200429180,,1,
12442,,248393,14,7,13,000,2022,07,18,3,3,6,4,0,,0,0,1,0,0,,"737183,082219774951227","5693750,684989039786160",12.4059311290001,51.345460453,2,,2,Ost,,,,2.0,,1,14220705144200507910,,0,
12443,,248394,14,7,13,000,2022,07,14,7,3,3,2,0,,1,1,0,0,0,,"737371,986895908950828","5693159,748961449600756",12.4082447370001,51.3400773440001,2,,2,Ost,,,,2.0,,0,14220730144200553290,,1,
12444,,248396,14,7,13,000,2022,07,12,6,3,5,3,0,,1,1,0,0,0,,"736336,251235103001818","5692764,258515690453351",12.393139046,51.3369587540001,0,,0,Mitte,,,,0.0,,0,14220701148423453520,,1,
12445,,248397,14,7,13,000,2022,08,14,4,3,5,3,0,,1,1,0,0,0,,"731596,661187245044857","5690702,804573439992964",12.323876167,51.3204033540001,5,,5,Südwest,,,,5.0,,0,14220803144200542490,,0,
12446,,248399,14,7,13,000,2022,06,15,4,3,5,3,0,,1,1,0,0,0,,"741024,093173232045956","5695325,449729160405695",12.4620468910001,51.3579795030001,2,,2,Ost,,,,2.0,,0,14220622148210453900,,0,
12447,,248405,14,7,13,000,2022,06,18,5,3,0,7,0,,1,0,0,0,0,,"736307,914835380972363","5691301,785109990276396",12.3917632010001,51.3238430490001,0,,0,Mitte,,,,0.0,,0,14220616148410403160,,0,
12448,,248407,14,7,13,000,2022,07,10,1,3,6,4,0,,1,0,1,0,0,,"734841,739001494017430","5693289,446985970251262",12.37206826,51.3422921650001,0,,0,Mitte,,,,0.0,,0,14220731148410536240,,0,
12449,,248414,14,7,13,000,2022,07,10,7,3,0,7,0,,1,0,0,0,0,,"731680,802241613040678","5690703,684057829901576",12.325082149,51.320376998,5,,5,Südwest,,,,5.0,,0,14220723148310518770,,1,
12450,,248417,14,7,13,000,2022,06,08,4,3,3,7,0,,1,1,0,0,0,,"737027,509182097041048","5691093,546722940169275",12.40193369,51.3216745560001,0,,0,Mitte,,,,0.0,,0,14220615148310403600,,0,
12451,,248418,14,7,13,000,2022,06,15,2,3,1,6,0,,0,1,0,0,0,,"733209,767401244025677","5692085,911647499538958",12.3478901240001,51.3321601960001,5,,5,Südwest,,,,5.0,,0,14220620148310440340,,1,
12452,,248427,14,7,13,000,2022,06,12,3,3,5,3,0,,1,1,0,0,0,,"731628,692515723989345","5691558,219943350180984",12.3248908640001,51.328069252,5,,5,Südwest,,,,5.0,,0,14220614148310384010,,0,
12453,,248431,14,7,13,000,2022,08,08,2,3,5,2,0,,1,1,0,0,0,,"739916,911076024989597","5693880,400292719714344",12.4452003440001,51.3454776980001,2,,2,Ost,,,,2.0,,0,14220801144200536660,,0,
12454,,248435,14,7,13,000,2022,07,20,2,3,0,7,0,,1,0,0,0,0,,"734841,700966389966197","5691474,469615889713168",12.370871391,51.326000209,0,,0,Mitte,,,,0.0,,0,14220711148410519290,,0,
12455,,248437,14,7,13,000,2022,06,17,1,3,5,3,0,,0,1,0,0,0,,"738776,498975952970795","5696433,252162519842386",12.4305687610001,51.36887175,1,,1,Nordost,,,,1.0,,0,14220626144200429670,,0,
12456,,248438,14,7,13,000,2022,07,08,2,3,5,3,0,,1,1,0,0,0,,"735114,055084945983253","5688742,605481740087271",12.372972792,51.3013653780001,4,,4,Süd,,,,4.0,,0,14220725144200519260,,0,
12457,,248442,14,7,13,000,2022,07,13,5,3,1,5,0,,1,1,0,0,0,,"738495,143900066963397","5690254,508906080387533",12.4223965740001,51.313530158,3,,3,Südost,,,,3.0,,0,14220714148210489530,,0,
12458,,248444,14,7,13,000,2022,07,09,6,3,0,1,0,,1,0,0,0,0,,"734277,708676605951041","5695510,048727439716458",12.365446127,51.362457937,9,,9,Nord,,,,9.0,,0,14220708148110483050,,0,
12459,,248445,14,7,13,000,2022,07,17,7,3,6,4,0,,0,1,1,0,0,,"732120,934242598013952","5692104,379950360395014",12.3322996370001,51.3327713690001,7,,7,Alt-West,,,,7.0,,0,14220716148310507720,,0,
12460,,248453,14,7,13,000,2022,06,16,2,3,2,6,0,,0,1,0,0,0,,"735627,734787798020989","5696826,173448709771037",12.3856753810001,51.3737135260001,9,,9,Nord,,,,9.0,,0,14220620148110454710,,0,
12461,,248459,14,7,13,000,2022,06,09,4,3,5,3,0,,1,1,0,0,0,,"735009,531092772027478","5691987,417388790287077",12.3736141420001,51.33053533,0,,0,Mitte,,,,0.0,,0,14220629148410439880,,1,
12462,,248463,14,7,13,000,2022,07,10,5,3,5,3,0,,1,1,0,0,0,,"734981,374012843007222","5694506,919768679887056",12.3748731200001,51.3531629450001,0,,0,Mitte,,,,0.0,,0,14220728145400535500,,0,
12463,,248464,14,7,13,000,2022,08,09,1,2,5,3,0,,0,1,0,1,0,,"737884,724339638953097","5690610,689154990017414",12.413891339,51.3169826920001,3,,3,Südost,,,,3.0,,0,14220807144200554940,,0,
12464,,248485,14,7,13,000,2022,07,10,2,3,2,6,0,,1,0,0,0,0,,"732965,207740196958184","5691156,294089480303228",12.3437780780001,51.3239155480001,5,,5,Südwest,,,,5.0,,0,14220718148310507200,,0,
12465,,248489,14,7,13,000,2022,07,17,3,3,3,7,0,,1,1,0,0,0,,"735006,365218149032444","5692680,744757110252976",12.3740260870001,51.3367602100001,0,,0,Mitte,,,,0.0,,0,14220705148410489090,,0,
12466,,248490,14,7,13,000,2022,07,08,6,3,1,7,0,,1,0,0,0,1,,"735045,436614183010533","5693380,820469089783728",12.375047997,51.3430281990001,0,,0,Mitte,,,,0.0,,0,14220729148410535580,,0,
12467,,248499,14,7,13,000,2022,07,13,5,3,1,7,0,,0,1,0,0,0,,"730238,876726079033688","5690112,982677220366895",12.3040433140001,51.3156595020001,5,,5,Südwest,,,,5.0,,0,14220728148310607260,,0,
12468,,248504,14,7,13,000,2022,07,06,4,3,5,3,0,,0,1,0,0,0,,"731309,080294043989852","5696731,315783609636128",12.3236731800001,51.37463731,8,,8,Nordwest,,,,8.0,,0,14220706148110483820,,0,
12469,,248505,14,7,13,000,2022,08,18,3,3,0,7,0,,1,0,1,0,0,,"735169,927507599000819","5693614,507061350159347",12.3769865800001,51.3450743720001,0,,0,Mitte,,,,0.0,,0,14220802144100542470,,0,
12470,,248508,14,7,13,000,2022,08,11,4,3,5,3,0,,0,1,0,0,0,,"734977,725400049006566","5695773,849952010437846",12.37565757,51.364536839,9,,9,Nord,,,,9.0,,0,14220803148110560880,,0,
12471,,248511,14,7,13,000,2022,07,18,3,3,5,2,0,,1,1,0,0,0,,"736418,765581625979394","5691199,692267630249262",12.393283561,51.322880592,0,,0,Mitte,,,,0.0,,0,14220712148410518450,,0,
12472,,248513,14,7,13,000,2022,06,07,2,3,5,3,0,,1,1,0,0,0,,"736794,336693534976803","5693771,965717339888215",12.4003734890001,51.3458135160001,2,,2,Ost,,,,2.0,,0,14220627148410430300,,0,
12473,,248517,14,7,13,000,2022,07,13,6,3,0,1,0,,1,0,0,0,0,,"738118,501607032027096","5694089,670177490450442",12.419564764,51.34811216,1,,1,Nordost,,,,1.0,,0,14220729148210560460,,0,
12474,,248519,14,7,13,000,2022,06,14,3,3,6,2,0,,0,0,1,0,0,,"737580,247001535957679","5693403,341984639875591",12.411391796,51.3421768690001,2,,2,Ost,,,,2.0,,1,14220621144200440230,,0,
12475,,248520,14,7,13,000,2022,07,00,1,2,6,7,2,,1,0,1,0,0,,"735001,079001497011632","5692245,626985919661820",12.3736633240001,51.3328566110001,0,,0,Mitte,,,,0.0,,0,14220710143263519790,,0,
12476,,248529,14,7,13,000,2022,06,15,3,3,6,4,0,,1,0,1,0,0,,"735020,682486837962642","5691331,032479150220752",12.3733411100001,51.3246387520001,4,,4,Süd,,,,4.0,,0,14220614148410413820,,0,
12477,,248531,14,7,13,000,2022,06,10,6,3,2,6,0,,0,1,0,0,0,,"733818,780291900970042","5692559,807143700309098",12.356927849,51.3361641170001,0,,0,Mitte,,,,0.0,,0,14220617148410430290,,0,
12478,,248532,14,7,13,000,2022,07,07,3,3,2,2,0,,0,1,0,0,0,,"735602,758934124954976","5694420,860659220255911",12.383723978,51.3521332230001,0,,0,Mitte,,,,0.0,,0,14220705145400481620,,0,
12479,,248544,14,7,13,000,2022,08,14,2,3,5,3,0,,0,1,0,1,0,,"730366,681001413031481","5693899,338987910188735",12.3083220980001,51.349597891,7,,7,Alt-West,,,,7.0,,0,14220808144200606850,,0,
12480,,248547,14,7,13,000,2022,06,17,2,3,2,2,0,,0,1,0,0,0,,"731777,727876769960858","5690187,661879019811749",12.3261353230001,51.3157052760001,5,,5,Südwest,,,,5.0,,0,14220620148211454730,,0,
12481,,248553,14,7,13,000,2022,07,13,5,3,0,7,0,,0,1,0,0,0,,"730881,766949214972556","5694212,056914459913969",12.3159088670001,51.3521961480001,7,,7,Alt-West,,,,7.0,,0,14220728144200535060,,0,
12482,,248555,14,7,13,000,2022,06,10,5,3,5,3,0,,1,1,0,0,0,,"736204,483752198982984","5692093,491437770426273",12.3908060970001,51.330992542,0,,0,Mitte,,,,0.0,,0,14220623148410413790,,0,
12483,,248556,14,7,13,000,2022,07,18,3,3,3,6,0,,1,1,0,0,0,,"734837,120139991049655","5692992,041259479708970",12.371805957,51.339624443,0,,0,Mitte,,,,0.0,,0,14220712148410519890,,0,
12484,,248558,14,7,13,000,2022,06,12,6,3,3,2,0,,1,0,0,0,0,,"741670,623234977945685","5693992,844687970355153",12.4704105050001,51.345744208,2,,2,Ost,,,,2.0,,0,14220617144200429640,,0,
12485,,248568,14,7,13,000,2022,06,07,2,3,5,3,0,,1,1,0,0,0,,"737288,793886712053791","5693902,542966780252755",12.407547466,51.346779428,2,,2,Ost,,,,2.0,,0,14220627148410484520,,0,
12486,,248569,14,7,13,000,2022,07,11,2,3,1,6,0,,0,1,0,0,0,,"734849,354368748958223","5691849,075343100354075",12.371227876,51.3293596670001,0,,0,Mitte,,,,0.0,,0,14220725148410535560,,0,
12487,,248577,14,7,13,000,2022,07,12,1,2,0,1,0,,0,1,0,1,0,,"729469,644764046999626","5691096,718157050199807",12.293657151,51.3248013050001,6,,6,West,,,,6.0,,0,14220717144200507100,,0,
12488,,248584,14,7,13,000,2022,06,14,2,3,6,1,0,,0,1,1,0,0,,"737235,100610111956485","5692162,293258240446448",12.4056188060001,51.331181224,3,,3,Südost,,,,3.0,,0,14220620148421413830,,1,
12489,,248590,14,7,13,000,2022,06,16,4,3,2,6,0,,0,1,0,0,0,,"734318,514923361944966","5690955,928985429927707",12.3630347590001,51.321561252,4,,4,Süd,,,,4.0,,0,14220629148210484440,,0,
12490,,248595,14,7,13,000,2022,08,12,1,3,0,7,0,,1,0,0,0,0,,"728488,952247223001905","5689918,647560990415514",12.2788508310001,51.3146201490001,6,,6,West,,,,6.0,,0,14220807148310560140,,0,
12491,,248598,14,7,13,000,2022,07,22,7,3,2,6,2,,0,1,0,0,0,,"737168,060166519950144","5693758,936564359813929",12.4057213190001,51.3455407860001,2,,2,Ost,,,,2.0,,0,14220709148410483100,,0,
12492,,248602,14,7,13,000,2022,08,12,7,3,2,6,0,,0,1,0,0,0,,"738489,243001549039036","5693615,290984160266817",12.4245609430001,51.3436987740001,2,,2,Ost,,,,2.0,,0,14220806144200554480,,0,
12493,,248603,14,7,13,000,2022,06,08,6,3,5,2,0,,0,1,0,0,1,,"735697,834706782014109","5695746,280147049576044",12.385964921,51.3639910860001,9,,9,Nord,,,,9.0,,0,14220624144200428870,,0,
12494,,248607,14,7,13,000,2022,07,13,5,3,1,1,0,,1,1,0,0,0,,"732440,091348498011939","5691686,045732740312815",12.3366002110001,51.3288857590001,5,,5,Südwest,,,,5.0,,0,14220707148310482250,,1,
12495,,248611,14,7,13,000,2022,06,19,4,3,5,3,0,,1,1,0,0,0,,"732559,366447885986418","5691489,438302059657872",12.3381809580001,51.3270721210001,5,,5,Südwest,,,,5.0,,0,14220622144200413700,,0,
12496,,248613,14,7,13,000,2022,07,19,2,3,1,1,0,,1,1,0,0,0,,"735008,827541391015984","5692135,704804670065641",12.3737018570001,51.331866706,0,,0,Mitte,,,,0.0,,0,14220718148410499531,,0,
12497,,248616,14,7,13,000,2022,06,14,5,2,6,4,0,,0,0,1,0,0,,"739897,772789099952206","5693964,429286899976432",12.444982668,51.346239993,2,,2,Ost,,,,2.0,,1,14220616144200391560,,0,
12498,,248618,14,7,13,000,2022,07,01,1,3,0,7,2,,1,0,0,0,0,,"735735,829561869963072","5692754,697758439928293",12.3845284820001,51.337122133,0,,0,Mitte,,,,0.0,,0,14220731148410553800,,0,
12499,,248619,14,7,13,000,2022,07,10,4,3,5,2,0,,1,0,0,0,0,,"734053,176515900995582","5695305,838389039970934",12.3620922800001,51.3607173890001,9,,9,Nord,,,,9.0,,1,14220713148120507090,,0,
12500,,248628,14,7,13,000,2022,08,12,2,3,6,2,0,,0,1,1,0,0,,"739914,285730215953663","5694550,606395379640162",12.445614382,51.3514943700001,2,,2,Ost,,,,2.0,,0,14220808148210579890,,0,
12501,,248629,14,7,13,000,2022,06,15,4,3,1,6,0,,1,1,0,0,0,,"735390,760712480056100","5691210,677122459746897",12.378563607,51.3234054100001,4,,4,Süd,,,,4.0,,1,14220615144200391570,,0,
12502,,248633,14,7,13,000,2022,07,17,5,3,4,2,1,,1,0,0,0,0,,"735761,411668729968369","5692861,888626139611006",12.3849660280001,51.3380737030001,0,,0,Mitte,,,,0.0,,1,14220721148410519300,,0,
12503,,248638,14,7,13,000,2022,06,08,3,3,7,7,0,,1,0,0,0,0,,"733075,974084866000339","5691850,485148400068283",12.3458189570001,51.330101696,5,,5,Südwest,,,,5.0,,0,14220628143263454640,,0,
12504,,248639,14,7,13,000,2022,06,18,3,3,4,6,0,,1,0,0,0,0,,"734819,799001493025571","5692780,216985999606550",12.3714180760001,51.337730177,0,,0,Mitte,,,,0.0,,1,14220614148410384030,,0,
12505,,248648,14,7,13,000,2022,07,18,4,3,3,2,0,,0,1,0,0,0,,"736599,855480447993614","5690094,904524750076234",12.3951448500001,51.312888517,0,,0,Mitte,,,,0.0,,1,14220720144200518390,,0,
12506,,248649,14,7,13,000,2022,06,08,6,3,2,2,0,,0,1,0,0,0,,"735210,449170968029648","5695145,482051650062203",12.3785791190001,51.3588001260001,0,,0,Mitte,,,,0.0,,0,14220624144320454650,,0,
12507,,248652,14,7,13,000,2022,06,17,6,3,5,3,0,,1,1,0,0,0,,"735032,277216332033277","5696508,428752769716084",12.3769253130001,51.3711080780001,9,,9,Nord,,,,9.0,,0,14220617144200403110,,0,
12508,,248659,14,7,13,000,2022,07,12,4,3,5,2,0,,1,0,0,0,1,,"735316,573131922981702","5694122,794205539859831",12.3794244100001,51.34957624,0,,0,Mitte,,,,0.0,,0,14220720144200507900,,0,
12509,,248666,14,7,13,000,2022,07,15,4,3,6,7,0,,0,0,1,0,1,,"735045,962259783991612","5693266,845976839773357",12.3749803040001,51.3420049060001,0,,0,Mitte,,,,0.0,,0,14220713144200498471,,0,
12510,,248668,14,7,13,000,2022,06,17,3,3,5,3,0,,1,1,0,0,0,,"736358,856864965055138","5693791,139843420125544",12.394144507,51.346166838,0,,0,Mitte,,,,0.0,,0,14220621148421507980,,0,
12511,,248680,14,7,13,000,2022,07,19,7,3,8,1,0,,1,0,0,0,0,,"742228,802239062031731","5695059,569697500206530",12.4791360510001,51.355080925,2,,2,Ost,,,,2.0,,0,14220716145400499051,,0,
12512,,248688,14,7,13,000,2022,07,19,3,3,3,6,0,,1,1,0,0,0,,"732576,373135618981905","5692086,045814150013030",12.338813988,51.3324207430001,7,,7,Alt-West,,,,7.0,,0,14220726148310535930,,0,
12513,,248696,14,7,13,000,2022,07,15,2,3,1,1,0,,0,1,0,1,0,,"731863,300037920009345","5689255,920136550441384",12.3267555310001,51.307306317,5,,5,Südwest,,,,5.0,,0,14220711148310483870,,0,
12514,,248700,14,7,13,000,2022,06,17,5,3,0,5,0,,1,1,0,0,0,,"737095,129931102972478","5693761,820070729590952",12.4046779500001,51.345597087,2,,2,Ost,,,,2.0,,0,14220616148410402200,,0,
12515,,248720,14,7,13,000,2022,07,18,5,3,5,3,0,,1,1,0,0,0,,"737186,807878797990270","5693842,304457769729197",12.406045561,51.3462812810001,2,,2,Ost,,,,2.0,,0,14220714144200523490,,0,