UNFALL_ID,FID_left,OBJECTID,ULAND,UREGBEZ,UKREIS,UGEMEINDE,UJAHR,UMONAT,USTUNDE,UWOCHENTAG,UKATEGORIE,UART,UTYP1,ULICHTVERH,IstStrasse,IstRad,IstPKW,IstFuss,IstKrad,IstGkfz,IstSonstig,LINREFX,LINREFY,XGCSWGS84,YGCSWGS84,index_right,FID_right,SBZ,Name,UIDENTSTLA,LICHT,STRZUSTAND,FID,OBJECTID_1,IstSonstige,UIDENTSTLAE,OID_,IstStrassenzustand,PLST
12516,,248727,14,7,13,000,2022,07,13,4,3,3,2,0,,1,1,0,0,0,,"735089,773472832981497","5694811,634151520207524",12.3766283800001,51.3558533360001,0,,0,Mitte,,,,0.0,,0,14220727148410553320,,0,
12517,,248732,14,7,13,000,2022,06,02,1,3,0,1,2,,1,0,0,0,0,,"732745,360758919036016","5692738,663286750204861",12.341661867,51.338209958,7,,7,Alt-West,,,,7.0,,0,14220619148310402470,,0,
12518,,248754,14,7,13,000,2022,06,07,6,3,5,3,0,,0,1,0,0,0,,"732327,214163050055504","5691367,520087120123208",12.334775216,51.326072545,5,,5,Südwest,,,,5.0,,0,14220624148310440320,,0,
12519,,248756,14,7,13,000,2022,07,05,2,3,5,2,0,,1,1,0,0,0,,"737243,421499656047672","5692225,880811629816890",12.4057803650001,51.3317485220001,3,,3,Südost,,,,3.0,,0,14220704148410484530,,0,
12520,,248759,14,7,13,000,2022,06,21,4,3,5,2,1,,1,1,0,0,0,,"734098,450661887996830","5696320,375330319628119",12.3634092250001,51.3698056630001,9,,9,Nord,,,,9.0,,0,14220615148110391150,,0,
12521,,248763,14,7,13,000,2022,06,14,6,3,5,2,0,,0,1,0,0,0,,"735256,269613047945313","5692281,140908529981971",12.377343447,51.3330699050001,0,,0,Mitte,,,,0.0,,0,14220624144200440240,,0,
12522,,248764,14,7,13,000,2022,07,08,4,3,4,2,0,,1,1,0,0,0,,"738560,238787133013830","5697630,979977879673243",12.4282714770001,51.3797131950001,1,,1,Nordost,,,,1.0,,0,14220720148110535890,,0,
12523,,248766,14,7,13,000,2022,08,14,6,3,2,6,0,,0,1,0,0,0,,"734756,589001488056965","5693856,466985999606550",12.371221712,51.347417121,0,,0,Mitte,,,,0.0,,1,14220805148410555320,,0,
12524,,248770,14,7,13,000,2022,06,10,6,3,5,2,0,,1,0,0,0,0,,"733891,013016110053286","5693354,091225179843605",12.3584845730001,51.343264321,0,,0,Mitte,,,,0.0,,1,14220617148410402480,,0,
12525,,248771,14,7,13,000,2022,07,15,5,3,0,1,0,,1,0,0,0,0,,"737560,348768115974963","5693744,569754320196807",12.411334266,51.3452480500001,2,,2,Ost,,,,2.0,,0,14220707148410507740,,1,
12526,,248774,14,7,13,000,2022,08,13,4,3,9,1,0,,0,0,0,1,0,,"728522,248001388972625","5690179,758988720364869",12.2794950950001,51.3169508500001,6,,6,West,,,,6.0,,0,14220803144200553730,,0,
12527,,248781,14,7,13,000,2022,06,08,5,3,0,1,0,,1,0,0,0,0,,"733859,946487208013423","5691994,228471850045025",12.3571465540001,51.3310702530001,0,,0,Mitte,,,,0.0,,0,14220616148410453510,,0,
12528,,248785,14,7,13,000,2022,06,23,7,3,6,2,2,,0,1,1,0,0,,"732389,702704380033538","5696301,778288809582591",12.3388915690001,51.3703403660001,8,,8,Nordwest,,,,8.0,,0,14220618148110430730,,0,
12529,,248788,14,7,13,000,2022,07,15,5,3,5,3,0,,1,1,0,0,0,,"735559,755472062039189","5692149,013998810201883",12.381604807,51.3317582870001,0,,0,Mitte,,,,0.0,,0,14220721144200554090,,0,
12530,,248790,14,7,13,000,2022,08,11,4,3,6,7,0,,0,1,1,0,0,,"735947,177181644015945","5692152,142776359803975",12.38715813,51.3316257990001,0,,0,Mitte,,,,0.0,,0,14220803148410612980,,0,
12531,,248792,14,7,13,000,2022,07,20,3,3,5,3,2,,0,1,0,0,0,,"730819,243462685029954","5694490,697712969966233",12.3151932440001,51.35472287,7,,7,Alt-West,,,,7.0,,1,14220712148320489050,,0,
12532,,248793,14,7,13,000,2022,07,20,3,3,5,3,1,,1,1,0,0,0,,"736338,490787434973754","5692760,549511579796672",12.393168679,51.3369245310001,0,,0,Mitte,,,,0.0,,0,14220719148410507730,,0,
12533,,248797,14,7,13,000,2022,06,15,5,3,6,4,0,,0,1,1,0,0,,"738372,529875188949518","5690900,538881840184331",12.421072215,51.3193802690001,3,,3,Südost,,,,3.0,,0,14220616144200403440,,0,
12534,,248799,14,7,13,000,2022,07,10,7,3,5,3,0,,0,1,0,0,0,,"733795,490756251965649","5694156,421174460090697",12.3576423590001,51.3505057340001,0,,0,Mitte,,,,0.0,,0,14220730148410536260,,1,
12535,,248801,14,7,13,000,2022,06,14,3,3,6,6,0,,0,0,1,0,0,,"733653,169267356046475","5697776,288766389712691",12.357980576,51.3830579570001,8,,8,Nordwest,,,,8.0,,1,14220621144200413370,,0,
12536,,248807,14,7,13,000,2022,07,07,5,3,5,3,0,,0,1,0,0,0,,"736523,773547439021058","5693231,985241959802806",12.3961368660001,51.3410791900001,2,,2,Ost,,,,2.0,,0,14220728148410535100,,0,
12537,,248809,14,7,13,000,2022,06,12,2,3,2,2,0,,0,1,0,0,1,,"729938,791180826956406","5694331,171024319715798",12.302467074,51.353647697,7,,7,Alt-West,,,,7.0,,0,14220620148310403140,,1,
12538,,248810,14,7,13,000,2022,07,17,7,2,0,1,0,,0,0,0,1,0,,"729215,690826467005536","5694940,930975119583309",12.2924928780001,51.359413653,7,,7,Alt-West,,,,7.0,,0,14220709148310483070,,0,
12539,,248812,14,7,13,000,2022,07,18,4,3,1,6,0,,0,1,0,0,0,,"732235,737075194017962","5696212,828426700085402",12.336625376,51.3696048620001,8,,8,Nordwest,,,,8.0,,0,14220720148110507950,,0,
12540,,248819,14,7,13,000,2022,07,10,5,3,1,5,0,,1,1,0,0,0,,"734944,854802618036047","5692826,898897520266473",12.3732410110001,51.3380975600001,0,,0,Mitte,,,,0.0,,0,14220707144100523450,,1,
12541,,248824,14,7,13,000,2022,07,06,3,3,5,3,0,,0,1,0,0,0,,"735095,965741727966815","5694522,863439420238137",12.376526385,51.3532586740001,0,,0,Mitte,,,,0.0,,0,14220712148410484500,,0,
12542,,248827,14,7,13,000,2022,06,23,2,3,0,1,2,,1,0,0,0,0,,"734546,851219687028788","5695223,128419970162213",12.369116063,51.3597713930001,9,,9,Nord,,,,9.0,,0,14220627148110482710,,0,
12543,,248836,14,7,13,000,2022,06,09,1,2,5,3,0,,0,1,0,0,0,,"730978,892864797962829","5693562,645722770132124",12.3168798900001,51.3463270010001,7,,7,Alt-West,,,,7.0,,1,14220626144200429660,,0,
12544,,248838,14,7,13,000,2022,07,09,2,3,4,6,0,,0,1,0,0,0,,"734659,168779363040812","5693801,536063640378416",12.369789102,51.34696426,0,,0,Mitte,,,,0.0,,0,14220704144200535880,,0,
12545,,248841,14,7,13,000,2022,07,19,4,3,1,7,0,,0,1,0,0,0,,"731178,655961128999479","5691915,606067189946771",12.3186743410001,51.331460533,7,,7,Alt-West,,,,7.0,,0,14220713148320489070,,0,
12546,,248842,14,7,13,000,2022,06,17,3,2,6,4,0,,0,0,1,0,0,,"731178,926858550054021","5691930,832300609908998",12.3186881010001,51.3315971070001,7,,7,Alt-West,,,,7.0,,1,14220621144200430160,,0,
12547,,248848,14,7,13,000,2022,07,19,4,3,3,2,0,,1,1,0,0,0,,"735038,558619915973395","5691406,197582329623401",12.3736467750001,51.325306079,0,,0,Mitte,,,,0.0,,0,14220727144310605500,,0,
12548,,248852,14,7,13,000,2022,07,13,6,3,5,2,0,,1,1,0,0,0,,"735022,832879898021929","5692405,673083630390465",12.3740806110001,51.3342842580001,0,,0,Mitte,,,,0.0,,0,14220715144200498451,,0,
12549,,248856,14,7,13,000,2022,06,17,5,3,5,3,0,,1,1,0,0,0,,"734414,346065849997103","5692243,872998929582536",12.365254679,51.33308298,0,,0,Mitte,,,,0.0,,0,14220623148410430270,,0,
12550,,248864,14,7,13,000,2022,06,15,5,3,6,4,0,,1,1,1,0,0,,"731044,743696897057816","5694471,059377710334957",12.318413461,51.3544549530001,7,,7,Alt-West,,,,7.0,,0,14220630144200453850,,0,
12551,,248870,14,7,13,000,2022,07,10,2,3,5,3,0,,1,1,0,0,0,,"734601,975567938992754","5695323,732706530019641",12.369972762,51.3606517000001,9,,9,Nord,,,,9.0,,0,14220725148110605460,,0,
12552,,248871,14,7,13,000,2022,06,17,5,3,3,2,0,,1,1,0,0,0,,"735096,075610314030200","5694133,029717880301178",12.3762704700001,51.349759352,0,,0,Mitte,,,,0.0,,0,14220616148210429690,,0,
12553,,248874,14,7,13,000,2022,07,14,4,3,3,2,0,,1,1,0,0,0,,"735588,704449034994468","5692241,531431660056114",12.382080779,51.3325767630001,0,,0,Mitte,,,,0.0,,0,14220713144200489010,,0,
12554,,248886,14,7,13,000,2022,07,22,4,3,3,1,2,,1,1,0,0,0,,"734504,583188727032393","5695003,608132259920239",12.368365344,51.357818337,9,,9,Nord,,,,9.0,,0,14220706148110483370,,0,
12555,,248887,14,7,13,000,2022,07,18,6,3,5,2,0,,1,1,0,0,0,,"737180,591015569050796","5693758,485337009653449",12.405900619,51.3455315090001,2,,2,Ost,,,,2.0,,0,14220715144200555300,,0,
12556,,248888,14,7,13,000,2022,07,00,5,3,5,3,2,,1,0,0,1,0,,"735478,862813360057771","5695646,767803389579058",12.3827592440001,51.363188635,9,,9,Nord,,,,9.0,,0,14220721144200507930,,0,
12557,,248889,14,7,13,000,2022,07,12,7,3,6,6,0,,1,0,1,0,0,,"733857,486590988002717","5693437,341269680298865",12.3580587220001,51.3440254060001,0,,0,Mitte,,,,0.0,,0,14220702148410481690,,0,
12558,,248894,14,7,13,000,2022,06,11,3,3,1,5,0,,0,1,0,0,0,,"731941,907519094995223","5688703,164256249554455",12.3275221010001,51.302312289,5,,5,Südwest,,,,5.0,,0,14220628148310453910,,0,
12559,,248903,14,7,13,000,2022,07,12,6,3,5,3,0,,1,0,0,0,0,,"735593,802195479976945","5693138,999431909993291",12.382747357,51.3406305930001,0,,0,Mitte,,,,0.0,,0,14220715148410517740,,0,
12560,,248904,14,7,13,000,2022,07,16,4,2,5,3,0,,1,1,0,0,0,,"737262,920401007053442","5692934,709345029667020",12.4065318030001,51.3381028900001,3,,3,Südost,,,,3.0,,0,14220720144200519830,,0,
12561,,248907,14,7,13,000,2022,06,14,5,3,6,4,0,,1,0,1,0,0,,"735096,509466234012507","5694427,853227670304477",12.376471419,51.352405607,0,,0,Mitte,,,,0.0,,0,14220623144200413730,,0,
12562,,248912,14,7,13,000,2022,06,00,6,3,6,4,2,,1,0,1,0,0,,"735341,310936111025512","5693434,838291199877858",12.379324265,51.3433906930001,0,,0,Mitte,,,,0.0,,0,14220617148423403630,,0,
12563,,248913,14,7,13,000,2022,07,10,4,3,3,2,0,,0,0,0,0,1,,"729817,788740335032344","5700939,356557919643819",12.305006986,51.413018031,8,,8,Nordwest,,,,8.0,,1,14220706148110483360,,0,
12564,,248914,14,7,13,000,2022,08,09,2,3,4,7,0,,0,1,0,0,0,,"739487,332734777010046","5692312,306145570240915",12.4379892600001,51.331583956,2,,2,Ost,,,,2.0,,0,14220801144200536650,,1,
12565,,248917,14,7,13,000,2022,06,13,4,3,0,1,0,,1,0,0,0,0,,"734834,133279395056888","5692994,623438909649849",12.3717648530001,51.3396488550001,0,,0,Mitte,,,,0.0,,0,14220622148400430260,,0,
12566,,248924,14,7,13,000,2022,07,13,6,3,3,6,0,,1,0,1,0,0,,"735003,208001498947851","5692225,556985920295119",12.3736805940001,51.332675576,0,,0,Mitte,,,,0.0,,0,14220729148410537180,,0,
12567,,248925,14,7,13,000,2022,07,12,5,3,4,2,0,,1,1,0,0,0,,"741385,504627872025594","5689595,054236330091953",12.4633461440001,51.306392777,3,,3,Südost,,,,3.0,,0,14220714144200519810,,0,
12568,,248931,14,7,13,000,2022,07,11,6,3,5,3,0,,1,1,0,0,0,,"731484,757039904943667","5688733,989397630095482",12.320995483,51.302775038,5,,5,Südwest,,,,5.0,,0,14220722148310542850,,0,
12569,,248932,14,7,13,000,2022,07,08,2,2,4,7,0,,0,1,0,0,0,,"741207,620001579984091","5696062,429982620291412",12.4651775840001,51.3645163940001,2,,2,Ost,,,,2.0,,0,14220704148210483860,,0,
12570,,248938,14,7,13,000,2022,07,07,4,3,5,2,0,,1,1,0,0,0,,"735701,297591745969839","5695686,529127099551260",12.385974979,51.3634533110001,9,,9,Nord,,,,9.0,,0,14220706148110481650,,0,
12571,,248940,14,7,13,000,2022,07,17,5,3,5,3,0,,1,1,0,0,0,,"737393,377844689995982","5691602,912324629724026",12.4075140420001,51.3260941450001,3,,3,Südost,,,,3.0,,0,14220721148210518990,,0,
12572,,248944,14,7,13,000,2022,07,15,3,3,5,3,0,,0,1,0,1,0,,"735671,097194841946475","5689233,811858500353992",12.3812736090001,51.3055443530001,4,,4,Süd,,,,4.0,,0,14220712148210605971,,0,
12573,,248957,14,7,13,000,2022,07,08,6,3,6,4,0,,1,0,1,0,0,,"735279,211870144004934","5692747,754876050166786",12.3779803460001,51.337248903,0,,0,Mitte,,,,0.0,,0,14220722148410554970,,0,
12574,,248959,14,7,13,000,2022,07,15,4,3,5,3,0,,1,0,0,0,0,,"731120,122338837012649","5690015,574404469691217",12.316603813,51.3144278890001,5,,5,Südwest,,,,5.0,,0,14220727148310691930,,0,
12575,,248962,14,7,13,000,2022,07,11,6,3,3,6,0,,1,1,0,0,0,,"734033,833557490957901","5696720,221524080261588",12.362745771,51.37342148,9,,9,Nord,,,,9.0,,0,14220715144200554460,,0,
12576,,248965,14,7,13,000,2022,08,13,7,3,9,1,0,,0,1,0,0,0,,"736047,579322220990434","5688178,846374720335007",12.3859674460001,51.2959186840001,4,,4,Süd,,,,4.0,,0,14220827148210677350,,1,
12577,,248968,14,7,13,000,2022,09,16,2,3,0,6,0,,1,0,0,0,0,,"735038,553638237994164","5690446,530152839608490",12.3730140970001,51.316691715,4,,4,Süd,,,,4.0,,1,14220926143263690970,,0,
12578,,248969,14,7,13,000,2022,08,18,4,3,1,5,0,,1,1,0,0,0,,"729270,252258814987727","5697093,100946280173957",12.294662954,51.378711798,8,,8,Nordwest,,,,8.0,,0,14220824148110606340,,0,
12579,,248974,14,7,13,000,2022,09,07,2,3,3,6,0,,1,1,0,0,0,,"734322,489464250043966","5694952,941210949793458",12.365721276,51.357438642,9,,9,Nord,,,,9.0,,0,14220905143263642950,,0,
12580,,248977,14,7,13,000,2022,09,15,5,3,6,2,0,,0,1,1,0,0,,"734084,365694885957055","5695131,669871900230646",12.3624248720001,51.359141127,9,,9,Nord,,,,9.0,,0,14220929148110716530,,0,
12581,,248980,14,7,13,000,2022,09,13,7,3,2,2,0,,0,1,0,0,0,,"741604,444455733057112","5693992,499527590349317",12.4694618080001,51.3457692370001,2,,2,Ost,,,,2.0,,0,14220924148210678850,,0,
12582,,248990,14,7,13,000,2022,10,08,4,3,4,6,0,,1,0,0,0,0,,"735606,040801202994771","5693348,070249919779599",12.3830610690001,51.342502202,0,,0,Mitte,,,,0.0,,1,14221012148410738170,,0,
12583,,248991,14,7,13,000,2022,09,09,6,3,3,6,0,,0,1,0,1,0,,"735358,730078974040225","5692603,185328369960189",12.379024369,51.335918296,0,,0,Mitte,,,,0.0,,0,14220902148410643680,,0,
12584,,248999,14,7,13,000,2022,09,09,2,3,3,2,0,,1,1,0,0,0,,"735588,997204947052523","5692242,478433989919722",12.3820856,51.332585142,0,,0,Mitte,,,,0.0,,0,14220926148410702960,,0,
12585,,249001,14,7,13,000,2022,09,09,2,3,5,2,0,,1,0,0,0,1,,"732391,787211438990198","5691545,337108749896288",12.3358163340001,51.3276423900001,5,,5,Südwest,,,,5.0,,0,14220912148320653980,,0,
12586,,249006,14,7,13,000,2022,09,16,2,3,5,3,0,,1,1,0,0,0,,"734625,228775747003965","5694791,904546909965575",12.369955454,51.3558682070001,9,,9,Nord,,,,9.0,,1,14220905148410738180,,0,
12587,,249008,14,7,13,000,2022,09,14,4,3,6,4,0,,0,1,1,0,0,,"735768,245206763036549","5693024,625387289561331",12.385171675,51.3395316400001,0,,0,Mitte,,,,0.0,,0,14220907148410677380,,0,
12588,,249009,14,7,13,000,2022,09,23,7,3,0,1,2,,1,0,0,0,0,,"734354,502086304943077","5692725,005294060334563",12.3647136450001,51.3374265090001,0,,0,Mitte,,,,0.0,,0,14220910148410654010,,0,
12589,,249015,14,7,13,000,2022,10,19,2,3,1,1,2,,0,1,0,1,0,,"728713,684643717948347","5694452,092946389690042",12.284980488,51.3552275550001,7,,7,Alt-West,,,,7.0,,0,14221010148310738130,,0,
12590,,249016,14,7,13,000,2022,08,14,3,2,0,1,0,,1,0,0,0,0,,"734293,950624738004990","5691593,367810890078545",12.363101801,51.327293335,4,,4,Süd,,,,4.0,,0,14220830148410645460,,0,
12591,,249017,14,7,13,000,2022,09,12,1,3,6,2,0,,0,1,1,0,0,,"730732,405813095974736","5693731,480325230397284",12.313456091,51.3479427070001,7,,7,Alt-West,,,,7.0,,0,14220904148310703630,,0,
12592,,249025,14,7,13,000,2022,08,09,2,3,4,6,0,,1,0,0,0,0,,"732754,715856672031805","5694144,501446049660444",12.3427149020001,51.3508258570001,0,,0,Mitte,,,,0.0,,0,14220829148410676780,,0,
12593,,249027,14,7,13,000,2022,09,08,4,3,5,3,0,,1,1,0,0,0,,"739319,052904895041138","5696285,102427500300109",12.438249023,51.3673136880001,1,,1,Nordost,,,,1.0,,0,14220928148110716850,,1,
12594,,249029,14,7,13,000,2022,08,17,7,3,6,2,0,,0,1,1,0,0,,"734991,807123268954456","5693921,759078759700060",12.3746363720001,51.347906026,0,,0,Mitte,,,,0.0,,0,14220813148410640120,,0,
12595,,249030,14,7,13,000,2022,10,22,5,3,4,2,2,,0,1,0,0,0,,"734794,821845215046778","5692479,235070070251822",12.370861758,51.335038754,0,,0,Mitte,,,,0.0,,0,14221013144200745810,,0,
12596,,249034,14,7,13,000,2022,08,12,7,3,5,3,0,,0,1,0,0,0,,"738136,328001554007642","5690521,846984419971704",12.417435901,51.3160800210001,3,,3,Südost,,,,3.0,,0,14220827148210654540,,1,
12597,,249036,14,7,13,000,2022,10,19,1,3,6,4,2,,0,1,1,0,0,,"735982,333082076045685","5695494,904119200073183",12.389877492,51.361616595,9,,9,Nord,,,,9.0,,0,14221009144200717100,,0,
12598,,249038,14,7,13,000,2022,09,14,5,3,6,7,0,,0,0,1,0,1,,"734329,645967112039216","5696325,394531619735062",12.366728075,51.3697553910001,9,,9,Nord,,,,9.0,,0,14220922144200678200,,0,
12599,,249041,14,7,13,000,2022,09,22,4,3,5,2,2,,1,1,0,0,0,,"735838,335366380983032","5694981,671749570406973",12.3874726350001,51.3570694950001,9,,9,Nord,,,,9.0,,0,14220914148110654530,,1,
12600,,249042,14,7,13,000,2022,08,07,6,3,3,2,0,,1,1,0,0,0,,"735613,829315023031086","5692325,012873169966042",12.382495996,51.3333157110001,0,,0,Mitte,,,,0.0,,0,14220812148410591590,,0,
12601,,249045,14,7,13,000,2022,10,11,4,3,0,5,0,,1,1,0,0,0,,"735876,226720741949975","5693487,578625479713082",12.387025796,51.3436424440001,0,,0,Mitte,,,,0.0,,0,14221005148410764070,,0,
12602,,249047,14,7,13,000,2022,09,12,4,3,5,3,0,,1,1,0,0,0,,"735528,639001506962813","5692695,961985659785569",12.381520516,51.336680749,0,,0,Mitte,,,,0.0,,0,14220921148410745840,,0,
12603,,249057,14,7,13,000,2022,10,14,3,3,6,4,0,,0,1,1,0,0,,"732886,388723043026403","5695950,074320370331407",12.345784371,51.3669798450001,8,,8,Nordwest,,,,8.0,,0,14221004148110707700,,0,
12604,,249058,14,7,13,000,2022,09,14,5,3,5,3,0,,1,1,0,0,0,,"735331,987411902053282","5692188,316904740408063",12.378367118,51.3322053630001,0,,0,Mitte,,,,0.0,,0,14220908144320843620,,0,
12605,,249059,14,7,13,000,2022,09,12,1,3,3,3,0,,1,0,0,1,0,,"729917,441635924042203","5693364,889797500334680",12.3015368760001,51.3449820100001,7,,7,Alt-West,,,,7.0,,0,14220911144200707650,,1,
12606,,249061,14,7,13,000,2022,08,09,4,3,5,2,0,,1,1,0,0,0,,"732866,940123077947646","5691274,410672560334206",12.342447366,51.3250160710001,5,,5,Südwest,,,,5.0,,0,14220817148410591570,,0,
12607,,249065,14,7,13,000,2022,10,17,2,3,5,3,0,,1,0,0,0,0,,"732979,828001465997659","5691212,646986859850585",12.3440243700001,51.3244154230001,5,,5,Südwest,,,,5.0,,0,14221010148320738150,,0,
12608,,249066,14,7,13,000,2022,09,16,7,3,2,6,0,,0,1,0,0,0,,"733871,757866202970035","5694913,323482350446284",12.3592330540001,51.3572686860001,9,,9,Nord,,,,9.0,,0,14220903148410644880,,0,
12609,,249068,14,7,13,000,2022,09,07,6,3,6,4,0,,1,0,1,0,0,,"734150,725349238025956","5692665,956553669646382",12.3617545430001,51.3369803960001,0,,0,Mitte,,,,0.0,,0,14220930143263737540,,0,
12610,,249072,14,7,13,000,2022,08,15,2,3,5,3,0,,1,1,0,0,0,,"730326,857683158013970","5691182,194341810420156",12.305994308,51.3252222450001,6,,6,West,,,,6.0,,0,14220822144200591500,,0,
12611,,249075,14,7,13,000,2022,08,11,2,3,1,5,0,,1,1,0,0,0,,"734428,823283832985908","5695667,567893519997597",12.36771671,51.3638095630001,9,,9,Nord,,,,9.0,,0,14220829148110641430,,0,
12612,,249083,14,7,13,000,2022,10,07,5,3,6,7,1,,1,0,1,0,0,,"735829,608178570051678","5692889,359976639971137",12.385961518,51.3382920170001,0,,0,Mitte,,,,0.0,,0,14221013148410776790,,0,
12613,,249084,14,7,13,000,2022,09,10,5,3,5,2,0,,0,1,0,0,0,,"730175,721426189993508","5689973,062109610065818",12.303048324,51.314428972,5,,5,Südwest,,,,5.0,,0,14220901144200645380,,0,
12614,,249087,14,7,13,000,2022,08,15,1,3,3,6,0,,1,0,0,0,0,,"737033,540568551048636","5696229,002251460216939",12.4054387150001,51.3677683500001,1,,1,Nordost,,,,1.0,,0,14220828148110606890,,0,
12615,,249088,14,7,13,000,2022,09,18,4,3,2,6,1,,0,1,0,1,0,,"735404,810524891014211","5690909,563325339928269",12.378566075,51.3206966930001,4,,4,Süd,,,,4.0,,0,14220921148210678830,,0,
12616,,249091,14,7,13,000,2022,08,11,5,3,3,2,0,,0,1,0,0,0,,"738001,028897740994580","5695108,437704820185900",12.4185622520001,51.3573057500001,1,,1,Nordost,,,,1.0,,1,14220825148110605960,,0,
12617,,249094,14,7,13,000,2022,10,19,3,3,2,2,2,,0,1,0,0,0,,"734643,004269234952517","5695407,105359160341322",12.370616022,51.3613831430001,9,,9,Nord,,,,9.0,,0,14221011148110738110,,0,
12618,,249096,14,7,13,000,2022,09,11,2,3,5,2,0,,1,1,0,0,0,,"737266,204611430992372","5694405,006699549965560",12.4075585890001,51.351298994,1,,1,Nordost,,,,1.0,,0,14220905148222676770,,0,
12619,,249097,14,7,13,000,2022,10,18,4,3,4,6,1,,1,0,0,0,0,,"735322,491325295995921","5692198,351666400209069",12.378237676,51.3322993670001,0,,0,Mitte,,,,0.0,,0,14221005144200766580,,0,
12620,,249102,14,7,13,000,2022,08,15,6,3,1,5,0,,1,1,0,0,0,,"738219,783532329951413","5690676,770181239582598",12.4187347430001,51.3174356860001,3,,3,Südost,,,,3.0,,0,14220819148210640650,,0,
12621,,249104,14,7,13,000,2022,09,13,2,2,6,4,0,,1,0,1,0,0,,"733470,527001471025869","5691806,908986629918218",12.3514438460001,51.329548731,5,,5,Südwest,,,,5.0,,0,14220926144200684220,,1,
12622,,249113,14,7,13,000,2022,09,08,1,3,8,1,0,,0,0,0,1,0,,"731780,654993423027918","5689683,848489630036056",12.325849884,51.311181425,5,,5,Südwest,,,,5.0,,0,14220918148320676200,,0,
12623,,249115,14,7,13,000,2022,09,15,1,3,5,2,0,,0,1,0,0,0,,"728851,058282634941861","5682494,161961089819670",12.2792834040001,51.247822791,5,,5,Südwest,,,,5.0,,1,14220925149110737210,,0,
12624,,249125,14,7,13,000,2022,08,21,7,3,1,1,2,,0,1,0,0,0,,"739084,553001543972641","5697695,164983750320971",12.4358348750001,51.380068792,1,,1,Nordost,,,,1.0,,1,14220820144200590660,,1,
12625,,249129,14,7,13,000,2022,09,13,5,3,0,1,0,,1,0,0,0,0,,"735398,565302537055686","5689508,623328950256109",12.3775520560001,51.3081239140001,4,,4,Süd,,,,4.0,,0,14220922148210702940,,0,
12626,,249131,14,7,13,000,2022,09,09,4,3,0,3,0,,1,1,0,0,0,,"735004,036192468949594","5691767,814609790220857",12.3733905980001,51.328566359,0,,0,Mitte,,,,0.0,,0,14220928148410702350,,1,
12627,,249138,14,7,13,000,2022,10,13,5,3,5,3,0,,1,1,0,0,0,,"734773,088786114007235","5693730,369171299971640",12.3713750650001,51.3462784050001,0,,0,Mitte,,,,0.0,,0,14221006148410738810,,0,
12628,,249139,14,7,13,000,2022,08,20,7,3,5,3,2,,0,1,0,0,0,,"737012,644639548962004","5697120,199829829856753",12.4057332080001,51.3757764850001,1,,1,Nordost,,,,1.0,,0,14220827148110644450,,1,
12629,,249143,14,7,13,000,2022,08,17,4,2,0,1,0,,1,0,0,0,0,,"735177,481902108993381","5688939,520696089603007",12.3740107690001,51.303106782,4,,4,Süd,,,,4.0,,0,14220824144200607580,,0,
12630,,249147,14,7,13,000,2022,08,22,3,3,0,1,2,,1,0,0,0,0,,"734805,714001495041884","5692369,784986009821296",12.3709457090001,51.3340517880001,0,,0,Mitte,,,,0.0,,0,14220830144200612740,,0,
12631,,249151,14,7,13,000,2022,09,12,6,3,4,6,0,,1,0,0,0,0,,"735112,082001494942233","5694227,951985830441117",12.3765626100001,51.3506047860001,0,,0,Mitte,,,,0.0,,1,14220930148110702310,,0,
12632,,249152,14,7,13,000,2022,09,18,6,3,3,6,0,,1,1,0,0,0,,"736376,529605407966301","5693792,794909840449691",12.3943989100001,51.346174347,2,,2,Ost,,,,2.0,,0,14220916148410679200,,0,
12633,,249162,14,7,13,000,2022,09,17,4,3,1,5,0,,1,1,0,0,0,,"732997,631144501036033","5691273,916211130097508",12.344319483,51.3249581260001,5,,5,Südwest,,,,5.0,,0,14220914148310654000,,1,
12634,,249164,14,7,13,000,2022,10,20,5,3,5,3,2,,1,1,0,0,0,,"736967,661400538985617","5692698,214281179942191",12.402143294,51.3361031920001,3,,3,Südost,,,,3.0,,0,14221013144200808340,,0,
12635,,249165,14,7,13,000,2022,09,16,5,3,6,4,0,,0,1,1,0,0,,"734598,176377880969085","5695316,941695810295641",12.3699138110001,51.360592309,9,,9,Nord,,,,9.0,,0,14220901148110641410,,0,
12636,,249175,14,7,13,000,2022,10,17,1,3,0,1,0,,0,0,0,1,0,,"729832,175833560992032","5694459,599718290381134",12.3010214980001,51.3548437270001,7,,7,Alt-West,,,,7.0,,0,14221009148310717160,,0,
12637,,249176,14,7,13,000,2022,08,09,3,3,5,3,0,,1,1,0,0,0,,"734207,154571305029094","5692122,703133019618690",12.3622060910001,51.3320806520001,0,,0,Mitte,,,,0.0,,0,14220830148410678890,,0,
12638,,249178,14,7,13,000,2022,09,09,5,3,5,3,0,,0,1,0,0,0,,"736137,798001513001509","5693470,951985349878669",12.3907637020001,51.343384626,0,,0,Mitte,,,,0.0,,0,14220922144200678190,,0,