UNFALL_ID,FID_left,OBJECTID,ULAND,UREGBEZ,UKREIS,UGEMEINDE,UJAHR,UMONAT,USTUNDE,UWOCHENTAG,UKATEGORIE,UART,UTYP1,ULICHTVERH,IstStrasse,IstRad,IstPKW,IstFuss,IstKrad,IstGkfz,IstSonstig,LINREFX,LINREFY,XGCSWGS84,YGCSWGS84,index_right,FID_right,SBZ,Name,UIDENTSTLA,LICHT,STRZUSTAND,FID,OBJECTID_1,IstSonstige,UIDENTSTLAE,OID_,IstStrassenzustand,PLST
12764,,249639,14,7,13,000,2022,08,06,6,3,0,7,0,,1,0,1,0,0,,"736075,276389688951895","5694397,124784770421684",12.3904817800001,51.3517241100001,1,,1,Nordost,,,,1.0,,0,14220812148410640110,,0,
12765,,249655,14,7,13,000,2022,10,12,5,3,5,3,0,,1,1,0,0,0,,"735856,788157274946570","5688896,471159620210528",12.3837098830001,51.3024393750001,4,,4,Süd,,,,4.0,,0,14221006145200717540,,0,
12766,,249656,14,7,13,000,2022,09,15,4,3,5,2,0,,1,1,0,0,0,,"735173,515318735036999","5693469,967638519592583",12.3769425410001,51.3437754540001,0,,0,Mitte,,,,0.0,,0,14220907148415644910,,0,
12767,,249675,14,7,13,000,2022,08,18,4,3,1,7,0,,1,1,1,0,0,,"737320,508454047958367","5693036,687716039828956",12.4074250050001,51.3389942250001,2,,2,Ost,,,,2.0,,0,14220817145200640060,,0,
12768,,249684,14,7,13,000,2022,09,18,5,3,2,6,0,,0,1,0,0,0,,"733481,458810121053830","5692233,152871290221810",12.3518797680001,51.3333704610001,0,,0,Mitte,,,,0.0,,0,14220908148410645960,,0,
12769,,249685,14,7,13,000,2022,09,16,6,3,4,6,0,,1,1,0,0,0,,"734888,869852829957381","5696237,124562050215900",12.3746894560001,51.3687320860001,9,,9,Nord,,,,9.0,,0,14220930148110702580,,0,
12770,,249687,14,7,13,000,2022,08,19,1,3,5,2,0,,1,0,0,0,0,,"732057,263883781037293","5692937,328412190079689",12.331929851,51.3402745340001,7,,7,Alt-West,,,,7.0,,0,14220814144200572210,,0,
12771,,249688,14,7,13,000,2022,09,14,1,3,2,6,0,,0,1,0,1,0,,"736677,327784572960809","5687019,288191240280867",12.394215484,51.285248843,4,,4,Süd,,,,4.0,,0,14220925148210679140,,0,
12772,,249694,14,7,13,000,2022,10,16,1,3,2,6,0,,1,1,0,0,0,,"732296,589012139011174","5693043,495284220203757",12.335429134,51.341129847,7,,7,Alt-West,,,,7.0,,0,14221002148410717940,,0,
12773,,249702,14,7,13,000,2022,10,17,5,2,6,1,0,,0,1,1,0,0,,"734504,488962693023495","5692410,418480680324137",12.3666559910001,51.334540809,0,,0,Mitte,,,,0.0,,0,14221006144200708040,,0,
12774,,249714,14,7,13,000,2022,09,15,2,3,4,6,0,,0,1,0,0,0,,"740354,225216516992077","5689236,118857170455158",12.4483366650001,51.3036073760001,3,,3,Südost,,,,3.0,,0,14220905144200643660,,0,
12775,,249716,14,7,13,000,2022,09,15,4,3,5,3,0,,1,0,0,0,0,,"734285,801728949998505","5695504,165569280274212",12.365558295,51.36240179,9,,9,Nord,,,,9.0,,0,14220907148110643020,,0,
12776,,249723,14,7,13,000,2022,08,19,3,3,2,2,0,,1,1,0,0,0,,"728795,575644596014172","5698164,318567610345781",12.288543706,51.388519667,8,,8,Nordwest,,,,8.0,,0,14220830148110644100,,0,
12777,,249724,14,7,13,000,2022,09,22,1,3,5,3,2,,1,1,0,0,0,,"730420,169389334041625","5690954,701694330200553",12.307184218,51.3231422580001,7,,7,Alt-West,,,,7.0,,0,14220904144200641370,,0,
12778,,249726,14,7,13,000,2022,09,06,6,2,6,2,0,,0,1,1,0,0,,"737186,634917328017764","5692060,918679510243237",12.404856905,51.3302914870001,3,,3,Südost,,,,3.0,,0,14220930144200717870,,0,
12779,,249727,14,7,13,000,2022,09,10,7,3,5,2,0,,0,1,0,0,0,,"734765,435348964994773","5693948,287177340127528",12.371409064,51.3482376810001,0,,0,Mitte,,,,0.0,,1,14220917148410678260,,0,
12780,,249728,14,7,13,000,2022,08,15,1,3,6,7,0,,0,1,1,0,0,,"736372,387001525028609","5690740,632985300384462",12.3923148270001,51.318779239,0,,0,Mitte,,,,0.0,,0,14220814148410640090,,0,
12781,,249732,14,7,13,000,2022,08,08,2,3,1,5,0,,1,1,0,0,0,,"734494,291121433954686","5695016,237733249552548",12.36822611,51.357935952,9,,9,Nord,,,,9.0,,0,14220829148110645930,,0,
12782,,249733,14,7,13,000,2022,09,17,7,3,0,1,0,,1,0,0,0,0,,"734530,215292848995887","5698721,897755940444767",12.371186143,51.3911844530001,9,,9,Nord,,,,9.0,,0,14220910148120777010,,0,
12783,,249736,14,7,13,000,2022,08,08,2,3,2,6,0,,0,1,0,0,0,,"733331,397289428045042","5693663,464366129599512",12.3506664500001,51.3462713640001,0,,0,Mitte,,,,0.0,,0,14220808148410571470,,0,
12784,,249738,14,7,13,000,2022,08,08,3,3,5,3,0,,1,1,0,0,0,,"737592,922099999967031","5693455,126592800021172",12.4116080000001,51.342636392,2,,2,Ost,,,,2.0,,0,14220830148410654030,,0,
12785,,249741,14,7,13,000,2022,09,17,5,3,7,1,0,,1,0,0,0,0,,"736224,690801186021417","5691543,421873790211976",12.3907310440001,51.3260465980001,0,,0,Mitte,,,,0.0,,0,14220929148410702000,,0,
12786,,249746,14,7,13,000,2022,10,10,6,3,5,3,0,,0,1,0,0,0,,"735444,865031844004989","5691684,994023569859564",12.379652005,51.327640656,0,,0,Mitte,,,,0.0,,0,14221007148210766590,,0,
12787,,249747,14,7,13,000,2022,08,08,2,3,1,5,0,,1,1,0,0,0,,"734815,234956059022807","5694856,082221340388060",12.372721815,51.3563658160001,0,,0,Mitte,,,,0.0,,0,14220829148410641000,,0,
12788,,249755,14,7,13,000,2022,09,07,3,3,5,3,0,,1,1,0,0,0,,"734698,108133565983735","5694986,849944920279086",12.3711288700001,51.3575880180001,9,,9,Nord,,,,9.0,,0,14220906148421645470,,0,
12789,,249756,14,7,13,000,2022,10,08,5,3,5,3,0,,1,1,0,0,0,,"736568,910820854012854","5690727,139416749589145",12.395120988,51.318576455,0,,0,Mitte,,,,0.0,,0,14221006148410764050,,1,
12790,,249758,14,7,13,000,2022,09,16,4,3,5,3,0,,1,1,0,0,0,,"737082,230975382961333","5692962,427773710340261",12.403960898,51.3384270510001,3,,3,Südost,,,,3.0,,0,14220921144200677910,,0,
12791,,249764,14,7,13,000,2022,10,14,4,3,6,4,0,,1,0,1,0,0,,"732445,243117698002607","5690873,763949279673398",12.336144351,51.3215920110001,5,,5,Südwest,,,,5.0,,0,14221012144200737170,,0,
12792,,249767,14,7,13,000,2022,09,15,5,3,2,6,0,,0,1,0,1,0,,"735124,958945187041536","5693983,146350420080125",12.376585499,51.348402003,0,,0,Mitte,,,,0.0,,0,14220908148410643690,,1,
12793,,249776,14,7,13,000,2022,09,11,7,3,5,2,0,,1,1,0,0,0,,"737372,471056935959496","5693159,412740360014141",12.4082514520001,51.3400741240001,2,,2,Ost,,,,2.0,,0,14220903144200641380,,0,
12794,,249777,14,7,13,000,2022,10,03,7,2,3,6,1,,1,0,0,0,0,,"733759,839256396051496","5692160,900565849617124",12.3558214650001,51.3326075420001,0,,0,Mitte,,,,0.0,,0,14221001148410702610,,0,
12795,,249778,14,7,13,000,2022,09,09,5,3,5,2,0,,1,1,0,0,0,,"735262,937573060975410","5689590,368143609724939",12.375663563,51.3089137540001,4,,4,Süd,,,,4.0,,0,14220929148210702590,,0,
12796,,249781,14,7,13,000,2022,09,14,7,3,0,1,0,,1,0,0,0,0,,"732606,082511111977510","5692221,384085440076888",12.339328064,51.3336234860001,7,,7,Alt-West,,,,7.0,,0,14220903148310640980,,0,
12797,,249792,14,7,13,000,2022,09,18,6,3,2,6,0,,0,1,0,0,0,,"737109,979741633054800","5696364,834596670232713",12.4066254000001,51.3689556850001,1,,1,Nordost,,,,1.0,,0,14220902148120642420,,0,
12798,,249795,14,7,13,000,2022,08,15,6,3,6,7,0,,0,1,1,0,0,,"730542,645088633056730","5689751,875259310007095",12.3081613520001,51.3122948660001,5,,5,Südwest,,,,5.0,,0,14220826148310640990,,1,
12799,,249796,14,7,13,000,2022,09,11,3,3,5,3,0,,1,1,0,0,0,,"732569,032115621026605","5691513,328580640256405",12.338335036,51.3272826260001,5,,5,Südwest,,,,5.0,,0,14220920148310679180,,0,
12800,,249799,14,7,13,000,2022,09,13,4,3,8,1,0,,0,1,0,0,0,,"738757,114150536013767","5696659,982189609669149",12.430443038,51.3709149810001,1,,1,Nordost,,,,1.0,,0,14220928148110691550,,1,
12801,,249801,14,7,13,000,2022,08,06,6,3,5,3,0,,1,1,0,0,0,,"735183,927109398995526","5688968,169837930239737",12.374121942,51.303361287,4,,4,Süd,,,,4.0,,0,14220812148223571120,,0,
12802,,249811,14,7,13,000,2022,08,16,4,2,5,3,0,,1,1,0,0,0,,"734770,330001489957795","5693729,881985999643803",12.3713352,51.3462751710001,0,,0,Mitte,,,,0.0,,0,14220824144200605940,,0,
12803,,249816,14,7,13,000,2022,09,15,2,3,5,3,0,,0,1,0,0,0,,"731901,843001454952173","5688517,547987380065024",12.3268277710001,51.300662355,5,,5,Südwest,,,,5.0,,1,14220905144200765160,,0,
12804,,249819,14,7,13,000,2022,09,18,7,3,3,6,1,,1,1,0,0,0,,"732582,630929974024184","5692080,122320549562573",12.338899794,51.332365011,5,,5,Südwest,,,,5.0,,0,14220910148310653990,,0,
12805,,249821,14,7,13,000,2022,08,23,3,3,5,3,2,,1,1,0,0,0,,"737297,959457034012303","5695375,137753769755363",12.40866071,51.3599936630001,1,,1,Nordost,,,,1.0,,0,14220816148110653950,,0,
12806,,249824,14,7,13,000,2022,08,16,3,3,5,3,0,,1,1,0,0,0,,"738210,183323299977928","5694642,667539049871266",12.4212489390001,51.3530374090001,1,,1,Nordost,,,,1.0,,0,14220809144200580180,,0,
12807,,249825,14,7,13,000,2022,10,20,2,3,2,6,2,,0,1,0,1,0,,"734751,304694214952178","5693843,790949489921331",12.3711376100001,51.347305518,0,,0,Mitte,,,,0.0,,0,14221010144200814430,,0,
12808,,249826,14,7,13,000,2022,08,14,3,3,2,6,0,,0,1,0,0,0,,"736224,525445832055993","5693805,494971100240946",12.392228645,51.3463515240001,0,,0,Mitte,,,,0.0,,0,14220830148410643080,,0,
12809,,249829,14,7,13,000,2022,09,19,5,3,4,2,1,,1,1,0,0,0,,"737188,106001527979970","5693907,238984820432961",12.4061074260001,51.346863596,2,,2,Ost,,,,2.0,,0,14220929148410745850,,0,
12810,,249830,14,7,13,000,2022,09,20,7,3,6,2,1,,0,1,1,0,0,,"734878,197315547964536","5694491,218872539699078",12.373383662,51.353064655,0,,0,Mitte,,,,0.0,,0,14220917143263676680,,0,
12811,,249831,14,7,13,000,2022,08,17,2,3,5,3,0,,0,1,0,1,0,,"731735,689001447055489","5690503,637987409718335",12.325738453,51.3185588650001,5,,5,Südwest,,,,5.0,,0,14220815148310605480,,1,
12812,,249837,14,7,13,000,2022,09,07,4,2,5,3,0,,1,1,0,0,0,,"736709,798570594983175","5689733,824008240364492",12.3964799510001,51.309601672,4,,4,Süd,,,,4.0,,0,14220921148210677440,,0,
12813,,249840,14,7,13,000,2022,08,19,5,3,2,6,0,,0,1,0,0,0,,"731721,980405700043775","5692307,826849149540067",12.326714994,51.334760348,7,,7,Alt-West,,,,7.0,,0,14220825148320607670,,0,
12814,,249843,14,7,13,000,2022,10,18,5,3,0,1,2,,1,0,0,0,0,,"736283,618586855009198","5692602,912222660146654",12.3922777930001,51.335532346,0,,0,Mitte,,,,0.0,,0,14221013148410764420,,0,
12815,,249847,14,7,13,000,2022,08,11,6,3,5,3,0,,1,1,0,0,0,,"735252,445708384970203","5695222,330944100394845",12.3792320490001,51.35947256,0,,0,Mitte,,,,0.0,,0,14220826148410643071,,0,
12816,,249857,14,7,13,000,2022,09,17,2,3,3,2,0,,0,1,0,1,0,,"734271,178995133959688","5696228,620153159834445",12.3658258470001,51.368910821,9,,9,Nord,,,,9.0,,0,14220905144200717120,,0,
12817,,249861,14,7,13,000,2022,09,18,6,3,5,3,0,,1,1,0,0,0,,"735529,755352620035410","5692695,657526269555092",12.381536312,51.3366775540001,0,,0,Mitte,,,,0.0,,0,14220916148410675920,,0,
12818,,249871,14,7,13,000,2022,09,22,2,3,5,3,2,,0,1,0,0,0,,"738402,407621938036755","5691233,996001379564404",12.4217231480001,51.3223608500001,3,,3,Südost,,,,3.0,,0,14220912148210677450,,0,
12819,,249872,14,7,13,000,2022,08,13,4,3,5,2,0,,1,1,0,0,0,,"738658,060444350005127","5693770,195756239816546",12.427084227,51.345018344,2,,2,Ost,,,,2.0,,0,14220810145200607640,,0,
12820,,249875,14,7,13,000,2022,09,15,2,3,4,6,0,,0,1,0,0,0,,"734619,417617199942470","5691384,858811840415001",12.3676277180001,51.3252875330001,4,,4,Süd,,,,4.0,,1,14220905148210644160,,0,
12821,,249876,14,7,13,000,2022,10,06,4,3,2,6,2,,0,1,0,0,0,,"734122,862337928963825","5690897,091320109553635",12.3601932240001,51.3211136290001,4,,4,Süd,,,,4.0,,0,14221005148211763500,,0,
12822,,249886,14,7,13,000,2022,09,14,5,3,9,7,0,,0,0,0,1,0,,"735073,940161340055056","5689665,270227280445397",12.373006134,51.3096641820001,4,,4,Süd,,,,4.0,,0,14220922148210678230,,0,
12823,,249894,14,7,13,000,2022,10,19,6,2,0,1,2,,1,0,0,0,0,,"735086,534603951033205","5690000,853483440354466",12.373407646,51.3126713190001,4,,4,Süd,,,,4.0,,0,14221007148210765810,,0,
12824,,249895,14,7,13,000,2022,08,08,2,3,6,7,0,,0,0,1,0,0,,"733836,508255976019427","5692567,027058860287070",12.3571866390001,51.336221638,0,,0,Mitte,,,,0.0,,1,14220829148213777790,,0,
12825,,249896,14,7,13,000,2022,09,02,1,3,3,5,2,,1,0,0,0,1,,"735059,585314885945991","5690865,029965220019221",12.3735912180001,51.320439655,4,,4,Süd,,,,4.0,,0,14220911148410677460,,0,
12826,,249904,14,7,13,000,2022,10,12,5,3,5,3,0,,0,1,0,1,0,,"740260,102094726986252","5688676,667118719778955",12.4466123720001,51.2986256,3,,3,Südost,,,,3.0,,0,14221013148210738800,,0,
12827,,249908,14,7,13,000,2022,09,21,7,3,0,7,2,,0,0,0,0,0,,"735162,563231216976419","5693698,882987130433321",12.376936755,51.345834805,0,,0,Mitte,,,,0.0,,1,14220910148410644480,,0,
12828,,249930,14,7,13,000,2022,09,15,6,3,0,6,0,,0,1,0,1,0,,"739510,473109773942269","5691851,123051679693162",12.438010874,51.32743473,2,,2,Ost,,,,2.0,,0,14220902148210643051,,0,
12829,,249933,14,7,13,000,2022,08,10,7,3,5,3,0,,0,1,0,1,0,,"731976,097452761954628","5693976,875628399662673",12.3314438350001,51.3496394160001,7,,7,Alt-West,,,,7.0,,0,14220827148310640080,,1,
12830,,249941,14,7,13,000,2022,10,16,4,3,5,3,0,,1,1,0,0,0,,"734993,708243396948092","5693901,439145180396736",12.374650209,51.3477228410001,0,,0,Mitte,,,,0.0,,0,14221012144200737620,,0,
12831,,249944,14,7,13,000,2022,09,09,4,3,5,3,0,,1,1,0,0,0,,"735562,971085836994462","5692151,162850639782846",12.3816523030001,51.3317762440001,0,,0,Mitte,,,,0.0,,0,14220928144200737590,,1,
12832,,249946,14,7,13,000,2022,08,19,7,3,0,1,0,,1,0,0,0,0,,"730801,377324423054233","5694833,236372220329940",12.31515928,51.3578050570001,7,,7,Alt-West,,,,7.0,,0,14220813148310571770,,0,
12833,,249956,14,7,13,000,2022,09,12,2,3,2,6,0,,1,1,0,0,0,,"742121,157112961052917","5693296,761089029721916",12.476394181,51.3393048900001,2,,2,Ost,,,,2.0,,0,14220926149224691030,,0,
12834,,249958,14,7,13,000,2022,09,10,2,2,5,2,0,,1,1,0,0,0,,"734547,005001473007724","5698528,718985999934375",12.37129945,51.3894434810001,9,,9,Nord,,,,9.0,,0,14220912144200764770,,0,
12835,,249959,14,7,13,000,2022,08,09,5,3,1,5,0,,1,1,0,0,0,,"737676,020207399968058","5691873,745827089995146",12.4117439360001,51.3284071520001,3,,3,Südost,,,,3.0,,0,14220811148410572270,,0,
12836,,249960,14,7,13,000,2022,10,13,3,3,2,6,0,,0,1,0,0,0,,"739994,641228456981480","5694277,542331459932029",12.446582091,51.3490095130001,2,,2,Ost,,,,2.0,,0,14221011148210738460,,0,
12837,,249961,14,7,13,000,2022,09,02,1,3,0,1,2,,1,0,0,0,0,,"737248,367001533973962","5692229,234984830021858",12.4058534590001,51.331776566,3,,3,Südost,,,,3.0,,0,14220904148410641491,,0,
12838,,249962,14,7,13,000,2022,10,10,5,3,3,2,0,,1,0,0,0,0,,"735095,955001492053270","5694524,133985820226371",12.3765270700001,51.353270084,0,,0,Mitte,,,,0.0,,0,14221006144200776770,,0,
12839,,249963,14,7,13,000,2022,09,05,4,3,2,6,2,,0,1,0,0,0,,"728403,523891004035249","5699542,928761719726026",12.283805478,51.4010534930001,8,,8,Nordwest,,,,8.0,,0,14220907148110643010,,0,
12840,,249964,14,7,13,000,2022,09,14,2,3,1,5,0,,1,1,0,0,0,,"734291,972806756966747","5695502,347152389585972",12.365645581,51.362382923,9,,9,Nord,,,,9.0,,0,14220919148110690980,,0,
12841,,249965,14,7,13,000,2022,08,07,3,3,5,3,0,,0,1,0,0,0,,"732057,564396732021123","5692939,282448990270495",12.331935432,51.340291952,7,,7,Alt-West,,,,7.0,,0,14220816148310580620,,0,
12842,,249969,14,7,13,000,2022,10,20,1,2,0,7,2,,1,0,0,0,0,,"732115,623521544039249","5690521,543170309625566",12.3311928270001,51.3185647540001,5,,5,Südwest,,,,5.0,,0,14221009148310717150,,0,
12843,,249972,14,7,13,000,2022,09,06,6,3,5,3,2,,1,1,0,0,0,,"736571,285384421003982","5697169,603461500257254",12.399436016,51.376403958,1,,1,Nordost,,,,1.0,,0,14220930148110702320,,0,
12844,,249982,14,7,13,000,2022,08,13,6,3,5,3,0,,0,1,0,0,0,,"743647,990322745987214","5694326,837577910162508",12.4989776080001,51.3478979160001,2,,2,Ost,,,,2.0,,0,14220812144200571080,,0,
12845,,249984,14,7,13,000,2022,09,06,3,3,5,3,1,,1,1,0,0,0,,"736385,398961629020050","5695700,018370389938354",12.3957929160001,51.3632901890001,9,,9,Nord,,,,9.0,,0,14220906144200643580,,0,
12846,,249989,14,7,13,000,2022,09,21,6,3,0,1,1,,1,0,0,0,0,,"734626,289084527990781","5692413,933824620209634",12.3684036820001,51.3345221320001,0,,0,Mitte,,,,0.0,,0,14220909144100653910,,0,
12847,,249991,14,7,13,000,2022,08,14,4,3,0,7,0,,0,1,0,1,0,,"740375,014275592984632","5688895,333469940349460",12.448404855,51.3005398010001,3,,3,Südost,,,,3.0,,0,14220824148210605470,,0,
12848,,249997,14,7,13,000,2022,10,08,4,3,5,2,0,,1,1,0,0,0,,"735043,351325970957987","5693380,729835719801486",12.3750180500001,51.3430282470001,0,,0,Mitte,,,,0.0,,0,14221005148410708070,,0,
12849,,249998,14,7,13,000,2022,09,07,5,2,5,2,0,,1,1,0,0,0,,"735971,895910489954986","5695489,167217460460961",12.389724039,51.361569434,9,,9,Nord,,,,9.0,,0,14220908148110703260,,0,
12850,,250005,14,7,13,000,2022,08,08,3,3,5,3,0,,1,1,0,0,0,,"735337,549603970954195","5692024,834408029913902",12.37833885,51.3307355860001,0,,0,Mitte,,,,0.0,,0,14220830148410678270,,0,
12851,,250008,14,7,13,000,2022,10,06,3,3,3,6,2,,0,1,0,0,1,,"735940,356477390974760","5694435,181993350386620",12.3885729460001,51.35212174,1,,1,Nordost,,,,1.0,,0,14221004148110788440,,0,
12852,,250011,14,7,13,000,2022,08,09,3,3,5,3,0,,1,1,0,0,0,,"730660,120005915057845","5690363,504722800105810",12.3102395770001,51.3177378680001,6,,6,West,,,,6.0,,0,14220816148310580610,,0,
12853,,250012,14,7,13,000,2022,09,14,1,3,6,7,0,,0,1,0,0,0,,"730471,767283392953686","5694651,821040290407836",12.310315846,51.3563102780001,7,,7,Alt-West,,,,7.0,,1,14220925148310691900,,0,
12854,,250019,14,7,13,000,2022,09,19,6,2,6,4,0,,0,0,1,0,0,,"735915,697355136042461","5692869,178477769717574",12.387181872,51.3380751560001,0,,0,Mitte,,,,0.0,,1,14220916144200676730,,0,
12855,,250025,14,7,13,000,2022,08,14,2,3,0,7,0,,1,0,0,0,0,,"733022,804612620966509","5691147,997812209650874",12.344597838,51.3238174890001,5,,5,Südwest,,,,5.0,,0,14220829148310607280,,0,
12856,,250026,14,7,13,000,2022,09,10,5,3,1,5,0,,1,1,0,0,0,,"736621,722887034993619","5693780,633433730341494",12.3979051920001,51.3459631860001,2,,2,Ost,,,,2.0,,0,14220922148410684330,,0,
12857,,250030,14,7,13,000,2022,09,17,4,3,0,1,0,,0,0,0,1,0,,"736702,568949338980019","5693674,377715219743550",12.3989933170001,51.3449757670001,2,,2,Ost,,,,2.0,,0,14220914145200717530,,1,
12858,,250031,14,7,13,000,2022,08,19,7,3,5,2,0,,0,1,0,0,0,,"732384,653591349022463","5696306,486670340411365",12.3388222340001,51.3703846970001,8,,8,Nordwest,,,,8.0,,0,14220813144200571750,,0,
12859,,250033,14,7,13,000,2022,09,15,5,3,3,6,0,,1,1,0,0,0,,"735037,508371316012926","5695436,181027639657259",12.3762916760001,51.3614810880001,9,,9,Nord,,,,9.0,,0,14220901148110644860,,0,
12860,,250034,14,7,13,000,2022,09,06,3,2,5,3,1,,1,0,0,0,1,,"739331,759168016025797","5696005,532389099709690",12.438243078,51.3647989900001,1,,1,Nordost,,,,1.0,,0,14220906144200642440,,0,
12861,,250036,14,7,13,000,2022,08,19,7,3,9,1,1,,0,1,0,0,0,,"735608,619027510983869","5693359,339181110262871",12.383105476,51.342602287,0,,0,Mitte,,,,0.0,,0,14220827144200612761,,0,
12862,,250037,14,7,13,000,2022,09,17,4,2,0,7,0,,1,0,0,0,0,,"736390,345282998983748","5697181,919564370065928",12.396849079,51.376589853,9,,9,Nord,,,,9.0,,0,14220921148410739370,,0,
12863,,250040,14,7,13,000,2022,08,22,4,3,5,2,2,,0,1,0,0,0,,"739102,078324771951884","5699446,166754689998925",12.4372649540001,51.3957779030001,1,,1,Nordost,,,,1.0,,0,14220824144200605440,,0,
12864,,250045,14,7,13,000,2022,10,07,4,3,4,6,0,,1,0,0,0,0,,"735562,104230436962098","5692941,653113720007241",12.3821625580001,51.338872286,0,,0,Mitte,,,,0.0,,0,14221005148321717610,,0,
12865,,250048,14,7,13,000,2022,08,09,3,2,5,3,0,,1,0,0,0,0,,"736541,800040832022205","5693018,273326010443270",12.3962532790001,51.339153378,2,,2,Ost,,,,2.0,,1,14220816144200606880,,0,
12866,,250058,14,7,13,000,2022,08,16,1,3,5,3,0,,1,1,0,0,0,,"734178,004950114991516","5700115,383712270297110",12.367052046,51.4038382940001,9,,9,Nord,,,,9.0,,0,14220814148110580570,,0,
12867,,250059,14,7,13,000,2022,09,08,6,3,3,6,0,,0,1,0,0,0,,"732044,475001330021769","5698789,464327899739146",12.3355651360001,51.392812635,8,,8,Nordwest,,,,8.0,,0,14220902148110642991,,0,
12868,,250063,14,7,13,000,2022,08,06,2,3,4,6,1,,1,1,0,0,0,,"735972,064725619042292","5700301,245724540203810",12.39292254,51.4047632790001,9,,9,Nord,,,,9.0,,0,14220829148110643610,,0,
12869,,250066,14,7,13,000,2022,09,09,6,3,2,6,0,,0,1,0,0,0,,"732738,326951722963713","5694134,037189019843936",12.34247312,51.350738633,0,,0,Mitte,,,,0.0,,0,14220909148410644210,,0,
12870,,250069,14,7,13,000,2022,09,16,5,3,2,6,0,,0,1,0,1,0,,"741585,418395800981671","5686688,687474030070007",12.464242794,51.280221628,3,,3,Südost,,,,3.0,,0,14220915148210654550,,0,
12871,,250082,14,7,13,000,2022,09,15,6,3,5,3,0,,1,1,0,0,0,,"733401,937347739003599","5692158,482565240003169",12.350691333,51.3327328140001,5,,5,Südwest,,,,5.0,,0,14220909148310675630,,1,
12872,,250085,14,7,13,000,2022,09,13,3,2,0,1,0,,0,0,0,0,0,,"735112,128977449028753","5694111,680602219887078",12.376486486,51.349561076,0,,0,Mitte,,,,0.0,,1,14220913148415684530,,1,
12873,,250092,14,7,13,000,2022,09,16,3,3,1,7,0,,0,1,0,0,0,,"739863,995037990971468","5692312,181617789901793",12.4433859230001,51.3314241310001,2,,2,Ost,,,,2.0,,0,14220920149210677480,,0,
12874,,250094,14,7,13,000,2022,09,14,2,3,2,6,0,,0,1,0,0,0,,"735292,236074798973277","5690448,947834160178900",12.3766494810001,51.3166085930001,4,,4,Süd,,,,4.0,,0,14220926148210764040,,0,
12875,,250097,14,7,13,000,2022,08,12,4,2,8,1,0,,0,1,0,0,0,,"734342,269815603969619","5696047,956625440157950",12.366726269,51.367259791,9,,9,Nord,,,,9.0,,0,14220810144200572230,,0,
12876,,250102,14,7,13,000,2022,09,18,4,3,3,2,0,,0,1,0,1,0,,"736797,202343548997305","5697142,179865020327270",12.4026579370001,51.3760636490001,1,,1,Nordost,,,,1.0,,0,14220907144200717510,,0,
12877,,250103,14,7,13,000,2022,09,14,6,3,5,2,0,,0,1,0,0,0,,"736686,883673061965965","5693032,217288729734719",12.398341714,51.3392181740001,3,,3,Südost,,,,3.0,,1,14220930148410738190,,0,
12878,,250120,14,7,13,000,2022,10,09,6,3,0,7,0,,0,0,1,0,0,,"732530,341575423954055","5691951,309598050080240",12.3380664490001,51.3312300750001,5,,5,Südwest,,,,5.0,,1,14221007144200765201,,0,
12879,,250123,14,7,13,000,2022,08,21,5,3,6,2,2,,0,0,1,0,0,,"735826,745147385983728","5699920,629566930234432",12.3905840640001,51.4014072470001,9,,9,Nord,,,,9.0,,1,14220818144200580560,,1,
12880,,250128,14,7,13,000,2022,08,18,4,3,3,6,0,,1,0,0,1,0,,"731774,276645774953067","5690161,079097339883447",12.326068611,51.315468052,5,,5,Südwest,,,,5.0,,0,14220810148310590370,,0,
12881,,250131,14,7,13,000,2022,10,11,5,3,5,3,0,,1,1,0,0,0,,"735114,719161367043853","5688744,963659480214119",12.372983854,51.3013862720001,4,,4,Süd,,,,4.0,,0,14221006148210738440,,0,
12882,,250138,14,7,13,000,2022,10,20,2,3,0,7,2,,1,0,0,0,0,,"737351,929968719021417","5692593,769230210222304",12.407580185,51.3350054470001,2,,2,Ost,,,,2.0,,0,14221010148410717960,,0,
12883,,250140,14,7,13,000,2022,10,17,3,3,5,3,0,,0,1,0,0,0,,"737146,486050080973655","5694335,962995469570160",12.405796482,51.3507292130001,1,,1,Nordost,,,,1.0,,0,14221004144200888290,,0,
12884,,250142,14,7,13,000,2022,09,12,6,3,1,5,0,,0,1,0,1,0,,"732492,851132162963040","5691515,122710580006242",12.3372446830001,51.32732987,5,,5,Südwest,,,,5.0,,0,14220916148310679160,,0,
12885,,250144,14,7,13,000,2022,11,12,6,3,5,3,0,,0,1,0,1,0,,"727797,159913643961772","5689091,726708020083606",12.268412853,51.307473879,6,,6,West,,,,6.0,,0,14221104148310806550,,1,
12886,,250147,14,7,13,000,2022,11,12,5,3,2,6,0,,0,1,0,0,0,,"735560,321732906973921","5692936,565767220221460",12.382133648,51.338827359,0,,0,Mitte,,,,0.0,,0,14221124148410864810,,1,
12887,,250151,14,7,13,000,2022,12,10,2,3,5,3,0,,1,1,0,0,0,,"735076,370335309999064","5690256,869191310368478",12.373430785,51.314973621,4,,4,Süd,,,,4.0,,0,14221205148210909350,,0,