UNFALL_ID,FID_left,OBJECTID,ULAND,UREGBEZ,UKREIS,UGEMEINDE,UJAHR,UMONAT,USTUNDE,UWOCHENTAG,UKATEGORIE,UART,UTYP1,ULICHTVERH,IstStrasse,IstRad,IstPKW,IstFuss,IstKrad,IstGkfz,IstSonstig,LINREFX,LINREFY,XGCSWGS84,YGCSWGS84,index_right,FID_right,SBZ,Name,UIDENTSTLA,LICHT,STRZUSTAND,FID,OBJECTID_1,IstSonstige,UIDENTSTLAE,OID_,IstStrassenzustand,PLST
12888,,250156,14,7,13,000,2022,11,18,5,2,5,3,2,,1,1,0,0,0,,"742233,482624443015084","5693544,499361050315201",12.4781722590001,51.341480603,2,,2,Ost,,,,2.0,,0,14221103144200842810,,0,
12889,,250158,14,7,13,000,2022,11,07,4,3,5,3,0,,1,1,0,0,0,,"737087,917863314040005","5697896,015187540091574",12.407330384,51.382708789,1,,1,Nordost,,,,1.0,,0,14221109148110830930,,1,
12890,,250161,14,7,13,000,2022,12,16,2,2,6,7,2,,0,1,1,0,0,,"738009,817220657016151","5694571,312795920297503",12.4183290030001,51.3524808710001,1,,1,Nordost,,,,1.0,,0,14221219144200930710,,1,
12891,,250166,14,7,13,000,2022,11,06,6,3,2,6,1,,0,1,0,0,0,,"736339,316833863966167","5694307,684839259833097",12.3942073650001,51.3508115590001,1,,1,Nordost,,,,1.0,,0,14221111148410830560,,0,
12892,,250170,14,7,13,000,2022,11,16,5,3,5,2,1,,1,1,0,0,0,,"735763,379945533000864","5692859,770823219791055",12.3849928330001,51.338053878,0,,0,Mitte,,,,0.0,,0,14221117144100910150,,1,
12893,,250174,14,7,13,000,2022,11,18,7,2,6,6,2,,0,1,1,0,0,,"732108,625427293009125","5692961,974012919701636",12.3326820340001,51.3404748080001,7,,7,Alt-West,,,,7.0,,0,14221105148320049840,,0,
12894,,250176,14,7,13,000,2022,11,19,6,3,5,3,2,,1,1,0,0,0,,"737405,497486897045746","5693654,007187769748271",12.4090544690001,51.344499839,2,,2,Ost,,,,2.0,,0,14221111144200822820,,0,
12895,,250180,14,7,13,000,2022,12,10,1,3,5,3,0,,0,1,0,0,0,,"738236,285485413973220","5690986,445139739662409",12.4191779970001,51.3202084160001,3,,3,Südost,,,,3.0,,0,14221204148210943880,,1,
12896,,250188,14,7,13,000,2022,11,14,4,3,5,3,0,,0,1,0,0,0,,"736040,556506218970753","5693583,185746920295060",12.389444407,51.3444324380001,0,,0,Mitte,,,,0.0,,1,14221109144200893010,,0,
12897,,250189,14,7,13,000,2022,11,17,2,3,2,6,2,,0,1,0,0,0,,"733014,295158077031374","5690596,184585670009255",12.344115296,51.3188675260001,5,,5,Südwest,,,,5.0,,0,14221121148310888790,,1,
12898,,250191,14,7,13,000,2022,10,09,5,3,5,2,0,,0,1,0,1,0,,"737164,263870625058189","5691280,470883170142770",12.404017085,51.3232954280001,3,,3,Südost,,,,3.0,,0,14221027148410776760,,0,
12899,,250192,14,7,13,000,2022,12,09,6,3,5,3,0,,1,1,0,0,0,,"731773,544710173038766","5690161,121455029584467",12.3260581540001,51.3154687300001,5,,5,Südwest,,,,5.0,,0,14221216148310929490,,1,
12900,,250197,14,7,13,000,2022,11,18,2,2,6,4,2,,1,0,1,0,0,,"727423,039028945961036","5689705,592945680022240",12.2634456690001,51.3131343970001,6,,6,West,,,,6.0,,0,14221114144200887030,,0,
12901,,250200,14,7,13,000,2022,10,13,1,3,5,2,0,,1,1,0,0,0,,"736590,490405458956957","5693784,751732069998980",12.3974602750001,51.3460131510001,2,,2,Ost,,,,2.0,,0,14221030148410777410,,0,
12902,,250207,14,7,13,000,2022,10,08,2,3,6,4,0,,0,1,1,0,0,,"735593,794916194048710","5693138,829968280158937",12.382747141,51.340629075,0,,0,Mitte,,,,0.0,,0,14221017148410739210,,0,
12903,,250210,14,7,13,000,2022,12,14,5,3,1,5,0,,0,1,0,0,0,,"740409,920895287999883","5688960,360480830073357",12.4489484420001,51.3011087310001,3,,3,Südost,,,,3.0,,0,14221215144200938310,,0,
12904,,250212,14,7,13,000,2022,11,09,5,3,5,2,0,,1,1,0,0,0,,"735012,572063855011947","5691985,078764379955828",12.373656173,51.330513081,0,,0,Mitte,,,,0.0,,0,14221117148410865200,,0,
12905,,250215,14,7,13,000,2022,11,18,1,2,1,7,2,,1,1,0,0,0,,"737309,729388899053447","5696753,481327329762280",12.40974921,51.3723607650001,1,,1,Nordost,,,,1.0,,0,14221106144200807330,,0,
12906,,250216,14,7,13,000,2022,10,14,7,3,9,1,0,,0,1,0,0,0,,"739302,489167912048288","5699513,353846049867570",12.440185715,51.3962964830001,1,,1,Nordost,,,,1.0,,0,14221015144200738420,,0,
12907,,250217,14,7,13,000,2022,11,17,5,3,5,3,2,,1,0,0,0,0,,"729302,481632741983049","5691013,780267070047557",12.2912087020001,51.324124156,6,,6,West,,,,6.0,,1,14221110148310843210,,0,
12908,,250232,14,7,13,000,2022,11,07,2,3,5,2,1,,1,1,0,0,0,,"736131,274580047000200","5693490,193799460306764",12.390682966,51.343560053,0,,0,Mitte,,,,0.0,,0,14221128148410893050,,0,
12909,,250250,14,7,13,000,2022,12,16,6,3,6,4,1,,0,1,1,0,0,,"736702,786325286957435","5697350,396060939878225",12.401442466,51.37797197,1,,1,Nordost,,,,1.0,,0,14221209145200931090,,0,
12910,,250256,14,7,13,000,2022,11,14,4,3,5,3,0,,0,1,0,0,0,,"732249,586661326000467","5696065,700911340303719",12.3367278960001,51.368278484,8,,8,Nordwest,,,,8.0,,0,14221102144200805930,,0,
12911,,250259,14,7,13,000,2022,11,16,3,3,5,2,0,,1,1,0,0,0,,"731597,023865811992437","5690705,360145810060203",12.3238830230001,51.3204261480001,5,,5,Südwest,,,,5.0,,0,14221129148310887830,,0,
12912,,250260,14,7,13,000,2022,11,09,2,3,5,3,0,,0,1,0,0,0,,"736014,285598473041318","5697117,945036619901657",12.3914129230001,51.376172017,9,,9,Nord,,,,9.0,,0,14221107144200807790,,0,
12913,,250277,14,7,13,000,2022,10,16,7,2,0,3,0,,1,1,1,0,0,,"737505,054627742967568","5697075,026211390271783",12.4127652,51.3751652990001,1,,1,Nordost,,,,1.0,,0,14221029144200805940,,0,
12914,,250278,14,7,13,000,2022,12,18,3,3,1,1,1,,0,1,0,0,0,,"735447,350902879028581","5693294,049302600324154",12.380750989,51.3420830270001,0,,0,Mitte,,,,0.0,,0,14221220148410938370,,0,
12915,,250280,14,7,13,000,2022,12,19,2,3,6,4,2,,1,0,1,0,0,,"735593,815623458009213","5693139,312038719654083",12.3827477570001,51.3406333930001,0,,0,Mitte,,,,0.0,,0,14221205148410909040,,1,
12916,,250282,14,7,13,000,2022,10,13,7,3,2,6,0,,0,1,0,0,0,,"734850,617001496022567","5691914,469986000098288",12.3712890620001,51.3299461560001,0,,0,Mitte,,,,0.0,,0,14221022148410764410,,0,
12917,,250288,14,7,13,000,2022,11,20,5,3,5,3,2,,1,1,0,0,0,,"735884,168776434962638","5692780,230262179858983",12.386671145,51.3372898120001,0,,0,Mitte,,,,0.0,,0,14221124148410852480,,1,
12918,,250295,14,7,13,000,2022,12,16,3,3,6,4,2,,0,1,1,0,0,,"740830,170671578031033","5694724,565660970285535",12.458860208,51.3526684500001,2,,2,Ost,,,,2.0,,0,14221220144200943860,,1,
12919,,250299,14,7,13,000,2022,10,11,6,3,6,4,0,,0,0,1,0,0,,"734766,953932757023722","5692496,603209029883146",12.370473857,51.335206161,0,,0,Mitte,,,,0.0,,1,14221021144200765260,,0,
12920,,250304,14,7,13,000,2022,11,12,3,2,0,1,0,,1,0,0,0,0,,"735497,591054940014146","5689739,581986109726131",12.3791226880001,51.3101561300001,4,,4,Süd,,,,4.0,,0,14221108662212808680,,0,
12921,,250312,14,7,13,000,2022,11,06,2,3,4,6,1,,1,0,0,0,0,,"741123,714703720994294","5696125,443128559738398",12.4640172910001,51.365117583,2,,2,Ost,,,,2.0,,0,14221114148210864400,,0,
12922,,250314,14,7,13,000,2022,11,18,4,3,5,3,2,,1,1,0,0,0,,"729224,430430634994991","5694727,606377379968762",12.29248075,51.3574950940001,7,,7,Alt-West,,,,7.0,,0,14221123148320887811,,1,
12923,,250315,14,7,13,000,2022,10,09,3,3,2,2,0,,0,1,0,0,0,,"738693,597425934043713","5697014,446008089929819",12.4297701850001,51.3741232730001,1,,1,Nordost,,,,1.0,,0,14221025148110830920,,0,
12924,,250323,14,7,13,000,2022,11,20,6,3,5,3,2,,0,1,0,0,0,,"734544,318764270050451","5698527,737298890016973",12.371260262,51.3894357790001,9,,9,Nord,,,,9.0,,0,14221118144200843170,,0,
12925,,250324,14,7,13,000,2022,12,14,5,3,2,6,0,,0,1,0,0,0,,"735593,529284617048688","5693133,375612519681454",12.3827397260001,51.3405802250001,0,,0,Mitte,,,,0.0,,0,14221222148410944540,,1,
12926,,250325,14,7,13,000,2022,12,14,4,3,5,3,0,,1,1,0,0,0,,"731895,639195377007127","5689081,623407449573278",12.3271054250001,51.3057285090001,5,,5,Südwest,,,,5.0,,0,14221207148310020210,,1,
12927,,250326,14,7,13,000,2022,12,14,4,2,6,4,0,,0,1,1,0,0,,"731851,043307275976986","5689316,650176879949868",12.3266194510001,51.3078564740001,5,,5,Südwest,,,,5.0,,0,14221214144200939110,,0,
12928,,250327,14,7,13,000,2022,10,03,1,2,0,7,2,,1,0,0,0,0,,"735403,640928796026856","5690909,421813449822366",12.3785492270001,51.320695906,4,,4,Süd,,,,4.0,,0,14221023148210764820,,0,
12929,,250328,14,7,13,000,2022,11,17,5,3,5,3,2,,1,1,0,0,0,,"735278,721389935002662","5690883,554488119669259",12.3767426370001,51.3205153750001,4,,4,Süd,,,,4.0,,0,14221117148221831350,,1,
12930,,250329,14,7,13,000,2022,12,23,7,3,5,3,2,,0,1,0,0,0,,"732971,556013153982349","5691188,951325920410454",12.343890371,51.3242061020001,5,,5,Südwest,,,,5.0,,1,14221224148210983640,,1,
12931,,250338,14,7,13,000,2022,12,15,3,3,1,5,0,,0,1,0,0,0,,"733795,340206529013813","5697190,693368890322745",12.359634741,51.3777428700001,9,,9,Nord,,,,9.0,,0,14221206148110908990,,1,
12932,,250339,14,7,13,000,2022,12,14,2,3,6,4,0,,0,1,1,0,0,,"737241,883378189057112","5694408,761225869879127",12.407212459,51.3513428460001,1,,1,Nordost,,,,1.0,,0,14221212148110938340,,1,
12933,,250340,14,7,13,000,2022,10,13,6,2,6,4,0,,0,0,1,0,0,,"735288,098939480027184","5697934,828875710256398",12.3815384000001,51.3838058910001,9,,9,Nord,,,,9.0,,1,14221021144200808360,,0,
12934,,250341,14,7,13,000,2022,11,07,2,3,5,7,0,,1,1,0,0,0,,"737744,469423179980367","5693705,901761270128191",12.413947358,51.344824004,2,,2,Ost,,,,2.0,,0,14221114148110823130,,1,
12935,,250344,14,7,13,000,2022,10,13,6,3,6,4,0,,1,0,1,0,0,,"737035,598083700984716","5693764,305265280418098",12.403826349,51.3456442180001,2,,2,Ost,,,,2.0,,0,14221014148110738430,,0,
12936,,250348,14,7,13,000,2022,12,08,2,3,1,6,0,,0,1,0,0,0,,"735095,906699276994914","5694530,996783009730279",12.376530911,51.3533317060001,0,,0,Mitte,,,,0.0,,0,14221219145400939140,,1,
12937,,250350,14,7,13,000,2022,12,00,7,3,6,4,2,,0,1,1,0,0,,"734834,106316077988595","5692993,874034320004284",12.371763973,51.339642139,0,,0,Mitte,,,,0.0,,0,14221203148410930270,,1,
12938,,250353,14,7,13,000,2022,11,20,7,3,5,3,2,,0,1,0,0,0,,"735272,266402221983299","5691182,326493560336530",12.3768473210001,51.3231999340001,4,,4,Süd,,,,4.0,,0,14221112148210909760,,0,
12939,,250356,14,7,13,000,2022,10,16,2,3,5,3,0,,0,1,0,1,0,,"731842,844259607954882","5689359,503425209783018",12.326529867,51.3082445000001,5,,5,Südwest,,,,5.0,,0,14221024144200808430,,0,
12940,,250360,14,7,13,000,2022,11,15,3,2,5,2,0,,1,1,0,0,0,,"736259,485859125969000","5692082,116380150429904",12.3915866470001,51.330867595,0,,0,Mitte,,,,0.0,,0,14221129144200886100,,0,
12941,,250368,14,7,13,000,2022,11,05,2,3,4,2,2,,0,1,0,1,0,,"735030,973838838050142","5696509,532395499758422",12.3769073510001,51.3711185240001,9,,9,Nord,,,,9.0,,0,14221114148110830950,,0,
12942,,250371,14,7,13,000,2022,11,14,5,3,6,2,0,,0,1,1,0,0,,"730398,721790865994990","5693955,738076239824295",12.3088179210001,51.350091197,7,,7,Alt-West,,,,7.0,,0,14221124144200852380,,1,
12943,,250377,14,7,13,000,2022,11,18,2,2,6,4,2,,0,1,1,0,0,,"735826,856947751948610","5692820,873836879618466",12.385876749,51.337678408,0,,0,Mitte,,,,0.0,,0,14221107144200808420,,0,
12944,,250378,14,7,13,000,2022,10,07,2,3,0,7,0,,1,0,0,0,1,,"735600,100318273995072","5695318,017174470238388",12.384279877,51.3601874300001,9,,9,Nord,,,,9.0,,0,14221017144200763960,,0,
12945,,250387,14,7,13,000,2022,11,07,3,3,5,3,0,,1,1,0,0,0,,"737759,980325571959838","5700557,074827260337770",12.4187525140001,51.4063131170001,9,,9,Nord,,,,9.0,,0,14221115148110830520,,0,
12946,,250388,14,7,13,000,2022,12,20,1,3,5,3,2,,0,1,0,0,0,,"737715,468177906004712","5695330,682277469895780",12.4146168730001,51.3594201290001,1,,1,Nordost,,,,1.0,,0,14221225144200944490,,1,
12947,,250392,14,7,13,000,2022,11,19,4,3,4,2,2,,1,1,0,0,0,,"734265,483499053050764","5691963,249037490226328",12.3629370670001,51.3306252950001,0,,0,Mitte,,,,0.0,,0,14221109148410830580,,0,
12948,,250393,14,7,13,000,2022,11,15,6,3,0,1,0,,0,0,0,1,0,,"730818,342389864032157","5693661,449676429852843",12.31464257,51.3472791620001,7,,7,Alt-West,,,,7.0,,0,14221125148310865600,,1,
12949,,250400,14,7,13,000,2022,11,12,2,3,2,6,0,,0,0,0,1,0,,"730954,589212864986621","5693945,345011860132217",12.3167797940001,51.3497723230001,7,,7,Alt-West,,,,7.0,,1,14221114148310823140,,0,
12950,,250403,14,7,13,000,2022,10,13,6,3,5,3,0,,1,1,0,0,0,,"729881,256247141049244","5690125,391366049647331",12.2989284170001,51.3159154580001,6,,6,West,,,,6.0,,0,14221014148310739350,,0,
12951,,250410,14,7,13,000,2022,10,11,2,3,5,3,0,,0,1,0,0,0,,"736069,336225943989120","5688112,750001610256732",12.386235254,51.295316363,4,,4,Süd,,,,4.0,,1,14221017144200739310,,0,
12952,,250414,14,7,13,000,2022,11,10,5,2,6,2,0,,0,1,1,0,0,,"738364,698912870022468","5690897,236778119578958",12.420957835,51.319353909,3,,3,Südost,,,,3.0,,0,14221117144200842500,,1,
12953,,250423,14,7,13,000,2022,12,18,3,3,5,3,2,,0,1,0,0,0,,"735041,518001500982791","5691285,000985920429230",12.373609263,51.3242169480001,4,,4,Süd,,,,4.0,,1,14221220144200970240,,1,
12954,,250424,14,7,13,000,2022,12,20,2,3,5,3,2,,0,1,0,0,0,,"742285,908603913965635","5694030,521007340401411",12.479254224,51.345820497,2,,2,Ost,,,,2.0,,1,14221205144200888710,,1,
12955,,250429,14,7,13,000,2022,11,08,5,3,5,3,0,,1,0,0,0,0,,"735174,160907131968997","5693483,989999090321362",12.376961055,51.343901056,0,,0,Mitte,,,,0.0,,0,14221103148415806560,,0,
12956,,250433,14,7,13,000,2022,10,09,5,3,5,3,0,,1,1,0,0,0,,"734727,604061282007024","5699346,820720150135458",12.3744312970001,51.3967123480001,9,,9,Nord,,,,9.0,,0,14221027148110776370,,0,
12957,,250436,14,7,13,000,2022,12,18,6,3,6,7,2,,0,1,1,0,0,,"734750,789063630974852","5691162,523143590427935",12.3693634580001,51.3232375600001,4,,4,Süd,,,,4.0,,0,14221202143263888690,,1,
12958,,250439,14,7,13,000,2022,11,13,2,3,2,2,0,,0,1,0,0,0,,"728894,027457923046313","5700995,540568710304797",12.2917822520001,51.413895962,8,,8,Nordwest,,,,8.0,,0,14221114148113831330,,0,
12959,,250449,14,7,13,000,2022,11,14,3,3,2,6,0,,0,1,0,0,0,,"736886,625549518968910","5691339,574254229664803",12.400078953,51.3239416060001,0,,0,Mitte,,,,0.0,,0,14221108144200814440,,0,
12960,,250450,14,7,13,000,2022,11,10,5,3,5,3,0,,1,0,0,0,0,,"734176,382943417993374","5692174,371992249973118",12.361799117,51.332557127,0,,0,Mitte,,,,0.0,,1,14221124148313863960,,1,
12961,,250454,14,7,13,000,2022,12,09,5,3,3,5,0,,0,1,0,1,0,,"735641,175035618944094","5696593,020620999857783",12.385713594,51.3716151200001,9,,9,Nord,,,,9.0,,0,14221201148410929500,,1,
12962,,250456,14,7,13,000,2022,10,21,3,3,5,2,2,,1,1,0,0,0,,"731766,569462415995076","5690052,420715570449829",12.3258876030001,51.3144957800001,5,,5,Südwest,,,,5.0,,0,14221018148310806540,,1,
12963,,250457,14,7,13,000,2022,11,08,2,3,5,2,0,,1,1,0,0,0,,"736440,566752754966728","5691191,962705099955201",12.3935907540001,51.3228021510001,0,,0,Mitte,,,,0.0,,0,14221114144200823110,,0,
12964,,250460,14,7,13,000,2022,10,16,6,3,3,5,0,,1,1,0,0,0,,"734538,349406969966367","5695603,689669529907405",12.3692450790001,51.363190966,9,,9,Nord,,,,9.0,,0,14221014148310738140,,0,
12965,,250465,14,7,13,000,2022,12,16,5,3,5,3,1,,0,1,0,0,0,,"735505,698295457055792","5692056,121636000461876",12.3807688410001,51.330946839,0,,0,Mitte,,,,0.0,,0,14221229148410967750,,0,
12966,,250471,14,7,13,000,2022,12,12,5,3,6,4,0,,0,1,1,0,0,,"734877,220840706955642","5694491,012378009967506",12.373369527,51.3530632050001,0,,0,Mitte,,,,0.0,,0,14221222148410939190,,1,
12967,,250473,14,7,13,000,2022,11,17,5,3,5,3,2,,1,1,0,0,0,,"735785,304785785963759","5689446,165473570115864",12.3830494380001,51.3074032260001,4,,4,Süd,,,,4.0,,0,14221117148210842550,,1,
12968,,250474,14,7,13,000,2022,12,02,2,2,4,6,2,,0,1,0,1,0,,"736930,121962639037520","5692503,570015840232372",12.401475915,51.3343716810001,3,,3,Südost,,,,3.0,,0,14221226144200944381,,1,
12969,,250481,14,7,13,000,2022,11,20,1,3,3,2,2,,1,1,0,0,0,,"735113,325645647011697","5689416,274598970077932",12.373406142,51.3074128260001,4,,4,Süd,,,,4.0,,0,14221120144200931060,,0,
12970,,250482,14,7,13,000,2022,12,16,3,3,2,6,2,,0,1,0,0,0,,"736790,607343118055724","5693773,530057270079851",12.4003210770001,51.3458291110001,2,,2,Ost,,,,2.0,,0,14221220144200938440,,1,
12971,,250484,14,7,13,000,2022,12,13,6,3,5,3,0,,0,1,0,0,0,,"735708,163537699030712","5692651,758605790324509",12.3840639050001,51.3362095900001,0,,0,Mitte,,,,0.0,,0,14221209148410944080,,0,
12972,,250488,14,7,13,000,2022,10,07,6,3,5,3,0,,1,1,0,0,0,,"734804,899798830039799","5691681,527508540078998",12.370480538,51.3278740380001,0,,0,Mitte,,,,0.0,,0,14221014148410764060,,0,
12973,,250489,14,7,13,000,2022,11,08,4,3,5,3,0,,1,1,0,0,0,,"734722,900087342946790","5690559,749800349585712",12.3685671120001,51.3178383010001,4,,4,Süd,,,,4.0,,0,14221109148210843590,,1,
12974,,250490,14,7,13,000,2022,11,15,5,3,5,3,0,,0,1,0,0,0,,"736178,673045682022348","5688201,333740710280836",12.387859258,51.29606619,4,,4,Süd,,,,4.0,,0,14221124148210930240,,1,
12975,,250494,14,7,13,000,2022,12,17,5,2,5,3,2,,1,1,0,0,0,,"734873,716504293028265","5694491,977810489945114",12.3733199280001,51.353073319,0,,0,Mitte,,,,0.0,,0,14221201148410886680,,1,
12976,,250499,14,7,13,000,2022,10,22,1,3,2,6,2,,0,1,0,0,0,,"735312,938607007032260","5692596,996810150332749",12.3783640840001,51.3358816940001,0,,0,Mitte,,,,0.0,,0,14221030148414807810,,0,
12977,,250500,14,7,13,000,2022,11,11,4,3,2,6,0,,0,1,0,0,0,,"737785,550796983996406","5693746,268590879626572",12.414563109,51.3451691560001,2,,2,Ost,,,,2.0,,1,14221123144200888700,,1,
12978,,250514,14,7,13,000,2022,10,18,3,3,2,6,2,,0,1,0,0,0,,"732148,999755866010673","5696422,500959619879723",12.33551836,51.3715224800001,8,,8,Nordwest,,,,8.0,,0,14221025144200766330,,0,
12979,,250521,14,7,13,000,2022,12,12,5,3,5,3,0,,1,1,0,0,0,,"736336,970421949983574","5692764,056029969826341",12.3931492180001,51.3369566380001,0,,0,Mitte,,,,0.0,,0,14221222148410968080,,0,
12980,,250523,14,7,13,000,2022,12,15,5,3,5,3,0,,1,1,0,0,0,,"738850,784669592976570","5689348,729510930366814",12.42688386,51.305250824,3,,3,Südost,,,,3.0,,0,14221215144200928900,,0,
12981,,250524,14,7,13,000,2022,10,08,2,3,0,7,0,,1,0,0,0,0,,"732475,886833820026368","5691791,190378810279071",12.3371816960001,51.3298149870001,5,,5,Südwest,,,,5.0,,0,14221024148310766600,,1,
12982,,250530,14,7,13,000,2022,11,15,5,3,2,6,0,,0,1,0,0,0,,"727870,179128439980559","5683212,463263969868422",12.2657098330001,51.2546639710001,5,,5,Südwest,,,,5.0,,1,14221110148310822890,,0,
12983,,250537,14,7,13,000,2022,12,08,2,3,5,3,0,,1,1,0,0,0,,"736427,588001530035399","5689519,187985300086439",12.3922959940001,51.307792324,4,,4,Süd,,,,4.0,,0,14221212144200910170,,2,
12984,,250538,14,7,13,000,2022,10,13,6,2,5,2,0,,0,1,0,0,0,,"728481,388001376995817","5695057,687988650053740",12.282038829,51.360757531,7,,7,Alt-West,,,,7.0,,1,14221021144200763970,,1,
12985,,250542,14,7,13,000,2022,10,16,6,3,5,3,0,,0,1,0,0,0,,"737237,951048505026847","5692692,064249879680574",12.4060123890001,51.3359353060001,3,,3,Südost,,,,3.0,,0,14221014144320766270,,0,
12986,,250544,14,7,13,000,2022,11,12,5,3,3,6,0,,1,1,0,0,0,,"735052,957759403972887","5691110,407749489881098",12.373658042,51.322645003,4,,4,Süd,,,,4.0,,0,14221124148210910200,,0,
12987,,250550,14,7,13,000,2022,10,19,3,3,4,2,2,,1,1,0,0,0,,"734834,741001495043747","5692213,793986000120640",12.371258843,51.3326395650001,0,,0,Mitte,,,,0.0,,0,14221018148410788460,,1,
12988,,250559,14,7,13,000,2022,11,17,2,3,5,3,2,,1,1,0,0,0,,"731890,162158241961151","5692885,141481109894812",12.3295009400001,51.3398742320001,7,,7,Alt-West,,,,7.0,,0,14221107144200808410,,0,
12989,,250562,14,7,13,000,2022,11,08,6,3,3,5,0,,1,1,0,0,0,,"736460,873820243985392","5692746,123780920170248",12.394912875,51.3367441710001,3,,3,Südost,,,,3.0,,0,14221118148410842570,,1,
12990,,250571,14,7,13,000,2022,10,01,7,3,8,1,2,,0,1,0,0,0,,"738089,393480740953237","5690441,411976579576731",12.4167099470001,51.3153776720001,3,,3,Südost,,,,3.0,,0,14221015148210738450,,1,
12991,,250573,14,7,13,000,2022,11,11,6,3,5,3,0,,0,1,0,0,0,,"731388,553589986986481","5696693,281560350209475",12.3247883060001,51.374263512,8,,8,Nordwest,,,,8.0,,0,14221125144200886160,,1,
12992,,250574,14,7,13,000,2022,10,17,6,3,2,6,0,,0,1,0,0,0,,"729773,402001410024241","5691143,750988209620118",12.2980396520001,51.325100929,6,,6,West,,,,6.0,,1,14221028144200808330,,0,
12993,,250581,14,7,13,000,2022,12,17,3,3,3,6,2,,1,1,0,0,0,,"736767,264880332048051","5693044,524567269720137",12.3995018250001,51.339295185,2,,2,Ost,,,,2.0,,0,14221206148410909370,,1,
12994,,250582,14,7,13,000,2022,12,13,4,3,5,3,0,,0,1,0,0,0,,"732181,905363810947165","5692994,444670110009611",12.333753465,51.340736372,7,,7,Alt-West,,,,7.0,,0,14221214148110916730,,1,
12995,,250584,14,7,13,000,2022,11,17,4,2,6,2,2,,0,1,1,0,0,,"735083,595160407945514","5698321,640040580183268",12.378860764,51.3873627200001,9,,9,Nord,,,,9.0,,0,14221116144200909000,,1,
12996,,250591,14,7,13,000,2022,10,02,7,3,0,1,2,,1,0,0,0,0,,"734739,807976003969088","5695509,527384690009058",12.372071598,51.3622625360001,9,,9,Nord,,,,9.0,,0,14221029148110777000,,0,
12997,,250599,14,7,13,000,2022,11,16,5,3,2,6,0,,0,1,0,0,0,,"738124,423865817952901","5697565,111623080447316",12.4219763940001,51.379304894,1,,1,Nordost,,,,1.0,,0,14221103148110808530,,0,
12998,,250601,14,7,13,000,2022,11,14,4,3,3,2,0,,1,1,0,0,0,,"732535,082268896978348","5696115,906152419745922",12.340854957,51.368612365,8,,8,Nordwest,,,,8.0,,0,14221109148110814470,,0,
12999,,250606,14,7,13,000,2022,12,16,5,3,5,2,2,,1,1,0,0,0,,"736694,040524960961193","5689656,160087799653411",12.3962027480001,51.3089110970001,4,,4,Süd,,,,4.0,,0,14221201148210888760,,1,
13000,,250616,14,7,13,000,2022,11,17,4,3,3,6,2,,1,1,0,0,0,,"731541,954577762982808","5693002,259043009951711",12.3245865270001,51.3410674680001,7,,7,Alt-West,,,,7.0,,0,14221130148310930260,,0,
13001,,250617,14,7,13,000,2022,11,16,2,3,5,3,1,,1,1,0,0,0,,"731846,603429025039077","5691597,133456899784505",12.328038496,51.3283298040001,5,,5,Südwest,,,,5.0,,0,14221107148310807800,,0,
13002,,250618,14,7,13,000,2022,10,15,3,3,5,3,0,,1,1,0,0,0,,"737445,879264089046046","5691723,792869670316577",12.4083467340001,51.3271572690001,3,,3,Südost,,,,3.0,,0,14221018144200766290,,1,
13003,,250636,14,7,13,000,2022,12,22,7,3,8,1,2,,0,1,0,0,0,,"729560,708524822024629","5695020,238349200226367",12.297491139,51.3599863220001,7,,7,Alt-West,,,,7.0,,0,14221203148320909360,,1,
13004,,250637,14,7,13,000,2022,12,14,6,3,2,2,0,,0,1,0,0,0,,"738793,855472923954949","5696053,797423769719899",12.4305628440001,51.365458543,1,,1,Nordost,,,,1.0,,0,14221209148110909320,,0,
13005,,250648,14,7,13,000,2022,11,14,7,3,2,6,0,,0,1,0,0,0,,"737038,415930398972705","5693764,188003770075738",12.4038666590001,51.345641991,2,,2,Ost,,,,2.0,,1,14221112148410822590,,0,
13006,,250655,14,7,13,000,2022,11,07,4,3,5,2,0,,1,1,0,0,0,,"734639,327935200999491","5695408,289670719765127",12.3705640920001,51.3613952920001,9,,9,Nord,,,,9.0,,0,14221109148110842860,,1,
13007,,250656,14,7,13,000,2022,11,15,4,3,5,2,0,,1,1,0,0,0,,"735588,469698862056248","5692244,459436180070043",12.3820793510001,51.332603143,0,,0,Mitte,,,,0.0,,0,14221123144200852120,,1,
13008,,250660,14,7,13,000,2022,12,12,6,3,1,1,0,,0,1,0,0,0,,"734854,031369937001728","5690900,483056499622762",12.3706699270001,51.3208427710001,4,,4,Süd,,,,4.0,,0,14221202148210887080,,1,
13009,,250672,14,7,13,000,2022,11,12,7,3,6,6,0,,1,0,1,0,0,,"737507,728956141043454","5691547,036316970363259",12.409115075,51.3255448730001,3,,3,Südost,,,,3.0,,0,14221105148423814540,,0,
13010,,250673,14,7,13,000,2022,10,17,3,3,6,6,1,,1,0,1,0,0,,"737212,282725110999309","5694371,015519640408456",12.406762993,51.3510163930001,1,,1,Nordost,,,,1.0,,0,14221018144200808450,,1,