UNFALL_ID,FID_left,OBJECTID,ULAND,UREGBEZ,UKREIS,UGEMEINDE,UJAHR,UMONAT,USTUNDE,UWOCHENTAG,UKATEGORIE,UART,UTYP1,ULICHTVERH,IstStrasse,IstRad,IstPKW,IstFuss,IstKrad,IstGkfz,IstSonstig,LINREFX,LINREFY,XGCSWGS84,YGCSWGS84,index_right,FID_right,SBZ,Name,UIDENTSTLA,LICHT,STRZUSTAND,FID,OBJECTID_1,IstSonstige,UIDENTSTLAE,OID_,IstStrassenzustand,PLST
13011,,250684,14,7,13,000,2022,11,14,5,3,5,3,0,,1,0,0,0,0,,"737537,291625482030213","5693649,770916660316288",12.410940558,51.3444067670001,2,,2,Ost,,,,2.0,,1,14221103148410843860,,0,
13012,,250687,14,7,13,000,2022,11,07,6,2,6,4,0,,0,1,1,0,0,,"733884,261996141984127","5697037,235216359607875",12.360809197,51.3763287470001,9,,9,Nord,,,,9.0,,0,14221125144200865160,,1,
13013,,250689,14,7,13,000,2022,12,22,2,3,3,5,2,,1,1,0,0,0,,"734844,680318364989944","5693208,505893849767745",12.372057039,51.3415643910001,0,,0,Mitte,,,,0.0,,0,14221219144320065940,,0,
13014,,250692,14,7,13,000,2022,12,18,6,3,4,1,2,,0,1,0,0,0,,"735739,095790238003246","5695365,292428130283952",12.3863040630001,51.3605541370001,9,,9,Nord,,,,9.0,,0,14221209148110007270,,1,
13015,,250698,14,7,13,000,2022,10,08,4,3,6,6,0,,0,1,1,0,0,,"737469,987633905955590","5694623,941542360000312",12.410625779,51.3531790580001,1,,1,Nordost,,,,1.0,,0,14221026148110777770,,0,
13016,,250702,14,7,13,000,2022,11,07,3,3,3,6,2,,1,1,0,0,0,,"734003,928418357041664","5692359,860019080340862",12.359449779,51.3342931380001,0,,0,Mitte,,,,0.0,,0,14221129148410909020,,1,
13017,,250705,14,7,13,000,2022,12,12,6,3,5,3,0,,1,1,0,0,0,,"739556,617468568030745","5687443,056246739812195",12.4357126640001,51.287849232,3,,3,Südost,,,,3.0,,0,14221223144200968330,,0,
13018,,250711,14,7,13,000,2022,11,14,1,3,6,1,0,,1,0,1,0,0,,"735463,046423314022832","5694266,531547360122204",12.381619088,51.3508058150001,0,,0,Mitte,,,,0.0,,0,14221106148410842900,,0,
13019,,250716,14,7,13,000,2022,11,14,7,3,6,2,0,,0,1,1,0,0,,"732389,237425382016227","5696302,015689959749579",12.338885051,51.3703426870001,8,,8,Nordwest,,,,8.0,,0,14221119148110852140,,0,
13020,,250726,14,7,13,000,2022,11,13,4,3,5,3,0,,0,1,0,0,0,,"729123,935246251989156","5694960,019316440448165",12.2911895140001,51.3596220160001,7,,7,Alt-West,,,,7.0,,0,14221109148110814480,,0,
13021,,250729,14,7,13,000,2022,11,14,6,3,5,3,0,,0,1,0,0,0,,"735411,442063124966808","5690456,341834809631109",12.3783618800001,51.316625668,4,,4,Süd,,,,4.0,,0,14221104144200892990,,0,
13022,,250730,14,7,13,000,2022,10,13,1,3,6,4,0,,1,0,1,0,0,,"737522,000976474955678","5693457,435465410351753",12.4105931170001,51.3426867470001,2,,2,Ost,,,,2.0,,0,14221016148410766620,,0,
13023,,250731,14,7,13,000,2022,11,00,5,3,3,1,2,,1,0,0,0,0,,"736626,749891891027801","5693419,612990199588239",12.3977373340001,51.342720522,2,,2,Ost,,,,2.0,,0,14221110148410814520,,0,
13024,,250733,14,7,13,000,2022,11,09,7,3,0,1,0,,1,0,0,0,0,,"735697,558940278016962","5695730,993159979581833",12.3859508360001,51.363853981,9,,9,Nord,,,,9.0,,0,14221126148110864750,,1,
13025,,250741,14,7,13,000,2022,11,07,5,3,5,3,0,,0,1,0,0,0,,"734806,584339997963980","5692365,960883409716189",12.37095566,51.3340171020001,0,,0,Mitte,,,,0.0,,0,14221103144200886120,,0,
13026,,250743,14,7,13,000,2022,11,14,3,3,5,3,0,,1,1,0,0,0,,"739324,987077257013880","5695694,790977139957249",12.437936898,51.3620127090001,1,,1,Nordost,,,,1.0,,0,14221108144200814890,,0,
13027,,250749,14,7,13,000,2022,12,12,6,2,0,7,0,,0,1,0,0,0,,"735059,404008619952947","5695923,306094530038536",12.3769275450001,51.3658446170001,9,,9,Nord,,,,9.0,,0,14221202148110887070,,1,
13028,,250751,14,7,13,000,2022,10,12,3,3,1,5,0,,1,1,0,0,0,,"730360,824901422020048","5692010,011527400463820",12.307016069,51.3326398120001,7,,7,Alt-West,,,,7.0,,0,14221018148322765320,,0,
13029,,250753,14,7,13,000,2022,11,16,3,3,3,5,0,,1,1,0,0,0,,"739831,966001573950052","5692308,241983479820192",12.442924367,51.3314022750001,2,,2,Ost,,,,2.0,,0,14221101144200843160,,0,
13030,,250759,14,7,13,000,2022,11,09,3,3,0,7,0,,0,0,0,0,0,,"735417,258187456056476","5693040,576914220117033",12.3801521520001,51.3398202390001,0,,0,Mitte,,,,0.0,,1,14221129148110966651,,0,
13031,,250767,14,7,13,000,2022,10,13,2,3,5,3,0,,0,1,0,0,0,,"729707,815720453043468","5690341,050083509646356",12.296582776,51.317921482,6,,6,West,,,,6.0,,0,14221024144200765180,,0,
13032,,250773,14,7,13,000,2022,11,07,5,3,5,2,0,,0,1,0,0,0,,"734041,609334495035000","5696705,858055810444057",12.362847835,51.3732893430001,9,,9,Nord,,,,9.0,,1,14221110148110814910,,0,
13033,,250774,14,7,13,000,2022,11,05,7,3,1,1,2,,0,1,0,0,0,,"731187,904005583957769","5694454,482495649717748",12.320455146,51.3542479290001,7,,7,Alt-West,,,,7.0,,0,14221126148310864420,,1,
13034,,250776,14,7,13,000,2022,12,20,4,2,5,3,2,,1,1,0,0,0,,"735329,901529078953899","5692191,928714030422270",12.3783396150001,51.3322386460001,0,,0,Mitte,,,,0.0,,0,14221221144200939120,,1,
13035,,250778,14,7,13,000,2022,12,15,3,3,0,7,0,,0,1,0,0,0,,"735680,147937776055187","5690463,284000270068645",12.3822154270001,51.3165767720001,4,,4,Süd,,,,4.0,,0,14221206148210019870,,1,
13036,,250779,14,7,13,000,2022,12,09,7,3,5,3,0,,0,1,0,0,0,,"738564,472911217948422","5696745,050918419845402",12.4277375880001,51.3717594820001,1,,1,Nordost,,,,1.0,,1,14221210148110929480,,2,
13037,,250781,14,7,13,000,2022,11,19,3,3,1,5,2,,1,1,0,0,0,,"735053,054842830053531","5691105,152985789813101",12.373655968,51.322597794,4,,4,Süd,,,,4.0,,0,14221115148210886180,,0,
13038,,250785,14,7,13,000,2022,11,12,3,2,5,2,0,,1,1,0,0,0,,"734791,066779859946109","5692624,353742759674788",12.3709035900001,51.336342948,0,,0,Mitte,,,,0.0,,0,14221108144200808440,,0,
13039,,250786,14,7,13,000,2022,11,13,5,3,3,5,0,,1,1,0,0,0,,"737168,686255138018169","5691666,707741879858077",12.404337409,51.3267604910001,3,,3,Südost,,,,3.0,,0,14221124148410887470,,1,
13040,,250792,14,7,13,000,2022,10,15,4,3,1,1,0,,0,1,0,0,0,,"741974,996001629042439","5685918,735982459969819",12.469297026,51.2731455850001,3,,3,Südost,,,,3.0,,1,14221019149110763200,,0,
13041,,250794,14,7,13,000,2022,10,19,1,3,6,7,2,,0,1,1,0,0,,"737771,747191486996599","5692907,963229469954967",12.4138055870001,51.337650302,2,,2,Ost,,,,2.0,,0,14221030148210806530,,0,
13042,,250797,14,7,13,000,2022,12,15,6,3,5,3,0,,1,1,0,0,0,,"734826,464173826039769","5694106,137085369788110",12.372387981,51.3496293950001,0,,0,Mitte,,,,0.0,,0,14221230148410984020,,0,
13043,,250810,14,7,13,000,2022,10,07,3,3,0,1,0,,1,0,0,0,0,,"732273,697117789997719","5691219,269665029831231",12.3339118380001,51.3247635880001,5,,5,Südwest,,,,5.0,,0,14221025148310777390,,0,
13044,,250811,14,7,13,000,2022,11,10,3,3,5,2,0,,1,1,0,0,0,,"736054,999826960964128","5691708,897904120385647",12.3884094900001,51.3276023860001,0,,0,Mitte,,,,0.0,,0,14221101148415788470,,1,
13045,,250826,14,7,13,000,2022,11,22,6,3,5,3,2,,0,1,0,0,0,,"729323,799001401988789","5690829,584988390095532",12.291395644,51.322462015,6,,6,West,,,,6.0,,1,14221104148310808590,,0,
13046,,250828,14,7,13,000,2022,11,08,4,2,5,3,0,,1,1,0,0,0,,"735444,794354488956742","5691684,432154109701514",12.3796506210001,51.3276356420001,0,,0,Mitte,,,,0.0,,0,14221109148410852470,,1,
13047,,250847,14,7,13,000,2022,12,12,7,3,9,1,0,,1,1,0,0,0,,"737642,606042467057705","5692162,346651210449636",12.4114576470001,51.3310116040001,3,,3,Südost,,,,3.0,,0,14221203148410939200,,1,
13048,,250848,14,7,13,000,2022,12,20,6,3,2,6,2,,0,1,0,1,0,,"734968,065241885022260","5690897,332812850363553",12.3723014450001,51.3207674170001,4,,4,Süd,,,,4.0,,0,14221209148210931100,,1,
13049,,250850,14,7,13,000,2022,11,07,7,3,8,6,0,,0,1,0,0,0,,"730371,446863895980641","5688690,383804559707642",12.3050238230001,51.3028351190001,5,,5,Südwest,,,,5.0,,0,14221112148320852441,,0,
13050,,250854,14,7,13,000,2022,11,12,5,3,5,3,0,,1,1,0,0,0,,"732894,095425317995250","5698349,215712039731443",12.3474670890001,51.388512737,8,,8,Nordwest,,,,8.0,,0,14221117148310831360,,1,
13051,,250857,14,7,13,000,2022,11,11,3,3,5,3,0,,0,1,0,1,0,,"736435,256148791988380","5693839,676520580425858",12.395271775,51.3465707440001,2,,2,Ost,,,,2.0,,0,14221129148413929510,,1,
13052,,250860,14,7,13,000,2022,11,07,6,2,5,3,0,,1,1,0,0,0,,"735759,458001506980509","5693296,883985539898276",12.38522597,51.3419791490001,0,,0,Mitte,,,,0.0,,0,14221111144200967710,,0,
13053,,250871,14,7,13,000,2022,11,07,3,3,5,2,0,,1,1,0,0,0,,"729937,527308151009493","5694332,771232229657471",12.302449988,51.3536625740001,7,,7,Alt-West,,,,7.0,,0,14221108148310814500,,1,
13054,,250876,14,7,13,000,2022,10,15,2,3,3,5,0,,0,1,0,0,0,,"736058,844315947964787","5695003,230090839788318",12.3906482740001,51.3571714560001,9,,9,Nord,,,,9.0,,0,14221017148110805990,,0,
13055,,250881,14,7,13,000,2022,12,10,4,3,3,5,0,,1,1,0,0,0,,"735296,963214538991451","5690777,767903699539602",12.3769341500001,51.3195582530001,4,,4,Süd,,,,4.0,,0,14221207148210910190,,1,
13056,,250882,14,7,13,000,2022,12,22,3,3,5,2,2,,1,1,0,0,0,,"735756,295746790943667","5692866,295609720051289",12.3848956300001,51.3381153830001,0,,0,Mitte,,,,0.0,,0,14221213148410983430,,0,
13057,,250884,14,7,13,000,2022,12,21,7,3,5,2,2,,1,1,0,0,0,,"733226,864072698983364","5693908,202456610277295",12.3493284250001,51.348511171,0,,0,Mitte,,,,0.0,,0,14221224144200042480,,0,
13058,,250888,14,7,13,000,2022,11,14,6,3,5,3,0,,1,0,0,0,0,,"739493,469949733000249","5691858,074350969865918",12.437771947,51.3275042820001,2,,2,Ost,,,,2.0,,1,14221111148211888750,,0,
13059,,250889,14,7,13,000,2022,11,14,5,3,1,5,0,,1,1,0,0,0,,"733887,192929362994619","5695642,460971170105040",12.3599337250001,51.363807416,9,,9,Nord,,,,9.0,,0,14221124148110864770,,0,
13060,,250896,14,7,13,000,2022,11,10,2,3,3,2,0,,1,1,0,0,0,,"733427,761700280942023","5693754,497270050458610",12.3521073970001,51.3470489690001,0,,0,Mitte,,,,0.0,,0,14221114148410842890,,0,
13061,,250901,14,7,13,000,2022,11,18,4,3,5,2,2,,1,1,0,0,0,,"733601,146405064035207","5693001,386607539840043",12.3540986310001,51.340217416,0,,0,Mitte,,,,0.0,,0,14221123148410887860,,1,
13062,,250902,14,7,13,000,2022,10,17,3,3,5,2,2,,1,1,0,0,0,,"734745,200014436035417","5690666,103775310330093",12.3689565600001,51.3187837840001,4,,4,Süd,,,,4.0,,0,14221025144200808350,,0,
13063,,250906,14,7,13,000,2022,12,16,6,3,2,2,2,,0,1,0,0,0,,"735179,075435923994519","5689049,747266869992018",12.37410622,51.3040955640001,4,,4,Süd,,,,4.0,,0,14221209148210930230,,0,
13064,,250910,14,7,13,000,2022,12,12,5,3,2,6,0,,0,1,0,0,0,,"737474,208099934039637","5693287,640418349765241",12.4097949390001,51.3411826240001,2,,2,Ost,,,,2.0,,1,14221215148210930730,,1,
13065,,250911,14,7,13,000,2022,10,22,1,2,0,1,2,,0,0,0,1,0,,"737183,730247883009724","5694052,334542590193450",12.406141373,51.348167808,2,,2,Ost,,,,2.0,,0,14221023144200766570,,1,
13066,,250924,14,7,13,000,2022,10,13,7,3,3,6,0,,1,1,0,0,0,,"737174,914913435000926","5693758,689729579724371",12.4058194020001,51.3455357110001,2,,2,Ost,,,,2.0,,0,14221022148410766610,,1,
13067,,250931,14,7,13,000,2022,11,15,6,3,5,3,0,,0,1,0,0,0,,"738085,485357998986728","5697555,484188649803400",12.4214114480001,51.3792348060001,1,,1,Nordost,,,,1.0,,0,14221125148410930740,,1,
13068,,250932,14,7,13,000,2022,10,06,5,3,2,6,0,,0,1,0,0,0,,"742287,431915392982773","5694030,733759259805083",12.4792762000001,51.3458217570001,2,,2,Ost,,,,2.0,,0,14221027148210807350,,1,
13069,,250935,14,7,13,000,2022,12,06,6,3,4,1,2,,0,1,0,0,0,,"740791,606772386003286","5688594,088161019608378",12.4541664400001,51.297659917,3,,3,Südost,,,,3.0,,0,14221202144200910580,,2,
13070,,250937,14,7,13,000,2022,10,19,3,2,6,3,2,,0,1,1,0,0,,"737250,320920338039286","5692225,256517159752548",12.405878807,51.3317400400001,3,,3,Südost,,,,3.0,,0,14221018148410745860,,1,
13071,,250944,14,7,13,000,2022,11,11,4,3,3,6,0,,1,1,0,0,0,,"735391,463805490988307","5691169,329428070224822",12.37854638,51.3230339680001,4,,4,Süd,,,,4.0,,0,14221102148210830540,,0,
13072,,250948,14,7,13,000,2022,10,18,2,3,2,6,1,,0,0,0,0,0,,"734631,628819767036475","5692462,482357960194349",12.3685121720001,51.3349557220001,0,,0,Mitte,,,,0.0,,1,14221017148410887870,,0,
13073,,250950,14,7,13,000,2022,11,06,2,2,6,2,2,,0,1,1,0,0,,"733053,450985171948560","5695904,646065999753773",12.348150316,51.3665035450001,8,,8,Nordwest,,,,8.0,,0,14221121144200843830,,1,
13074,,250953,14,7,13,000,2022,12,17,7,3,2,6,2,,0,1,0,0,0,,"734677,138069165055640","5693334,064885890111327",12.369738565,51.3427606330001,0,,0,Mitte,,,,0.0,,0,14221203145400887800,,1,
13075,,250955,14,7,13,000,2022,10,09,3,3,0,7,0,,0,0,0,0,0,,"735333,915279277018271","5692624,618825599551201",12.378682929,51.336120959,0,,0,Mitte,,,,0.0,,1,14221018148410843850,,1,
13076,,250956,14,7,13,000,2022,11,06,2,3,5,3,2,,1,1,0,0,0,,"739685,499517680029385","5692518,777954460121691",12.440967447,51.3333537300001,2,,2,Ost,,,,2.0,,0,14221114148210885790,,1,
13077,,250958,14,7,13,000,2022,11,19,4,3,5,3,2,,1,1,0,0,0,,"738016,211817126953974","5692045,186356579884887",12.4167324320001,51.3298037700001,2,,2,Ost,,,,2.0,,0,14221102144200805910,,0,
13078,,250959,14,7,13,000,2022,10,23,6,3,0,7,2,,1,1,0,0,0,,"735010,567491921945475","5695133,125393589958549",12.3757051960001,51.3587719060001,9,,9,Nord,,,,9.0,,0,14221014143263763450,,0,
13079,,250969,14,7,13,000,2022,12,16,6,3,2,6,0,,0,1,0,0,0,,"741866,978340783971362","5694573,797983580268919",12.4736193140001,51.3508750130001,2,,2,Ost,,,,2.0,,0,14221223144200950330,,1,
13080,,250970,14,7,13,000,2022,12,12,4,2,5,3,0,,0,0,0,0,0,,"728561,483597393962555","5690483,668465550057590",12.2802519590001,51.3196633680001,6,,6,West,,,,6.0,,1,14221214144200917150,,0,
13081,,250971,14,7,13,000,2022,10,01,1,3,0,1,2,,1,0,0,0,0,,"732580,068190888967365","5692080,097432009875774",12.3388630540001,51.3323658360001,5,,5,Südwest,,,,5.0,,0,14221023662221765860,,1,
13082,,250979,14,7,13,000,2022,10,00,7,2,0,1,2,,1,0,0,0,0,,"734288,501750065013766","5690902,702041749842465",12.3625698180001,51.3210958180001,4,,4,Süd,,,,4.0,,0,14221029148410777060,,0,
13083,,250983,14,7,13,000,2022,10,18,7,3,2,6,2,,0,1,0,0,0,,"741744,448811111971736","5698095,128051689825952",12.4742567390001,51.382532488,1,,1,Nordost,,,,1.0,,0,14221022144200765780,,0,
13084,,250985,14,7,13,000,2022,11,17,5,3,4,6,2,,1,0,0,0,0,,"734285,323732238961384","5689903,906643140129745",12.361868165,51.312131422,4,,4,Süd,,,,4.0,,0,14221103148210822310,,0,
13085,,250988,14,7,13,000,2022,11,08,2,3,5,3,0,,1,1,0,0,0,,"734282,281065098010004","5693502,620315919630229",12.364190197,51.344436499,0,,0,Mitte,,,,0.0,,0,14221121148410886700,,2,
13086,,251010,14,7,13,000,2022,12,16,3,3,5,2,2,,0,1,0,0,0,,"730723,459684066008776","5693725,629568150267005",12.313324058,51.3478938160001,7,,7,Alt-West,,,,7.0,,0,14221206148310888800,,1,
13087,,251011,14,7,13,000,2022,12,23,4,3,5,3,2,,0,1,0,0,0,,"730297,061941448017024","5693544,402705930173397",12.3070944670001,51.3464398470001,7,,7,Alt-West,,,,7.0,,0,14221214148310928980,,2,
13088,,251013,14,7,13,000,2022,12,13,3,3,1,5,0,,1,1,0,0,0,,"729885,584666184033267","5690776,693884479813278",12.299410299,51.32176051,6,,6,West,,,,6.0,,0,14221227148310944530,,0,
13089,,251017,14,7,13,000,2022,11,07,4,3,5,7,0,,1,1,0,0,0,,"735995,740631283028051","5693366,653857169672847",12.3886585760001,51.3425074020001,0,,0,Mitte,,,,0.0,,0,14221109148221843610,,1,
13090,,251024,14,7,13,000,2022,12,11,5,3,9,1,0,,0,1,0,0,0,,"739946,774026119033806","5693306,676856770180166",12.445241771,51.340315526,2,,2,Ost,,,,2.0,,0,14221215144200930680,,1,
13091,,251026,14,7,13,000,2022,11,11,5,3,2,2,0,,1,1,0,0,0,,"736204,157531937002204","5692093,562205299735069",12.39080147,51.3309933130001,0,,0,Mitte,,,,0.0,,0,14221117148410843840,,1,
13092,,251029,14,7,13,000,2022,11,15,7,3,2,6,0,,1,1,0,0,0,,"738554,960658557014540","5690203,063443659804761",12.4232188940001,51.313043319,3,,3,Südost,,,,3.0,,0,14221105148210806810,,0,
13093,,251033,14,7,13,000,2022,10,01,7,3,0,1,2,,0,0,0,0,0,,"735108,851675939979032","5693906,888430319726467",12.376304255,51.3477241480001,0,,0,Mitte,,,,0.0,,1,14221029148410777070,,0,
13094,,251046,14,7,13,000,2022,11,17,5,3,5,2,2,,0,1,0,0,0,,"733226,206785168033093","5693907,934942009858787",12.349318828,51.3485090390001,0,,0,Mitte,,,,0.0,,0,14221124662211887260,,1,
13095,,251047,14,7,13,000,2022,10,08,6,3,5,3,0,,0,1,0,0,0,,"727245,116002144990489","5693205,945228080265224",12.263128952,51.344629551,7,,7,Alt-West,,,,7.0,,1,14221028144200776720,,0,
13096,,251050,14,7,13,000,2022,12,18,6,3,2,6,2,,0,1,0,0,0,,"742237,506674748030491","5686192,122297559864819",12.4732385680001,51.275487878,3,,3,Südost,,,,3.0,,0,14221202148210892760,,1,
13097,,251053,14,7,13,000,2022,11,22,2,3,5,3,2,,1,1,0,0,0,,"740592,730633842991665","5700202,380527799949050",12.4591648850001,51.401935323,1,,1,Nordost,,,,1.0,,0,14221114148110983990,,0,
13098,,251056,14,7,13,000,2022,11,15,4,3,6,4,0,,0,1,1,0,0,,"738207,650668152957223","5691139,059800880029798",12.4188697720001,51.3215902700001,3,,3,Südost,,,,3.0,,0,14221123148210852430,,0,
13099,,251061,14,7,13,000,2022,11,13,4,3,5,3,0,,1,1,0,0,0,,"734446,478214527014643","5692130,570384710095823",12.365640565,51.3320526800001,0,,0,Mitte,,,,0.0,,0,14221130148410916810,,0,
13100,,251063,14,7,13,000,2022,10,18,2,3,3,2,2,,0,1,0,0,0,,"738314,578277223045006","5694852,616210189647973",12.4228860100001,51.354878125,1,,1,Nordost,,,,1.0,,1,14221017148110764010,,0,
13101,,251068,14,7,13,000,2022,12,16,4,3,6,4,2,,0,0,1,0,0,,"737520,031400915002450","5697164,408851119689643",12.4130397230001,51.3759613300001,1,,1,Nordost,,,,1.0,,1,14221214144200917160,,1,
13102,,251069,14,7,13,000,2022,10,16,1,2,6,7,0,,1,0,1,0,0,,"735772,286289485986345","5695751,661712850444019",12.387036031,51.364008502,9,,9,Nord,,,,9.0,,0,14221023144320944500,,0,
13103,,251073,14,7,13,000,2022,11,14,6,3,6,6,0,,0,1,1,0,0,,"737697,996899064048193","5694880,619646339677274",12.414065728,51.3553876880001,1,,1,Nordost,,,,1.0,,0,14221104148110822860,,0,
13104,,251078,14,7,13,000,2022,10,13,6,2,0,7,0,,0,1,0,0,0,,"727364,123526314040646","5693605,420519590377808",12.2650899770001,51.3481682020001,7,,7,Alt-West,,,,7.0,,0,14221028148310777040,,0,
13105,,251079,14,7,13,000,2022,12,16,3,3,2,6,1,,0,1,0,0,0,,"735500,313501280033961","5692764,018229610286653",12.3811595940001,51.3373033730001,0,,0,Mitte,,,,0.0,,0,14221220144200938330,,1,
13106,,251086,14,7,13,000,2022,11,18,5,3,5,3,2,,1,1,0,0,0,,"730583,674643439007923","5691541,205268369987607",12.3099061820001,51.328341052,7,,7,Alt-West,,,,7.0,,0,14221103148310852460,,0,
13107,,251087,14,7,13,000,2022,10,07,6,3,2,6,1,,0,1,0,0,0,,"740347,478726787958294","5698184,953925229609013",12.4542801000001,51.383931783,1,,1,Nordost,,,,1.0,,1,14221014148110738100,,0,
13108,,251088,14,7,13,000,2022,11,06,3,3,2,2,0,,0,1,0,0,0,,"737338,970001528970897","5694476,211984730325639",12.408649122,51.351907757,1,,1,Nordost,,,,1.0,,0,14221108148110822850,,0,
13109,,251096,14,7,13,000,2022,11,22,1,3,5,2,2,,0,0,0,0,0,,"735487,624653610051610","5693436,381861650384963",12.3814223140001,51.3433439680001,0,,0,Mitte,,,,0.0,,1,14221113143263830490,,0,
13110,,251098,14,7,13,000,2022,12,13,7,3,5,3,0,,1,1,0,0,0,,"734770,112952881958336","5693731,181506769731641",12.3713329460001,51.3462869250001,0,,0,Mitte,,,,0.0,,0,14221210148410916790,,2,
13111,,251104,14,7,13,000,2022,11,07,4,3,5,3,0,,1,1,0,0,0,,"729334,198850192013197","5698795,783502330072224",12.296679549,51.3939709790001,8,,8,Nordwest,,,,8.0,,0,14221109144200814450,,1,
13112,,251109,14,7,13,000,2022,12,07,5,3,2,6,0,,0,1,0,0,0,,"739657,148299745051190","5697942,972634309902787",12.444214711,51.3820516550001,1,,1,Nordost,,,,1.0,,0,14221201148110887060,,1,
13113,,251122,14,7,13,000,2022,10,17,3,3,1,7,0,,1,1,0,0,0,,"735304,066683867946267","5690050,735470809973776",12.376556242,51.3130291940001,4,,4,Süd,,,,4.0,,0,14221018148210764400,,1,
13114,,251124,14,7,13,000,2022,11,19,3,3,2,6,2,,0,1,0,0,0,,"734791,460978628951125","5692633,681660819798708",12.370915387,51.3364265170001,0,,0,Mitte,,,,0.0,,0,14221122148410909390,,0,
13115,,251125,14,7,13,000,2022,11,04,2,3,5,3,2,,0,1,0,0,0,,"737504,442644648021087","5697072,443107440136373",12.412754697,51.3751423690001,1,,1,Nordost,,,,1.0,,0,14221128144200886630,,0,
13116,,251126,14,7,13,000,2022,11,11,1,3,4,7,0,,1,1,0,0,0,,"733860,124851905973628","5695069,388384659774601",12.3591688500001,51.3586743870001,9,,9,Nord,,,,9.0,,0,14221120148110852150,,0,
13117,,251128,14,7,13,000,2022,12,20,4,3,1,1,2,,0,1,0,0,0,,"735075,761074946029112","5696788,030642259865999",12.377733806,51.3735998710001,9,,9,Nord,,,,9.0,,0,14221207144200909700,,1,
13118,,251129,14,7,13,000,2022,12,14,3,2,6,2,0,,0,0,1,0,0,,"742720,827170033007860","5692884,234735859557986",12.4847061360001,51.3353466950001,2,,2,Ost,,,,2.0,,1,14221213144200970250,,2,
13119,,251130,14,7,13,000,2022,10,22,2,3,0,7,2,,0,0,0,0,0,,"734210,404040695051663","5692119,310987650416791",12.362250424,51.332048865,0,,0,Mitte,,,,0.0,,1,14221024148410765330,,0,
13120,,251135,14,7,13,000,2022,11,15,6,3,6,7,0,,0,1,1,0,0,,"735679,870945504982956","5689241,344274849630892",12.3814042280001,51.305608335,4,,4,Süd,,,,4.0,,0,14221111148210931120,,0,
13121,,251136,14,7,13,000,2022,11,09,2,3,2,6,0,,0,1,0,0,0,,"735967,492968815029599","5696575,096857770346105",12.390381453,51.3713187650001,9,,9,Nord,,,,9.0,,0,14221121148110843550,,2,
13122,,251137,14,7,13,000,2022,11,15,6,3,0,1,0,,0,0,0,1,0,,"728504,826188578037545","5697932,992931529879570",12.2842232400001,51.386560144,8,,8,Nordwest,,,,8.0,,0,14221125143263865150,,1,
13123,,251138,14,7,13,000,2022,10,12,5,3,5,3,0,,1,1,0,0,0,,"735528,639001506962813","5692695,961985659785569",12.381520516,51.336680749,0,,0,Mitte,,,,0.0,,0,14221027148221865190,,0,
13124,,251153,14,7,13,000,2022,10,15,2,3,2,6,0,,1,1,0,0,0,,"732700,332757211988792","5692081,115163319744170",12.340587058,51.332325783,5,,5,Südwest,,,,5.0,,0,14221017144200739300,,0,
13125,,251156,14,7,13,000,2022,12,15,5,2,3,6,0,,1,0,0,0,0,,"735559,788267784053460","5692149,111577469855547",12.3816053410001,51.331759149,0,,0,Mitte,,,,0.0,,0,14221215148210009160,,0,
13126,,251158,14,7,13,000,2022,12,07,3,3,0,1,1,,1,0,0,0,0,,"729941,817001405986957","5694327,339988079853356",12.302507979,51.353612082,7,,7,Alt-West,,,,7.0,,0,14221227148310950350,,2,
13127,,251167,14,7,13,000,2022,12,09,2,3,5,2,0,,1,1,0,0,0,,"731174,015487342025153","5691912,991228899918497",12.3186061480001,51.331438946,7,,7,Alt-West,,,,7.0,,0,14221212148323910231,,2,
13128,,251168,14,7,13,000,2022,10,11,7,3,5,2,0,,1,1,0,0,0,,"734151,044052207958885","5695637,730107969604433",12.3637139840001,51.3636562730001,9,,9,Nord,,,,9.0,,0,14221022148110766360,,0,
13129,,251172,14,7,13,000,2022,10,10,2,3,3,2,0,,0,1,0,0,0,,"740117,164779440034181","5698121,863950479775667",12.4509338350001,51.3834629630001,1,,1,Nordost,,,,1.0,,1,14221024144200765750,,0,
13130,,251178,14,7,13,000,2022,10,06,2,3,4,6,2,,1,0,0,0,0,,"732763,477346375002526","5694150,018772649578750",12.3428441080001,51.350871796,0,,0,Mitte,,,,0.0,,0,14221017148321814510,,0,
13131,,251190,14,7,13,000,2022,11,16,3,2,2,6,1,,0,1,0,1,0,,"734730,360489520942792","5692486,030332690104842",12.3699425070001,51.3351263590001,0,,0,Mitte,,,,0.0,,0,14221108144200822270,,0,
13132,,251202,14,7,13,000,2022,10,11,4,3,6,6,0,,1,0,1,0,0,,"735264,333001499995589","5693226,672985780052841",12.37808346,51.341553989,0,,0,Mitte,,,,0.0,,0,14221026148415930750,,0,
13133,,251203,14,7,13,000,2022,11,04,3,3,6,7,2,,0,0,1,0,0,,"736526,696817734977230","5690359,555513080209494",12.3942725100001,51.3152944890001,0,,0,Mitte,,,,0.0,,1,14221101144200787790,,0,
13134,,251206,14,7,13,000,2022,11,16,4,3,5,3,1,,1,1,0,0,0,,"739493,355704794987105","5689417,449256979860365",12.436131421,51.3055977160001,3,,3,Südost,,,,3.0,,0,14221130144200887040,,0,