UNFALL_ID,FID_left,OBJECTID,ULAND,UREGBEZ,UKREIS,UGEMEINDE,UJAHR,UMONAT,USTUNDE,UWOCHENTAG,UKATEGORIE,UART,UTYP1,ULICHTVERH,IstStrasse,IstRad,IstPKW,IstFuss,IstKrad,IstGkfz,IstSonstig,LINREFX,LINREFY,XGCSWGS84,YGCSWGS84,index_right,FID_right,SBZ,Name,UIDENTSTLA,LICHT,STRZUSTAND,FID,OBJECTID_1,IstSonstige,UIDENTSTLAE,OID_,IstStrassenzustand,PLST
13135,,251209,14,7,13,000,2022,12,17,5,3,3,6,2,,1,0,0,0,0,,"737507,277795018046163","5687210,526463869959116",12.4062224890001,51.286620064,4,,4,Süd,,,,4.0,,1,14221222143263944480,,1,
13136,,251216,14,7,13,000,2022,11,11,5,3,6,6,0,,0,1,1,0,0,,"736382,294262561947107","5687558,289744329638779",12.390348982,51.2902095650001,4,,4,Süd,,,,4.0,,0,14221110148211842530,,0,
13137,,251220,14,7,13,000,2022,12,06,3,3,5,3,1,,0,1,0,0,0,,"731310,210001430008560","5693990,012987519614398",12.321906744,51.350028702,7,,7,Alt-West,,,,7.0,,0,14221220144200943680,,1,
13138,,251223,14,7,13,000,2022,10,12,7,3,5,3,0,,0,1,0,1,0,,"742154,988867733976804","5693356,851675380021334",12.4769198330001,51.3398298220001,2,,2,Ost,,,,2.0,,0,14221022144200765740,,0,
13139,,251224,14,7,13,000,2022,11,16,3,3,2,6,2,,1,1,0,0,0,,"737495,473227176000364","5694652,580087970010936",12.411010226,51.35342547,1,,1,Nordost,,,,1.0,,0,14221115148110830530,,0,
13140,,251227,14,7,13,000,2022,10,10,6,3,0,1,0,,1,0,0,0,0,,"734847,661877398029901","5691795,134622080251575",12.3711680810001,51.328876172,0,,0,Mitte,,,,0.0,,0,14221014148410808600,,0,
13141,,251228,14,7,13,000,2022,11,07,4,3,5,3,0,,1,1,0,0,0,,"734741,993493053945713","5690558,459865869954228",12.368839769,51.3178188460001,4,,4,Süd,,,,4.0,,0,14221109148210843570,,1,
13142,,251234,14,7,13,000,2022,12,09,6,2,6,2,0,,0,1,1,0,0,,"732715,949066921020858","5696024,251745530404150",12.343388756,51.367715552,8,,8,Nordwest,,,,8.0,,0,14221209144200910160,,1,
13143,,251239,14,7,13,000,2022,11,07,5,3,6,4,0,,0,1,1,0,0,,"738550,239370328956284","5693708,355051389895380",12.4254974790001,51.3445085180001,2,,2,Ost,,,,2.0,,0,14221103148210822870,,0,
13144,,251240,14,7,13,000,2022,10,15,6,2,1,7,0,,0,1,0,1,0,,"742225,809050398995169","5693526,333804490044713",12.4780499390001,51.341320829,2,,2,Ost,,,,2.0,,0,14221014144200808380,,0,
13145,,251244,14,7,13,000,2022,12,12,6,3,6,2,0,,0,1,1,0,0,,"729351,506635047029704","5690706,937871810048819",12.291713719,51.3213498260001,6,,6,West,,,,6.0,,0,14221216144200970270,,0,
13146,,251252,14,7,13,000,2022,11,12,5,3,4,7,0,,0,1,0,0,0,,"740870,474548605969176","5696403,600964429788291",12.460574733,51.3677216140001,2,,2,Ost,,,,2.0,,0,14221124144200910570,,1,
13147,,251253,14,7,13,000,2022,11,09,4,3,6,4,0,,0,1,1,0,0,,"735118,483001495944336","5693963,025985830463469",12.376479384,51.348224074,0,,0,Mitte,,,,0.0,,0,14221102144200788420,,0,
13148,,251264,14,7,13,000,2022,10,14,2,3,1,6,0,,1,1,0,0,0,,"737225,796638641972095","5696572,234334769658744",12.4084245880001,51.370768953,1,,1,Nordost,,,,1.0,,0,14221024144200842490,,0,
13149,,251271,14,7,13,000,2022,11,13,1,2,1,7,0,,0,1,0,1,0,,"735630,190432757022791","5696687,361909870058298",12.385618591,51.372466505,9,,9,Nord,,,,9.0,,0,14221127148110864760,,1,
13150,,251272,14,7,13,000,2022,10,18,7,2,0,1,2,,1,0,0,0,0,,"735542,191128092003055","5697363,082632710225880",12.3848043410001,51.3785684220001,9,,9,Nord,,,,9.0,,0,14221029148110807340,,0,
13151,,251273,14,7,13,000,2022,12,17,4,3,5,3,2,,1,1,0,0,0,,"734176,664050137042068","5692173,973299330100417",12.3618028830001,51.332553433,0,,0,Mitte,,,,0.0,,0,14221221144200968760,,0,
13152,,251276,14,7,13,000,2022,12,21,7,3,6,4,2,,0,1,1,0,0,,"736692,634862266946584","5693778,092281989753246",12.398919881,51.3459108580001,2,,2,Ost,,,,2.0,,0,14221210148410916780,,1,
13153,,251281,14,7,13,000,2022,11,13,3,3,2,2,0,,0,1,0,0,0,,"737202,254001530003734","5693483,115984830074012",12.4060276720001,51.3430507370001,2,,2,Ost,,,,2.0,,0,14221108148422814530,,0,
13154,,251283,14,7,13,000,2022,10,15,5,3,2,6,0,,0,1,0,0,0,,"738997,772423311020248","5697675,933689599856734",12.434577242,51.3799327080001,1,,1,Nordost,,,,1.0,,0,14221027144200808370,,0,
13155,,251288,14,7,13,000,2022,10,11,5,2,6,3,0,,0,1,1,0,0,,"732391,478001452982426","5692034,667987099848688",12.336130999,51.332035111,5,,5,Südwest,,,,5.0,,0,14221020144200763980,,0,
13156,,251290,14,7,13,000,2022,10,13,1,3,5,3,0,,1,1,0,0,0,,"735611,479691065032966","5694403,859634989872575",12.383837737,51.3519770020001,0,,0,Mitte,,,,0.0,,0,14221030148410887100,,0,
13157,,251297,14,7,13,000,2022,11,10,3,3,3,2,0,,1,1,0,0,0,,"735008,739783677970991","5691763,080861659720540",12.3734548690001,51.328521924,0,,0,Mitte,,,,0.0,,0,14221129148410943900,,1,
13158,,251306,14,7,13,000,2022,10,12,1,2,9,1,0,,0,0,0,1,0,,"734773,828205049037933","5691386,664387810043991",12.369841138,51.3252400440001,4,,4,Süd,,,,4.0,,0,14221023144200788410,,0,
13159,,251311,14,7,13,000,2022,10,17,3,3,5,2,1,,1,1,0,0,0,,"736725,973298958968371","5691326,313248859718442",12.397768629,51.3238894360001,0,,0,Mitte,,,,0.0,,0,14221025148410864800,,0,
13160,,251312,14,7,13,000,2022,11,16,3,3,3,6,0,,1,0,0,0,0,,"736459,064103955985047","5691174,699385399930179",12.3938442940001,51.322639505,0,,0,Mitte,,,,0.0,,0,14221101144200787780,,0,
13161,,251323,14,7,13,000,2022,10,09,2,3,2,6,0,,0,1,0,0,0,,"735891,858202346949838","5694556,456794559955597",12.387958101,51.353230459,9,,9,Nord,,,,9.0,,0,14221024148110777020,,0,
13162,,251325,14,7,13,000,2022,12,17,7,2,6,4,2,,0,1,1,0,0,,"732578,119001457002014","5692092,189987019635737",12.3388430160001,51.332475184,7,,7,Alt-West,,,,7.0,,0,14221224148310944521,,1,
13163,,251337,14,7,13,000,2022,11,06,4,3,8,1,2,,0,1,0,0,0,,"734232,292239287053235","5692268,440725079737604",12.362662098,51.3333785130001,0,,0,Mitte,,,,0.0,,0,14221116144200830911,,0,
13164,,251342,14,7,13,000,2022,11,20,6,3,5,3,2,,0,1,0,0,0,,"735197,511467278003693","5694037,875655479729176",12.3776616280001,51.3488632580001,0,,0,Mitte,,,,0.0,,1,14221125148410886210,,1,
13165,,251343,14,7,13,000,2022,10,16,6,3,0,1,0,,1,0,0,0,0,,"735517,016144354944117","5692926,833071609959006",12.3815066020001,51.3387579320001,0,,0,Mitte,,,,0.0,,0,14221028148410777090,,0,
13166,,251344,14,7,13,000,2022,12,10,7,3,1,6,0,,0,1,0,0,0,,"735406,802423701970838","5690909,804329359903932",12.3785947690001,51.3206980320001,4,,4,Süd,,,,4.0,,0,14221217148211944510,,0,
13167,,251352,14,7,13,000,2022,10,17,2,3,3,2,0,,1,1,0,0,0,,"736737,637760199024342","5692716,679837560281157",12.398859359,51.336364738,3,,3,Südost,,,,3.0,,0,14221024144200776700,,0,
13168,,251353,14,7,13,000,2022,11,17,5,3,2,6,2,,0,1,0,0,0,,"736798,044798566959798","5693773,243825810030103",12.4004274870001,51.3458234440001,2,,2,Ost,,,,2.0,,0,14221117148410886690,,1,
13169,,251357,14,7,13,000,2022,11,07,6,3,0,1,0,,1,0,0,0,0,,"738741,654010049998760","5693487,800594150088727",12.4280929780001,51.3424485080001,2,,2,Ost,,,,2.0,,0,14221104144200806510,,1,
13170,,251359,14,7,13,000,2022,11,16,6,2,6,6,1,,1,0,1,0,0,,"734160,849741009995341","5694688,875775500200689",12.363230066,51.3551348990001,9,,9,Nord,,,,9.0,,0,14221111148110863920,,0,
13171,,251360,14,7,13,000,2022,11,19,7,3,6,2,2,,0,1,1,0,0,,"735012,040223272051662","5692388,387794179841876",12.3739145540001,51.3341335580001,0,,0,Mitte,,,,0.0,,0,14221126144320028510,,0,
13172,,251361,14,7,13,000,2022,11,07,6,3,5,3,2,,1,1,0,0,0,,"734894,954668964957818","5694335,520213820040226",12.373521129,51.351660123,0,,0,Mitte,,,,0.0,,0,14221118148410842580,,0,
13173,,251364,14,7,13,000,2022,12,09,7,3,8,1,0,,0,1,0,0,0,,"736571,643780444981530","5695722,135185999795794",12.398478073,51.3634111960001,9,,9,Nord,,,,9.0,,0,14221210148110909330,,2,
13174,,251365,14,7,13,000,2022,10,20,6,3,6,4,2,,1,0,1,0,0,,"732295,073524589999579","5691988,372193429619074",12.3347193860001,51.331658905,5,,5,Südwest,,,,5.0,,0,14221021148310765820,,1,
13175,,251379,14,7,13,000,2022,11,18,4,3,5,3,2,,0,1,0,1,0,,"737418,726432029972784","5694566,411171820014715",12.4098525700001,51.352684079,1,,1,Nordost,,,,1.0,,0,14221102144200908960,,0,
13176,,,14,7,13,000,2023,05,16,6,3,0,1,0,,1,0,0,0,0,,"736423,713399999774992","5692733,980399999767542",12.394372302000022,51.33665061900007,3,,3,Südost,,,,3.0,,0,14230512148410311900,134793,0,1
13177,,,14,7,13,000,2023,05,15,6,3,5,3,0,,1,1,0,0,0,,"727229,296099999919534","5693203,732100000604987",12.262900769000055,51.34461600600008,7,,7,Alt-West,,,,7.0,,0,14230512144200311840,134795,0,1
13178,,,14,7,13,000,2023,05,12,6,3,5,2,0,,1,0,0,0,0,,"738578,304899999871850","5694524,943600000813603",12.426446959000032,51.35182633800008,1,,1,Nordost,,,,1.0,,1,14230512144200311790,134796,0,1
13179,,,14,7,13,000,2023,05,16,4,3,5,2,0,,1,1,0,0,0,,"737167,519199999980628","5691105,885800000280142",12.403947584000036,51.32172697400006,3,,3,Südost,,,,3.0,,0,14230510148410367770,134829,1,1
13180,,,14,7,30,250,2023,05,17,4,3,5,2,0,,0,1,0,0,0,,"736573,597299999557436","5702615,586200000718236",12.403099184000041,51.42528627400003,9,,9,Nord,,,,9.0,,1,14230510144200311810,134830,1,1
13181,,,14,7,13,000,2023,05,16,3,3,3,2,0,,1,1,0,0,0,,"738535,391400000080466","5689521,962200000882149",12.422483254000042,51.30693798000004,3,,3,Südost,,,,3.0,,0,14230509148211367560,134846,0,1
13182,,,14,7,13,000,2023,05,14,3,3,2,6,0,,0,1,0,0,0,,"734808,687500000000000","5700626,689200000837445",12.376441587000045,51.408167234000075,9,,9,Nord,,,,9.0,,0,14230509144310376030,134847,0,1
13183,,,14,7,13,000,2023,05,08,2,3,2,6,0,,0,1,0,0,0,,"736055,509399999864399","5700933,306800000369549",12.394540627000026,51.410401997000065,9,,9,Nord,,,,9.0,,0,14230508148110296820,134865,0,1
13184,,,14,7,13,000,2023,05,09,6,3,1,5,0,,0,1,0,0,0,,"736382,398599999956787","5692614,868899999186397",12.393701222000061,51.335598625000046,0,,0,Mitte,,,,0.0,,0,14230505148410313000,134898,0,1
13185,,,14,7,13,000,2023,05,16,6,3,0,1,0,,1,0,0,0,0,,"735703,249200000427663","5690285,932099999859929",12.382429126000034,51.314975236000066,4,,4,Süd,,,,4.0,,1,14230505144200295700,134900,0,1
13186,,,14,7,13,000,2023,05,05,5,2,6,2,1,,0,1,1,0,0,,"733905,366100000217557","5696953,400100000202656",12.361056722000058,51.37556751400007,9,,9,Nord,,,,9.0,,0,14230504144200295260,134925,0,1
13187,,,14,7,13,000,2023,05,15,4,3,6,3,0,,0,1,1,0,0,,"731133,204699999652803","5688478,964600000530481",12.315795872000024,51.30062850500008,5,,5,Südwest,,,,5.0,,0,14230503145400295280,134938,0,1
13188,,,14,7,13,000,2023,05,10,4,3,3,6,0,,0,1,0,0,0,,"730002,512400000356138","5683508,141599999740720",12.296405280000045,51.256462455000076,5,,5,Südwest,,,,5.0,,1,14230503144310298150,134939,0,1
13189,,,14,7,13,000,2023,05,19,3,3,5,3,0,,1,1,0,0,0,,"737349,166600000113249","5690243,993499999865890",12.405976106000026,51.31391479700005,3,,3,Südost,,,,3.0,,0,14230502148210296840,134955,0,1
13190,,,14,7,13,000,2023,05,14,3,3,0,7,0,,1,0,0,0,0,,"738523,294700000435114","5689509,665699999779463",12.422301805000075,51.30683267500007,3,,3,Südost,,,,3.0,,0,14230502148210267950,134956,0,1
13191,,,14,7,13,000,2023,05,09,3,3,5,3,0,,1,1,0,0,0,,"737348,063199999742210","5690243,959000000730157",12.405960279000055,51.31391494800005,3,,3,Südost,,,,3.0,,0,14230502144100298110,134959,0,1
13192,,,14,7,13,000,2023,05,22,2,3,0,1,2,,1,0,0,0,0,,"737413,117300000041723","5690776,101999999955297",12.40724626900004,51.31866438600008,3,,3,Südost,,,,3.0,,0,14230501662211313720,134973,0,1
13193,,,14,7,13,000,2023,04,16,7,3,5,3,0,,0,1,0,0,0,,"735433,247700000181794","5699082,498099999502301",12.384381328000075,51.39404743400007,9,,9,Nord,,,,9.0,,0,14230429148110267550,134987,0,1
13194,,,14,7,13,000,2023,04,20,6,3,9,1,2,,0,1,0,0,0,,"728656,497999999672174","5691549,887099999934435",12.282297090000043,51.32919689300007,6,,6,West,,,,6.0,,0,14230428148310274120,135002,0,1
13195,,,14,7,13,000,2023,04,16,4,2,5,3,0,,0,1,0,0,0,,"729679,413999999873340","5687336,224999999627471",12.294242105000023,51.29095818800005,5,,5,Südwest,,,,5.0,,0,14230426144200266580,135030,0,1
13196,,,14,7,13,000,2023,04,18,2,3,3,6,0,,0,1,0,0,0,,"731029,055700000375509","5682890,312799999490380",12.310692673000062,51.250501246000056,5,,5,Südwest,,,,5.0,,0,14230424144310399730,135056,0,1
13197,,,14,7,13,000,2023,04,10,6,3,3,2,0,,1,1,0,0,0,,"736437,737999999895692","5693412,642999999225140",12.395023791000028,51.34273658700005,2,,2,Ost,,,,2.0,,0,14230421148410267560,135100,0,1
13198,,,14,7,13,000,2023,04,21,6,3,9,1,2,,0,1,0,0,0,,"729224,214999999850988","5692207,927600000053644",12.290855412000042,51.334875735000026,6,,6,West,,,,6.0,,0,14230421148310296140,135101,0,1
13199,,,14,7,13,000,2023,04,11,5,3,5,3,0,,0,1,0,0,0,,"727926,373700000345707","5690225,873400000855327",12.270988225000053,51.31760379900004,6,,6,West,,,,6.0,,0,14230420144200312940,135117,0,1
13200,,,14,7,13,000,2023,04,16,5,3,8,1,0,,0,1,0,0,0,,"738589,922899999655783","5689361,924000000581145",12.423157170000025,51.305478632000074,3,,3,Südost,,,,3.0,,0,14230420144200253480,135118,0,1
13201,,,14,7,13,000,2023,04,08,2,3,2,6,0,,0,1,0,0,0,,"739902,225599999539554","5695619,668500000610948",12.44616226100004,51.361095015000046,2,,2,Ost,,,,2.0,,0,14230417148210253800,135152,1,1
13202,,,14,7,13,000,2023,04,10,2,2,6,3,0,,0,1,1,0,0,,"736992,579300000332296","5691392,655500000342727",12.401632139000071,51.32437394800007,3,,3,Südost,,,,3.0,,0,14230417144200267230,135153,1,1
13203,,,14,7,13,000,2023,04,13,1,3,8,1,0,,0,0,0,1,0,,"735557,075899999588728","5700285,235899999737740",12.386956209000061,51.40479202700004,9,,9,Nord,,,,9.0,,0,14230416144310254510,135158,1,1
13204,,,14,7,13,000,2023,04,21,5,3,5,3,2,,0,1,0,0,0,,"734757,192999999970198","5693486,707000000402331",12.37098657100006,51.34409776200005,0,,0,Mitte,,,,0.0,,0,14230413148410240410,135189,0,1
13205,,,14,7,13,000,2023,04,07,3,3,5,3,0,,0,1,0,0,0,,"742266,319899999536574","5694719,700099999085069",12.479442496000047,51.35201448200007,2,,2,Ost,,,,2.0,,0,14230411144200400130,135212,1,1
13206,,,14,7,13,000,2023,04,05,3,3,6,4,1,,0,1,1,0,0,,"734722,913099999539554","5699000,975999999791384",12.374135340000066,51.39360988700008,9,,9,Nord,,,,9.0,,0,14230411144200216350,135213,1,1
13207,,,14,7,13,000,2023,04,11,5,3,2,6,0,,0,1,0,0,0,,"736217,627999999560416","5693806,232000000774860",12.392130272000031,51.34636100500006,0,,0,Mitte,,,,0.0,,0,14230406148410233830,135258,0,1
13208,,,14,7,13,000,2023,04,05,5,3,2,6,2,,0,1,0,0,0,,"735678,180999999865890","5700424,658999999985099",12.388786852000067,51.405993212000055,9,,9,Nord,,,,9.0,,0,14230406144310216080,135260,0,1
13209,,,14,7,13,000,2023,04,08,5,3,5,2,0,,1,1,0,0,0,,"739310,503499999642372","5688685,110899999737740",12.433022012000038,51.29910122300004,3,,3,Südost,,,,3.0,,0,14230406144200216380,135261,0,1
13210,,,14,7,13,000,2023,04,15,3,3,5,3,0,,1,1,0,0,0,,"736342,215300000272691","5692490,866299999877810",12.393043142000067,51.33450225200005,3,,3,Südost,,,,3.0,,0,14230404144200267910,135288,0,1
13211,,,14,7,13,000,2023,04,12,2,3,5,2,0,,1,1,0,0,0,,"739637,614000000059605","5694462,883999999612570",12.441589505000024,51.35082370500004,2,,2,Ost,,,,2.0,,0,14230403148210253520,135300,0,1
13212,,,14,7,13,000,2023,04,10,1,3,5,3,0,,0,1,0,0,0,,"727240,985600000247359","5693200,472500000149012",12.263066252000044,51.34458207100005,7,,7,Alt-West,,,,7.0,,0,14230402144200214660,135312,0,1
13213,,,14,7,13,000,2023,03,14,3,3,3,5,0,,1,1,0,0,0,,"736227,447200000286102","5693713,927200000733137",12.392209770000022,51.345528380000076,0,,0,Mitte,,,,0.0,,0,14230328148422223210,135377,0,1
13214,,,14,7,13,000,2023,03,15,3,3,3,6,0,,0,1,0,0,0,,"737443,450699999928474","5690710,581900000572205",12.407637148000049,51.318063616000074,3,,3,Südost,,,,3.0,,0,14230328144200190630,135378,1,1
13215,,,14,7,13,000,2023,03,06,2,3,6,2,2,,0,1,1,0,0,,"739172,716599999926984","5694474,494000000879169",12.434933512000043,51.35112371300005,2,,2,Ost,,,,2.0,,0,14230327148223216430,135392,0,1
13216,,,14,7,13,000,2023,03,17,2,3,5,2,0,,1,1,0,0,0,,"737746,978199999779463","5690340,329700000584126",12.41173808600007,51.314613490000056,3,,3,Südost,,,,3.0,,0,14230327144200184330,135394,0,1
13217,,,14,7,13,000,2023,03,12,2,3,0,1,0,,0,0,0,0,0,,"736614,807400000281632","5694553,568099999800324",12.398319839000067,51.35290403000005,1,,1,Nordost,,,,1.0,,1,14230327144100297090,135395,0,1
13218,,,14,7,13,000,2023,04,16,7,3,2,6,0,,0,1,0,0,0,,"734784,054100000299513","5693527,904100000858307",12.371398729000077,51.34445647100006,0,,0,Mitte,,,,0.0,,0,14230408148410266510,135425,0,1
13219,,,14,7,13,000,2023,03,06,6,3,5,3,0,,1,1,0,0,0,,"737292,842899999581277","5690921,011199999600649",12.405619848000072,51.320015271000045,3,,3,Südost,,,,3.0,,0,14230324148410190680,135434,1,1
13220,,,14,7,13,000,2023,03,14,5,3,2,6,0,,0,1,0,0,0,,"738992,712899999693036","5699155,282600000500679",12.435499986000025,51.39321307600005,1,,1,Nordost,,,,1.0,,0,14230323144310183660,135447,0,1
13221,,,14,7,13,000,2023,04,16,2,3,5,3,0,,0,1,0,0,0,,"736065,419999999925494","5700918,607999999076128",12.39467309400004,51.41026593500004,9,,9,Nord,,,,9.0,,0,14230403144310204050,135460,0,1
13222,,,14,7,13,000,2023,03,09,4,3,2,2,0,,0,1,0,0,0,,"740710,801699999719858","5686514,733999999240041",12.451608431000068,51.279030377000026,3,,3,Südost,,,,3.0,,0,14230322148210183390,135462,0,1
13223,,,14,7,13,000,2023,03,08,4,3,2,6,0,,0,1,0,0,0,,"739089,683000000193715","5694954,089500000700355",12.434065493000048,51.355463394000026,1,,1,Nordost,,,,1.0,,0,14230322148210172150,135463,0,1
13224,,,14,7,13,000,2023,03,18,4,3,5,3,2,,1,1,0,0,0,,"741491,345700000412762","5689704,677100000903010",12.46493593300005,51.30733182100005,3,,3,Südost,,,,3.0,,0,14230322144200183930,135464,0,1
13225,,,14,7,13,000,2023,03,20,3,3,5,2,2,,1,1,0,0,0,,"731579,395899999886751","5692694,555099999532104",12.32492308600007,51.33829001700008,7,,7,Alt-West,,,,7.0,,0,14230321148310215850,135482,1,1
13226,,,14,7,13,000,2023,03,13,6,3,2,6,0,,0,1,0,0,0,,"727624,768799999728799","5685553,758300000801682",12.263688815000023,51.27578093500006,5,,5,Südwest,,,,5.0,,0,14230317148310165210,135530,0,1
13227,,,14,7,13,000,2023,03,15,6,2,0,7,0,,0,0,0,0,0,,"732477,182500000111759","5692411,088999999687076",12.337604714000065,51.335379114000034,7,,7,Alt-West,,,,7.0,,1,14230317144320274100,135531,0,1
13228,,,14,7,13,000,2023,03,11,5,3,2,2,0,,0,1,0,0,0,,"734782,036999999545515","5693527,608999999240041",12.371369624000067,51.34445465500005,0,,0,Mitte,,,,0.0,,0,14230316148410203600,135549,0,1
13229,,,14,7,13,000,2023,03,09,4,3,6,4,0,,0,0,1,0,0,,"735294,705299999564886","5693572,035499999299645",12.37874695000005,51.34464150800005,0,,0,Mitte,,,,0.0,,1,14230315144200163560,135578,0,1
13230,,,14,7,13,000,2023,04,09,1,3,2,6,0,,0,1,0,0,0,,"734954,294900000095367","5700591,147700000554323",12.378507907000028,51.407787916000075,9,,9,Nord,,,,9.0,,0,14230430144310274090,135584,0,1
13231,,,14,7,13,000,2023,03,18,2,3,2,2,2,,0,1,0,0,0,,"734777,254999999888241","5693526,655200000852346",12.37130045500004,51.34444806800008,0,,0,Mitte,,,,0.0,,0,14230313144200148590,135612,1,1
13232,,,14,7,13,000,2023,03,08,2,3,5,2,0,,1,1,0,0,0,,"736099,508999999612570","5693870,794999999925494",12.390480065000077,51.346989602000065,0,,0,Mitte,,,,0.0,,0,14230313144200148180,135613,1,1
13233,,,14,7,13,000,2023,03,05,7,3,3,7,2,,0,1,0,0,0,,"732801,871100000105798","5692769,952299999073148",12.342492187000062,51.338467698000045,7,,7,Alt-West,,,,7.0,,1,14230311144200215830,135631,1,1
13234,,,14,7,13,000,2023,03,13,4,3,3,2,0,,1,0,0,0,0,,"733842,367999999783933","5693189,926999999210238",12.357679559000076,51.34181070600005,0,,0,Mitte,,,,0.0,,1,14230308148310147860,135679,1,1
13235,,,14,7,13,000,2023,03,10,4,3,6,4,0,,0,1,1,0,0,,"733557,746700000017881","5693074,224099999293685",12.353524399000037,51.34088907300003,0,,0,Mitte,,,,0.0,,0,14230308143500136401,135682,0,1
13236,,,14,7,13,000,2023,03,07,3,3,5,2,0,,1,1,0,0,0,,"737468,380099999718368","5690708,946499999612570",12.407993151000028,51.31803853500003,3,,3,Südost,,,,3.0,,0,14230307148210163790,135705,0,1
13237,,,14,7,13,000,2023,03,21,2,3,3,6,2,,0,1,0,0,0,,"736174,811800000257790","5693946,607000000774860",12.39160970000006,51.34763882800007,0,,0,Mitte,,,,0.0,,0,14230306148410130360,135717,1,1
13238,,,14,7,13,000,2023,04,00,1,3,5,2,2,,0,1,0,0,0,,"734888,469600000418723","5698789,077700000256300",12.376370604000044,51.39163933900005,9,,9,Nord,,,,9.0,,0,14230416144200253140,135720,1,1
13239,,,14,7,13,000,2023,03,08,6,3,3,2,0,,0,1,0,1,0,,"732593,371000000275671","5698945,913000000640750",12.343543410000052,51.393992334000075,8,,8,Nordwest,,,,8.0,,0,14230331148110202630,135732,0,1
13240,,,14,7,29,190,2023,03,13,1,3,8,1,0,,0,1,0,0,0,,"743569,377799999900162","5686506,984400000423193",12.492511716000024,51.27774627900004,3,,3,Südost,,,,3.0,,0,14230305144310147290,135733,1,1
13241,,,14,7,13,000,2023,03,14,7,3,5,2,0,,1,1,0,0,0,,"738701,275799999944866","5689286,285399999469519",12.424701148000054,51.30475302900004,3,,3,Südost,,,,3.0,,0,14230304148210129850,135746,0,1
13242,,,14,7,13,000,2023,03,15,7,3,3,6,0,,0,1,0,0,0,,"736962,124200000427663","5694320,758999999612570",12.40314365200004,51.35066962600007,1,,1,Nordost,,,,1.0,,0,14230304148110129820,135747,0,1
13243,,,14,7,13,000,2023,03,23,6,3,5,3,2,,1,1,0,0,0,,"735453,019799999892712","5693497,043500000610948",12.380966454000031,51.34390281700007,0,,0,Mitte,,,,0.0,,0,14230303148410129870,135757,0,1
13244,,,14,7,13,000,2023,03,13,6,3,5,3,0,,1,1,0,0,0,,"735440,647400000132620","5693504,414000000804663",12.380793999000048,51.34397410000008,0,,0,Mitte,,,,0.0,,0,14230303144320184370,135760,0,1
13245,,,14,7,13,000,2023,03,13,4,3,9,1,0,,0,0,0,0,1,,"734817,589100000448525","5700641,034199999645352",12.37657884400005,51.40829231300006,9,,9,Nord,,,,9.0,,0,14230301144310116340,135792,0,1
13246,,,14,7,13,000,2023,03,07,4,3,5,3,0,,0,1,0,0,0,,"726968,012400000356138","5686123,633899999782443",12.25465043500003,51.28115894900003,5,,5,Südwest,,,,5.0,,0,14230301144200116310,135793,0,1
13247,,,14,7,13,000,2023,03,14,4,3,2,2,0,,0,1,0,0,0,,"728395,446999999694526","5690402,970000000670552",12.277821546000041,51.319005581000056,6,,6,West,,,,6.0,,0,14230301144200116300,135794,0,1
13248,,,14,7,13,000,2023,02,11,3,3,2,6,0,,0,1,0,0,0,,"736203,701999999582767","5693819,361500000581145",12.391939379000064,51.34648464400004,0,,0,Mitte,,,,0.0,,0,14230228148410113370,135805,0,1
13249,,,14,7,30,300,2023,02,08,3,3,1,6,0,,0,1,0,0,0,,"741580,798200000077486","5696805,206900000572205",12.47103269400003,51.37102458000004,1,,1,Nordost,,,,1.0,,0,14230228144200113270,135807,0,1
13250,,,14,7,13,000,2023,02,15,3,3,0,7,0,,0,0,0,0,0,,"734342,157999999821186","5693358,646400000900030",12.364953662000062,51.34311944800004,0,,0,Mitte,,,,0.0,,1,14230228143263130300,135808,0,1
13251,,,14,7,13,000,2023,02,12,2,2,0,1,0,,1,0,0,0,0,,"734541,028199999593198","5693450,951600000262260",12.36786477100003,51.343866019000075,0,,0,Mitte,,,,0.0,,0,14230227148410116690,135818,0,1
13252,,,14,7,13,000,2023,02,09,2,3,2,6,0,,0,1,0,0,0,,"736429,527499999850988","5692783,032299999147654",12.394488175000049,51.33708850100004,3,,3,Südost,,,,3.0,,1,14230227148410112950,135819,0,1
13253,,,14,7,13,000,2023,02,11,2,3,2,6,0,,0,1,0,0,0,,"736245,731999999843538","5693683,848400000482798",12.39245188700005,51.34525078900003,0,,0,Mitte,,,,0.0,,0,14230227144200215350,135820,0,1
13254,,,14,7,13,000,2023,02,16,2,3,0,3,0,,0,1,0,0,0,,"735174,511699999682605","5693551,302699999883771",12.377010540000072,51.34450513300004,0,,0,Mitte,,,,0.0,,1,14230227144200116620,135821,0,1
13255,,,14,7,13,000,2023,02,11,2,3,2,6,0,,0,1,0,0,0,,"736247,706000000238419","5693681,001499999314547",12.392478291000032,51.34522441400003,0,,0,Mitte,,,,0.0,,1,14230227144200113300,135823,0,1