UNFALL_ID,FID_left,OBJECTID,ULAND,UREGBEZ,UKREIS,UGEMEINDE,UJAHR,UMONAT,USTUNDE,UWOCHENTAG,UKATEGORIE,UART,UTYP1,ULICHTVERH,IstStrasse,IstRad,IstPKW,IstFuss,IstKrad,IstGkfz,IstSonstig,LINREFX,LINREFY,XGCSWGS84,YGCSWGS84,index_right,FID_right,SBZ,Name,UIDENTSTLA,LICHT,STRZUSTAND,FID,OBJECTID_1,IstSonstige,UIDENTSTLAE,OID_,IstStrassenzustand,PLST
13256,,,14,7,13,000,2023,05,11,5,3,5,3,0,,1,1,0,0,0,,"729742,138399999588728","5692637,353199999779463",12.298554713000044,51.33852173900004,7,,7,Alt-West,,,,7.0,,0,14230511148320324320,135826,0,1
13257,,,14,7,13,000,2023,02,18,7,3,6,7,2,,1,0,1,0,0,,"733378,359600000083447","5693033,359999999403954",12.350926634000075,51.34059590700008,0,,0,Mitte,,,,0.0,,0,14230225148420267070,135849,1,1
13258,,,14,7,13,000,2023,02,19,5,3,0,7,2,,0,0,1,0,0,,"735424,539200000464916","5693514,010099999606609",12.380569471000058,51.34406690800006,0,,0,Mitte,,,,0.0,,1,14230223148410116390,135875,1,1
13259,,,14,7,13,000,2023,02,17,5,3,0,7,1,,0,0,0,1,0,,"737268,484000000171363","5690919,769899999722838",12.40527008600003,51.32001428600006,0,,0,Mitte,,,,0.0,,0,14230223148410116370,135876,1,1
13260,,,14,7,13,000,2023,02,00,5,3,0,1,2,,1,0,0,0,0,,"728878,474000000394881","5691743,451600000262260",12.285602188000041,51.33084529000007,6,,6,West,,,,6.0,,0,14230223148310112600,135877,0,1
13261,,,14,7,13,000,2023,03,20,4,3,8,7,2,,0,1,0,0,0,,"731079,811999999918044","5701193,447599999606609",12.323288975000025,51.41478615600005,8,,8,Nordwest,,,,8.0,,0,14230315144310164900,135879,0,1
13262,,,14,7,13,000,2023,02,15,5,3,2,6,0,,0,1,0,0,0,,"731296,114900000393391","5697262,995600000023842",12.323833234000062,51.37941536200003,8,,8,Nordwest,,,,8.0,,0,14230223148110116350,135880,0,1
13263,,,14,7,13,000,2023,02,05,5,2,3,6,2,,0,1,0,0,1,,"741183,120099999941885","5696844,588400000706315",12.465356804000066,51.37154703900006,1,,1,Nordost,,,,1.0,,1,14230223144310101050,135881,0,1
13264,,,14,7,13,000,2023,02,09,4,3,5,3,0,,1,0,0,0,1,,"736320,025299999862909","5692438,059100000187755",12.392690145000074,51.33403746400006,3,,3,Südost,,,,3.0,,0,14230222148410116400,135888,0,1
13265,,,14,7,13,000,2023,02,12,4,3,3,6,0,,0,1,0,0,0,,"744952,146099999547005","5691723,270099999383092",12.515878436000037,51.32397039700004,2,,2,Ost,,,,2.0,,0,14230222144320136870,135889,0,1
13266,,,14,7,13,000,2023,02,16,4,3,5,3,0,,1,1,0,0,0,,"735061,356499999761581","5697039,255200000479817",12.377693351000062,51.37586089600006,9,,9,Nord,,,,9.0,,0,14230222144200101040,135891,0,1
13267,,,14,7,13,000,2023,02,13,2,3,5,2,0,,1,1,0,0,0,,"735957,020299999974668","5693783,300200000405312",12.388379728000075,51.34626338600003,0,,0,Mitte,,,,0.0,,0,14230220148410096320,135914,0,1
13268,,,14,7,13,000,2023,02,00,7,3,0,1,2,,1,0,0,0,0,,"740494,922399999573827","5687489,855699999257922",12.44917519300003,51.28787397700006,3,,3,Südost,,,,3.0,,0,14230218148211116360,135935,1,1
13269,,,14,7,13,000,2023,04,17,7,3,8,1,0,,0,1,0,0,0,,"742863,122000000439584","5688903,550000000745058",12.484034224000027,51.299557873000026,3,,3,Südost,,,,3.0,,0,14230415148210266870,135936,1,1
13270,,,14,7,13,000,2023,02,12,7,2,5,3,0,,1,1,0,0,0,,"727443,195299999788404","5690082,942399999126792",12.26397503000004,51.31651396500007,6,,6,West,,,,6.0,,0,14230218144200096280,135937,0,1
13271,,,14,7,13,000,2023,02,13,5,3,5,2,0,,0,1,0,0,0,,"727279,877000000327826","5690036,369999999180436",12.261605692000046,51.31616111100004,6,,6,West,,,,6.0,,0,14230216144200085750,135956,0,1
13272,,,14,7,13,000,2023,02,15,3,3,5,2,0,,1,1,0,0,0,,"740529,938099999912083","5694444,037000000476837",12.454367046000073,51.35027766500008,2,,2,Ost,,,,2.0,,0,14230214144200136850,135988,0,1
13273,,,14,7,13,000,2023,02,16,2,3,6,4,0,,0,0,1,0,0,,"734848,550999999977648","5693488,431199999526143",12.372297121000031,51.34407551000004,0,,0,Mitte,,,,0.0,,1,14230213144200223180,135995,0,1
13274,,,14,7,13,000,2023,02,14,4,3,3,6,0,,0,1,0,0,1,,"744922,378800000064075","5691751,840900000184774",12.515471668000032,51.32423963600007,2,,2,Ost,,,,2.0,,0,14230215144310085800,136000,0,1
13275,,,14,7,13,000,2023,02,18,1,3,5,3,2,,1,1,0,0,0,,"736061,015200000256300","5693821,299200000241399",12.389895500000023,51.346561302000055,0,,0,Mitte,,,,0.0,,0,14230212148410096300,136004,1,1
13276,,,14,7,13,000,2023,02,11,1,3,5,3,0,,0,1,0,0,0,,"741471,433699999935925","5689516,947599999606609",12.46452376700006,51.30565528600005,3,,3,Südost,,,,3.0,,0,14230212148210112280,136005,1,1
13277,,,14,7,13,000,2023,02,10,6,3,2,6,0,,0,1,0,0,0,,"736335,433899999596179","5692498,063400000333786",12.392950743000029,51.33456967300003,0,,0,Mitte,,,,0.0,,1,14230210148410078560,136025,0,1
13278,,,14,7,13,000,2023,02,10,6,3,2,2,0,,0,1,0,0,0,,"731952,555700000375509","5692427,464600000530481",12.330097141000067,51.33574032100006,7,,7,Alt-West,,,,7.0,,0,14230210148310079210,136027,0,1
13279,,,14,7,13,000,2023,02,23,6,3,5,3,2,,0,1,0,0,0,,"728021,669900000095367","5701041,615000000223517",12.279288404000056,51.41466098800004,8,,8,Nordwest,,,,8.0,,1,14230210148110095120,136028,0,1
13280,,,14,7,13,000,2023,02,12,5,3,6,4,0,,0,1,1,0,0,,"732631,017400000244379","5692412,388900000602007",12.339810098000044,51.33532788000008,7,,7,Alt-West,,,,7.0,,0,14230209148310085480,136034,0,1
13281,,,14,7,13,000,2023,02,17,5,3,2,6,1,,0,1,0,0,0,,"736631,971499999985099","5695739,671299999579787",12.399354741000025,51.36354348000003,9,,9,Nord,,,,9.0,,0,14230209148110095440,136036,0,1
13282,,,14,7,13,000,2023,02,13,5,3,5,3,0,,0,1,0,0,1,,"735934,619099999777973","5700327,416500000283122",12.39240254300006,51.405013764000046,9,,9,Nord,,,,9.0,,0,14230209144310085790,136038,0,1
13283,,,14,7,13,000,2023,02,18,5,3,5,2,2,,0,1,0,0,0,,"740892,713000000454485","5696349,836999999359250",12.460857186000055,51.36722962500005,2,,2,Ost,,,,2.0,,1,14230209144200079010,136039,0,1
13284,,,14,7,13,000,2023,02,09,3,3,5,3,0,,1,1,0,0,0,,"734336,758600000292063","5690142,581900000572205",12.362761657000021,51.31425272200005,4,,4,Süd,,,,4.0,,0,14230207148210101080,136071,0,1
13285,,,14,7,13,000,2023,03,13,1,3,5,3,0,,0,1,0,0,0,,"735632,662899999879301","5693455,092900000512600",12.383513436000044,51.34345183500005,0,,0,Mitte,,,,0.0,,0,14230305148410148650,136074,1,1
13286,,,14,7,13,000,2023,04,06,4,3,3,6,0,,0,1,0,0,0,,"734826,241700000129640","5698873,987099999561906",12.375533935000021,51.392427258000055,9,,9,Nord,,,,9.0,,1,14230419148110254900,136080,0,1
13287,,,14,7,13,000,2023,02,09,2,3,3,1,0,,1,1,0,0,0,,"739141,962000000290573","5687237,425000000745058",12.429639486000042,51.286177707000036,3,,3,Südost,,,,3.0,,0,14230206148210060490,136090,1,1
13288,,,14,7,13,000,2023,02,15,2,3,5,3,0,,1,1,0,0,0,,"732963,895200000144541","5692857,798000000417233",12.344871676000025,51.33918990500007,7,,7,Alt-West,,,,7.0,,0,14230206144200078510,136091,1,1
13289,,,14,7,13,000,2023,02,00,1,3,6,4,2,,0,1,1,0,0,,"734163,423600000329316","5693291,812899999320507",12.362347987000021,51.34259315600008,0,,0,Mitte,,,,0.0,,0,14230219144200240630,136116,1,1
13290,,,14,7,13,000,2023,02,05,6,3,5,2,2,,0,1,0,0,0,,"728307,142099999822676","5697574,087899999693036",12.281156335000048,51.38341773700006,8,,8,Nordwest,,,,8.0,,0,14230203148110059790,136131,1,1
13291,,,14,7,13,000,2023,02,15,6,3,2,6,0,,0,1,0,0,0,,"744368,436999999918044","5693468,908199999481440",12.508714247000057,51.33988869800004,2,,2,Ost,,,,2.0,,0,14230203144310059770,136132,0,1
13292,,,14,7,13,000,2023,02,15,6,3,6,4,0,,1,0,1,0,0,,"737213,131500000134110","5690998,361500000581145",12.40452945800007,51.32074281000007,0,,0,Mitte,,,,0.0,,0,14230203144200095410,136133,1,1
13293,,,14,7,13,000,2023,02,14,5,3,2,6,0,,0,1,0,0,0,,"736684,228400000371039","5695507,958599999547005",12.399949843000059,51.361441839000065,1,,1,Nordost,,,,1.0,,0,14230202148410059830,136150,0,1
13294,,,14,7,13,000,2023,02,13,5,3,2,2,0,,0,1,0,0,0,,"727589,581000000238419","5685595,332000000402331",12.26321163800003,51.27616821500004,5,,5,Südwest,,,,5.0,,0,14230202148310060630,136151,1,1
13295,,,14,7,13,000,2023,02,10,4,3,6,4,0,,0,1,1,0,0,,"736322,190200000070035","5692431,585799999535084",12.39271687300004,51.333978459000036,3,,3,Südost,,,,3.0,,0,14230201148410060060,136172,1,1
13296,,,14,7,13,000,2023,02,07,4,3,8,1,0,,0,1,0,0,0,,"726563,076500000432134","5693427,726999999955297",12.253493307000042,51.34689279300005,7,,7,Alt-West,,,,7.0,,0,14230201148310147370,136174,0,1
13297,,,14,7,13,000,2023,01,15,3,3,5,2,0,,1,1,0,0,0,,"736205,196999999694526","5693814,657500000670552",12.391957686000069,51.34644179900005,0,,0,Mitte,,,,0.0,,0,14230131148410042960,136195,1,1
13298,,,14,7,13,000,2023,01,12,3,3,2,6,0,,0,1,0,0,0,,"738577,091000000014901","5694523,927999999374151",12.426428878000024,51.35181773100004,1,,1,Nordost,,,,1.0,,0,14230131144200085770,136196,1,1
13299,,,14,7,13,000,2023,01,07,2,3,3,6,0,,0,1,0,0,0,,"734425,309799999929965","5689884,484400000423193",12.363860412000065,51.31189944300007,4,,4,Süd,,,,4.0,,0,14230130148210042490,136211,1,1
13300,,,14,7,13,000,2023,01,15,2,3,2,6,0,,0,1,0,0,0,,"736501,833499999716878","5692247,271999999880791",12.395168691000038,51.332249355000044,3,,3,Südost,,,,3.0,,0,14230130144200049810,136212,1,1
13301,,,14,7,13,000,2023,01,20,2,2,5,2,2,,0,1,0,0,0,,"736633,277099999599159","5695731,047599999234080",12.399367724000058,51.36346552900005,9,,9,Nord,,,,9.0,,0,14230130144200042920,136213,1,1
13302,,,14,7,13,000,2023,01,12,6,3,3,6,0,,0,1,0,0,0,,"736023,242999999783933","5700793,260999999940395",12.39398432400003,51.40915836200003,9,,9,Nord,,,,9.0,,0,14230127148110042470,136240,1,1
13303,,,14,7,13,000,2023,01,15,4,3,6,4,0,,0,0,1,1,0,,"738540,678799999877810","5689505,583100000396371",12.422548023000047,51.30678874600005,3,,3,Südost,,,,3.0,,0,14230125143263060451,136283,0,1
13304,,,14,7,13,000,2023,01,13,3,3,5,3,0,,0,1,0,0,0,,"736464,342799999751151","5696405,290899999439716",12.397393795000028,51.36958794900005,9,,9,Nord,,,,9.0,,1,14230124144200027670,136288,0,1
13305,,,14,7,13,000,2023,05,09,4,2,5,2,0,,0,1,0,1,0,,"734181,355999999679625","5697030,764000000432134",12.365066135000063,51.376148228000034,9,,9,Nord,,,,9.0,,0,14230510144200345940,136322,0,1
13306,,,14,7,13,000,2023,01,04,7,3,8,1,2,,0,1,0,0,0,,"733265,425599999725819","5688223,598799999803305",12.346161750000022,51.297466720000045,5,,5,Südwest,,,,5.0,,0,14230121148210020610,136323,0,1
13307,,,14,7,13,000,2023,01,09,5,3,5,3,0,,0,1,0,0,0,,"735275,742399999871850","5693570,971300000324845",12.37847445500006,51.344639803000064,0,,0,Mitte,,,,0.0,,1,14230119148410009630,136370,0,1
13308,,,14,7,13,000,2023,01,09,5,1,5,2,0,,1,0,0,0,1,,"736673,074000000022352","5695575,456000000238419",12.39983482200006,51.36205234800008,9,,9,Nord,,,,9.0,,0,14230119144200048760,136371,1,1
13309,,,14,7,13,000,2023,01,07,3,3,5,2,0,,1,1,0,0,0,,"739756,915699999779463","5695498,690700000151992",12.443997422000052,51.36007048700003,2,,2,Ost,,,,2.0,,0,14230117144200059480,136453,0,1
13310,,,14,7,13,000,2023,01,14,2,3,2,6,0,,0,1,0,0,0,,"732278,213399999774992","5692448,331399999558926",12.33477765400005,51.335794726000074,7,,7,Alt-West,,,,7.0,,0,14230116144200008650,136469,0,1
13311,,,14,7,13,000,2023,01,12,1,3,2,6,0,,0,1,0,0,0,,"736343,795800000429153","5694752,022900000214577",12.394566638000072,51.354798147000054,1,,1,Nordost,,,,1.0,,1,14230115144200041930,136492,0,1
13312,,,14,7,13,000,2023,01,05,1,2,7,1,2,,0,1,0,0,0,,"727291,599700000137091","5692773,126399999484420",12.263519014000053,51.34072539400006,7,,7,Alt-West,,,,7.0,,0,14230115144000008280,136493,1,1
13313,,,14,7,13,000,2023,01,21,4,3,2,6,2,,0,1,0,1,0,,"730568,929800000041723","5697595,661399999633431",12.31361791200004,51.38269739400005,8,,8,Nordwest,,,,8.0,,0,14230111148110988300,136549,1,1
13314,,,14,7,13,000,2023,01,10,3,3,3,2,0,,0,1,0,0,0,,"735434,308299999684095","5699082,889100000262260",12.384396805000051,51.39405050400006,9,,9,Nord,,,,9.0,,0,14230110148110007860,136571,0,1
13315,,,14,7,13,000,2023,01,20,3,2,5,3,2,,0,1,0,0,0,,"735030,075299999676645","5702116,502800000831485",12.380606445000069,51.42144841800007,9,,9,Nord,,,,9.0,,0,14230110144200008660,136574,1,1
13316,,,14,7,13,000,2023,01,06,2,3,6,2,2,,0,1,1,0,0,,"740916,156000000424683","5696364,679800000041723",12.461203382000065,51.367352906000065,2,,2,Ost,,,,2.0,,0,14230109148211984000,136592,1,1
13317,,,14,7,13,000,2023,01,14,6,3,3,5,0,,0,1,0,0,0,,"739032,801799999549985","5694477,753200000151992",12.432930156000054,51.35121182100005,2,,2,Ost,,,,2.0,,0,14230106148220007870,136621,1,1
13318,,,14,7,13,000,2023,01,21,5,3,2,2,2,,0,1,0,0,0,,"736514,272199999541044","5692235,702800000086427",12.395339243000024,51.33214033500008,3,,3,Südost,,,,3.0,,0,14230105148410984030,136639,1,1
13319,,,14,7,13,000,2023,01,12,5,2,8,1,0,,0,1,0,0,0,,"728112,545099999755621","5693291,980399999767542",12.275618116000032,51.345054538000056,7,,7,Alt-West,,,,7.0,,0,14230105148310970300,136641,1,1
13320,,,14,7,13,000,2023,01,16,5,3,3,6,2,,1,0,0,1,0,,"738940,967199999839067","5689056,821000000461936",12.42797983500003,51.30259283600003,3,,3,Südost,,,,3.0,,0,14230105148210983630,136643,1,1
13321,,,14,7,13,000,2023,01,07,5,2,6,2,2,,0,1,1,0,0,,"736426,295900000259280","5692746,399900000542402",12.39441755200005,51.33676102600003,3,,3,Südost,,,,3.0,,0,14230105144200042900,136645,0,1
13322,,,14,7,13,000,2023,01,10,3,3,0,7,0,,1,1,0,0,0,,"737748,946000000461936","5690338,185000000521541",12.411764841000036,51.314593417000026,3,,3,Südost,,,,3.0,,0,14230103144320254520,136677,0,1
13323,,,14,7,13,000,2023,01,13,3,2,3,6,0,,0,1,0,0,0,,"743082,515899999998510","5695315,789499999955297",12.491548575000024,51.357016076000036,2,,2,Ost,,,,2.0,,1,14230103144310983970,136678,0,1
13324,,,14,7,13,000,2023,03,14,1,3,1,6,0,,0,1,0,0,0,,"727594,312599999830127","5690125,070900000631809",12.26616677800007,51.31683175400008,6,,6,West,,,,6.0,,0,14230326144200184340,136691,1,1
13325,,,14,7,13,000,2023,01,17,2,3,2,6,2,,0,1,0,0,0,,"739351,113300000317395","5694466,112199999392033",12.437485011000035,51.350973390000036,2,,2,Ost,,,,2.0,,0,14230102144200968750,136695,0,1
13326,,,14,7,13,000,2023,01,16,7,2,6,4,1,,0,1,1,0,0,,"734500,033499999903142","5699249,246200000867248",12.371101389000046,51.395930570000075,9,,9,Nord,,,,9.0,,0,14230107144200983360,136714,0,1
13327,,,14,7,13,000,2023,01,11,7,3,5,3,0,,1,1,0,0,0,,"737347,901899999938905","5690243,953900000080466",12.405957966000074,51.31391496900005,3,,3,Südost,,,,3.0,,0,14230128144200042910,136746,0,1
13328,,,14,7,13,000,2023,05,16,4,3,5,2,0,,1,1,0,0,0,,"738702,372299999929965","5689269,126199999824166",12.424705373000052,51.30459854900005,3,,3,Südost,,,,3.0,,0,14230503144200368420,136885,0,1
13329,,,14,7,30,300,2023,02,11,5,3,1,6,0,,0,1,0,0,1,,"741582,817699999548495","5696794,062599999830127",12.471054081000034,51.370923696000034,1,,1,Nordost,,,,1.0,,0,14230216148110096290,137008,0,1
13330,,,14,7,13,000,2023,03,06,5,3,2,2,0,,0,1,0,0,0,,"735971,508399999700487","5697123,995400000363588",12.390803408000068,51.376244102000044,9,,9,Nord,,,,9.0,,0,14230316148110165200,137051,0,1
13331,,,14,7,13,000,2023,03,23,7,3,0,1,2,,0,0,0,0,0,,"739622,736600000411272","5688369,020099999383092",12.437280359000056,51.29613274700006,3,,3,Südost,,,,3.0,,1,14230325148210183950,137208,1,1
13332,,,14,7,13,000,2023,08,16,6,2,4,7,0,,0,1,0,0,1,,"728442,448900000192225","5682138,179700000211596",12.27321145600007,51.24479074900006,5,,5,Südwest,,,,5.0,,0,14230811144200565500,137382,1,1
13333,,,14,7,13,000,2023,08,10,5,3,3,2,0,,1,1,0,0,0,,"737467,232200000435114","5690710,345699999481440",12.40797764000007,51.31805157300005,3,,3,Südost,,,,3.0,,0,14230810148211545200,137408,0,1
13334,,,14,7,13,000,2023,08,15,4,3,2,6,0,,0,1,0,0,0,,"728487,557400000281632","5693255,249399999156594",12.280970122000042,51.34457420600006,7,,7,Alt-West,,,,7.0,,1,14230809144200552090,137423,0,1
13335,,,14,7,13,000,2023,08,09,4,3,5,2,0,,0,1,0,0,0,,"735099,309000000357628","5697039,230000000447035",12.378237672000068,51.37584496000005,9,,9,Nord,,,,9.0,,0,14230809144200544690,137425,0,1
13336,,,14,7,13,000,2023,08,12,2,3,2,2,0,,0,1,1,0,0,,"736215,596499999985099","5693813,670299999415874",12.392106089000038,51.34642861700007,0,,0,Mitte,,,,0.0,,0,14230807148410552720,137449,0,1
13337,,,14,7,13,000,2023,08,09,2,3,5,3,0,,1,1,0,0,0,,"742463,116999999620020","5692593,830000000074506",12.48081594100006,51.33285012500005,2,,2,Ost,,,,2.0,,0,14230807148222577340,137450,0,1
13338,,,14,7,13,000,2023,08,19,1,3,5,3,0,,1,1,0,0,0,,"735607,155399999581277","5693472,980399999767542",12.383159687000045,51.34362296900008,0,,0,Mitte,,,,0.0,,0,14230806144200545170,137468,0,1
13339,,,14,7,13,000,2023,08,07,4,2,3,2,0,,1,1,0,0,0,,"732802,620000000111759","5692776,683000000193715",12.342507319000049,51.33852781000007,7,,7,Alt-West,,,,7.0,,0,14230802148310527350,137519,0,1
13340,,,14,7,13,000,2023,08,16,4,3,5,2,0,,1,1,0,0,0,,"740026,342799999751151","5694419,013100000098348",12.447131865000074,51.35026592500003,2,,2,Ost,,,,2.0,,0,14230802148210560310,137520,1,1
13341,,,14,7,13,000,2023,08,15,3,3,3,6,0,,1,0,0,0,0,,"734747,775799999944866","5693486,722300000488758",12.370851607000077,51.344101787000056,0,,0,Mitte,,,,0.0,,0,14230801148410565220,137532,0,1
13342,,,14,7,13,000,2023,07,15,2,3,5,3,0,,1,1,0,0,0,,"736061,240399999544024","5693821,313500000163913",12.389898737000067,51.346561337000026,0,,0,Mitte,,,,0.0,,0,14230731144200681410,137558,0,1
13343,,,14,7,13,000,2023,07,21,7,3,5,3,2,,1,1,0,0,0,,"736062,799599999561906","5693821,412299999967217",12.389921151000067,51.346561577000045,0,,0,Mitte,,,,0.0,,0,14230729148110527340,137591,0,1
13344,,,14,7,13,000,2023,07,11,7,3,2,6,0,,0,1,0,0,0,,"738284,663999999873340","5694493,710000000894070",12.422216879000075,51.351669161000075,1,,1,Nordost,,,,1.0,,0,14230729148110527330,137592,0,1
13345,,,14,7,13,000,2023,07,21,7,2,6,1,2,,0,1,1,0,0,,"741647,607300000265241","5687430,635399999096990",12.465634555000065,51.28685469100003,3,,3,Südost,,,,3.0,,0,14230729144200515621,137594,0,1
13346,,,14,7,13,000,2023,07,15,6,2,4,1,0,,0,1,0,0,0,,"740486,524600000120699","5687504,977299999445677",12.449065165000036,51.28801325000006,3,,3,Südost,,,,3.0,,0,14230728144200515610,137607,0,1
13347,,,14,7,13,000,2023,07,00,5,3,5,3,2,,1,1,0,0,0,,"736335,864900000393391","5694738,393899999558926",12.394443891000037,51.354679109000074,1,,1,Nordost,,,,1.0,,0,14230727148110599310,137627,0,1
13348,,,14,7,13,000,2023,07,00,7,3,0,6,2,,1,0,0,0,0,,"734744,694000000134110","5693486,738900000229478",12.370807447000061,51.34410320900008,0,,0,Mitte,,,,0.0,,0,14230722148410545230,137704,0,1
13349,,,14,7,13,000,2023,07,21,5,3,2,3,2,,0,1,0,1,0,,"736088,722000000067055","5693858,111400000751019",12.39031704000007,51.34688023100006,0,,0,Mitte,,,,0.0,,0,14230720148110498970,137740,0,1
13350,,,14,7,13,000,2023,07,08,4,2,6,4,0,,0,1,1,0,0,,"727287,719600000418723","5690038,556299999356270",12.261719436000021,51.31617760700004,6,,6,West,,,,6.0,,0,14230719144200527940,137763,0,1
13351,,,14,7,13,000,2023,07,14,3,3,1,7,0,,0,1,0,0,0,,"731595,019299999810755","5688412,512700000777841",12.322365929000057,51.299844335000046,5,,5,Südwest,,,,5.0,,0,14230718148310545210,137780,0,1
13352,,,14,7,13,000,2023,07,18,3,2,5,3,0,,1,0,0,0,0,,"731959,321600000374019","5692424,143100000917912",12.33019193900003,51.335707745000036,7,,7,Alt-West,,,,7.0,,0,14230718148310481210,137781,0,1
13353,,,14,7,13,000,2023,07,10,3,3,5,7,0,,0,1,0,0,0,,"736532,398099999874830","5696121,191099999472499",12.39818075100004,51.367009506000045,9,,9,Nord,,,,9.0,,0,14230718144200491520,137785,0,1
13354,,,14,7,13,000,2023,07,16,2,3,5,2,0,,1,1,0,0,0,,"727285,890999999828637","5690038,046499999240041",12.261692915000026,51.31617376000003,6,,6,West,,,,6.0,,0,14230717148310526540,137808,0,1
13355,,,14,7,13,000,2023,07,13,2,1,1,7,0,,0,0,0,0,1,,"727200,370799999684095","5683939,883799999952316",12.256589026000029,51.26146164900007,5,,5,Südwest,,,,5.0,,0,14230717144320491540,137809,0,1
13356,,,14,7,13,000,2023,07,11,1,3,1,6,0,,0,1,0,0,0,,"737146,013899999670684","5691106,823599999770522",12.403640137000025,51.32174435500008,3,,3,Südost,,,,3.0,,0,14230716148410498550,137827,0,1
13357,,,14,7,13,000,2023,07,19,7,3,5,3,0,,1,1,0,0,0,,"727287,885499999858439","5690038,602499999105930",12.261721842000043,51.31617795500006,6,,6,West,,,,6.0,,0,14230715148310508980,137839,0,1
13358,,,14,7,13,000,2023,07,10,6,3,5,2,0,,1,1,0,0,0,,"738579,438799999654293","5694522,963099999353290",12.426461885000037,51.35180808500007,2,,2,Ost,,,,2.0,,0,14230714148210529790,137866,0,1
13359,,,14,7,13,000,2023,07,22,5,2,8,1,2,,0,0,0,1,0,,"738699,628999999724329","5689271,413399999961257",12.424667619000047,51.30462022900008,3,,3,Südost,,,,3.0,,0,14230713148220471660,137884,0,1
13360,,,14,7,13,000,2023,07,11,4,3,5,3,0,,0,1,0,1,0,,"734485,355600000359118","5699267,412499999627471",12.370902775000047,51.39609970200007,9,,9,Nord,,,,9.0,,0,14230712148120491250,137900,0,1
13361,,,14,7,13,000,2023,08,22,7,3,6,6,1,,0,1,1,0,0,,"728691,305399999953806","5697409,523499999195337",12.286561730000074,51.38178581400007,8,,8,Nordwest,,,,8.0,,0,14230805148110608070,137901,0,1
13362,,,14,7,13,000,2023,07,13,4,3,5,2,0,,1,1,0,0,0,,"733844,322900000028312","5693190,540400000289083",12.357707979000054,51.34181540800006,0,,0,Mitte,,,,0.0,,0,14230712144200527920,137905,0,1
13363,,,14,7,13,000,2023,07,07,3,3,2,6,0,,0,1,0,0,0,,"738570,594200000166893","5694527,865599999204278",12.426338390000069,51.351855801000056,1,,1,Nordost,,,,1.0,,0,14230711148110480300,137917,0,1
13364,,,14,7,13,000,2023,07,13,6,3,5,7,0,,0,1,0,0,0,,"736134,226999999955297","5701502,656999999657273",12.396049530000028,51.41547975300006,9,,9,Nord,,,,9.0,,0,14230714148110481170,137936,0,1
13365,,,14,7,13,000,2023,07,09,7,3,2,6,0,,0,1,0,0,0,,"729721,406000000424683","5692595,099700000137091",12.298230323000041,51.33815080200003,7,,7,Alt-West,,,,7.0,,0,14230708148310458990,137964,0,1
13366,,,14,7,13,000,2023,07,15,7,3,0,6,0,,1,1,0,0,0,,"736246,021499999798834","5694050,163899999111891",12.392699110000024,51.34853878600006,0,,0,Mitte,,,,0.0,,0,14230708144200481130,137965,0,1
13367,,,14,7,13,000,2023,07,12,6,3,0,1,0,,1,0,0,0,0,,"736098,179700000211596","5693869,231899999082088",12.390459975000056,51.34697612300005,0,,0,Mitte,,,,0.0,,0,14230707144200458540,137985,0,1
13368,,,14,7,13,000,2023,07,07,5,3,2,6,0,,0,1,0,0,0,,"741275,221599999815226","5696611,361899999901652",12.466519265000045,51.369414610000035,2,,2,Ost,,,,2.0,,0,14230706148210458580,138010,0,1
13369,,,14,7,13,000,2023,07,11,5,3,9,1,0,,0,1,0,0,0,,"736988,190799999982119","5694311,498800000175834",12.403511134000041,51.350575638000066,1,,1,Nordost,,,,1.0,,0,14230706144200498470,138011,0,1
13370,,,14,7,13,000,2023,07,17,4,2,0,1,0,,1,0,0,0,0,,"741202,220200000330806","5696548,704700000584126",12.465429976000053,51.368883234000066,2,,2,Ost,,,,2.0,,0,14230705664120498080,138028,0,1
13371,,,14,7,13,000,2023,07,19,4,3,2,6,0,,0,1,0,0,0,,"736447,944600000046194","5692980,067099999636412",12.394882886000062,51.33884946500007,0,,0,Mitte,,,,0.0,,0,14230705144200577280,138035,0,1
13372,,,14,7,13,000,2023,07,11,3,2,6,4,0,,0,0,1,0,0,,"735393,680599999614060","5693485,582699999213219",12.380108394000047,51.34382451100004,0,,0,Mitte,,,,0.0,,1,14230704148414454460,138057,0,1
13373,,,14,7,13,000,2023,07,20,3,3,0,7,0,,1,0,0,0,0,,"732785,295699999667704","5696858,523800000548363",12.344929484000033,51.37517606200004,8,,8,Nordwest,,,,8.0,,0,14230704148110453690,138058,0,1
13374,,,14,7,13,000,2023,07,15,2,3,3,6,0,,1,0,0,0,0,,"737880,459400000050664","5690209,999600000679493",12.413563016000069,51.31338786900005,3,,3,Südost,,,,3.0,,0,14230703144200453040,138095,0,1