UNFALL_ID,FID_left,OBJECTID,ULAND,UREGBEZ,UKREIS,UGEMEINDE,UJAHR,UMONAT,USTUNDE,UWOCHENTAG,UKATEGORIE,UART,UTYP1,ULICHTVERH,IstStrasse,IstRad,IstPKW,IstFuss,IstKrad,IstGkfz,IstSonstig,LINREFX,LINREFY,XGCSWGS84,YGCSWGS84,index_right,FID_right,SBZ,Name,UIDENTSTLA,LICHT,STRZUSTAND,FID,OBJECTID_1,IstSonstige,UIDENTSTLAE,OID_,IstStrassenzustand,PLST
13375,,,14,7,13,000,2023,06,14,6,3,5,2,0,,1,0,0,0,0,,"740108,059000000357628","5687875,426999999210238",12.44389674200005,51.291497965000076,3,,3,Südost,,,,3.0,,1,14230630148210471670,138148,1,1
13376,,,14,7,13,000,2023,06,10,6,3,3,6,0,,0,1,0,0,0,,"734782,036999999545515","5693527,608999999240041",12.371369624000067,51.34445465500005,0,,0,Mitte,,,,0.0,,1,14230630144200479770,138149,1,1
13377,,,14,7,13,000,2023,06,19,5,3,5,3,0,,0,1,0,0,0,,"735194,284799999557436","5693555,664699999615550",12.37729682500003,51.34453610800006,0,,0,Mitte,,,,0.0,,1,14230629144200528600,138178,0,1
13378,,,14,7,13,000,2023,06,05,4,2,5,3,0,,1,1,0,0,0,,"740016,339499999769032","5694431,850800000131130",12.446997139000075,51.35038537500003,2,,2,Ost,,,,2.0,,0,14230628144200516370,138195,0,1
13379,,,14,7,13,000,2023,07,12,1,3,5,2,0,,0,1,0,0,0,,"736523,792299999855459","5690275,246999999508262",12.394175000000075,51.31453892400003,0,,0,Mitte,,,,0.0,,0,14230716148410491300,138196,0,1
13380,,,14,7,13,000,2023,06,16,3,3,2,6,0,,0,1,0,0,0,,"736328,376799999736249","5694349,686899999156594",12.394078432000072,51.351193125000066,0,,0,Mitte,,,,0.0,,0,14230627148410420690,138221,0,1
13381,,,14,7,13,000,2023,06,08,2,2,5,2,0,,1,1,0,0,0,,"728184,721599999815226","5690861,090199999511242",12.275095815000043,51.32320280300007,6,,6,West,,,,6.0,,0,14230626144200434370,138241,0,1
13382,,,14,7,13,000,2023,06,18,1,3,2,6,0,,0,1,0,0,0,,"742682,976900000125170","5695618,700699999928474",12.486027768000042,51.35990554400007,2,,2,Ost,,,,2.0,,0,14230625144310491220,138257,0,1
13383,,,14,7,13,000,2023,06,02,7,3,0,7,2,,0,0,0,0,0,,"735468,254300000146031","5693487,968000000342727",12.381178802000022,51.34381504300006,0,,0,Mitte,,,,0.0,,1,14230624148422516410,138275,0,1
13384,,,14,7,13,000,2023,06,18,7,3,3,6,0,,1,1,0,0,0,,"733367,556400000117719","5693028,925300000235438",12.350768897000023,51.34056053200004,0,,0,Mitte,,,,0.0,,0,14230624148310453750,138276,0,1
13385,,,14,7,13,000,2023,06,23,5,3,5,3,1,,1,1,0,0,0,,"734935,013500000350177","5693494,047399999573827",12.373540071000036,51.344090203000064,0,,0,Mitte,,,,0.0,,0,14230622148422420390,138310,1,1
13386,,,14,7,13,000,2023,06,08,5,3,8,1,0,,0,1,0,0,0,,"727539,090699999593198","5691450,939899999648333",12.266221908000034,51.328756670000075,6,,6,West,,,,6.0,,0,14230622148310411560,138311,0,1
13387,,,14,7,13,000,2023,06,07,5,3,2,6,0,,0,1,0,0,0,,"734717,828399999998510","5699006,457599999383092",12.374066007000067,51.39366119500005,9,,9,Nord,,,,9.0,,0,14230622144200453050,138313,0,1
13388,,,14,7,13,000,2023,06,17,5,3,2,6,0,,0,1,0,0,0,,"732971,372999999672174","5692860,768100000917912",12.344980788000044,51.33921350300005,7,,7,Alt-West,,,,7.0,,0,14230622144200451590,138314,0,1
13389,,,14,7,13,000,2023,06,15,3,3,7,1,0,,1,0,0,0,0,,"741139,583100000396371","5696524,280999999493361",12.464515253000059,51.368690611000034,2,,2,Ost,,,,2.0,,0,14230620148110419810,138360,0,1
13390,,,14,7,13,000,2023,06,17,3,3,5,3,0,,0,1,0,0,0,,"736425,527800000272691","5693412,829299999400973",12.394848918000037,51.34274333600007,0,,0,Mitte,,,,0.0,,0,14230620144200410870,138362,0,1
13391,,,14,7,13,000,2023,06,17,6,3,0,1,0,,0,1,0,1,0,,"727476,730999999679625","5691170,724999999627471",12.265149478000069,51.326266015000044,6,,6,West,,,,6.0,,0,14230630148310453730,138376,0,1
13392,,,14,7,13,000,2023,06,07,6,2,0,7,0,,1,0,0,0,0,,"734737,801799999549985","5690207,565700000151992",12.368548776000068,51.31467078800006,4,,4,Süd,,,,4.0,,0,14230630148210451640,138389,0,1
13393,,,14,7,13,000,2023,07,10,6,3,2,7,0,,0,0,0,1,1,,"731942,097500000149012","5688283,938500000163913",12.327252431000034,51.298548880000055,5,,5,Südwest,,,,5.0,,0,14230728148310515290,138404,0,1
13394,,,14,7,13,000,2023,06,20,1,3,5,3,1,,0,1,0,0,0,,"741865,165099999867380","5694647,278100000694394",12.473643254000024,51.35153530000008,2,,2,Ost,,,,2.0,,0,14230618148223419200,138414,0,1
13395,,,14,7,13,000,2023,06,20,1,2,9,1,2,,0,0,0,1,0,,"735578,268400000408292","5700297,252000000327826",12.38726833100003,51.40489108600008,9,,9,Nord,,,,9.0,,0,14230618144310399720,138415,0,1
13396,,,14,7,13,000,2023,06,14,1,2,4,6,0,,0,1,0,0,0,,"726335,025000000372529","5693419,749399999156594",12.25021902800006,51.34691201600003,7,,7,Alt-West,,,,7.0,,0,14230618144200689080,138416,0,1
13397,,,14,7,13,000,2023,06,23,7,2,5,3,2,,1,0,0,0,0,,"732639,605000000447035","5692414,207000000402331",12.339934349000032,51.33534068800003,7,,7,Alt-West,,,,7.0,,0,14230617144200398800,138435,0,1
13398,,,14,7,13,000,2023,06,16,6,2,5,3,0,,1,1,0,0,0,,"735633,893000000156462","5693459,695000000298023",12.383534111000074,51.343492635000075,0,,0,Mitte,,,,0.0,,0,14230616148410419850,138449,0,1
13399,,,14,7,13,000,2023,06,13,6,3,9,1,0,,0,1,0,0,0,,"735611,647900000214577","5700136,782899999991059",12.387640831000056,51.40343683000003,9,,9,Nord,,,,9.0,,0,14230616148110400180,138450,1,1
13400,,,14,7,13,000,2023,06,14,6,3,3,6,0,,0,1,0,0,0,,"734980,495400000363588","5700602,820699999108911",12.378891683000063,51.40788184300004,9,,9,Nord,,,,9.0,,0,14230616144310528950,138451,0,1
13401,,,14,7,13,000,2023,06,15,6,3,5,3,0,,1,1,0,0,0,,"736709,940799999982119","5692002,404200000688434",12.397987940000064,51.32996481500004,3,,3,Südost,,,,3.0,,0,14230616143263399660,138452,0,1
13402,,,14,7,13,000,2023,06,11,5,3,2,6,0,,0,1,0,0,0,,"740767,588499999605119","5694475,725999999791384",12.457794823000029,51.35046148500004,2,,2,Ost,,,,2.0,,0,14230615144200398510,138479,0,1
13403,,,14,7,13,000,2023,06,06,4,2,5,3,0,,1,1,0,0,0,,"735632,076500000432134","5693452,898700000718236",12.383503579000035,51.34343238200006,0,,0,Mitte,,,,0.0,,0,14230614148410419550,138498,0,1
13404,,,14,7,13,000,2023,06,18,2,3,5,2,0,,1,0,0,0,0,,"738864,430999999865890","5694486,869000000879169",12.43052282900004,51.35136442000004,2,,2,Ost,,,,2.0,,1,14230612144200527900,138547,0,1
13405,,,14,7,13,000,2023,06,15,2,3,2,6,0,,0,1,0,0,0,,"727373,646099999547005","5693364,231699999421835",12.265072448000069,51.34599915700005,7,,7,Alt-West,,,,7.0,,0,14230619148310419210,138552,0,1
13406,,,14,7,13,000,2023,06,14,1,3,5,3,0,,1,0,0,0,0,,"726274,420199999585748","5690214,059299999848008",12.24731444200006,51.31815698100007,6,,6,West,,,,6.0,,1,14230618148310410980,138574,0,1
13407,,,14,7,13,000,2023,06,17,1,3,5,2,0,,1,1,0,0,0,,"740892,713000000454485","5696349,836999999359250",12.460857186000055,51.36722962500005,2,,2,Ost,,,,2.0,,0,14230611144310390750,138576,0,1
13408,,,14,7,13,000,2023,06,21,7,3,3,6,0,,0,0,0,1,0,,"735611,621799999848008","5700137,312300000339746",12.387640808000072,51.40344159300008,9,,9,Nord,,,,9.0,,1,14230610148110389910,138600,0,1
13409,,,14,7,13,000,2023,06,15,7,3,2,2,0,,0,1,0,0,0,,"736460,128200000151992","5696449,633899999782443",12.397362846000021,51.36998773100004,9,,9,Nord,,,,9.0,,0,14230610148110387230,138601,1,1
13410,,,14,7,13,000,2023,06,21,6,3,3,6,1,,1,0,0,0,0,,"736987,389499999582767","5691362,681900000199676",12.401537863000044,51.32410706300004,3,,3,Südost,,,,3.0,,0,14230609148410387320,138620,0,1
13411,,,14,7,13,000,2023,06,06,6,3,2,2,0,,0,1,0,0,0,,"740253,401999999769032","5695930,233100000768900",12.45140679900004,51.36373415200006,2,,2,Ost,,,,2.0,,0,14230609148110419500,138621,0,1
13412,,,14,7,13,000,2023,06,15,6,3,2,6,0,,0,1,0,0,0,,"727778,462700000032783","5699126,832699999213219",12.27456760900003,51.39756939400007,8,,8,Nordwest,,,,8.0,,1,14230609148110388880,138622,0,1
13413,,,14,7,13,000,2023,06,14,6,3,5,3,0,,1,0,0,0,0,,"736859,338999999687076","5691744,733799999579787",12.399957263000033,51.327589741000054,3,,3,Südost,,,,3.0,,1,14230609144310584690,138623,0,1
13414,,,14,7,13,000,2023,06,10,5,3,5,2,0,,1,1,0,0,0,,"734766,477300000376999","5693524,482599999755621",12.371144547000029,51.34443301700003,0,,0,Mitte,,,,0.0,,0,14230608148410388210,138648,0,1
13415,,,14,7,13,000,2023,06,15,5,3,2,6,0,,0,1,0,0,0,,"729741,139299999922514","5692635,316899999976158",12.298539080000069,51.33850386300003,7,,7,Alt-West,,,,7.0,,0,14230608148310411570,138650,0,1
13416,,,14,7,13,000,2023,06,14,5,3,5,2,0,,1,1,0,0,0,,"740250,700400000438094","5695927,978399999439716",12.451366541000027,51.363715057000036,2,,2,Ost,,,,2.0,,0,14230615148110400190,138652,0,1
13417,,,14,7,13,000,2023,06,12,5,3,0,6,0,,0,1,0,1,0,,"737104,050699999555945","5691212,671399999409914",12.403109392000033,51.32271194600003,3,,3,Südost,,,,3.0,,0,14230608144200388070,138653,1,1
13418,,,14,7,13,000,2023,06,23,4,3,8,1,2,,0,1,0,0,0,,"743081,747299999929965","5685326,254100000485778",12.484730830000046,51.26735690700008,3,,3,Südost,,,,3.0,,0,14230607144310388090,138681,0,1
13419,,,14,7,13,000,2023,08,16,4,3,2,2,0,,0,1,0,0,0,,"726275,183400000445545","5690214,352199999615550",12.247325562000071,51.31815930700003,6,,6,West,,,,6.0,,0,14230809148310565560,138713,0,1
13420,,,14,7,13,000,2023,06,17,3,2,5,2,0,,0,1,0,1,0,,"731235,451700000092387","5696759,846400000154972",12.322635684000034,51.37492340600005,8,,8,Nordwest,,,,8.0,,0,14230606144200375970,138718,0,1
13421,,,14,7,13,000,2023,06,18,2,3,5,2,0,,1,1,0,0,0,,"732786,089300000108778","5696858,557299999520183",12.344940889000043,51.375176037000074,8,,8,Nordwest,,,,8.0,,0,14230605148310368490,138736,0,1
13422,,,14,7,13,000,2023,06,16,2,3,2,6,0,,0,1,0,1,0,,"736661,690799999982119","5695576,231699999421835",12.399672126000041,51.36206405200005,9,,9,Nord,,,,9.0,,0,14230605148110368460,138737,0,1
13423,,,14,7,13,000,2023,06,15,7,3,2,6,0,,0,1,0,0,0,,"738689,397699999623001","5689278,776399999856949",12.424526035000042,51.30469060900003,3,,3,Südost,,,,3.0,,0,14230603148210386890,138790,0,1
13424,,,14,7,13,000,2023,06,20,7,3,2,2,1,,1,1,0,0,0,,"734325,812199999578297","5693359,510700000450015",12.364719953000076,51.343133943000055,0,,0,Mitte,,,,0.0,,0,14230603144200388830,138792,0,1
13425,,,14,7,13,000,2023,07,05,2,2,5,2,1,,0,1,0,0,0,,"734723,907899999991059","5690205,926500000059605",12.368348686000047,51.31466180400008,4,,4,Süd,,,,4.0,,1,14230731144200577751,138814,0,1
13426,,,14,7,13,000,2023,06,16,5,3,2,6,0,,0,1,1,1,0,,"736962,110600000247359","5691459,314400000497699",12.401239949000058,51.32498497800003,3,,3,Südost,,,,3.0,,0,14230601148210368470,138844,0,1
13427,,,14,7,13,000,2023,06,10,5,2,5,2,0,,1,0,0,0,1,,"727273,631500000134110","5690034,506100000813603",12.261515033000023,51.31614687200005,6,,6,West,,,,6.0,,0,14230601144200367390,138851,0,1
13428,,,14,7,13,000,2023,06,07,5,3,5,2,0,,0,1,0,0,0,,"735097,596099999733269","5697039,231100000441074",12.378213105000043,51.375845679000065,9,,9,Nord,,,,9.0,,0,14230601144200353290,138852,0,1
13429,,,14,7,13,000,2023,06,14,4,2,5,3,0,,1,1,0,0,0,,"740917,055999999865890","5696365,256300000473857",12.461216678000028,51.367357698000035,2,,2,Ost,,,,2.0,,0,14230614144200389870,138900,0,1
13430,,,14,7,13,000,2023,07,12,2,3,2,6,0,,0,1,0,0,0,,"736330,124599999748170","5694347,412699999287724",12.394101976000059,51.351171985000065,0,,0,Mitte,,,,0.0,,0,14230717148410480740,138926,0,1
13431,,,14,7,13,000,2023,05,08,3,3,2,2,0,,0,1,0,0,0,,"736066,061300000175834","5693824,860799999907613",12.389970189000053,51.34659117700005,0,,0,Mitte,,,,0.0,,0,14230530149510419270,138927,0,1
13432,,,14,7,13,000,2023,05,19,3,3,5,3,0,,1,1,0,0,0,,"738848,556200000457466","5689164,771400000900030",12.426728838000031,51.30360056300003,3,,3,Südost,,,,3.0,,0,14230530148210419520,138929,0,1
13433,,,14,7,13,000,2023,05,19,2,3,4,1,0,,1,1,0,0,0,,"737645,002100000157952","5690343,446000000461936",12.41027955800007,51.31468404900005,3,,3,Südost,,,,3.0,,0,14230529148211388140,138948,0,1
13434,,,14,7,13,000,2023,05,00,2,3,5,3,2,,0,1,0,1,0,,"737391,974600000306964","5690266,339999999850988",12.406604111000036,51.31409752900004,3,,3,Südost,,,,3.0,,0,14230529148210368000,138949,0,1
13435,,,14,7,13,000,2023,05,14,2,2,5,3,0,,0,0,0,0,1,,"735501,664499999955297","5693438,447499999776483",12.381624904000034,51.34335669500007,0,,0,Mitte,,,,0.0,,1,14230529144200400170,138950,0,1
13436,,,14,7,13,000,2023,06,11,2,2,0,1,0,,1,0,0,0,0,,"728387,002299999818206","5690407,444499999284744",12.277703430000031,51.31904914000006,6,,6,West,,,,6.0,,0,14230612148310388190,138968,0,1
13437,,,14,7,13,000,2023,05,00,7,3,1,7,2,,1,1,0,0,0,,"736061,283300000242889","5693821,316199999302626",12.389899354000022,51.346561344000065,0,,0,Mitte,,,,0.0,,0,14230527148410345120,139004,0,1
13438,,,14,7,13,000,2023,05,15,7,3,0,1,0,,0,0,0,1,0,,"726673,578399999998510","5695964,031899999827147",12.256693306000045,51.369618211000045,7,,7,Alt-West,,,,7.0,,0,14230527148310345110,139005,0,1
13439,,,14,7,13,000,2023,05,19,7,3,8,1,0,,0,0,0,0,0,,"738665,190899999812245","5694498,872600000351667",12.427674932000059,51.351555853000036,2,,2,Ost,,,,2.0,,1,14230527148210399750,139006,0,1
13440,,,14,7,13,000,2023,05,18,6,3,2,6,0,,0,1,0,0,0,,"732998,363099999725819","5692858,760600000619888",12.345366287000047,51.33918442400005,7,,7,Alt-West,,,,7.0,,0,14230526148410399800,139028,0,1
13441,,,14,7,13,000,2023,05,12,6,2,2,6,0,,0,1,0,1,0,,"735851,269299999810755","5693711,305999999865890",12.386816286000055,51.34566103000003,0,,0,Mitte,,,,0.0,,0,14230526144200344710,139031,0,1
13442,,,14,7,13,000,2023,05,07,4,3,3,6,0,,0,1,0,0,0,,"737376,266499999910593","5699803,756300000473857",12.412741727000025,51.39971208000003,9,,9,Nord,,,,9.0,,0,14230524144310367970,139092,0,1
13443,,,14,7,13,000,2023,05,12,3,3,5,3,0,,1,1,0,0,0,,"736425,574699999764562","5692742,931900000199676",12.394404916000042,51.336730196000076,3,,3,Südost,,,,3.0,,0,14230523148410411590,139110,0,1
13444,,,14,7,13,000,2023,07,20,6,2,0,1,0,,0,0,0,1,0,,"733558,112499999813735","5693107,100500000640750",12.353551202000062,51.34118404000003,0,,0,Mitte,,,,0.0,,0,14230707148410471090,139140,1,1
13445,,,14,7,13,000,2023,05,07,2,3,4,6,0,,1,0,0,0,0,,"731365,054299999959767","5698101,808900000527501",12.325368388000072,51.386917098000026,8,,8,Nordwest,,,,8.0,,0,14230522148110325060,139141,0,1
13446,,,14,7,13,000,2023,05,17,1,3,2,6,0,,0,1,0,0,0,,"736202,938799999654293","5693821,763100000098348",12.391930033000051,51.34650651900006,0,,0,Mitte,,,,0.0,,0,14230521144200389880,139162,0,1
13447,,,14,7,13,000,2023,05,04,7,2,0,1,2,,0,0,0,0,0,,"734688,236499999649823","5693504,617699999362230",12.370010037000043,51.344287003000034,0,,0,Mitte,,,,0.0,,1,14230520144200325031,139190,0,1
13448,,,14,7,13,000,2023,05,02,6,3,0,7,2,,1,0,0,0,0,,"736928,611200000159442","5691486,903300000354648",12.40077836000006,51.325246572000026,3,,3,Südost,,,,3.0,,0,14230519148410333290,139206,0,1
13449,,,14,7,13,000,2023,05,17,5,3,3,6,0,,0,1,0,1,0,,"734653,416500000283122","5693492,000099999830127",12.369502652000051,51.344188114000076,0,,0,Mitte,,,,0.0,,0,14230518148410325110,139219,0,1
13450,,,14,7,13,000,2023,05,12,4,3,5,2,0,,1,1,0,0,0,,"733842,367999999783933","5693189,926999999210238",12.357679559000076,51.34181070600005,0,,0,Mitte,,,,0.0,,0,14230517148410345130,139243,0,1
13451,,,14,7,13,000,2023,05,19,4,2,5,3,0,,0,1,0,0,0,,"742257,540900000371039","5694730,642799999564886",12.47932410900006,51.35211643800005,2,,2,Ost,,,,2.0,,1,14230517144200400120,139245,0,1
13452,,,14,7,13,000,2023,05,09,3,3,3,7,0,,0,1,0,0,1,,"738748,674599999561906","5694495,433000000193715",12.428869301000077,51.35148992100005,2,,2,Ost,,,,2.0,,0,14230516148110323660,139268,0,1
13453,,,14,7,30,270,2023,05,02,2,3,8,1,2,,0,1,0,0,0,,"726905,641200000420213","5699446,096200000494719",12.262245820000032,51.400785195000026,8,,8,Nordwest,,,,8.0,,0,14230515148110312980,139306,0,1
13454,,,14,7,13,000,2023,05,08,2,3,2,6,0,,0,1,0,0,0,,"742070,467600000090897","5684704,564799999818206",12.469841373000065,51.262207157000034,3,,3,Südost,,,,3.0,,0,14230515144310399710,139307,0,1
13455,,,14,7,13,000,2023,05,16,1,3,2,6,0,,0,1,0,0,0,,"728090,655399999581277","5684093,676899999380112",12.269425779000073,51.26248689700003,5,,5,Südwest,,,,5.0,,0,14230514148310312510,139334,0,1
13456,,,14,7,13,000,2023,05,17,1,3,8,1,0,,0,1,0,0,0,,"742768,974499999545515","5688903,144300000742078",12.482686018000038,51.29959437400004,3,,3,Südost,,,,3.0,,0,14230514148210323680,139335,0,1
13457,,,14,7,13,000,2023,05,11,7,3,2,6,0,,0,1,0,1,0,,"728675,417299999855459","5691567,706499999389052",12.282579626000029,51.32934925600006,6,,6,West,,,,6.0,,0,14230513148310312170,139358,0,1
13458,,,14,7,13,000,2023,05,17,7,3,1,5,0,,0,1,0,0,0,,"730338,364400000311434","5697697,422399999573827",12.31037626400007,51.38370447600005,8,,8,Nordwest,,,,8.0,,0,14230513148110323620,139359,0,1
13459,,,14,7,13,000,2023,12,14,7,3,8,1,0,,0,1,0,0,0,,"730179,485799999907613","5701195,678899999707937",12.31036559100005,51.41517231900008,8,,8,Nordwest,,,,8.0,,0,14231223148110918100,140280,1,1
13460,,,14,7,13,000,2023,12,07,6,3,0,7,2,,1,0,0,0,0,,"736321,025600000284612","5693613,937599999830127",12.393484656000055,51.34459196500006,0,,0,Mitte,,,,0.0,,0,14231222148410907280,140299,1,1
13461,,,14,7,13,000,2023,12,14,5,3,5,3,0,,0,1,0,0,0,,"728239,994699999690056","5685705,068600000813603",12.27259113200006,51.276893261000055,5,,5,Südwest,,,,5.0,,0,14231221144200906980,140325,1,1
13462,,,14,7,13,000,2023,12,04,4,3,5,3,2,,1,1,0,0,0,,"736059,535199999809265","5693821,205399999395013",12.389874225000028,51.34656107500007,0,,0,Mitte,,,,0.0,,0,14231220148410906760,140338,1,1
13463,,,14,7,13,000,2023,12,07,4,3,4,2,2,,0,1,0,0,0,,"730962,876000000163913","5697338,221000000834465",12.319101966000062,51.38022628600004,8,,8,Nordwest,,,,8.0,,0,14231220148110906740,140339,1,1
13464,,,14,7,13,000,2023,12,05,4,2,5,3,2,,0,1,0,0,0,,"741287,826500000432134","5696604,242300000041723",12.466695179000055,51.369345355000064,2,,2,Ost,,,,2.0,,1,14231220144310906720,140340,1,1
13465,,,14,7,13,000,2023,12,19,4,3,6,4,2,,0,1,1,0,0,,"735337,408099999651313","5693518,385999999940395",12.379323544000044,51.34414225900008,0,,0,Mitte,,,,0.0,,0,14231220144200046700,140343,1,1
13466,,,14,7,13,000,2023,12,13,3,3,3,6,0,,0,1,0,0,0,,"735438,081299999728799","5693459,474199999123812",12.380727507000074,51.34357176900005,0,,0,Mitte,,,,0.0,,1,14231219144200893070,140360,0,1
13467,,,14,7,13,000,2023,12,07,2,3,5,2,1,,1,1,0,0,0,,"736513,955900000408292","5692235,996999999508262",12.395334906000073,51.33214310800008,3,,3,Südost,,,,3.0,,0,14231218148423942680,140387,0,1
13468,,,14,7,13,000,2023,12,15,2,3,6,6,0,,0,0,1,0,0,,"733818,692999999970198","5693181,451300000771880",12.35733467700004,51.341744360000064,0,,0,Mitte,,,,0.0,,1,14231218148410892810,140388,0,1
13469,,,14,7,13,000,2023,12,06,5,3,6,2,2,,0,1,1,0,0,,"731531,326000000350177","5688437,850999999791384",12.321470293000061,51.300097695000034,5,,5,Südwest,,,,5.0,,0,14231214148310963100,140433,1,1
13470,,,14,7,13,000,2023,12,19,5,3,2,2,2,,0,1,0,0,0,,"727593,292000000365078","5685591,102399999275804",12.263262062000024,51.27612876200004,5,,5,Südwest,,,,5.0,,0,14231214148310893140,140434,1,1
13471,,,14,7,13,000,2023,12,07,5,3,1,6,0,,0,1,0,0,0,,"735413,043600000441074","5690254,130000000819564",12.378251353000053,51.31480987800006,4,,4,Süd,,,,4.0,,0,14231214148210932320,140435,1,1
13472,,,14,7,13,000,2023,12,15,5,3,2,6,0,,0,1,0,0,1,,"744257,882100000046194","5693836,571499999612570",12.507382218000032,51.34323601500006,2,,2,Ost,,,,2.0,,1,14231214144310000120,140436,1,1
13473,,,14,7,13,000,2023,12,14,5,3,8,1,0,,0,1,0,0,0,,"730843,608400000259280","5692908,150699999183416",12.31451639100004,51.340506607000066,7,,7,Alt-West,,,,7.0,,0,14231214144200892270,140437,1,1
13474,,,14,7,13,000,2023,12,16,4,3,5,3,2,,0,1,0,0,0,,"735172,014999999664724","5693550,752000000327826",12.376974392000022,51.344501222000076,0,,0,Mitte,,,,0.0,,0,14231213144200885620,140457,0,1
13475,,,14,7,13,000,2023,12,16,3,3,1,6,2,,0,1,0,0,0,,"728865,411999999545515","5693218,812999999150634",12.286362935000056,51.344095131000074,7,,7,Alt-West,,,,7.0,,0,14231212148310907460,140471,0,1
13476,,,14,7,13,000,2023,12,18,1,3,4,2,2,,0,1,0,0,0,,"736426,284900000318885","5692746,347400000318885",12.394417360000034,51.33676055900003,3,,3,Südost,,,,3.0,,0,14231210148410892540,140505,0,1
13477,,,14,7,13,000,2023,12,15,5,3,6,4,0,,0,1,1,0,0,,"729953,042999999597669","5693107,033999999985099",12.301880668000024,51.342652834000035,7,,7,Alt-West,,,,7.0,,0,14231207148310873250,140524,0,1
13478,,,14,7,13,000,2023,12,13,6,3,1,2,0,,0,1,0,0,0,,"735967,359500000253320","5697123,670800000429153",12.390743687000054,51.376242912000066,9,,9,Nord,,,,9.0,,0,14231201144200943000,140618,1,1
13479,,,14,7,13,000,2023,11,16,5,3,6,4,1,,0,0,1,0,0,,"736061,158800000324845","5693821,308299999684095",12.389897564000023,51.34656132400005,0,,0,Mitte,,,,0.0,,1,14231130148410866850,140630,1,1
13480,,,14,7,13,000,2023,11,06,4,3,5,3,1,,1,0,0,0,0,,"736326,895499999634922","5692427,327400000765920",12.392781472000024,51.33393828000004,3,,3,Südost,,,,3.0,,1,14231129148410841550,140638,2,1
13481,,,14,7,13,000,2023,11,20,3,3,3,7,2,,0,1,0,0,0,,"736308,312199999578297","5692434,406099999323487",12.392519881000055,51.33400954100006,0,,0,Mitte,,,,0.0,,1,14231128148410873050,140664,1,1
13482,,,14,7,13,000,2023,11,03,3,3,9,1,2,,0,1,0,0,0,,"733698,524199999868870","5700904,137800000607967",12.360690299000055,51.411116167000046,8,,8,Nordwest,,,,8.0,,0,14231128144310849670,140668,2,1
13483,,,14,7,13,000,2023,11,18,3,3,2,6,2,,0,1,0,0,0,,"739729,398099999874830","5695477,080600000917912",12.443588349000038,51.35988813100005,2,,2,Ost,,,,2.0,,1,14231128144200841510,140672,2,1
13484,,,14,7,30,270,2023,11,07,2,3,2,6,0,,0,1,0,0,0,,"730308,108199999667704","5701195,478800000622869",12.312211946000048,51.41511830300004,8,,8,Nordwest,,,,8.0,,0,14231127144310925340,140708,1,1
13485,,,14,7,13,000,2023,11,07,2,3,5,3,0,,0,1,0,0,0,,"733019,667500000447035","5696872,152000000700355",12.348299972000063,51.37520228300008,8,,8,Nordwest,,,,8.0,,0,14231127144200827360,140709,1,1
13486,,,14,7,13,000,2023,11,10,7,3,5,7,0,,0,1,0,0,0,,"735430,667999999597669","5699081,547000000253320",12.384343683000054,51.394039967000026,9,,9,Nord,,,,9.0,,0,14231125144200827070,140741,1,1
13487,,,14,7,13,000,2023,11,17,7,3,5,3,2,,0,1,0,0,0,,"735029,441300000064075","5702116,701400000602007",12.38059747400007,51.42145046300004,9,,9,Nord,,,,9.0,,0,14231125144200827060,140742,1,1
13488,,,14,7,13,000,2023,11,11,6,3,2,6,0,,0,1,0,0,0,,"735572,936999999918044","5693420,714999999850988",12.382634678000045,51.34316799800007,0,,0,Mitte,,,,0.0,,0,14231124148410850910,140760,1,1
13489,,,14,7,13,000,2023,11,16,6,3,2,6,2,,0,1,0,0,0,,"734511,345499999821186","5689679,562000000849366",12.364957984000057,51.310024518000034,4,,4,Süd,,,,4.0,,0,14231124148210826530,140761,1,1
13490,,,14,7,13,000,2023,12,11,7,3,2,2,0,,0,1,0,0,0,,"738155,563900000415742","5689954,895300000905991",12.417332904000034,51.31098301000003,3,,3,Südost,,,,3.0,,0,14231216148210976300,140773,0,1
13491,,,14,7,13,000,2023,11,17,3,3,2,6,2,,0,1,0,0,0,,"736546,214999999850988","5692202,486999999731779",12.39577489100003,51.33182890100005,3,,3,Südost,,,,3.0,,0,14231121148415817940,140812,1,1
13492,,,14,7,13,000,2023,11,17,3,3,3,2,1,,1,1,0,0,0,,"733556,603099999949336","5693106,491800000891089",12.353529170000058,51.34117919600004,0,,0,Mitte,,,,0.0,,0,14231121143263826480,140816,1,1
13493,,,14,7,13,000,2023,11,15,2,3,5,3,0,,1,1,0,0,0,,"741526,224600000306964","5690286,800699999555945",12.465829459000076,51.31254191000005,3,,3,Südost,,,,3.0,,0,14231120148221851300,140834,0,1