UNFALL_ID,FID_left,OBJECTID,ULAND,UREGBEZ,UKREIS,UGEMEINDE,UJAHR,UMONAT,USTUNDE,UWOCHENTAG,UKATEGORIE,UART,UTYP1,ULICHTVERH,IstStrasse,IstRad,IstPKW,IstFuss,IstKrad,IstGkfz,IstSonstig,LINREFX,LINREFY,XGCSWGS84,YGCSWGS84,index_right,FID_right,SBZ,Name,UIDENTSTLA,LICHT,STRZUSTAND,FID,OBJECTID_1,IstSonstige,UIDENTSTLAE,OID_,IstStrassenzustand,PLST
13494,,,14,7,13,000,2023,11,11,6,2,5,3,0,,0,1,0,0,1,,"726967,015999999828637","5686124,598999999463558",12.25463678500006,51.281168010000044,5,,5,Südwest,,,,5.0,,0,14231117144200806720,140866,0,1
13495,,,14,7,13,000,2023,11,10,4,3,5,3,0,,1,1,0,0,0,,"727240,684299999848008","5693202,398299999535084",12.263063162000037,51.344599480000056,7,,7,Alt-West,,,,7.0,,0,14231115148320817650,140910,1,1
13496,,,14,7,13,000,2023,11,16,4,3,8,1,1,,0,1,0,0,0,,"730426,449799999594688","5700988,736700000241399",12.313776508000046,51.413214348000054,8,,8,Nordwest,,,,8.0,,0,14231115148110787980,140911,1,1
13497,,,14,7,13,000,2023,11,19,2,3,2,6,2,,0,1,0,0,0,,"736053,417999999597669","5698846,828700000420213",12.393122911000034,51.39167444200007,9,,9,Nord,,,,9.0,,0,14231113148110849390,140951,1,1
13498,,,14,7,13,000,2023,11,16,1,3,5,2,2,,1,1,0,0,0,,"732153,744500000029802","5692471,151100000366569",12.333008793000033,51.33605039500003,7,,7,Alt-West,,,,7.0,,0,14231112148410817660,140976,0,1
13499,,,14,7,13,000,2023,11,06,1,3,9,1,2,,0,1,0,0,0,,"736677,594299999997020","5695527,194700000807643",12.399867524000058,51.36161726700004,1,,1,Nordost,,,,1.0,,0,14231112148110786810,140977,1,1
13500,,,14,7,13,000,2023,11,17,3,3,3,6,2,,0,1,0,0,0,,"727784,367499999701977","5684112,755100000649691",12.265055282000048,51.26278061000005,5,,5,Südwest,,,,5.0,,0,14231128144310892770,141016,2,1
13501,,,14,7,13,000,2023,11,17,5,3,2,6,2,,0,1,0,0,0,,"730306,381699999794364","5688544,129899999126792",12.303997664000065,51.30154850800005,5,,5,Südwest,,,,5.0,,0,14231109148310786840,141033,0,1
13502,,,14,7,13,000,2023,11,12,5,3,5,3,0,,0,1,0,0,0,,"739191,216699999757111","5688805,042799999937415",12.431394436000062,51.300227834000054,3,,3,Südost,,,,3.0,,1,14231109148210786040,141034,0,1
13503,,,14,7,13,000,2023,11,18,5,2,5,3,2,,1,1,0,0,0,,"736064,267799999564886","5700914,835599999874830",12.394654046000028,51.41023255300007,9,,9,Nord,,,,9.0,,0,14231109144200786790,141035,0,1
13504,,,14,7,13,000,2023,11,22,4,3,5,3,2,,1,1,0,0,0,,"735173,558299999684095","5693551,092399999499321",12.376996736000024,51.34450363900004,0,,0,Mitte,,,,0.0,,0,14231108148410786060,141067,0,1
13505,,,14,7,13,000,2023,11,11,4,2,4,6,0,,1,0,0,0,0,,"744941,571899999864399","5693549,791799999773502",12.516982486000074,51.340368055000056,2,,2,Ost,,,,2.0,,0,14231108148210786030,141068,0,1
13506,,,14,7,13,000,2023,11,12,6,3,2,6,0,,0,1,0,1,0,,"739846,183299999684095","5688142,089800000190735",12.440326983000034,51.29400180700003,3,,3,Südost,,,,3.0,,0,14231110148210787990,141069,1,1
13507,,,14,7,13,000,2023,11,19,3,3,6,4,2,,1,0,1,0,0,,"734949,903199999593198","5690236,887800000607967",12.371606148000069,51.31484648000003,4,,4,Süd,,,,4.0,,0,14231107148210779340,141080,0,1
13508,,,14,7,13,000,2023,11,10,7,3,3,6,0,,0,1,0,0,0,,"736050,764700000174344","5696924,870899999514222",12.391807903000029,51.37442379300006,9,,9,Nord,,,,9.0,,0,14231104144200873500,141105,0,1
13509,,,14,7,13,000,2023,11,13,5,3,5,2,0,,1,0,0,0,0,,"734720,439299999736249","5690205,567999999970198",12.368298767000056,51.31466001700005,4,,4,Süd,,,,4.0,,0,14231102148210873540,141146,0,1
13510,,,14,7,13,000,2023,11,12,4,3,5,3,0,,1,1,0,0,0,,"728216,929999999701977","5690791,122500000521541",12.275512496000033,51.322561764000056,6,,6,West,,,,6.0,,0,14231101148310770440,141168,0,1
13511,,,14,7,13,000,2023,11,14,4,3,6,4,0,,0,0,1,0,0,,"739440,503600000403821","5688553,832499999552965",12.434795287000043,51.29786824100006,3,,3,Südost,,,,3.0,,1,14231101144200806400,141171,0,1
13512,,,14,7,13,000,2023,10,12,3,3,1,6,0,,0,1,0,0,0,,"727745,941700000315905","5690167,923800000920892",12.26836634800003,51.31715580100007,6,,6,West,,,,6.0,,0,14231031144200955680,141184,0,1
13513,,,14,7,13,000,2023,10,11,2,3,4,2,0,,1,1,0,0,0,,"732538,850899999961257","5692413,712500000372529",12.338490168000021,51.335377453000035,7,,7,Alt-West,,,,7.0,,0,14231030148310767620,141190,0,1
13514,,,14,7,13,000,2023,10,18,2,3,6,4,2,,0,0,1,0,0,,"734784,728199999779463","5693487,159900000318885",12.37138152600005,51.34409045700005,0,,0,Mitte,,,,0.0,,1,14231030144200851280,141192,0,1
13515,,,14,7,13,000,2023,10,14,2,3,2,6,0,,0,1,0,0,0,,"736091,328900000080466","5693861,176599999889731",12.390356438000026,51.34690666200004,0,,0,Mitte,,,,0.0,,0,14231030144200757380,141193,0,1
13516,,,14,7,13,000,2023,10,15,7,3,3,2,0,,1,1,0,0,0,,"736727,825000000186265","5692015,168999999761581",12.39825266300005,51.330071952000026,3,,3,Südost,,,,3.0,,0,14231028148310757060,141215,0,1
13517,,,14,7,13,000,2023,11,06,2,3,5,3,2,,0,1,0,1,0,,"727437,599000000394881","5690081,364000000059605",12.26389385300007,51.31650203100003,6,,6,West,,,,6.0,,0,14231127148310827460,141223,1,1
13518,,,14,7,13,000,2023,10,12,6,3,1,6,0,,0,1,0,0,0,,"727756,422299999743700","5690170,959400000050664",12.268518431000075,51.317178858000034,6,,6,West,,,,6.0,,0,14231027148310756030,141236,1,1
13519,,,14,7,13,000,2023,10,22,6,3,6,4,1,,0,1,1,0,0,,"734934,901200000196695","5693494,029699999839067",12.373538449000023,51.344090090000066,0,,0,Mitte,,,,0.0,,0,14231027148110756020,141237,1,1
13520,,,14,7,13,000,2023,10,07,6,3,3,6,2,,0,1,0,0,0,,"735965,839999999850988","5700317,255000000819564",12.392843852000055,51.40490956900004,9,,9,Nord,,,,9.0,,0,14231027144310757390,141239,1,1
13521,,,14,7,13,000,2023,10,07,6,3,4,2,1,,1,1,0,0,0,,"734230,524199999868870","5693319,660700000822544",12.363328018000061,51.342815493000046,0,,0,Mitte,,,,0.0,,0,14231027144200756720,141240,1,1
13522,,,14,7,13,000,2023,10,19,5,3,3,6,2,,0,1,0,0,0,,"736596,093000000342727","5695261,029999999329448",12.398521955000035,51.35926208500007,1,,1,Nordost,,,,1.0,,0,14231026148120786000,141259,0,1
13523,,,14,7,13,000,2023,10,06,5,1,4,2,2,,0,1,0,1,0,,"728891,995099999941885","5691753,659499999135733",12.285802501000035,51.33093148700004,6,,6,West,,,,6.0,,0,14231026144200770390,141260,1,1
13524,,,14,7,13,000,2023,10,17,4,3,0,2,2,,1,1,0,0,0,,"739490,977900000289083","5694456,349700000137091",12.439483249000034,51.35082685400005,2,,2,Ost,,,,2.0,,0,14231025144310000460,141281,1,1
13525,,,14,7,13,000,2023,10,18,4,3,2,6,2,,0,1,0,0,0,,"735907,167600000277162","5693739,741399999707937",12.387636318000034,51.34589308100004,0,,0,Mitte,,,,0.0,,0,14231025144200850840,141282,1,1
13526,,,14,7,13,000,2023,10,07,2,3,2,6,1,,0,1,0,0,0,,"744578,434200000017881","5692823,380999999120831",12.511280184000043,51.334004761000074,2,,2,Ost,,,,2.0,,0,14231023144310756430,141331,0,1
13527,,,14,7,13,000,2023,10,23,7,3,6,4,2,,0,1,1,0,0,,"737195,464700000360608","5691061,482699999585748",12.404318372000034,51.32131675800008,3,,3,Südost,,,,3.0,,0,14231021148410749580,141367,1,1
13528,,,14,7,13,000,2023,10,10,7,3,2,6,0,,0,1,0,0,0,,"739846,443400000222027","5688141,823899999260902",12.440330528000061,51.29399931100005,3,,3,Südost,,,,3.0,,0,14231021148210756740,141368,0,1
13529,,,14,7,13,000,2023,10,21,7,3,5,2,2,,0,1,0,0,0,,"736525,037600000388920","5690286,308199999853969",12.394200172000069,51.314637694000055,0,,0,Mitte,,,,0.0,,0,14231021148210731450,141369,0,1
13530,,,14,7,13,000,2023,10,14,7,3,5,3,0,,0,1,0,0,0,,"740891,563199999742210","5696365,069199999794364",12.460851018000028,51.36736682900005,2,,2,Ost,,,,2.0,,0,14231021148110786290,141370,0,1
13531,,,14,7,13,000,2023,10,21,7,3,3,6,2,,0,1,0,0,0,,"741027,845700000412762","5696942,225099999457598",12.463196369000059,51.37248928400004,1,,1,Nordost,,,,1.0,,0,14231021144310731141,141371,0,1
13532,,,14,7,13,000,2023,11,12,4,3,6,4,0,,1,0,1,0,0,,"734365,112300000153482","5693385,200799999758601",12.365300132000073,51.34334835100003,0,,0,Mitte,,,,0.0,,0,14231101148210786020,141384,0,1
13533,,,14,7,13,000,2023,10,19,4,3,3,2,1,,1,0,0,0,0,,"734643,043100000359118","5693488,375800000503659",12.369351584000071,51.344159862000026,0,,0,Mitte,,,,0.0,,1,14231018148410770790,141451,0,1
13534,,,14,7,13,000,2023,10,16,4,3,5,3,0,,1,1,0,0,0,,"732219,730999999679625","5699216,422599999234080",12.338359049000076,51.39657359700004,8,,8,Nordwest,,,,8.0,,0,14231018148110756190,141452,0,1
13535,,,14,7,13,000,2023,10,14,4,2,3,6,0,,1,0,0,0,0,,"745213,533099999651313","5690596,043099999427795",12.51884751600005,51.313740909000046,2,,2,Ost,,,,2.0,,1,14231018144200729830,141454,0,1
13536,,,14,7,13,000,2023,10,08,3,3,2,6,0,,0,1,0,0,0,,"736226,404099999926984","5694380,562100000679493",12.392637179000076,51.35151265400003,0,,0,Mitte,,,,0.0,,0,14231017148410731490,141467,0,1
13537,,,14,7,13,000,2023,10,10,1,3,3,6,0,,0,1,0,0,0,,"728024,876699999906123","5684252,098899999633431",12.26858554200004,51.26393543100005,5,,5,Südwest,,,,5.0,,0,14231022144310731430,141468,0,1
13538,,,14,7,13,000,2023,10,18,3,2,5,2,1,,1,1,0,0,0,,"740917,896700000390410","5696365,794700000435114",12.461229097000057,51.36736217400005,2,,2,Ost,,,,2.0,,0,14231017144200729810,141469,0,1
13539,,,14,7,13,000,2023,12,15,4,3,1,6,0,,0,1,0,0,0,,"736349,327700000256300","5701835,658500000834465",12.399359187000073,51.418379178000066,9,,9,Nord,,,,9.0,,1,14231213144200893090,141473,1,1
13540,,,14,7,13,000,2023,10,16,2,3,5,3,0,,0,1,0,1,0,,"731366,693300000391901","5688460,654100000858307",12.319127562000062,51.30036931200004,5,,5,Südwest,,,,5.0,,0,14231016148310717350,141493,1,1
13541,,,14,7,13,000,2023,10,18,2,3,6,4,2,,0,1,1,0,0,,"730948,128999999724329","5696831,341000000014901",12.318561024000076,51.37568211300004,8,,8,Nordwest,,,,8.0,,0,14231016144200729820,141496,0,1
13542,,,14,7,13,000,2023,10,19,1,3,2,7,2,,0,1,0,0,1,,"736808,326399999670684","5700020,063100000843406",12.404736319000051,51.40189094900006,9,,9,Nord,,,,9.0,,0,14231015144310729490,141508,0,1
13543,,,14,7,13,000,2023,10,13,7,3,8,1,0,,0,1,0,0,0,,"731778,497399999760091","5701191,348600000143051",12.333317548000025,51.414482201000055,8,,8,Nordwest,,,,8.0,,0,14231014144310716980,141520,0,1
13544,,,14,7,13,000,2023,10,22,7,2,5,3,2,,1,1,0,0,0,,"736712,428000000305474","5694487,301799999549985",12.399675167000055,51.352268569000046,1,,1,Nordost,,,,1.0,,0,14231014144200716970,141522,0,1
13545,,,14,7,13,000,2023,10,22,6,3,5,3,2,,0,1,0,0,0,,"734758,440899999812245","5693486,727900000289083",12.371004471000049,51.34409743400005,0,,0,Mitte,,,,0.0,,0,14231013144300731020,141535,0,1
13546,,,14,7,13,000,2023,10,08,5,3,4,3,1,,1,1,0,0,0,,"728400,383100000210106","5690409,986700000241399",12.277896756000075,51.31906659100008,6,,6,West,,,,6.0,,0,14231012148310756220,141558,1,1
13547,,,14,7,13,000,2023,10,16,5,2,5,3,0,,1,1,0,0,0,,"739760,330699999816716","5688229,651399999856949",12.43915669200004,51.29482389100008,3,,3,Südost,,,,3.0,,0,14231012144200826490,141562,1,1
13548,,,14,7,13,000,2023,10,19,5,2,5,3,2,,0,1,0,0,0,,"739899,313299999572337","5695632,936899999156594",12.446129455000062,51.36121533700003,2,,2,Ost,,,,2.0,,1,14231012144200731830,141563,1,1
13549,,,14,7,13,000,2023,10,21,4,3,6,4,2,,0,1,1,0,0,,"735336,540799999609590","5693518,867399999871850",12.379311432000065,51.34414693900004,0,,0,Mitte,,,,0.0,,0,14231011148410806760,141573,0,1
13550,,,14,7,13,000,2023,10,10,4,3,2,6,0,,0,1,0,0,0,,"733696,274600000120699","5700904,668299999088049",12.360658358000023,51.41112185600008,8,,8,Nordwest,,,,8.0,,1,14231011144310708690,141575,0,1
13551,,,14,7,13,000,2023,10,12,4,2,5,3,0,,0,1,0,1,0,,"739756,569400000385940","5688233,536100000143051",12.439105452000035,51.29486034200005,3,,3,Südost,,,,3.0,,0,14231011144200749520,141576,0,1
13552,,,14,7,13,000,2023,10,12,4,3,3,2,0,,1,1,0,0,0,,"733844,732300000265241","5693190,668800000101328",12.357713931000035,51.341816392000055,0,,0,Mitte,,,,0.0,,0,14231011144200716470,141579,0,1
13553,,,14,7,13,000,2023,12,21,7,2,4,1,2,,0,1,0,0,0,,"727061,235100000165403","5690015,121600000187755",12.258459967000022,51.316057630000046,6,,6,West,,,,6.0,,0,14231216144200918040,141602,0,1
13554,,,14,7,13,000,2023,10,12,3,3,5,3,0,,1,1,0,0,0,,"732965,168499999679625","5692858,303700000047684",12.344890256000042,51.33919392300004,7,,7,Alt-West,,,,7.0,,0,14231010148410697020,141610,0,1
13555,,,14,7,13,000,2023,10,08,3,3,2,6,0,,0,1,0,1,0,,"735652,802099999971688","5690283,244899999350309",12.381704769000066,51.314972004000026,4,,4,Süd,,,,4.0,,0,14231010148210708750,141611,0,1
13556,,,14,7,13,000,2023,10,06,3,3,3,3,1,,1,1,0,0,0,,"736314,842199999839067","5694358,277699999511242",12.393890122000073,51.35127586400006,0,,0,Mitte,,,,0.0,,0,14231010148110708360,141612,1,1
13557,,,14,7,13,000,2023,10,10,3,3,3,2,0,,0,1,0,1,0,,"727338,134600000455976","5692443,744100000709295",12.263975772000038,51.337749803000065,7,,7,Alt-West,,,,7.0,,0,14231010144200770200,141614,0,1
13558,,,14,7,13,000,2023,12,15,4,3,3,2,0,,1,1,0,0,0,,"734642,024799999780953","5693488,002299999818206",12.369336743000076,51.344156930000054,0,,0,Mitte,,,,0.0,,0,14231227148410955430,141618,0,1
13559,,,14,7,13,000,2023,12,05,7,3,8,1,2,,0,1,0,0,0,,"735728,630699999630451","5700473,255799999460578",12.389543184000047,51.40640846300005,9,,9,Nord,,,,9.0,,0,14231216144310906240,141652,0,1
13560,,,14,7,13,000,2023,10,17,1,3,1,6,0,,0,1,0,0,0,,"736299,582799999974668","5694363,687999999150634",12.393674975000067,51.35133077200004,1,,1,Nordost,,,,1.0,,0,14231008148410717380,141667,0,1
13561,,,14,7,13,000,2023,10,05,1,3,5,3,2,,1,1,0,0,0,,"733553,484799999743700","5693105,234099999070168",12.353483653000069,51.34116918700005,0,,0,Mitte,,,,0.0,,0,14231008148410696310,141668,1,1
13562,,,14,7,13,000,2023,10,17,6,3,1,7,0,,0,1,0,0,0,,"729659,198300000280142","5692504,956700000911951",12.297280644000068,51.33736670800005,6,,6,West,,,,6.0,,0,14231006148320729890,141691,0,1
13563,,,14,7,13,000,2023,10,11,6,3,8,1,0,,0,1,0,0,0,,"739156,501799999736249","5694474,533500000834465",12.434701115000053,51.351130890000036,2,,2,Ost,,,,2.0,,0,14231006144200731840,141693,0,1
13564,,,14,7,13,000,2023,10,18,3,3,2,2,2,,0,1,0,0,0,,"736041,722699999809265","5693808,071599999442697",12.389610206000043,51.34645057900008,0,,0,Mitte,,,,0.0,,0,14231024148110769920,141709,1,1
13565,,,14,7,13,000,2023,10,16,4,3,4,6,0,,1,0,0,0,0,,"741841,146099999547005","5694628,779999999329448",12.473286408000035,51.351379491000046,2,,2,Ost,,,,2.0,,0,14231004148210688800,141734,0,1
13566,,,14,7,13,000,2023,10,17,3,3,0,7,1,,0,1,0,1,0,,"732804,541899999603629","5692783,497600000351667",12.342539316000057,51.338588196000046,7,,7,Alt-West,,,,7.0,,0,14231003148410716520,141748,1,1
13567,,,14,7,13,000,2023,10,21,3,3,5,2,2,,0,1,0,0,0,,"743387,411999999545515","5695195,439600000157952",12.495836927000028,51.35580542000008,2,,2,Ost,,,,2.0,,0,14231003144320696040,141751,1,1
13568,,,14,7,13,000,2023,10,10,4,3,2,6,0,,0,1,0,0,0,,"738960,215499999932945","5694843,419500000774860",12.43213521000007,51.35452449100006,2,,2,Ost,,,,2.0,,0,14231004144200730880,141769,0,1
13569,,,14,7,13,000,2023,12,15,4,3,2,2,0,,0,1,0,0,0,,"739750,663599999621511","5695493,485500000417233",12.443904280000027,51.36002640400005,2,,2,Ost,,,,2.0,,0,14231206144200963180,141771,1,1
13570,,,14,7,13,000,2023,10,11,2,3,2,2,0,,0,1,0,0,0,,"735868,963000000454485","5699111,848999999463558",12.390652515000056,51.39412998200004,9,,9,Nord,,,,9.0,,0,14231002148110730890,141775,0,1
13571,,,14,7,13,000,2023,10,16,2,2,5,2,0,,1,1,0,0,0,,"738936,291600000113249","5688195,753399999812245",12.427336608000076,51.294865910000055,3,,3,Südost,,,,3.0,,0,14231002144200681660,141776,0,1
13572,,,14,7,13,000,2023,11,14,6,3,2,6,0,,0,1,0,0,0,,"743380,940999999642372","5695183,505000000819564",12.495736006000072,51.35570107500007,2,,2,Ost,,,,2.0,,1,14231110144200786800,141868,0,1
13573,,,14,7,13,000,2023,12,06,2,3,8,1,2,,0,0,0,0,0,,"731912,854700000025332","5699510,954700000584126",12.334147891000043,51.399343000000044,8,,8,Nordwest,,,,8.0,,1,14231204148110850510,141889,2,1
13574,,,14,7,13,000,2023,09,07,4,3,5,3,0,,1,1,0,0,0,,"734181,355999999679625","5697030,764000000432134",12.365066135000063,51.376148228000034,9,,9,Nord,,,,9.0,,0,14230927144200681390,141903,0,1
13575,,,14,7,13,000,2023,09,13,4,3,6,7,0,,0,1,1,0,0,,"737733,727800000458956","5690339,728299999609590",12.411547900000073,51.31461362600004,3,,3,Südost,,,,3.0,,0,14230927144200674830,141904,0,1
13576,,,14,7,13,000,2023,09,08,3,3,3,3,0,,0,1,0,0,1,,"735530,555100000463426","5687627,917199999094009",12.378201524000076,51.291187370000046,4,,4,Süd,,,,4.0,,0,14230926144200708350,141931,0,1
13577,,,14,7,13,000,2023,09,16,3,3,2,6,0,,0,0,0,0,0,,"730306,460099999792874","5688545,564099999144673",12.303999712000063,51.30156135200008,5,,5,Südwest,,,,5.0,,1,14230926144200680530,141932,0,1
13578,,,14,7,13,000,2023,09,06,2,3,5,3,2,,1,1,0,0,0,,"734338,778599999845028","5690143,156400000676513",12.36279096800007,51.31425704800006,4,,4,Süd,,,,4.0,,0,14230925144200708340,141952,0,1
13579,,,14,7,13,000,2023,11,18,5,3,9,1,2,,0,1,0,0,0,,"731948,590900000184774","5698902,031199999153614",12.334262874000046,51.39386230100007,8,,8,Nordwest,,,,8.0,,0,14231130148110849400,141974,1,1
13580,,,14,7,13,000,2023,11,23,5,3,4,1,2,,0,1,0,0,0,,"740969,170300000347197","5685474,542300000786781",12.454604927000048,51.26958472300004,3,,3,Südost,,,,3.0,,0,14231130148210872820,141977,2,1
13581,,,14,7,30,270,2023,11,10,2,2,9,1,0,,0,1,0,0,0,,"730025,831600000150502","5701205,536900000646710",12.308166141000072,51.415323157000046,8,,8,Nordwest,,,,8.0,,0,14231120144310817910,142007,1,1
13582,,,14,7,13,000,2023,09,21,6,3,0,2,2,,0,0,1,1,0,,"735499,503600000403821","5693438,692099999636412",12.381594095000025,51.343359786000065,0,,0,Mitte,,,,0.0,,0,14230922148410717400,142030,0,1
13583,,,14,7,13,000,2023,09,17,6,3,5,3,0,,0,1,0,0,0,,"736536,244599999859929","5694608,962799999862909",12.397230447000027,51.353433960000075,1,,1,Nordost,,,,1.0,,0,14230922148110681160,142031,0,1
13584,,,14,7,13,000,2023,09,14,5,3,2,6,0,,0,1,0,0,0,,"743586,108900000341237","5686512,897900000214577",12.492755173000035,51.277792205000026,3,,3,Südost,,,,3.0,,0,14230921144310654000,142060,0,1
13585,,,14,7,13,000,2023,09,18,5,3,2,6,0,,0,1,0,0,0,,"741843,430499999783933","5694629,270199999213219",12.473319485000047,51.35138291900006,2,,2,Ost,,,,2.0,,0,14230921144200654530,142061,0,1
13586,,,14,7,13,000,2023,11,14,4,2,8,1,0,,0,0,0,0,1,,"730265,819199999794364","5687886,133999999612570",12.302992388000064,51.29565802900004,5,,5,Südwest,,,,5.0,,0,14231115148310850050,142086,0,1
13587,,,14,7,13,000,2023,12,21,4,3,1,6,2,,0,1,0,0,0,,"735491,520899999886751","5693439,595399999991059",12.381480281000051,51.343371200000036,0,,0,Mitte,,,,0.0,,0,14231213148410885680,142118,1,1
13588,,,14,7,13,000,2023,09,13,2,3,0,7,0,,0,0,0,0,0,,"736579,606700000353158","5692143,591000000014901",12.396214245000067,51.33128635300005,3,,3,Südost,,,,3.0,,1,14230918148423652550,142137,0,1
13589,,,14,7,13,000,2023,09,13,2,2,3,6,0,,0,1,0,1,0,,"736662,403500000014901","5695575,193299999460578",12.399681654000062,51.36205443500006,9,,9,Nord,,,,9.0,,0,14230918148110643910,142138,1,1
13590,,,14,7,13,000,2023,09,18,1,3,0,5,0,,0,1,0,0,0,,"731616,453200000338256","5692682,233699999749660",12.325446166000063,51.338164318000054,7,,7,Alt-West,,,,7.0,,1,14230917148310643950,142164,0,1
13591,,,14,7,13,000,2023,09,20,1,3,9,1,2,,0,0,0,1,0,,"741488,508000000379980","5689759,444199999794364",12.464932361000024,51.30782459000005,3,,3,Südost,,,,3.0,,0,14230917148210708730,142167,0,1
13592,,,14,7,13,000,2023,09,14,1,3,5,3,0,,0,1,0,1,0,,"731535,101099999621511","5698647,270199999213219",12.32816361700003,51.39174422200006,8,,8,Nordwest,,,,8.0,,0,14230917148110643460,142169,0,1
13593,,,14,7,13,000,2023,09,14,7,3,2,6,0,,0,1,0,0,0,,"736161,609899999573827","5694440,129100000485778",12.391747892000069,51.35207426200003,1,,1,Nordost,,,,1.0,,0,14230916148410654990,142197,0,1
13594,,,14,7,13,000,2023,10,08,3,3,3,2,0,,1,1,0,0,0,,"732151,739000000059605","5692470,857999999076128",12.332979862000059,51.336048582000046,7,,7,Alt-West,,,,7.0,,0,14231024148310732380,142224,1,1
13595,,,14,7,13,000,2023,09,14,6,3,5,2,0,,1,1,0,0,0,,"736417,976999999955297","5692751,351999999955297",12.39430162800005,51.33680893500008,0,,0,Mitte,,,,0.0,,0,14230915144310827400,142235,0,1
13596,,,14,7,13,000,2023,10,13,5,3,5,2,0,,0,1,0,0,0,,"735097,644299999810755","5697039,231100000441074",12.378213796000068,51.37584565900005,9,,9,Nord,,,,9.0,,0,14231012148110716990,142252,1,1
13597,,,14,7,13,000,2023,09,21,3,2,5,3,2,,0,1,0,1,0,,"741511,455099999904633","5688370,766499999910593",12.464321420000033,51.29535066700004,3,,3,Südost,,,,3.0,,0,14230912148211653560,142329,0,1
13598,,,14,7,13,000,2023,09,19,3,2,5,2,1,,0,1,0,1,0,,"735729,387000000104308","5693560,582000000402331",12.384969555000055,51.34435864000005,0,,0,Mitte,,,,0.0,,0,14230912144200681110,142330,0,1
13599,,,14,7,13,000,2023,09,19,3,3,5,2,1,,0,1,0,1,0,,"734228,610700000077486","5693318,860400000587106",12.363300067000068,51.34280909800003,0,,0,Mitte,,,,0.0,,0,14230912144200637910,142331,0,1
13600,,,14,7,13,000,2023,09,06,2,3,5,2,0,,1,1,0,0,0,,"730990,389200000092387","5688490,392000000923872",12.313758140000061,51.30078903900005,5,,5,Südwest,,,,5.0,,0,14230911148310643480,142363,0,1
13601,,,14,7,13,000,2023,09,14,2,3,8,1,0,,0,1,0,0,0,,"736502,079900000244379","5702433,018500000238419",12.40195054000003,51.423677389000034,9,,9,Nord,,,,9.0,,0,14230911148110627570,142364,0,1
13602,,,14,7,13,000,2023,11,17,1,3,2,7,2,,0,1,0,0,0,,"741611,699900000356138","5684889,266499999910593",12.463403031000041,51.26405954300003,3,,3,Südost,,,,3.0,,0,14231119144200963480,142378,1,1
13603,,,14,7,13,000,2023,09,14,1,3,5,3,0,,1,1,0,0,0,,"736313,025799999944866","5692422,224700000137091",12.392579345000058,51.33389824000005,0,,0,Mitte,,,,0.0,,0,14230910148210651970,142402,0,1
13604,,,14,7,13,000,2023,09,15,1,3,5,3,0,,0,1,0,1,0,,"727383,487800000235438","5692109,415799999609590",12.26441238800004,51.33473028000003,7,,7,Alt-West,,,,7.0,,0,14230910148110638360,142404,0,1
13605,,,14,7,13,000,2023,09,08,7,3,2,6,0,,0,1,0,0,0,,"727738,580199999734759","5690165,843299999833107",12.268259560000047,51.31714007000005,6,,6,West,,,,6.0,,0,14230909148310626700,142432,0,1
13606,,,14,7,13,000,2023,09,20,7,3,0,7,2,,1,0,0,0,0,,"736667,842299999669194","5692052,373800000175834",12.397417939000036,51.330430867000075,3,,3,Südost,,,,3.0,,0,14230909148210689110,142434,1,1
13607,,,14,7,13,000,2023,09,19,7,3,0,1,0,,1,0,0,0,0,,"739140,706699999980628","5687243,279500000178814",12.429625437000027,51.286230784000054,3,,3,Südost,,,,3.0,,0,14230909148210628060,142435,0,1
13608,,,14,7,13,000,2023,09,18,7,3,5,3,0,,1,0,0,1,0,,"735103,388500000350177","5697039,225999999791384",12.378296180000063,51.37584323600004,9,,9,Nord,,,,9.0,,0,14230909144200627530,142437,0,1
13609,,,14,7,13,000,2023,09,21,6,3,3,6,2,,0,1,0,0,0,,"732625,002000000327826","5696692,466700000688434",12.342521735000048,51.37375111100005,8,,8,Nordwest,,,,8.0,,0,14230908148110626940,142464,0,1
13610,,,14,7,13,000,2023,09,14,5,3,2,6,0,,0,0,0,1,1,,"727481,359500000253320","5699182,090299999341369",12.270339312000033,51.39818463200004,8,,8,Nordwest,,,,8.0,,0,14230907662210627700,142494,0,1
13611,,,14,7,13,000,2023,09,07,5,3,3,2,0,,1,0,0,0,0,,"736315,642099999822676","5692449,970899999141693",12.392635237000036,51.33414620800005,0,,0,Mitte,,,,0.0,,1,14230907148410628100,142500,0,1