UNFALL_ID,FID_left,OBJECTID,ULAND,UREGBEZ,UKREIS,UGEMEINDE,UJAHR,UMONAT,USTUNDE,UWOCHENTAG,UKATEGORIE,UART,UTYP1,ULICHTVERH,IstStrasse,IstRad,IstPKW,IstFuss,IstKrad,IstGkfz,IstSonstig,LINREFX,LINREFY,XGCSWGS84,YGCSWGS84,index_right,FID_right,SBZ,Name,UIDENTSTLA,LICHT,STRZUSTAND,FID,OBJECTID_1,IstSonstige,UIDENTSTLAE,OID_,IstStrassenzustand,PLST
13612,,,14,7,13,000,2023,09,15,5,3,5,2,0,,0,1,0,0,0,,"728852,608699999749660","5682492,049799999222159",12.279304232000072,51.24780320700006,5,,5,Südwest,,,,5.0,,1,14230907148310620460,142501,0,1
13613,,,14,7,13,000,2023,09,08,4,3,1,2,0,,1,1,0,0,0,,"732578,942999999970198","5692410,384500000625849",12.339062536000029,51.33533118500003,7,,7,Alt-West,,,,7.0,,0,14230906148320653600,142532,0,1
13614,,,14,7,13,000,2023,09,13,4,3,5,2,0,,1,1,0,0,0,,"734717,333999999798834","5690205,246999999508262",12.368254077000074,51.31465841600004,4,,4,Süd,,,,4.0,,0,14230906148213626440,142534,0,1
13615,,,14,7,13,000,2023,09,14,4,3,2,6,0,,0,1,0,1,0,,"736234,330000000074506","5694018,963500000536442",12.392510822000077,51.34826358400005,0,,0,Mitte,,,,0.0,,0,14230906144200626420,142535,0,1
13616,,,14,7,13,000,2023,09,06,3,3,2,6,0,,0,1,0,0,0,,"727016,622999999672174","5690024,830000000074506",12.25782704900007,51.31616258400004,6,,6,West,,,,6.0,,0,14230905144200608580,142570,0,1
13617,,,14,7,13,000,2023,09,16,2,3,2,6,0,,0,1,0,0,0,,"740753,390800000168383","5696260,182600000873208",12.458798795000064,51.36648398800003,2,,2,Ost,,,,2.0,,0,14230904148210628070,142606,0,1
13618,,,14,7,13,000,2023,12,17,7,2,0,7,2,,0,0,0,0,0,,"735624,557300000451505","5693422,964199999347329",12.38337600400007,51.34316679800003,0,,0,Mitte,,,,0.0,,1,14231209144200906190,142608,0,1
13619,,,14,7,13,000,2023,10,05,1,3,9,1,2,,0,1,0,0,0,,"736974,229100000113249","5691431,209100000560284",12.401394879000065,51.32472765400007,3,,3,Südost,,,,3.0,,0,14231015144320849380,142609,0,1
13620,,,14,7,13,000,2023,09,10,2,2,5,3,0,,0,1,1,0,1,,"732151,739000000059605","5692470,857999999076128",12.332979862000059,51.336048582000046,7,,7,Alt-West,,,,7.0,,0,14230904144200608540,142613,0,1
13621,,,14,7,13,000,2023,12,20,3,3,2,6,2,,0,1,0,0,0,,"736431,785799999721348","5693440,744599999859929",12.394957141000077,51.342991307000034,0,,0,Mitte,,,,0.0,,0,14231219148410907810,142615,1,1
13622,,,14,7,13,000,2023,09,09,7,3,2,6,0,,0,1,0,0,0,,"734898,116999999620020","5693490,507999999448657",12.373008908000031,51.34407367600005,0,,0,Mitte,,,,0.0,,0,14230902148410628140,142659,0,1
13623,,,14,7,13,000,2023,10,15,4,3,6,4,0,,0,1,1,0,0,,"734704,827899999916553","5699020,472799999639392",12.373888737000073,51.39379237500003,9,,9,Nord,,,,9.0,,0,14231018144200729480,142660,0,1
13624,,,14,7,13,000,2023,09,16,7,3,2,6,0,,0,1,0,0,0,,"736290,243099999614060","5694366,027300000190735",12.39354264700006,51.35135565200005,1,,1,Nordost,,,,1.0,,0,14230902148410626950,142687,0,1
13625,,,14,7,13,000,2023,08,16,5,3,6,4,0,,0,0,1,0,0,,"734885,124900000169873","5693529,516799999400973",12.372848427000065,51.34442920200007,0,,0,Mitte,,,,0.0,,1,14230831144200608050,142716,0,1
13626,,,14,7,13,000,2023,08,12,5,3,5,3,0,,0,0,0,0,1,,"739750,542399999685585","5695493,384600000455976",12.443902474000026,51.360025550000046,2,,2,Ost,,,,2.0,,1,14230831144200606960,142717,0,1
13627,,,14,7,13,000,2023,12,13,5,3,5,3,0,,1,1,0,0,0,,"737347,326600000262260","5690243,935900000855327",12.40594971400003,51.31391504800007,4,,4,Süd,,,,4.0,,0,14231214148210907800,142749,1,1
13628,,,14,7,13,000,2023,11,15,5,3,5,3,0,,0,1,0,0,0,,"740791,559200000017881","5686765,430299999192357",12.452933078000058,51.281246442000054,3,,3,Südost,,,,3.0,,0,14231109144200786560,142756,0,1
13629,,,14,7,13,000,2023,08,08,4,3,5,2,0,,0,1,0,0,0,,"740896,061800000257790","5696351,977399999275804",12.460906653000052,51.367247416000055,2,,2,Ost,,,,2.0,,0,14230830144200606940,142757,0,1
13630,,,14,7,30,250,2023,08,07,3,3,2,2,0,,0,1,0,0,0,,"736571,935800000093877","5702611,344699999317527",12.403072498000029,51.42524889600003,9,,9,Nord,,,,9.0,,0,14230829149320643520,142778,1,1
13631,,,14,7,13,000,2023,08,07,3,3,5,3,0,,1,1,0,0,0,,"736516,859100000001490","5692233,109400000423193",12.395374588000038,51.33211598100007,3,,3,Südost,,,,3.0,,0,14230829148410608090,142781,1,1
13632,,,14,7,13,000,2023,08,17,3,3,2,6,0,,0,1,0,0,1,,"740913,747499999590218","5696378,824100000783801",12.461178430000075,51.36748087900003,2,,2,Ost,,,,2.0,,0,14230829148110586510,142782,1,1
13633,,,14,7,13,000,2023,08,21,3,2,7,1,2,,0,0,0,1,0,,"738849,031299999915063","5689075,723999999463558",12.426676052000062,51.30280107900006,3,,3,Südost,,,,3.0,,0,14230829144200586470,142784,0,1
13634,,,14,7,13,000,2023,08,13,3,3,5,2,0,,1,1,0,0,0,,"733842,367999999783933","5693189,926999999210238",12.357679559000076,51.34181070600005,0,,0,Mitte,,,,0.0,,0,14230829144200586460,142786,0,1
13635,,,14,7,13,000,2023,09,21,1,2,5,3,2,,0,1,0,0,0,,"733554,909099999815226","5693105,808499999344349",12.353504443000077,51.34117375800008,0,,0,Mitte,,,,0.0,,0,14230903144200643430,142856,0,1
13636,,,14,7,13,000,2023,08,21,7,3,7,7,2,,0,1,0,0,0,,"730093,050300000235438","5697817,296399999409914",12.306934611000031,51.38488004700008,8,,8,Nordwest,,,,8.0,,0,14230826144200696020,142888,0,1
13637,,,14,7,13,000,2023,08,07,6,3,3,6,0,,0,1,0,0,0,,"737002,236999999731779","5691376,888000000268221",12.401760014000047,51.324228394000045,3,,3,Südost,,,,3.0,,1,14230825148410628110,142924,0,1
13638,,,14,7,13,000,2023,08,15,6,3,2,2,0,,1,1,0,0,0,,"736511,988699999637902","5692237,826700000092387",12.395307933000026,51.33216034900005,3,,3,Südost,,,,3.0,,0,14230825148410584770,142927,0,1
13639,,,14,7,13,000,2023,08,11,6,3,5,2,0,,0,1,0,0,0,,"736544,827800000086427","5690285,827999999746680",12.394483313000023,51.31462515900006,0,,0,Mitte,,,,0.0,,1,14230825148210607280,142928,0,1
13640,,,14,7,13,000,2023,08,17,6,3,5,3,0,,1,1,0,0,0,,"728307,278300000354648","5697574,026200000196695",12.281158249000043,51.383417128000076,8,,8,Nordwest,,,,8.0,,0,14230825148110607270,142929,0,1
13641,,,14,7,13,000,2023,08,16,6,2,3,2,0,,1,1,0,0,0,,"736098,593399999663234","5693869,718399999663234",12.390466227000047,51.34698031900007,0,,0,Mitte,,,,0.0,,0,14230825144200586000,142930,0,1
13642,,,14,7,13,000,2023,08,04,5,3,5,3,2,,0,1,0,0,0,,"728030,324000000022352","5701018,792999999597669",12.279397969000058,51.414452632000064,8,,8,Nordwest,,,,8.0,,1,14230824148110586010,142966,0,1
13643,,,14,7,13,000,2023,08,16,5,3,5,3,0,,1,1,0,0,0,,"735103,411799999885261","5697039,225999999791384",12.378296514000056,51.37584322600003,9,,9,Nord,,,,9.0,,0,14230824144200606930,142967,0,1
13644,,,14,7,13,000,2023,12,10,4,3,5,3,0,,0,1,0,0,0,,"729618,964999999850988","5697950,403699999675155",12.300219174000063,51.38626689200004,8,,8,Nordwest,,,,8.0,,0,14231213148110907230,142989,0,1
13645,,,14,7,13,000,2023,10,18,3,3,9,1,1,,0,1,0,0,0,,"736345,776499999687076","5701799,602600000798702",12.399284174000059,51.41805702000005,9,,9,Nord,,,,9.0,,0,14231003144200688770,143002,1,1
13646,,,14,7,13,000,2023,08,17,4,3,2,6,0,,0,1,0,0,0,,"735525,652499999850988","5687501,147700000554323",12.37804774500006,51.290051462000065,4,,4,Süd,,,,4.0,,0,14230823148210585060,143013,0,1
13647,,,14,7,13,000,2023,08,21,3,3,5,3,2,,1,0,0,0,0,,"737275,979100000113249","5690910,346100000664592",12.405371181000021,51.31992657200004,0,,0,Mitte,,,,0.0,,1,14230822148210586050,143045,0,1
13648,,,14,7,13,000,2023,08,17,3,2,5,2,0,,0,1,0,0,0,,"731235,872800000011921","5696759,736600000411272",12.322641652000073,51.374922249000065,8,,8,Nordwest,,,,8.0,,0,14230822144200584670,143047,0,1
13649,,,14,7,13,000,2023,08,10,3,3,5,3,0,,1,1,0,0,0,,"736552,796699999831617","5690275,438599999994040",12.394590564000055,51.314528590000066,0,,0,Mitte,,,,0.0,,0,14230822144200577770,143049,0,1
13650,,,14,7,13,000,2023,10,22,5,3,2,6,2,,0,1,0,0,0,,"737170,152200000360608","5691101,513900000602007",12.403982394000025,51.32168663400006,3,,3,Südost,,,,3.0,,0,14231019148410732390,143051,1,1
13651,,,14,7,13,000,2023,09,19,6,3,5,3,1,,0,1,0,1,0,,"726512,860000000335276","5693426,081000000238419",12.25277238800004,51.346898027000066,7,,7,Alt-West,,,,7.0,,0,14230915148110681430,143070,0,1
13652,,,14,7,13,000,2023,08,13,2,3,2,6,0,,0,1,0,0,0,,"736182,331299999728799","5693975,908199999481440",12.391736920000028,51.34789871700008,0,,0,Mitte,,,,0.0,,0,14230821148410577860,143090,0,1
13653,,,14,7,13,000,2023,08,20,2,3,4,1,2,,0,1,0,0,0,,"736219,591799999587238","5693797,940400000661612",12.392152918000022,51.346285762000036,0,,0,Mitte,,,,0.0,,0,14230821148410566800,143091,0,1
13654,,,14,7,13,000,2023,08,22,2,3,1,5,2,,0,1,0,0,0,,"731257,854000000283122","5696951,822000000625849",12.323081910000042,51.37663760800007,8,,8,Nordwest,,,,8.0,,0,14230821148110584720,143093,0,1
13655,,,14,7,30,270,2023,08,03,2,3,8,7,2,,0,1,0,0,0,,"730127,013700000010431","5701195,676200000569224",12.309612306000076,51.41519358900007,8,,8,Nordwest,,,,8.0,,0,14230821144310586491,143094,0,1
13656,,,14,7,13,000,2023,09,19,7,2,5,3,1,,1,1,0,0,0,,"735029,644199999980628","5702116,637800000607967",12.380600345000062,51.421449808000034,9,,9,Nord,,,,9.0,,0,14230930144200681120,143103,0,1
13657,,,14,7,13,000,2023,08,22,1,3,0,1,2,,1,0,0,0,0,,"741472,292999999597669","5689522,160000000149012",12.464539599000034,51.305701706000036,3,,3,Südost,,,,3.0,,0,14230820148210566430,143120,0,1
13658,,,14,7,13,000,2023,08,23,1,2,5,3,2,,0,1,0,0,0,,"734747,738599999807775","5693486,722500000149012",12.37085107400003,51.34410180400005,0,,0,Mitte,,,,0.0,,1,14230820144200566740,143121,0,1
13659,,,14,7,13,000,2023,08,11,4,3,5,2,0,,0,1,0,0,0,,"728896,923299999907613","5698640,086200000718236",12.290304486000025,51.39274980400006,8,,8,Nordwest,,,,8.0,,1,14230823148110586030,143145,0,1
13660,,,14,7,13,000,2023,08,08,6,3,5,3,0,,1,1,0,0,0,,"733866,570299999788404","5693197,520600000396371",12.358031419000042,51.34186891600007,0,,0,Mitte,,,,0.0,,0,14230818148410586090,143153,1,1
13661,,,14,7,13,000,2023,08,08,5,3,0,1,0,,1,0,0,0,0,,"734043,087100000120699","5693246,352299999445677",12.360593392000055,51.34223462500006,0,,0,Mitte,,,,0.0,,0,14230817148410566100,143189,1,1
13662,,,14,7,13,000,2023,08,07,5,3,9,1,0,,0,1,0,0,0,,"735959,146999999880791","5700679,758999999612570",12.39298887600006,51.40816622300008,9,,9,Nord,,,,9.0,,0,14230817144310567220,143190,1,1
13663,,,14,7,13,000,2023,08,16,5,3,5,3,0,,1,1,0,0,0,,"739757,775000000372529","5688232,315999999642372",12.43912189300005,51.29484888300004,3,,3,Südost,,,,3.0,,0,14230817144200565520,143191,0,1
13664,,,14,7,13,000,2023,08,15,4,3,2,2,0,,0,1,0,0,0,,"740710,730999999679625","5686514,838199999183416",12.451607490000072,51.27903134200005,3,,3,Südost,,,,3.0,,0,14230816148211566770,143222,0,1
13665,,,14,7,13,000,2023,08,05,4,1,2,6,2,,0,1,0,1,0,,"728917,545400000177324","5698643,374199999496341",12.290602515000046,51.392771003000064,8,,8,Nordwest,,,,8.0,,0,14230816144200560250,143225,0,1
13666,,,14,7,13,000,2023,12,14,1,3,0,1,0,,1,0,0,0,0,,"734387,140200000256300","5699322,058100000023842",12.369529557000021,51.396630791000064,9,,9,Nord,,,,9.0,,0,14231231148113932410,143256,0,1
13667,,,14,7,13,000,2023,08,08,4,2,3,6,0,,0,1,0,0,1,,"732836,307400000281632","5696860,865800000727177",12.34566267200006,51.375176174000046,8,,8,Nordwest,,,,8.0,,0,14230823148110584710,143282,0,1
13668,,,14,7,13,000,2023,08,12,2,3,3,7,0,,0,1,0,1,0,,"734714,665799999609590","5700664,914899999275804",12.37511740900004,51.40854926800006,9,,9,Nord,,,,9.0,,0,14230814144310559820,143307,0,1
13669,,,14,7,13,000,2023,03,20,4,3,5,3,2,,0,1,0,0,0,,"739491,885900000110269","5691861,679899999871850",12.437751676000062,51.32753731100007,2,,2,Ost,,,,2.0,,1,14230315144200312450,251650,0,1
13670,,,14,7,13,000,2023,03,13,4,3,5,3,0,,0,1,0,0,1,,"730203,162999999709427","5701046,558199999853969",12.310608700000046,51.413824076000026,8,,8,Nordwest,,,,8.0,,0,14230315144200154760,251651,0,1
13671,,,14,7,13,000,2023,03,14,4,2,6,4,0,,0,1,1,0,0,,"727961,804899999871850","5689248,467800000682473",12.270871175000025,51.30881509500006,6,,6,West,,,,6.0,,0,14230315144200154390,251652,0,1
13672,,,14,7,13,000,2023,03,16,3,3,6,4,0,,1,0,1,0,0,,"734746,146200000308454","5690062,945399999618530",12.368573122000043,51.313369168000065,4,,4,Süd,,,,4.0,,0,14230314148410148631,251660,1,1
13673,,,14,7,13,000,2023,03,16,3,3,3,2,0,,1,1,0,0,0,,"734752,721900000236928","5693855,198300000280142",12.371165445000031,51.34740733000007,0,,0,Mitte,,,,0.0,,0,14230314148410148620,251661,1,1
13674,,,14,7,13,000,2023,03,11,3,3,5,3,0,,0,1,0,0,0,,"727782,106999999843538","5689118,518300000578165",12.268214355000055,51.307720421000056,6,,6,West,,,,6.0,,1,14230314148310183400,251662,0,1
13675,,,14,7,13,000,2023,03,14,3,3,6,7,0,,0,1,1,0,0,,"733814,038099999539554","5695652,931800000369549",12.358891634000031,51.363931517000026,9,,9,Nord,,,,9.0,,0,14230314144200154420,251663,0,1
13676,,,14,7,13,000,2023,03,11,2,3,5,3,0,,1,0,0,0,0,,"738041,462299999780953","5693730,635399999096990",12.418220488000031,51.34492174500008,2,,2,Ost,,,,2.0,,0,14230313148410202930,251671,0,1
13677,,,14,7,13,000,2023,03,12,2,2,0,1,0,,1,0,0,0,0,,"731325,844299999997020","5693989,111899999901652",12.322130281000057,51.35001425000007,7,,7,Alt-West,,,,7.0,,0,14230313144100202600,251672,0,1
13678,,,14,7,13,000,2023,03,07,2,3,1,6,0,,1,1,0,0,0,,"732083,832600000314415","5692659,822599999606609",12.332129819000045,51.337772588000064,7,,7,Alt-West,,,,7.0,,0,14230313144000154020,251673,1,1
13679,,,14,7,13,000,2023,03,11,2,3,1,6,0,,0,1,0,0,0,,"734698,884100000374019","5693381,284099999815226",12.37008135800005,51.34317551600003,0,,0,Mitte,,,,0.0,,0,14230313144200143960,251678,1,1
13680,,,14,7,13,000,2023,03,12,1,3,1,7,0,,0,1,0,0,0,,"730129,163700000382960","5693713,970399999991059",12.304797346000043,51.34803004500003,7,,7,Alt-West,,,,7.0,,0,14230312148310165230,251682,0,1
13681,,,14,7,13,000,2023,03,09,7,3,5,3,0,,1,1,0,0,0,,"735331,831299999728799","5692190,256100000813603",12.378366162000077,51.33222283400005,0,,0,Mitte,,,,0.0,,0,14230311148410165240,251686,1,1
13682,,,14,7,13,000,2023,03,20,6,3,6,6,2,,0,0,1,0,0,,"735079,379399999976158","5692560,831199999898672",12.374993282000048,51.335653646000026,0,,0,Mitte,,,,0.0,,1,14230310148410147420,251690,1,1
13683,,,14,7,13,000,2023,03,13,6,3,5,3,0,,0,1,0,0,0,,"734395,704900000244379","5691540,958300000056624",12.364525234000041,51.32678096700005,0,,0,Mitte,,,,0.0,,0,14230310148410147410,251691,0,1
13684,,,14,7,13,000,2023,03,08,6,3,2,6,0,,0,1,0,0,0,,"734646,668100000359118","5691487,681199999526143",12.368085820000033,51.32619927400003,0,,0,Mitte,,,,0.0,,0,14230310148410147390,251692,1,1
13685,,,14,7,13,000,2023,03,13,6,3,6,6,0,,0,0,1,0,0,,"730215,759200000204146","5689940,932700000703335",12.303601108000066,51.31412435100003,6,,6,West,,,,6.0,,1,14230310148310147380,251693,0,1
13686,,,14,7,13,000,2023,03,17,6,3,6,6,0,,1,0,1,0,0,,"735561,952499999664724","5692941,220100000500679",12.382160097000053,51.33886846200005,0,,0,Mitte,,,,0.0,,0,14230310143263148140,251694,0,1
13687,,,14,7,13,000,2023,03,18,5,3,5,3,2,,1,1,0,0,0,,"736337,878999999724329","5692763,800200000405312",12.393162068000038,51.33695396400003,0,,0,Mitte,,,,0.0,,0,14230309148410147400,251701,1,1
13688,,,14,7,13,000,2023,03,16,5,3,5,3,0,,1,1,0,0,0,,"734163,010200000368059","5692193,168099999427795",12.361619847000043,51.33273135600007,0,,0,Mitte,,,,0.0,,0,14230309148410136930,251702,0,1
13689,,,14,7,13,000,2023,03,11,5,3,3,5,0,,0,1,0,0,0,,"732151,069000000134110","5691918,783299999311566",12.332610544000033,51.33109301300004,5,,5,Südwest,,,,5.0,,0,14230309148310148230,251703,1,1
13690,,,14,7,13,000,2023,03,14,5,3,1,5,0,,0,1,0,0,0,,"738830,802799999713898","5694190,537599999457598",12.429841977000024,51.34871872900004,2,,2,Ost,,,,2.0,,0,14230309148210163990,251704,1,1
13691,,,14,7,13,000,2023,03,19,5,3,5,3,2,,0,1,0,0,0,,"732722,239000000059605","5696019,881999999284744",12.343476097000064,51.36767375000005,8,,8,Nordwest,,,,8.0,,0,14230309145400136880,251705,1,1
13692,,,14,7,13,000,2023,03,08,4,3,6,7,0,,0,1,1,0,0,,"735279,467899999581277","5694091,244599999859929",12.378871677000063,51.34930840000004,0,,0,Mitte,,,,0.0,,0,14230308148410154450,251711,1,1
13693,,,14,7,13,000,2023,03,08,4,3,2,6,0,,0,1,0,0,0,,"739673,379800000227988","5692179,601800000295043",12.44056566200004,51.330314473000044,2,,2,Ost,,,,2.0,,0,14230308144320148570,251712,2,1
13694,,,14,7,13,000,2023,03,10,4,3,6,4,0,,0,1,1,0,0,,"741351,736800000071526","5686901,048699999228120",12.461041867000063,51.282226725000044,3,,3,Südost,,,,3.0,,0,14230308144200148580,251713,1,1
13695,,,14,7,13,000,2023,03,18,4,3,6,2,2,,0,1,1,0,0,,"735094,427600000053644","5693970,699200000613928",12.376139642000055,51.34830290000008,0,,0,Mitte,,,,0.0,,0,14230308144200148200,251714,1,1
13696,,,14,7,13,000,2023,03,11,3,3,5,3,0,,1,1,0,0,0,,"739940,408200000412762","5698065,860600000247359",12.44836063300005,51.38303502300005,1,,1,Nordost,,,,1.0,,0,14230307148110136890,251725,0,1
13697,,,14,7,13,000,2023,03,10,3,2,5,2,0,,1,1,0,0,0,,"735012,297899999655783","5691985,099700000137091",12.37365225800005,51.33051338200005,0,,0,Mitte,,,,0.0,,0,14230307144200163780,251726,0,1
13698,,,14,7,13,000,2023,03,15,3,3,6,4,0,,0,1,1,0,0,,"738653,358300000429153","5693563,176599999889731",12.42687808900007,51.34316214000006,2,,2,Ost,,,,2.0,,0,14230307144200130660,251727,2,1
13699,,,14,7,13,000,2023,03,16,2,3,0,3,0,,0,1,0,0,0,,"737370,851400000043213","5693160,537499999627471",12.408228990000055,51.340084896000064,2,,2,Ost,,,,2.0,,1,14230306148410136920,251735,1,1
13700,,,14,7,13,000,2023,03,19,2,3,0,7,0,,0,0,1,0,0,,"737370,481999999843538","5693146,775599999353290",12.408214524000073,51.339961523000056,2,,2,Ost,,,,2.0,,1,14230306148410136410,251736,1,1
13701,,,14,7,13,000,2023,03,12,2,3,5,3,0,,0,1,0,0,0,,"732392,177699999883771","5691546,397199999541044",12.335822620000044,51.32765174600007,5,,5,Südwest,,,,5.0,,0,14230306148310154440,251737,1,1
13702,,,14,7,13,000,2023,03,18,2,2,5,3,2,,1,0,0,0,0,,"735051,327999999746680","5690670,607000000774860",12.373344770000074,51.31869784600008,4,,4,Süd,,,,4.0,,1,14230306144200296350,251739,1,1
13703,,,14,7,13,000,2023,03,11,2,2,3,2,0,,1,1,0,0,0,,"738857,059000000357628","5694329,244999999180436",12.430311386000028,51.34995271200006,2,,2,Ost,,,,2.0,,0,14230306144200136330,251740,1,1
13704,,,14,7,13,000,2023,03,15,1,3,0,1,0,,1,0,0,0,0,,"736942,576000000350177","5693119,505899999290705",12.402064059000054,51.33989520600005,2,,2,Ost,,,,2.0,,0,14230305148410164370,251751,0,1
13705,,,14,7,13,000,2023,03,11,7,3,5,3,0,,1,1,0,0,0,,"735158,360399999655783","5693737,320000000298023",12.376901902000043,51.34618156700003,0,,0,Mitte,,,,0.0,,0,14230304148410147870,251756,0,1
13706,,,14,7,13,000,2023,03,23,7,3,1,5,2,,1,1,0,0,0,,"735979,814500000327826","5697976,644300000742078",12.391488767000055,51.38389415600005,9,,9,Nord,,,,9.0,,0,14230304148110129840,251757,0,1
13707,,,14,7,13,000,2023,03,11,7,3,8,1,0,,0,1,0,0,0,,"738402,314600000157952","5696459,940400000661612",12.42522096700003,51.36926845700003,1,,1,Nordost,,,,1.0,,0,14230304144200147240,251758,0,1
13708,,,14,7,13,000,2023,03,19,6,3,2,2,1,,0,1,0,0,0,,"735551,989699999801815","5692909,879200000315905",12.381996594000043,51.33859126300007,0,,0,Mitte,,,,0.0,,0,14230303148410129640,251764,0,1
13709,,,14,7,13,000,2023,03,18,6,3,2,7,2,,1,1,0,0,0,,"734011,687900000251830","5695603,426599999889731",12.361693186000025,51.36340576300006,9,,9,Nord,,,,9.0,,0,14230303148110165010,251765,0,1
13710,,,14,7,13,000,2023,03,22,6,3,5,2,2,,1,1,0,0,0,,"734999,216599999926984","5692263,548499999567866",12.373648457000058,51.333018251000055,0,,0,Mitte,,,,0.0,,0,14230303145200129810,251766,0,1
13711,,,14,7,13,000,2023,03,14,6,3,4,6,0,,1,1,0,0,0,,"737771,413499999791384","5692847,050000000745058",12.413760147000062,51.337103684000056,2,,2,Ost,,,,2.0,,0,14230303144320298160,251767,0,1
13712,,,14,7,13,000,2023,03,18,5,3,5,3,2,,1,1,0,0,0,,"731409,280799999833107","5691635,061200000345707",12.321796918000075,51.32884834100008,7,,7,Alt-West,,,,7.0,,0,14230302148323130350,251782,1,1
13713,,,14,7,13,000,2023,03,13,5,3,6,4,0,,0,1,1,0,0,,"734998,927600000053644","5693936,737700000405312",12.374748324000052,51.34803753600005,0,,0,Mitte,,,,0.0,,0,14230302144200171840,251783,0,1
13714,,,14,7,13,000,2023,03,16,5,2,6,4,0,,0,1,1,0,0,,"737232,686200000345707","5691245,958399999886751",12.404974324000023,51.322957116000055,3,,3,Südost,,,,3.0,,0,14230302144200116660,251784,0,1
13715,,,14,7,13,000,2023,03,06,4,3,1,7,1,,1,1,0,0,0,,"735973,555100000463426","5693752,130300000309944",12.388596066000048,51.34597673500008,0,,0,Mitte,,,,0.0,,0,14230301148410130730,251788,0,1
13716,,,14,7,13,000,2023,03,12,4,2,5,3,0,,1,1,0,0,0,,"735544,450899999588728","5697396,613900000229478",12.384858978000068,51.378868469000054,9,,9,Nord,,,,9.0,,0,14230301144310129630,251789,0,1
13717,,,14,7,13,000,2023,03,11,4,3,6,6,0,,1,0,1,0,0,,"733667,073699999600649","5691902,669700000435114",12.354322853000042,51.33032763300008,0,,0,Mitte,,,,0.0,,0,14230301144200136340,251790,0,1
13718,,,14,7,13,000,2023,03,13,4,3,6,4,0,,0,1,1,0,0,,"738110,053199999965727","5695160,393899999558926",12.420160012000053,51.357726435000075,1,,1,Nordost,,,,1.0,,0,14230301144200129800,251791,0,1
13719,,,14,7,13,000,2023,03,14,4,3,2,6,0,,0,1,0,0,0,,"741882,132000000216067","5693997,130000000819564",12.473444710000024,51.34569272500005,2,,2,Ost,,,,2.0,,0,14230301144200116330,251792,0,1
13720,,,14,7,13,000,2023,02,07,3,3,5,2,0,,1,1,0,0,0,,"737248,366999999620020","5692229,234999999403954",12.40585345900007,51.33177656600003,3,,3,Südost,,,,3.0,,0,14230228148410113360,251800,0,1
13721,,,14,7,13,000,2023,02,14,3,3,5,3,0,,1,1,0,0,0,,"735267,750099999830127","5691395,578299999237061",12.376923356000077,51.32511602900007,4,,4,Süd,,,,4.0,,0,14230228148210116680,251801,0,1
13722,,,14,7,13,000,2023,02,18,3,3,0,1,2,,1,0,0,0,0,,"736913,475599999539554","5695789,518500000238419",12.403424255000061,51.36387360200007,1,,1,Nordost,,,,1.0,,0,14230228144200116320,251802,0,1
13723,,,14,7,13,000,2023,02,03,3,3,9,1,2,,0,1,0,0,0,,"735075,002500000409782","5690332,733200000599027",12.373461193000026,51.31565517300004,4,,4,Süd,,,,4.0,,0,14230228144200113230,251803,0,1
13724,,,14,7,13,000,2023,02,06,2,3,3,2,0,,1,1,0,0,0,,"735399,252399999648333","5690888,230200000107288",12.378472369000065,51.32050749800004,4,,4,Süd,,,,4.0,,0,14230227148210130690,251810,0,1
13725,,,14,7,13,000,2023,02,18,2,3,6,4,2,,0,1,1,0,0,,"738623,103299999609590","5690984,990100000053644",12.424718014000064,51.320033282000054,3,,3,Südost,,,,3.0,,0,14230227148210130340,251811,0,1
13726,,,14,7,13,000,2023,02,16,2,3,4,1,0,,1,1,0,0,0,,"731497,439699999988079","5691548,046299999579787",12.323003603000075,51.32803135100005,5,,5,Südwest,,,,5.0,,0,14230227144200113330,251812,0,1
13727,,,14,7,13,000,2023,02,08,2,3,6,7,0,,0,1,1,0,0,,"736414,211600000038743","5687558,158600000664592",12.390805815000022,51.29019514300006,4,,4,Süd,,,,4.0,,0,14230227144200113310,251813,0,1
13728,,,14,7,13,000,2023,02,16,2,3,2,6,0,,0,1,0,0,0,,"736745,449400000274181","5691326,123700000345707",12.398047519000045,51.32387963100007,3,,3,Südost,,,,3.0,,1,14230227144200113280,251814,0,1
13729,,,14,7,13,000,2023,02,00,1,2,6,7,2,,0,1,1,0,0,,"727341,024600000120699","5689071,944099999964237",12.261867055000039,51.30747862000004,6,,6,West,,,,6.0,,0,14230226148320164020,251818,1,1
13730,,,14,7,13,000,2023,02,12,7,3,2,6,0,,0,1,0,0,0,,"734784,316300000064075","5692944,358899999409914",12.371017774000052,51.339218231000075,0,,0,Mitte,,,,0.0,,0,14230225148410112610,251822,1,1