UNFALL_ID,FID_left,OBJECTID,ULAND,UREGBEZ,UKREIS,UGEMEINDE,UJAHR,UMONAT,USTUNDE,UWOCHENTAG,UKATEGORIE,UART,UTYP1,ULICHTVERH,IstStrasse,IstRad,IstPKW,IstFuss,IstKrad,IstGkfz,IstSonstig,LINREFX,LINREFY,XGCSWGS84,YGCSWGS84,index_right,FID_right,SBZ,Name,UIDENTSTLA,LICHT,STRZUSTAND,FID,OBJECTID_1,IstSonstige,UIDENTSTLAE,OID_,IstStrassenzustand,PLST
13850,,,14,7,13,000,2023,01,14,4,3,1,7,0,,1,1,0,0,0,,"733582,449099999852479","5694052,026900000870228",12.35451990000007,51.34965621900005,0,,0,Mitte,,,,0.0,,0,14230111144200988290,252257,1,1
13851,,,14,7,13,000,2023,01,16,4,3,4,2,2,,0,1,0,0,0,,"739102,282800000160933","5699446,234799999743700",12.437267933000044,51.39577842800003,1,,1,Nordost,,,,1.0,,0,14230111144200007840,252258,1,1
13852,,,14,7,13,000,2023,01,23,3,3,5,2,2,,0,1,0,0,0,,"734639,939399999566376","5695394,611099999397993",12.37056383600003,51.361272255000074,9,,9,Nord,,,,9.0,,0,14230110145400020590,252272,0,1
13853,,,14,7,13,000,2023,01,06,3,3,5,2,2,,0,1,0,0,0,,"734639,659699999727309","5695394,086100000888109",12.370559480000054,51.36126765800003,9,,9,Nord,,,,9.0,,0,14230110144200988280,252273,1,1
13854,,,14,7,13,000,2023,01,16,2,3,0,1,1,,1,0,0,0,0,,"733062,616000000387430","5694138,309000000357628",12.347124669000038,51.35064410900003,0,,0,Mitte,,,,0.0,,0,14230109148410007330,252284,0,1
13855,,,14,7,13,000,2023,01,19,2,3,4,6,2,,1,0,0,0,0,,"728405,740699999965727","5690408,100400000810623",12.27797230300007,51.31904750700005,6,,6,West,,,,6.0,,0,14230109148310988461,252285,0,1
13856,,,14,7,13,000,2023,01,17,2,3,3,7,2,,1,1,0,0,0,,"734749,635900000110269","5693879,493799999356270",12.371137231000034,51.34762669000003,0,,0,Mitte,,,,0.0,,0,14230109148110020601,252288,0,1
13857,,,14,7,13,000,2023,01,07,2,3,3,6,1,,1,0,0,0,1,,"735548,027999999932945","5694344,466099999845028",12.38288884700006,51.35147016800005,0,,0,Mitte,,,,0.0,,0,14230109143263988271,252289,1,1
13858,,,14,7,13,000,2023,01,12,7,3,5,2,0,,0,1,0,0,0,,"735707,710300000384450","5690899,265599999576807",12.38289840300007,51.320478870000045,4,,4,Süd,,,,4.0,,0,14230107148210006990,252298,0,1
13859,,,14,7,13,000,2023,01,11,6,3,2,6,0,,0,1,0,1,0,,"731172,710300000384450","5691927,045499999076128",12.318596563000028,51.331565640000065,7,,7,Alt-West,,,,7.0,,0,14230106148310983040,252308,1,1
13860,,,14,7,13,000,2023,01,11,6,3,6,4,0,,0,1,1,0,0,,"731860,515200000256300","5696452,268400000408292",12.331400356000074,51.371907528000065,8,,8,Nordwest,,,,8.0,,0,14230106148110983380,252309,0,1
13861,,,14,7,13,000,2023,01,17,6,3,5,3,2,,0,1,0,0,0,,"735582,377399999648333","5695441,082100000232458",12.384107270000072,51.36129943900005,9,,9,Nord,,,,9.0,,0,14230106148110983030,252310,1,1
13862,,,14,7,13,000,2023,01,09,6,3,6,4,0,,1,0,1,0,0,,"735060,214499999769032","5693181,118499999865890",12.375127985000063,51.34122949300007,0,,0,Mitte,,,,0.0,,0,14230106144200223360,252311,1,1
13863,,,14,7,13,000,2023,01,07,6,2,6,4,2,,0,0,1,0,0,,"734779,392699999734759","5692850,080499999225140",12.370885069000053,51.338373983000054,0,,0,Mitte,,,,0.0,,1,14230106144200009110,252313,1,1
13864,,,14,7,13,000,2023,01,21,3,3,5,3,2,,1,1,0,0,0,,"736648,237900000065565","5692726,462899999693036",12.39758476000003,51.336489759000074,3,,3,Südost,,,,3.0,,0,14230124148410027740,252320,1,1
13865,,,14,7,13,000,2023,01,07,5,3,3,5,1,,1,1,0,0,0,,"732455,286500000394881","5692065,366000000387430",12.337065371000051,51.33228460500004,7,,7,Alt-West,,,,7.0,,0,14230105148310007880,252330,0,1
13866,,,14,7,13,000,2023,01,19,4,3,6,4,2,,0,1,1,0,0,,"732304,986700000241399","5690615,407700000330806",12.333966673000077,51.31933008500005,5,,5,Südwest,,,,5.0,,0,14230104148310982730,252342,0,1
13867,,,14,7,13,000,2023,01,05,4,3,0,7,2,,0,0,0,0,0,,"729138,610600000247359","5690930,914999999105930",12.288807537000025,51.32344628100003,6,,6,West,,,,6.0,,1,14230104148310982720,252343,0,1
13868,,,14,7,13,000,2023,01,15,4,2,6,4,0,,0,1,1,0,0,,"737790,923200000077486","5700936,256999999284744",12.419450738000023,51.409703628000045,9,,9,Nord,,,,9.0,,0,14230104148110969170,252344,1,1
13869,,,14,7,13,000,2023,01,16,3,3,5,2,2,,1,1,0,0,0,,"737334,350800000131130","5693071,430900000035763",12.407646525000075,51.33930030500005,2,,2,Ost,,,,2.0,,0,14230103148415984411,252351,0,1
13870,,,14,7,13,000,2023,01,15,3,3,6,2,0,,0,1,1,0,0,,"736733,960099999792874","5688791,972400000318885",12.396201208000036,51.30113736100003,4,,4,Süd,,,,4.0,,0,14230103148410984400,252352,0,1
13871,,,14,7,13,000,2023,01,13,3,3,5,3,0,,1,1,0,0,0,,"735114,753600000403821","5688745,087200000882149",12.372984429000041,51.301387367000075,4,,4,Süd,,,,4.0,,0,14230103148410983400,252354,0,1
13872,,,14,7,13,000,2023,01,07,3,3,5,3,0,,1,1,0,0,0,,"734991,257699999958277","5693930,576300000771880",12.374634317000073,51.34798539900004,0,,0,Mitte,,,,0.0,,0,14230103148410007310,252355,0,1
13873,,,14,7,13,000,2023,01,18,3,3,1,5,2,,1,1,0,0,0,,"732095,680700000375509","5692157,424499999731779",12.331972311000072,51.33325784300007,7,,7,Alt-West,,,,7.0,,0,14230103148310968800,252356,0,1
13874,,,14,7,13,000,2023,01,12,2,3,9,1,0,,1,0,0,0,0,,"737850,362700000405312","5695065,400200000032783",12.416373500000077,51.356982525000035,1,,1,Nordost,,,,1.0,,0,14230116148110008260,252357,0,1
13875,,,14,7,13,000,2023,01,08,3,3,6,4,0,,0,1,1,0,0,,"733711,309500000439584","5695691,324699999764562",12.357443820000071,51.36431841700005,9,,9,Nord,,,,9.0,,0,14230103148110969200,252358,1,1
13876,,,14,7,13,000,2023,01,18,3,2,5,1,2,,1,1,0,0,0,,"736372,609199999831617","5688229,541099999099970",12.390654618000042,51.29623893200005,4,,4,Süd,,,,4.0,,0,14230103144200983020,252359,0,1
13877,,,14,7,13,000,2023,01,23,2,3,5,3,2,,0,1,0,0,0,,"736665,239000000059605","5695556,321000000461936",12.399709753000025,51.36188385400004,9,,9,Nord,,,,9.0,,1,14230102148110968790,252374,1,1
13878,,,14,7,13,000,2023,01,11,2,3,7,7,0,,1,0,0,0,0,,"734711,562300000339746","5693019,358500000089407",12.370024540000031,51.33992149100004,0,,0,Mitte,,,,0.0,,0,14230123144200223170,252375,0,1
13879,,,14,7,13,000,2023,01,11,2,3,5,2,0,,0,1,0,0,0,,"738813,394100000150502","5696081,068900000303984",12.430861312000047,51.36569511400006,1,,1,Nordost,,,,1.0,,0,14230102148110968340,252376,0,1
13880,,,14,7,13,000,2023,01,13,1,3,5,3,0,,1,1,0,0,0,,"732569,017400000244379","5691513,288300000131130",12.338334799000052,51.32728227000007,5,,5,Südwest,,,,5.0,,0,14230101144200968050,252379,0,1
13881,,,14,7,13,000,2023,02,08,6,3,3,2,0,,1,1,0,0,0,,"735613,097500000149012","5692322,579299999400973",12.382483900000068,51.333294170000045,0,,0,Mitte,,,,0.0,,0,14230210148410085500,252438,1,1
13882,,,14,7,13,000,2023,02,13,5,3,9,1,0,,0,1,0,0,0,,"733182,033300000242889","5693939,637499999254942",12.348706390000075,51.34881174100008,0,,0,Mitte,,,,0.0,,0,14230216148410085850,252440,0,1
13883,,,14,7,13,000,2023,01,15,1,3,6,7,0,,0,1,1,0,0,,"734833,699599999934435","5692972,305600000545382",12.371743923000054,51.33944870000005,0,,0,Mitte,,,,0.0,,0,14230108148410009190,252513,0,1
13884,,,14,7,13,000,2023,02,17,5,3,5,2,2,,0,1,0,0,0,,"730727,918800000101328","5693725,463999999687076",12.313387871000032,51.34789052000008,7,,7,Alt-West,,,,7.0,,0,14230209148310112040,252525,0,1
13885,,,14,7,13,000,2023,01,08,5,3,3,2,0,,1,1,0,0,0,,"736222,226800000295043","5692527,810100000351667",12.391348265000033,51.334883715000046,0,,0,Mitte,,,,0.0,,0,14230126148410041580,252537,0,1
13886,,,14,7,13,000,2023,01,18,4,3,3,5,2,,1,1,0,0,0,,"734625,237999999895692","5691953,090299999341369",12.36808516900004,51.33038583200005,0,,0,Mitte,,,,0.0,,0,14230125148210096610,252573,0,1
13887,,,14,7,13,000,2023,03,16,4,3,3,2,0,,1,1,0,0,0,,"735128,101400000043213","5689324,104699999094009",12.373557018000042,51.30657936800003,4,,4,Süd,,,,4.0,,0,14230301148210154430,252604,0,1
13888,,,14,7,13,000,2023,03,15,5,3,6,4,0,,0,0,1,0,0,,"731182,272900000214577","5691932,870600000023842",12.318737371000054,51.33161404500004,7,,7,Alt-West,,,,7.0,,1,14230309148310223200,252662,0,1
13889,,,14,7,13,000,2023,06,18,5,3,5,2,0,,1,1,0,0,0,,"734581,840400000102818","5691400,865399999544024",12.367099884000027,51.32544671000005,0,,0,Mitte,,,,0.0,,0,14230601148410387330,252712,0,1
13890,,,14,7,13,000,2023,06,13,5,3,5,3,0,,1,1,0,0,0,,"732572,108000000007451","5691377,251499999314547",12.338290318000077,51.32605984300005,5,,5,Südwest,,,,5.0,,0,14230601148310388160,252713,0,1
13891,,,14,7,13,000,2023,06,14,5,3,3,2,0,,1,1,0,0,0,,"738056,568799999542534","5691063,177999999374151",12.416654849000054,51.32097238100005,3,,3,Südost,,,,3.0,,0,14230601148210367430,252714,0,1
13892,,,14,7,13,000,2023,06,06,5,3,1,7,0,,1,1,0,0,0,,"736946,613499999977648","5696067,618799999356270",12.40408468000004,51.36635602700005,1,,1,Nordost,,,,1.0,,0,14230601144200453780,252715,0,1
13893,,,14,7,13,000,2023,06,12,5,3,5,3,0,,1,0,0,0,0,,"732490,953700000420213","5691256,577099999412894",12.337048861000028,51.32500975000005,5,,5,Südwest,,,,5.0,,1,14230601144200367410,252716,0,1
13894,,,14,7,13,000,2023,06,07,5,3,6,4,0,,0,0,1,0,0,,"731314,723299999721348","5693242,638100000098348",12.321485862000031,51.34331779900003,7,,7,Alt-West,,,,7.0,,1,14230601144100368930,252717,0,1
13895,,,14,7,13,000,2023,06,10,5,3,1,5,0,,1,1,0,0,0,,"732033,755699999630451","5692388,410900000482798",12.33123536200003,51.33535662200006,7,,7,Alt-West,,,,7.0,,0,14230601144100367380,252718,0,1
13896,,,14,7,13,000,2023,05,07,4,3,6,4,0,,0,1,1,0,0,,"730367,698499999940395","5690245,829399999231100",12.305974479000042,51.316799942000046,6,,6,West,,,,6.0,,0,14230531148310368480,252741,0,1
13897,,,14,7,13,000,2023,05,18,4,3,5,2,0,,0,1,0,1,0,,"727482,455699999816716","5689017,567900000140071",12.263858097000025,51.30693396400005,6,,6,West,,,,6.0,,0,14230531148310367760,252742,0,1
13898,,,14,7,13,000,2023,05,16,4,3,1,5,0,,1,1,0,0,0,,"733290,687599999830127","5691725,339500000700355",12.348813611000026,51.328890295000065,5,,5,Südwest,,,,5.0,,0,14230531148310352970,252744,0,1
13899,,,14,7,13,000,2023,05,13,4,3,5,3,0,,1,1,0,0,0,,"733988,016599999740720","5695452,909499999135733",12.361254750000057,51.362064402000044,9,,9,Nord,,,,9.0,,0,14230531148110387240,252745,0,1
13900,,,14,7,13,000,2023,05,18,4,3,5,3,0,,0,1,0,0,0,,"732731,406499999575317","5699876,441600000485778",12.346134127000028,51.40228867700006,8,,8,Nordwest,,,,8.0,,0,14230531148110352930,252746,0,1
13901,,,14,7,13,000,2023,05,17,4,3,3,6,0,,0,1,0,0,0,,"735140,665900000371039","5693709,130000000819564",12.376629663000074,51.34593584300006,0,,0,Mitte,,,,0.0,,0,14230531144200453670,252747,0,1
13902,,,14,7,13,000,2023,05,13,4,3,2,6,0,,0,1,0,0,0,,"740841,155000000260770","5694761,318700000643730",12.459042529000044,51.35299367500005,2,,2,Ost,,,,2.0,,0,14230531144200352890,252748,0,1
13903,,,14,7,13,000,2023,05,14,4,3,0,7,0,,0,0,0,0,0,,"735540,078200000338256","5692872,678999999538064",12.381801293000024,51.33826227700007,0,,0,Mitte,,,,0.0,,1,14230531143263367370,252749,0,1
13904,,,14,7,13,000,2023,05,09,3,2,6,6,0,,1,0,1,0,0,,"735061,133799999952316","5693096,428600000217557",12.375085264000063,51.34046890600007,0,,0,Mitte,,,,0.0,,0,14230530149113480750,252761,0,1
13905,,,14,7,13,000,2023,05,12,3,3,6,4,0,,1,0,1,0,0,,"737147,026100000366569","5692934,879599999636412",12.40487110500004,51.33815275900008,2,,2,Ost,,,,2.0,,0,14230530148410399160,252762,0,1
13906,,,14,7,13,000,2023,05,14,3,3,5,2,0,,1,1,0,0,0,,"736378,718200000002980","5687631,912399999797344",12.390346511000075,51.29087190800004,4,,4,Süd,,,,4.0,,0,14230530148210352940,252763,0,1
13907,,,14,7,13,000,2023,05,22,3,3,0,1,2,,1,0,0,0,0,,"734997,658200000412762","5692282,178799999877810",12.373638414000027,51.33318612800008,0,,0,Mitte,,,,0.0,,0,14230530148210345960,252764,0,1
13908,,,14,7,13,000,2023,05,14,3,3,6,6,0,,1,0,1,0,0,,"735021,711000000126660","5696307,914100000634789",12.376641239000037,51.369312570000034,9,,9,Nord,,,,9.0,,0,14230530148110367990,252765,0,1
13909,,,14,7,13,000,2023,05,16,3,3,5,3,0,,1,1,0,0,0,,"738243,730399999767542","5696120,501599999144673",12.422719478000033,51.36628822900008,1,,1,Nordost,,,,1.0,,0,14230530144200376040,252766,0,1
13910,,,14,7,13,000,2023,05,07,3,2,5,3,0,,1,1,0,0,0,,"733063,315899999812245","5691844,413899999111891",12.34563361000005,51.330052383000066,5,,5,Südwest,,,,5.0,,0,14230530144200345950,252767,0,1
13911,,,14,7,13,000,2023,05,17,2,3,4,6,0,,1,0,0,0,0,,"733491,929899999871850","5692243,358899999409914",12.352036504000068,51.33345777800008,0,,0,Mitte,,,,0.0,,0,14230529148410388200,252783,0,1
13912,,,14,7,13,000,2023,05,19,2,3,5,2,0,,1,0,0,0,0,,"734355,565299999900162","5693166,921900000423193",12.365019652000058,51.341392916000075,0,,0,Mitte,,,,0.0,,0,14230529148410367450,252784,0,1
13913,,,14,7,13,000,2023,05,14,2,3,5,3,0,,0,1,0,1,0,,"730514,413999999873340","5690715,924000000581145",12.30838009300004,51.32096057700005,5,,5,Südwest,,,,5.0,,0,14230529148310368990,252785,0,1
13914,,,14,7,13,000,2023,05,05,2,3,5,2,0,,1,1,0,0,0,,"736692,711400000378489","5689808,071299999952316",12.396284490000028,51.31027523700004,4,,4,Süd,,,,4.0,,0,14230529148210345670,252786,0,1
13915,,,14,7,13,000,2023,05,18,2,3,2,2,0,,0,1,0,0,0,,"731550,116100000217557","5698707,007400000467896",12.328418009000075,51.39227434000003,8,,8,Nordwest,,,,8.0,,0,14230529148110420351,252787,0,1
13916,,,14,7,13,000,2023,05,14,1,3,5,2,0,,1,1,0,0,0,,"733900,134999999776483","5692628,174000000581145",12.358138591000056,51.33674436000007,0,,0,Mitte,,,,0.0,,0,14230528148310452050,252796,0,1
13917,,,14,7,13,000,2023,05,13,7,3,9,1,0,,0,1,0,0,0,,"730511,317599999718368","5690722,692299999296665",12.308340108000039,51.32102259000004,7,,7,Alt-West,,,,7.0,,0,14230527148310345100,252806,0,1
13918,,,14,7,13,000,2023,05,09,7,3,0,1,0,,1,0,0,0,1,,"732855,810399999842048","5695960,389100000262260",12.345352623000053,51.36708497200004,8,,8,Nordwest,,,,8.0,,0,14230527148110345330,252807,0,1
13919,,,14,7,13,000,2023,05,16,7,3,1,5,0,,0,1,0,0,0,,"736424,466300000436604","5693510,056800000369549",12.394898256000033,51.34361650800008,2,,2,Ost,,,,2.0,,1,14230527144200352900,252808,0,1
13920,,,14,7,13,000,2023,05,21,6,3,3,6,2,,1,0,0,0,0,,"734054,256299999542534","5692306,619899999350309",12.360135996000054,51.33379451900004,0,,0,Mitte,,,,0.0,,0,14230526148410344800,252819,0,1
13921,,,14,7,13,000,2023,05,00,6,3,0,1,2,,1,0,0,0,0,,"733520,774500000290573","5693176,076099999248981",12.353061297000067,51.34181853900003,0,,0,Mitte,,,,0.0,,0,14230526148410344470,252820,0,1
13922,,,14,7,13,000,2023,05,16,6,3,5,3,0,,1,1,0,0,0,,"734286,686900000087917","5698407,325099999085069",12.36748459200004,51.388461308000046,9,,9,Nord,,,,9.0,,0,14230526148110344770,252822,0,1
13923,,,14,7,13,000,2023,05,17,6,3,5,2,0,,1,1,0,0,0,,"742158,373300000093877","5693061,710999999195337",12.476767687000063,51.33717937200004,2,,2,Ost,,,,2.0,,0,14230526144200344730,252823,0,1
13924,,,14,7,13,000,2023,05,09,5,3,1,3,0,,1,0,0,0,0,,"735111,173799999989569","5694928,190700000151992",12.377012196000067,51.35689073200007,0,,0,Mitte,,,,0.0,,1,14230525148410387310,252845,0,1
13925,,,14,7,13,000,2023,05,15,5,3,2,2,0,,0,1,0,0,0,,"736311,299499999731779","5694359,771600000560284",12.393840331000035,51.351290747000064,0,,0,Mitte,,,,0.0,,0,14230525148410345360,252846,0,1
13926,,,14,7,13,000,2023,05,16,5,3,1,5,0,,1,1,0,0,0,,"731905,678899999707937","5693167,372899999842048",12.329907107000054,51.34240143300008,7,,7,Alt-West,,,,7.0,,0,14230525148310459010,252847,0,1
13927,,,14,7,13,000,2023,05,06,5,3,5,3,0,,1,1,0,0,0,,"737264,973799999803305","5694405,196699999272823",12.407541072000072,51.351301213000056,1,,1,Nordost,,,,1.0,,0,14230525148110344441,252848,0,1
13928,,,14,7,13,000,2023,05,07,5,2,5,3,0,,1,0,1,0,0,,"735080,652999999932945","5694967,901100000366569",12.376600865000057,51.35725981100006,0,,0,Mitte,,,,0.0,,0,14230525144320457700,252849,0,1
13929,,,14,7,13,000,2023,05,14,5,3,5,3,0,,0,1,0,0,0,,"739101,797899999655783","5693230,901699999347329",12.433081856000058,51.339991302000044,2,,2,Ost,,,,2.0,,1,14230525144200344400,252850,0,1
13930,,,14,7,13,000,2023,05,14,4,3,6,4,0,,0,1,1,0,0,,"734952,222900000400841","5692759,118300000205636",12.373301895000054,51.33748609200006,0,,0,Mitte,,,,0.0,,0,14230524148410367460,252865,0,1
13931,,,14,7,13,000,2023,05,12,3,3,5,3,0,,1,0,0,0,1,,"736558,635300000198185","5690183,207699999213219",12.394613024000023,51.31369827800006,0,,0,Mitte,,,,0.0,,0,14230523148210333280,252877,0,1
13932,,,14,7,13,000,2023,05,06,3,3,5,2,0,,0,1,0,0,0,,"735997,939699999988079","5699791,233500000089407",12.392954730000042,51.400174597000046,9,,9,Nord,,,,9.0,,0,14230523144200390740,252878,0,1
13933,,,14,7,13,000,2023,05,18,3,2,6,4,1,,1,0,1,0,0,,"735939,166500000283122","5690932,506799999624491",12.38623605500004,51.32068133200005,0,,0,Mitte,,,,0.0,,0,14230523144200345080,252879,0,1
13934,,,14,7,13,000,2023,05,15,2,3,5,2,0,,1,1,0,0,0,,"735759,439199999906123","5692867,947599999606609",12.384941771000058,51.338128908000044,0,,0,Mitte,,,,0.0,,0,14230522148410325120,252888,0,1
13935,,,14,7,13,000,2023,05,11,2,2,3,2,0,,1,0,0,0,0,,"730179,073599999770522","5689970,610400000587106",12.303094760000022,51.314405607000026,5,,5,Südwest,,,,5.0,,0,14230522148310352980,252889,0,1
13936,,,14,7,13,000,2023,05,01,2,3,6,7,2,,0,0,1,0,0,,"735075,008100000210106","5689848,999500000849366",12.373142488000042,51.31131297400003,4,,4,Süd,,,,4.0,,1,14230522148210344450,252890,0,1
13937,,,14,7,13,000,2023,05,15,2,3,2,2,0,,0,1,0,0,1,,"731772,258000000379980","5692341,626000000163913",12.327457486000071,51.33504327000003,7,,7,Alt-West,,,,7.0,,0,14230522144200527890,252891,0,1
13938,,,14,7,13,000,2023,05,15,2,3,5,3,0,,1,1,0,0,0,,"741305,980200000107288","5693988,165699999779463",12.465181318000077,51.34585709400005,2,,2,Ost,,,,2.0,,0,14230522144200333230,252892,0,1
13939,,,14,7,13,000,2023,05,13,2,3,3,6,0,,0,1,0,0,0,,"736441,088299999944866","5687472,955199999734759",12.391134174000058,51.28941917700007,4,,4,Süd,,,,4.0,,0,14230522144200333210,252893,0,1
13940,,,14,7,13,000,2023,05,18,1,3,3,6,0,,0,1,0,0,0,,"734529,068099999800324","5691316,194499999284744",12.36628810700006,51.32470842100008,4,,4,Süd,,,,4.0,,0,14230521148410344480,252904,0,1
13941,,,14,7,13,000,2023,05,21,7,3,1,7,2,,0,1,0,0,0,,"729307,266599999740720","5694907,796399999409914",12.29378459700007,51.35907925500004,7,,7,Alt-West,,,,7.0,,1,14230520148310451680,252915,0,1
13942,,,14,7,13,000,2023,05,11,6,2,5,3,0,,0,1,0,0,0,,"734391,429899999871850","5696044,646500000730157",12.36742904600004,51.367209797000044,9,,9,Nord,,,,9.0,,1,14230519144200333190,252923,0,1
13943,,,14,7,13,000,2023,05,03,5,3,0,1,1,,1,0,0,0,0,,"735056,494099999777973","5692401,343699999153614",12.374560108000026,51.33423148500003,0,,0,Mitte,,,,0.0,,0,14230518662221324080,252932,0,1
13944,,,14,7,13,000,2023,05,16,5,2,0,1,0,,1,0,0,0,0,,"731557,654299999587238","5692168,015300000086427",12.32426924400005,51.33357221000006,7,,7,Alt-West,,,,7.0,,0,14230518148210325080,252938,0,1
13945,,,14,7,13,000,2023,05,09,5,3,5,3,0,,1,1,0,0,0,,"741231,150799999944866","5692652,312699999660254",12.463204122000036,51.333898857000065,2,,2,Ost,,,,2.0,,0,14230518144200333250,252939,0,1
13946,,,14,7,13,000,2023,05,15,5,2,5,3,0,,0,1,0,0,0,,"738701,371700000017881","5691062,642799999564886",12.42589115000004,51.320697460000076,3,,3,Südost,,,,3.0,,0,14230518144200325020,252940,0,1
13947,,,14,7,13,000,2023,05,11,2,3,5,2,0,,1,1,0,0,0,,"735097,911000000312924","5693971,937999999150634",12.376190391000023,51.34831257900004,0,,0,Mitte,,,,0.0,,0,14230522144200344750,252953,0,1
13948,,,14,7,13,000,2023,05,06,4,3,5,2,0,,0,0,0,0,0,,"736366,450100000016391","5693790,328400000929832",12.394252803000029,51.34615639700007,0,,0,Mitte,,,,0.0,,1,14230517148410369000,252957,0,1
13949,,,14,7,13,000,2023,05,13,4,3,6,4,0,,1,0,1,0,0,,"734872,825299999676645","5694419,312000000849366",12.373259197000039,51.35242141300006,0,,0,Mitte,,,,0.0,,0,14230517148410344460,252958,0,1
13950,,,14,7,13,000,2023,05,06,4,3,3,2,0,,1,1,0,0,0,,"735775,809100000187755","5693092,480900000780821",12.38532499300004,51.340137593000065,0,,0,Mitte,,,,0.0,,0,14230517148410333681,252959,0,1
13951,,,14,7,13,000,2023,05,15,4,3,6,7,0,,0,1,1,0,0,,"736254,001199999824166","5692955,157700000330806",12.392086996000046,51.33870648000004,0,,0,Mitte,,,,0.0,,0,14230517144200400160,252962,0,1
13952,,,14,7,13,000,2023,05,20,3,3,2,2,1,,1,1,0,0,0,,"734770,020299999974668","5693731,736300000920892",12.37133198400005,51.34629194400003,0,,0,Mitte,,,,0.0,,0,14230516148410313580,252975,0,1
13953,,,14,7,13,000,2023,05,15,3,3,5,3,0,,1,1,0,0,0,,"730735,065499999560416","5693716,448200000450015",12.313484474000063,51.34780668500008,7,,7,Alt-West,,,,7.0,,0,14230516144200344740,252977,0,1
13954,,,14,7,13,000,2023,05,10,3,2,6,4,0,,0,1,1,0,0,,"735937,076000000350177","5691652,763299999758601",12.386682790000066,51.32714742400003,0,,0,Mitte,,,,0.0,,0,14230516144200324300,252978,0,1
13955,,,14,7,13,000,2023,05,18,3,2,6,2,0,,0,1,1,0,0,,"734771,392699999734759","5693723,697000000625849",12.371346354000025,51.34621921300004,0,,0,Mitte,,,,0.0,,0,14230516144200323600,252979,0,1
13956,,,14,7,13,000,2023,05,14,2,3,6,7,0,,0,1,1,0,0,,"738719,097199999727309","5694942,101099999621511",12.428744938000023,51.355511566000075,1,,1,Nordost,,,,1.0,,0,14230515148121367420,252997,0,1
13957,,,14,7,13,000,2023,05,15,2,3,5,2,0,,1,0,0,0,0,,"735122,912999999709427","5691399,953999999910593",12.374851191000062,51.32521518000004,4,,4,Süd,,,,4.0,,0,14230515144200313500,252998,0,1
13958,,,14,7,13,000,2023,05,15,2,3,3,6,0,,1,1,0,0,0,,"731661,406999999657273","5689019,455800000578165",12.323710512000048,51.30526579500008,5,,5,Südwest,,,,5.0,,0,14230515144200313490,252999,0,1
13959,,,14,7,13,000,2023,05,03,2,3,9,1,2,,0,1,0,0,0,,"738637,039599999785423","5691058,432700000703335",12.424966796000035,51.32068665300005,3,,3,Südost,,,,3.0,,0,14230515144200312970,253000,0,1
13960,,,14,7,13,000,2023,05,14,1,3,5,2,0,,1,1,0,0,0,,"732608,352400000207126","5692304,658399999141693",12.339414959000067,51.334370086000035,7,,7,Alt-West,,,,7.0,,0,14230514148410312540,253016,0,1
13961,,,14,7,13,000,2023,05,17,7,3,6,4,0,,0,1,1,0,0,,"738579,712799999862909","5696775,282800000160933",12.427976424000065,51.37202443700005,1,,1,Nordost,,,,1.0,,0,14230513148210312150,253027,0,1
13962,,,14,7,13,000,2023,05,00,7,3,7,7,2,,0,0,0,1,0,,"736861,632299999706447","5695797,303500000387430",12.402686086000074,51.36396509600007,1,,1,Nordost,,,,1.0,,0,14230513148110323640,253028,0,1
13963,,,14,7,13,000,2023,05,19,7,3,1,5,0,,1,1,0,0,0,,"735056,352400000207126","5690973,625299999490380",12.373616495000022,51.321415786000046,4,,4,Süd,,,,4.0,,0,14230513148110313520,253029,0,1
13964,,,14,7,13,000,2023,05,16,6,3,5,3,0,,0,1,0,0,0,,"731813,765399999916553","5689252,019300000742078",12.326043563000042,51.30729147200003,5,,5,Südwest,,,,5.0,,0,14230512148410313590,253040,0,1
13965,,,14,7,13,000,2023,05,23,6,3,1,7,2,,1,1,0,0,0,,"734779,605600000359118","5693008,198100000619888",12.370992344000058,51.339793222000026,0,,0,Mitte,,,,0.0,,0,14230512143263324990,253041,0,1
13966,,,14,7,13,000,2023,05,13,5,3,8,1,0,,0,1,0,0,0,,"737164,265200000256300","5692931,417600000277162",12.405115843000033,51.33811449500007,2,,2,Ost,,,,2.0,,0,14230511148410313600,253053,0,1
13967,,,14,7,13,000,2023,05,07,5,3,5,3,1,,0,1,0,0,0,,"739101,697399999946356","5693230,282400000840425",12.433080000000075,51.33998578500007,2,,2,Ost,,,,2.0,,1,14230511148210344780,253054,1,1
13968,,,14,7,13,000,2023,05,12,5,3,3,6,0,,1,1,0,0,0,,"731576,290599999949336","5693442,290100000798702",12.325364806000039,51.345003563000034,7,,7,Alt-West,,,,7.0,,0,14230511144200298130,253055,0,1