UNFALL_ID,FID_left,OBJECTID,ULAND,UREGBEZ,UKREIS,UGEMEINDE,UJAHR,UMONAT,USTUNDE,UWOCHENTAG,UKATEGORIE,UART,UTYP1,ULICHTVERH,IstStrasse,IstRad,IstPKW,IstFuss,IstKrad,IstGkfz,IstSonstig,LINREFX,LINREFY,XGCSWGS84,YGCSWGS84,index_right,FID_right,SBZ,Name,UIDENTSTLA,LICHT,STRZUSTAND,FID,OBJECTID_1,IstSonstige,UIDENTSTLAE,OID_,IstStrassenzustand,PLST
13969,,,14,7,13,000,2023,05,07,4,3,5,2,0,,1,1,0,0,0,,"736652,004099999554455","5692729,069199999794364",12.397640461000037,51.33651158600003,3,,3,Südost,,,,3.0,,0,14230510148410324530,253071,0,1
13970,,,14,7,13,000,2023,05,08,4,3,0,7,0,,1,0,0,0,0,,"734765,634499999694526","5693728,746799999848008",12.371267149000062,51.34626692000006,0,,0,Mitte,,,,0.0,,0,14230510148410313010,253072,0,1
13971,,,14,7,13,000,2023,05,11,4,3,6,6,0,,0,1,1,0,0,,"730812,683600000105798","5688274,069499999284744",12.311073502000056,51.298919169000044,5,,5,Südwest,,,,5.0,,0,14230510148310298170,253073,1,1
13972,,,14,7,13,000,2023,05,11,4,3,5,3,0,,1,1,0,0,0,,"734463,051099999807775","5691193,521500000730157",12.36526161200004,51.32363445900006,4,,4,Süd,,,,4.0,,0,14230510148210324730,253074,0,1
13973,,,14,7,13,000,2023,05,19,4,3,9,1,1,,0,0,0,0,0,,"736042,850200000219047","5697132,315099999308586",12.391832153000053,51.37628913300006,9,,9,Nord,,,,9.0,,1,14230510148110312490,253075,1,1
13974,,,14,7,13,000,2023,05,08,3,3,5,2,0,,1,1,0,0,0,,"734830,105700000189245","5692905,147199999541044",12.371648141000037,51.338847344000044,0,,0,Mitte,,,,0.0,,0,14230509148410297230,253093,0,1
13975,,,14,7,13,000,2023,05,16,3,3,3,6,0,,1,1,0,0,0,,"731948,406399999745190","5693129,908199999481440",12.330495112000051,51.34204769200005,7,,7,Alt-West,,,,7.0,,0,14230509148310297210,253094,0,1
13976,,,14,7,13,000,2023,05,16,3,2,3,6,0,,1,0,0,0,0,,"738534,290900000371039","5694487,914000000804663",12.425791230000073,51.35151243700005,1,,1,Nordost,,,,1.0,,0,14230509148110297190,253095,0,1
13977,,,14,7,13,000,2023,05,15,3,3,5,3,0,,0,1,0,0,0,,"739735,663800000213087","5691792,240700000897050",12.441197474000035,51.32681136700006,2,,2,Ost,,,,2.0,,0,14230509144200297110,253096,0,1
13978,,,14,7,13,000,2023,05,09,2,3,2,6,0,,0,1,0,0,0,,"735204,668100000359118","5694042,566600000485778",12.37776731100007,51.34890240400006,0,,0,Mitte,,,,0.0,,0,14230508148410323710,253118,0,1
13979,,,14,7,13,000,2023,05,22,2,3,0,1,2,,1,0,0,0,0,,"732649,626400000415742","5692653,917600000277162",12.340234511000062,51.337488396000026,7,,7,Alt-West,,,,7.0,,0,14230508148410312190,253119,0,1
13980,,,14,7,13,000,2023,05,15,2,3,1,5,0,,1,1,0,0,0,,"733546,846599999815226","5695348,410499999299645",12.354860380000048,51.361307872000054,9,,9,Nord,,,,9.0,,0,14230508148110296830,253120,0,1
13981,,,14,7,13,000,2023,05,23,2,2,9,1,2,,0,1,0,0,0,,"737857,595099999569356","5686805,666899999603629",12.410967519000053,51.28283985200005,4,,4,Süd,,,,4.0,,0,14230508144200400110,253121,0,1
13982,,,14,7,13,000,2023,05,07,2,3,5,3,0,,1,1,0,0,0,,"734890,009999999776483","5694334,889100000262260",12.373449831000073,51.351656501000036,0,,0,Mitte,,,,0.0,,0,14230508144200297150,253122,0,1
13983,,,14,7,13,000,2023,05,00,1,3,0,1,2,,1,0,0,0,0,,"731907,142500000074506","5692410,214199999347329",12.329435105000073,51.33560398800006,7,,7,Alt-West,,,,7.0,,0,14230507148410296390,253141,0,1
13984,,,14,7,13,000,2023,05,19,7,2,5,3,0,,1,1,0,0,0,,"731509,221800000406802","5691446,611600000411272",12.323106536000068,51.327115992000074,5,,5,Südwest,,,,5.0,,0,14230506144200352880,253150,0,1
13985,,,14,7,13,000,2023,05,22,7,3,5,3,2,,0,1,0,0,0,,"737434,142099999822676","5694583,672800000756979",12.410085068000058,51.35283258100003,1,,1,Nordost,,,,1.0,,0,14230506144200297890,253152,0,1
13986,,,14,7,13,000,2023,05,19,6,3,5,3,0,,0,1,0,0,0,,"732915,540799999609590","5696241,730299999937415",12.346393461000048,51.36958596800008,8,,8,Nordwest,,,,8.0,,0,14230505148110386880,253158,0,1
13987,,,14,7,13,000,2023,05,18,6,3,2,6,0,,0,1,0,0,0,,"734346,418600000441074","5695486,303700000047684",12.366415686000039,51.362216457000045,9,,9,Nord,,,,9.0,,0,14230505148110295710,253159,0,1
13988,,,14,7,13,000,2023,05,17,6,2,5,2,0,,0,1,0,0,0,,"727783,569500000216067","5689139,518799999728799",12.268248709000034,51.30790836500006,6,,6,West,,,,6.0,,0,14230505144200376000,253160,0,1
13989,,,14,7,13,000,2023,05,17,4,3,8,1,0,,1,0,0,0,0,,"730953,788800000213087","5698527,983200000599027",12.319745143000034,51.390910243000064,8,,8,Nordwest,,,,8.0,,0,14230517148110323960,253161,0,1
13990,,,14,7,13,000,2023,05,13,6,3,5,3,0,,0,1,0,0,0,,"740446,917799999937415","5691707,319299999624491",12.451329771000076,51.325748985000075,2,,2,Ost,,,,2.0,,0,14230505144200296080,253162,0,1
13991,,,14,7,13,000,2023,05,17,5,3,0,1,0,,1,0,0,0,0,,"736378,595599999651313","5693550,843299999833107",12.394267899000056,51.34400168700006,0,,0,Mitte,,,,0.0,,0,14230504148410296850,253174,0,1
13992,,,14,7,13,000,2023,05,08,5,3,5,2,0,,1,1,0,0,0,,"732889,146800000220537","5690894,155400000512600",12.34251712200006,51.321593549000056,5,,5,Südwest,,,,5.0,,0,14230504148310312520,253175,0,1
13993,,,14,7,13,000,2023,05,11,5,3,5,3,0,,0,1,0,0,0,,"732152,184000000357628","5690951,744000000879169",12.331996668000045,51.32241166300008,5,,5,Südwest,,,,5.0,,1,14230504148310312160,253176,0,1
13994,,,14,7,13,000,2023,05,15,5,3,0,1,0,,0,0,0,1,0,,"735184,214200000278652","5688971,788300000131130",12.37412843800007,51.30339364900004,4,,4,Süd,,,,4.0,,0,14230504148210295720,253177,0,1
13995,,,14,7,13,000,2023,05,07,5,3,5,3,0,,1,1,0,0,0,,"735114,611100000329316","5689688,644899999722838",12.373604027000056,51.30985720700005,4,,4,Süd,,,,4.0,,0,14230504144200297120,253178,0,1
13996,,,14,7,13,000,2023,05,16,5,3,5,7,0,,0,1,0,0,0,,"737283,370199999772012","5692938,518699999898672",12.40682739400006,51.33812855100007,2,,2,Ost,,,,2.0,,1,14230504144200295270,253179,0,1
13997,,,14,7,13,000,2023,05,10,4,3,3,5,0,,1,0,0,0,0,,"735012,029400000348687","5692370,373099999502301",12.373902516000044,51.33397185600006,0,,0,Mitte,,,,0.0,,1,14230503144200410880,253203,0,1
13998,,,14,7,13,000,2023,05,17,4,3,6,2,0,,0,0,1,0,1,,"734977,558000000193715","5696036,122999999672174",12.375828458000058,51.366891155000076,9,,9,Nord,,,,9.0,,0,14230503144200297130,253204,0,1
13999,,,14,7,13,000,2023,05,20,3,3,5,2,1,,1,1,0,0,0,,"735751,075899999588728","5693378,861199999228120",12.385160107000047,51.34271847400004,0,,0,Mitte,,,,0.0,,0,14230502148410268010,253220,0,1
14000,,,14,7,13,000,2023,05,05,3,3,5,3,1,,0,1,0,0,0,,"727166,387099999934435","5694564,837400000542402",12.262867689000075,51.35686029200008,7,,7,Alt-West,,,,7.0,,0,14230502148310296370,253221,0,1
14001,,,14,7,13,000,2023,05,14,3,1,4,7,0,,0,1,0,0,0,,"737942,157599999569356","5687078,798900000751019",12.412359753000032,51.28525620800008,4,,4,Süd,,,,4.0,,0,14230502144200274081,253222,0,1
14002,,,14,7,13,000,2023,05,12,3,3,2,2,0,,0,1,0,0,0,,"738693,374400000087917","5697012,804899999871850",12.429765885000052,51.374108636000074,1,,1,Nordost,,,,1.0,,1,14230502144200274070,253223,0,1
14003,,,14,7,13,000,2023,05,15,3,3,6,4,0,,0,0,1,0,0,,"735565,798600000329316","5692952,197000000625849",12.382222475000049,51.33896540100005,0,,0,Mitte,,,,0.0,,1,14230502144200267920,253224,0,1
14004,,,14,7,13,000,2023,05,07,3,2,6,4,0,,0,1,1,0,0,,"737179,359600000083447","5693351,401300000026822",12.40561182700003,51.34187800700005,2,,2,Ost,,,,2.0,,0,14230502144200267880,253226,0,1
14005,,,14,7,13,000,2023,05,18,2,3,2,2,0,,1,1,0,0,0,,"734874,262400000356138","5687378,035499999299645",12.368641523000065,51.28921529300004,4,,4,Süd,,,,4.0,,0,14230501148210390770,253237,0,1
14006,,,14,7,13,000,2023,05,03,2,1,0,7,2,,1,0,0,0,0,,"732730,664200000464916","5691388,953400000929832",12.340569689000063,51.32610004800006,5,,5,Südwest,,,,5.0,,0,14230501144200298140,253238,0,1
14007,,,14,7,13,000,2023,04,11,1,3,0,7,0,,0,1,0,1,0,,"734787,000500000081956","5693990,448799999430776",12.371745987000054,51.34860723400004,0,,0,Mitte,,,,0.0,,0,14230430148410295750,253247,0,1
14008,,,14,7,13,000,2023,04,16,1,3,6,6,0,,0,1,1,0,0,,"730643,741100000217557","5688089,000000000000000",12.308534751000025,51.29732624300004,5,,5,Südwest,,,,5.0,,0,14230430148310297220,253248,0,1
14009,,,14,7,13,000,2023,04,11,7,3,6,4,0,,0,1,1,0,0,,"732579,643500000238419","5692099,223600000143051",12.33886945300003,51.332537699000056,7,,7,Alt-West,,,,7.0,,0,14230429148410267020,253255,1,1
14010,,,14,7,13,000,2023,04,03,7,3,0,1,2,,1,0,0,0,0,,"730830,352199999615550","5694651,808599999174476",12.315457019000064,51.35616463300005,7,,7,Alt-West,,,,7.0,,0,14230429148310312530,253256,1,1
14011,,,14,7,13,000,2023,04,02,6,3,5,3,2,,0,1,0,0,0,,"734609,821200000122190","5691610,390000000596046",12.367638673000044,51.32731596000008,0,,0,Mitte,,,,0.0,,0,14230428148410268020,253263,0,1
14012,,,14,7,13,000,2023,04,18,6,3,3,1,0,,1,1,0,0,0,,"731759,542700000107288","5689911,494599999859929",12.325695385000074,51.313233568000044,5,,5,Südwest,,,,5.0,,0,14230428148310333670,253264,0,1
14013,,,14,7,13,000,2023,04,22,6,2,6,4,2,,0,0,1,0,0,,"732215,953700000420213","5692633,180700000375509",12.334005925000042,51.33747949600007,7,,7,Alt-West,,,,7.0,,1,14230428144200451550,253265,0,1
14014,,,14,7,13,000,2023,04,09,6,3,6,4,0,,0,0,1,0,0,,"738744,685399999842048","5693646,600899999961257",12.428242887000067,51.34387260500006,2,,2,Ost,,,,2.0,,1,14230428144200368430,253266,0,1
14015,,,14,7,13,000,2023,04,14,6,2,6,4,0,,0,0,1,0,0,,"735087,339800000190735","5689842,662499999627471",12.373314933000074,51.31125099700006,4,,4,Süd,,,,4.0,,1,14230428144200266851,253267,0,1
14016,,,14,7,13,000,2023,04,22,4,3,8,1,2,,0,0,0,0,0,,"735308,161000000312924","5693726,228000000119209",12.379041710000024,51.346020020000026,0,,0,Mitte,,,,0.0,,1,14230426148410266500,253301,0,1
14017,,,14,7,13,000,2023,04,16,4,3,2,6,0,,1,1,0,0,0,,"730918,015999999828637","5696303,757999999448657",12.317786384000044,51.37095833200004,8,,8,Nordwest,,,,8.0,,0,14230426148110296110,253303,0,1
14018,,,14,7,13,000,2023,04,07,4,2,1,3,0,,0,1,0,0,0,,"738716,269399999640882","5694939,750099999830127",12.428702823000037,51.35549165200007,1,,1,Nordost,,,,1.0,,0,14230426144200274060,253304,0,1
14019,,,14,7,13,000,2023,04,10,3,3,1,5,0,,1,1,0,0,0,,"735038,081000000238419","5691531,642500000074506",12.373722648000069,51.32643232000004,0,,0,Mitte,,,,0.0,,0,14230425148410266490,253314,0,1
14020,,,14,7,13,000,2023,04,15,2,3,2,3,0,,0,1,0,0,0,,"734806,411100000143051","5692366,721999999135733",12.37095368000007,51.33402400600005,0,,0,Mitte,,,,0.0,,1,14230424148421344810,253325,0,1
14021,,,14,7,13,000,2023,04,08,2,3,1,1,0,,1,1,0,0,0,,"735390,066800000146031","5691254,632799999788404",12.37858268900004,51.32380025900005,4,,4,Süd,,,,4.0,,0,14230424148410254930,253326,0,1
14022,,,14,7,13,000,2023,04,17,2,3,1,4,0,,1,1,1,0,0,,"731817,859400000423193","5691272,705000000074506",12.327415633000044,51.32542918200005,5,,5,Südwest,,,,5.0,,0,14230424144200254870,253327,0,1
14023,,,14,7,13,000,2023,04,23,1,3,5,2,2,,1,1,0,0,0,,"736376,526800000108778","5693005,459499999880791",12.393876263000038,51.339107082000055,0,,0,Mitte,,,,0.0,,0,14230423148410296380,253340,0,1
14024,,,14,7,13,000,2023,04,05,1,3,8,1,1,,0,1,0,0,0,,"731783,563599999994040","5691078,741299999877810",12.32679814000005,51.32370197600005,5,,5,Südwest,,,,5.0,,0,14230423148320254130,253341,1,1
14025,,,14,7,13,000,2023,04,15,1,2,0,1,0,,1,0,0,0,0,,"734302,371899999678135","5695715,619400000199676",12.365935179000076,51.36429305400003,9,,9,Nord,,,,9.0,,0,14230423148110311870,253342,0,1
14026,,,14,7,13,000,2023,04,15,1,3,2,6,0,,0,1,0,0,0,,"735721,952100000344217","5692868,549499999731779",12.384404952000068,51.338149851000026,0,,0,Mitte,,,,0.0,,0,14230423145400323610,253343,0,1
14027,,,14,7,13,000,2023,04,23,7,3,7,1,2,,0,1,0,0,0,,"730185,838600000366569","5694526,848300000652671",12.306135494000046,51.355304286000035,7,,7,Alt-West,,,,7.0,,0,14230422148320254140,253352,1,1
14028,,,14,7,13,000,2023,04,10,7,3,0,1,0,,1,0,0,0,0,,"731527,264000000432134","5691624,659700000658631",12.32348071000007,51.32870696100008,7,,7,Alt-West,,,,7.0,,0,14230422148310454770,253353,0,1
14029,,,14,7,13,000,2023,04,16,7,3,0,1,0,,0,0,0,1,0,,"733353,213999999687076","5693851,550799999386072",12.351102447000073,51.347950781000065,0,,0,Mitte,,,,0.0,,0,14230422148310267980,253354,0,1
14030,,,14,7,13,000,2023,04,11,7,3,3,7,0,,1,1,0,0,0,,"738837,808799999766052","5688179,035800000652671",12.425915486000065,51.29475715900003,3,,3,Südost,,,,3.0,,0,14230422148211266450,253355,0,1
14031,,,14,7,13,000,2023,04,21,7,2,0,1,2,,1,0,0,0,0,,"731318,061300000175834","5696726,591199999675155",12.323798920000058,51.374591241000076,8,,8,Nordwest,,,,8.0,,0,14230422148110267940,253356,0,1
14032,,,14,7,13,000,2023,04,14,7,3,5,3,0,,0,1,0,0,0,,"736705,268000000156462","5697373,890000000596046",12.401493708000032,51.37818181800003,1,,1,Nordost,,,,1.0,,1,14230422144200254890,253357,0,1
14033,,,14,7,13,000,2023,04,12,6,3,5,7,0,,1,0,0,0,1,,"736751,297299999743700","5691182,539599999785423",12.39803594500006,51.32258836200003,0,,0,Mitte,,,,0.0,,0,14230421148410267030,253368,0,1
14034,,,14,7,13,000,2023,04,09,6,3,5,3,0,,1,1,0,0,0,,"728956,257799999788404","5694823,533299999311566",12.288697383000056,51.358464351000066,7,,7,Alt-West,,,,7.0,,0,14230421148310266470,253369,0,1
14035,,,14,7,13,000,2023,04,20,6,2,1,5,1,,1,1,0,0,0,,"731831,477900000289083","5690325,525900000706315",12.326994885000033,51.316920967000044,5,,5,Südwest,,,,5.0,,0,14230421148310253540,253370,0,1
14036,,,14,7,13,000,2023,04,07,6,3,5,3,0,,1,1,0,0,0,,"734438,400500000454485","5699384,877399999648333",12.370306586000027,51.39717350300003,9,,9,Nord,,,,9.0,,0,14230421148110253500,253371,0,1
14037,,,14,7,13,000,2023,04,18,6,3,5,2,0,,0,1,0,0,0,,"735707,639999999664724","5690899,912100000306964",12.382897824000054,51.320484702000044,4,,4,Süd,,,,4.0,,0,14230421144320254490,253372,0,1
14038,,,14,7,13,000,2023,04,14,6,3,6,4,0,,0,1,1,0,0,,"736601,650399999693036","5693951,627199999988079",12.397731129000022,51.34750640400006,2,,2,Ost,,,,2.0,,0,14230421144200325000,253373,0,1
14039,,,14,7,13,000,2023,04,11,5,2,0,1,0,,1,0,0,0,0,,"731758,127199999988079","5689885,064999999478459",12.325657938000063,51.31299689000008,5,,5,Südwest,,,,5.0,,0,14230420148310254540,253391,0,1
14040,,,14,7,13,000,2023,04,18,5,3,0,7,2,,0,0,0,0,0,,"735061,941700000315905","5690277,411900000646710",12.373237652000057,51.31516398000008,4,,4,Süd,,,,4.0,,1,14230420143263254480,253393,0,1
14041,,,14,7,13,000,2023,04,17,4,3,6,7,0,,0,1,1,0,0,,"734879,852199999615550","5693375,416799999773502",12.372671208000042,51.34304812000005,0,,0,Mitte,,,,0.0,,0,14230419148422253560,253403,0,1
14042,,,14,7,13,000,2023,04,17,4,3,5,2,0,,1,1,0,0,0,,"735033,273000000044703","5692575,486999999731779",12.374342242000068,51.33580425800005,0,,0,Mitte,,,,0.0,,0,14230419148415324750,253404,1,1
14043,,,14,7,13,000,2023,04,09,4,3,5,3,0,,1,1,0,0,0,,"736892,619099999777973","5690873,846200000494719",12.399855377000051,51.31975866200003,0,,0,Mitte,,,,0.0,,0,14230419148410254550,253405,0,1
14044,,,14,7,13,000,2023,04,20,4,3,5,2,2,,1,1,0,0,0,,"733492,560200000181794","5692243,967000000178814",12.352045934000046,51.33346297800006,0,,0,Mitte,,,,0.0,,0,14230419148410240740,253406,1,1
14045,,,14,7,13,000,2023,04,07,4,3,5,2,0,,1,1,0,0,0,,"737595,058899999596179","5693454,758700000122190",12.411638378000077,51.34263219700006,2,,2,Ost,,,,2.0,,0,14230419148410240730,253407,1,1
14046,,,14,7,13,000,2023,04,17,4,3,5,3,0,,1,1,0,0,0,,"727685,230499999597669","5690646,023199999704957",12.26780188600003,51.32147217000005,6,,6,West,,,,6.0,,0,14230419148310353310,253408,0,1
14047,,,14,7,13,000,2023,04,07,4,3,5,3,0,,1,0,1,0,0,,"734738,094299999997020","5694659,706000000238419",12.371486340000047,51.35463493700007,0,,0,Mitte,,,,0.0,,0,14230419148210267960,253409,0,1
14048,,,14,7,13,000,2023,04,20,4,3,5,2,0,,1,1,0,0,0,,"735111,557000000029802","5689427,157999999821186",12.373387984000033,51.30751125100005,4,,4,Süd,,,,4.0,,0,14230419148210240680,253410,0,1
14049,,,14,7,13,000,2023,04,15,4,3,5,3,0,,1,1,0,0,0,,"735692,727599999867380","5696234,708699999377131",12.386215395000022,51.36837744700006,9,,9,Nord,,,,9.0,,0,14230419148110253790,253411,0,1
14050,,,14,7,13,000,2023,04,21,4,3,8,7,2,,0,1,0,0,0,,"738277,367600000463426","5700009,201700000092387",12.425809884000046,51.40117845100008,1,,1,Nordost,,,,1.0,,0,14230419148110253190,253412,1,1
14051,,,14,7,13,000,2023,04,17,4,3,6,4,0,,0,1,1,0,0,,"731036,389399999752641","5692060,911000000312924",12.316729929000076,51.33282272500003,7,,7,Alt-West,,,,7.0,,0,14230419144200253150,253415,1,1
14052,,,14,7,13,000,2023,04,18,4,3,6,4,0,,0,0,1,0,0,,"735562,684200000017881","5692943,308499999344349",12.382171964000065,51.33888690500004,0,,0,Mitte,,,,0.0,,1,14230419144100253130,253416,0,1
14053,,,14,7,13,000,2023,04,15,6,3,1,6,0,,0,1,0,0,0,,"738482,463200000114739","5697631,499700000509620",12.42715628600007,51.379750529000034,1,,1,Nordost,,,,1.0,,0,14230421145400267240,253420,0,1
14054,,,14,7,13,000,2023,05,10,3,3,5,2,0,,1,1,0,0,0,,"732925,849100000225008","5691018,044900000095367",12.343123865000052,51.322690643000044,5,,5,Südwest,,,,5.0,,0,14230530148310368030,253423,0,1
14055,,,14,7,13,000,2023,05,11,3,3,1,1,0,,0,1,0,0,0,,"733909,323099999688566","5695635,510099999606609",12.360246481000047,51.36373591100005,9,,9,Nord,,,,9.0,,1,14230509148113297200,253428,0,1
14056,,,14,7,13,000,2023,04,08,3,3,5,2,0,,1,1,0,0,0,,"736509,476499999873340","5693465,484500000253320",12.396087040000054,51.34318106500007,0,,0,Mitte,,,,0.0,,0,14230418148410254160,253430,0,1
14057,,,14,7,13,000,2023,04,16,3,3,3,2,0,,0,1,0,0,0,,"727781,845999999903142","5689119,366299999877810",12.268211158000042,51.30772813800007,6,,6,West,,,,6.0,,1,14230418148310253831,253431,0,1
14058,,,14,7,13,000,2023,04,17,3,3,3,2,0,,1,1,0,0,0,,"735038,551599999889731","5691406,929300000891089",12.37364715700005,51.32531265100005,0,,0,Mitte,,,,0.0,,0,14230418148211266460,253432,0,1
14059,,,14,7,13,000,2023,04,17,3,3,5,2,0,,0,1,0,0,0,,"732607,313000000081956","5692305,087999999523163",12.339400345000058,51.334374368000056,7,,7,Alt-West,,,,7.0,,1,14230418144200297140,253433,0,1
14060,,,14,7,13,000,2023,04,15,3,3,5,2,0,,1,1,0,0,0,,"735012,922899999655783","5691985,051999999210238",12.373661182000035,51.33051269600003,0,,0,Mitte,,,,0.0,,0,14230418144200240640,253434,0,1
14061,,,14,7,13,000,2023,04,08,3,2,5,2,0,,1,1,0,0,0,,"735967,000099999830127","5691624,910599999129772",12.387093081000046,51.32688500000006,0,,0,Mitte,,,,0.0,,0,14230418144200240360,253435,0,1
14062,,,14,7,13,000,2023,04,15,3,2,0,7,0,,1,0,0,0,0,,"731996,303100000135601","5691400,103299999609590",12.330055214000026,51.32650007400008,5,,5,Südwest,,,,5.0,,1,14230418143263266440,253436,0,1
14063,,,14,7,13,000,2023,05,14,3,3,4,1,0,,0,0,0,0,0,,"738833,904299999587238","5693670,808199999853969",12.429537794000055,51.34405241600007,2,,2,Ost,,,,2.0,,1,14230530144200566720,253438,0,1
14064,,,14,7,13,000,2023,05,17,3,3,4,6,0,,1,0,0,0,0,,"739905,979899999685585","5692432,235999999567866",12.444068298000047,51.33248400100007,2,,2,Ost,,,,2.0,,0,14230530144200368940,253445,0,1
14065,,,14,7,13,000,2023,04,15,2,2,6,4,0,,0,1,1,0,0,,"730532,533900000154972","5691503,881500000134110",12.309149256000069,51.32802672400004,7,,7,Alt-West,,,,7.0,,0,14230417144200368950,253453,0,1
14066,,,14,7,13,000,2023,04,10,2,3,6,7,0,,1,0,1,0,0,,"735261,535299999639392","5693016,707399999722838",12.377904669000031,51.339670425000065,0,,0,Mitte,,,,0.0,,0,14230417144200240420,253454,1,1
14067,,,14,7,13,000,2023,04,09,2,3,5,3,0,,1,1,0,0,0,,"736071,093299999833107","5691523,487900000065565",12.388517269000033,51.325931420000074,0,,0,Mitte,,,,0.0,,0,14230417144200240350,253455,0,1
14068,,,14,7,13,000,2023,04,03,1,3,0,7,2,,0,0,1,0,0,,"732689,385400000028312","5692688,831100000068545",12.340827110000077,51.33778553700006,7,,7,Alt-West,,,,7.0,,1,14230416143263240340,253464,1,1
14069,,,14,7,13,000,2023,04,15,7,3,2,6,0,,0,1,0,0,0,,"734851,021900000050664","5691937,725800000131130",12.371310190000031,51.33015474200005,0,,0,Mitte,,,,0.0,,0,14230415148410240710,253471,1,1
14070,,,14,7,13,000,2023,05,15,4,3,5,3,0,,1,1,0,0,0,,"734749,571999999694526","5693854,164999999105930",12.371119614000065,51.34739935500005,0,,0,Mitte,,,,0.0,,0,14230503148410298190,253475,0,1
14071,,,14,7,13,000,2023,04,15,6,3,5,3,0,,0,1,0,0,0,,"733589,038300000131130","5696580,341099999845028",12.356274546000066,51.37234895200004,8,,8,Nordwest,,,,8.0,,0,14230414148110297170,253480,0,1
14072,,,14,7,13,000,2023,04,09,6,3,5,3,0,,0,1,0,0,0,,"738812,235500000417233","5696081,012599999085069",12.430844662000027,51.36569509600008,1,,1,Nordost,,,,1.0,,1,14230414144200240370,253481,1,1
14073,,,14,7,13,000,2023,04,06,6,3,5,3,0,,0,1,0,0,0,,"735206,955000000074506","5697889,093000000342727",12.380344109000077,51.38342897600006,9,,9,Nord,,,,9.0,,0,14230414144200233610,253483,0,1
14074,,,14,7,13,000,2023,04,14,5,3,2,6,0,,0,1,0,0,0,,"729823,792399999685585","5693913,406099999323487",12.300548602000049,51.34994392400006,7,,7,Alt-West,,,,7.0,,0,14230413148310234040,253491,0,1
14075,,,14,7,13,000,2023,04,12,5,2,6,7,0,,0,1,1,0,0,,"735254,720200000330806","5689091,326799999922514",12.375216880000039,51.304437550000046,4,,4,Süd,,,,4.0,,0,14230413144200223370,253492,0,1
14076,,,14,7,13,000,2023,04,15,4,3,5,3,0,,0,1,0,0,0,,"737962,692999999970198","5693733,776399999856949",12.41709363900003,51.344982912000035,2,,2,Ost,,,,2.0,,0,14230412144200223390,253497,1,1
14077,,,14,7,13,000,2023,04,21,1,3,5,2,2,,1,1,0,0,0,,"734098,508899999782443","5696320,983100000768900",12.363410460000068,51.369811095000045,9,,9,Nord,,,,9.0,,0,14230423148110311890,253499,0,1
14078,,,14,7,13,000,2023,04,14,4,3,5,2,0,,1,0,0,0,0,,"738415,834499999880791","5696063,309900000691414",12.425148921000073,51.36570268600008,1,,1,Nordost,,,,1.0,,1,14230412143263240330,253500,0,1
14079,,,14,7,13,000,2023,04,15,3,3,5,3,0,,1,1,0,0,0,,"734770,330000000074506","5693729,881999999284744",12.371335200000033,51.34627517100006,0,,0,Mitte,,,,0.0,,0,14230411148410240720,253507,0,1
14080,,,14,7,13,000,2023,04,20,3,3,3,2,2,,1,1,0,0,0,,"735183,289699999615550","5688962,810599999502301",12.374109283000053,51.303313443000036,4,,4,Süd,,,,4.0,,0,14230411148210216390,253509,0,1
14081,,,14,7,13,000,2023,04,13,2,3,5,3,0,,1,1,0,0,0,,"732153,040699999779463","5690953,651399999856949",12.332010184000069,51.32242843600005,5,,5,Südwest,,,,5.0,,0,14230410148310240700,253521,0,1
14082,,,14,7,13,000,2023,04,11,2,3,0,7,0,,0,1,0,0,0,,"740840,920800000429153","5691616,559699999168515",12.45691285600003,51.32476771300003,2,,2,Ost,,,,2.0,,0,14230410148210216400,253522,0,1
14083,,,14,7,13,000,2023,04,15,2,3,5,3,0,,0,1,0,0,0,,"738793,800800000317395","5696433,074500000104308",12.430816743000037,51.36886288200003,1,,1,Nordost,,,,1.0,,0,14230410148110233800,253523,0,1
14084,,,14,7,13,000,2023,04,13,1,3,5,2,0,,0,1,0,0,0,,"735563,715099999681115","5692151,133799999952316",12.381662945000073,51.331775675000074,0,,0,Mitte,,,,0.0,,0,14230409148410234290,253528,0,1
14085,,,14,7,13,000,2023,05,15,3,3,2,6,0,,0,1,0,0,0,,"730274,983099999837577","5691372,006999999284744",12.305373682000038,51.32694719600005,6,,6,West,,,,6.0,,0,14230530148310367750,253531,0,1
14086,,,14,7,13,000,2023,04,10,7,3,6,7,0,,0,1,1,0,0,,"732782,239000000059605","5691360,866200000047684",12.341290290000074,51.32582681800005,5,,5,Südwest,,,,5.0,,0,14230408148323268000,253535,0,1
14087,,,14,7,13,000,2023,04,12,7,3,6,7,0,,0,1,1,0,0,,"727209,085300000384450","5693565,077800000086427",12.262841661000039,51.34786801900003,7,,7,Alt-West,,,,7.0,,0,14230408148320254150,253536,1,1