UNFALL_ID,FID_left,OBJECTID,ULAND,UREGBEZ,UKREIS,UGEMEINDE,UJAHR,UMONAT,USTUNDE,UWOCHENTAG,UKATEGORIE,UART,UTYP1,ULICHTVERH,IstStrasse,IstRad,IstPKW,IstFuss,IstKrad,IstGkfz,IstSonstig,LINREFX,LINREFY,XGCSWGS84,YGCSWGS84,index_right,FID_right,SBZ,Name,UIDENTSTLA,LICHT,STRZUSTAND,FID,OBJECTID_1,IstSonstige,UIDENTSTLAE,OID_,IstStrassenzustand,PLST
14088,,,14,7,13,000,2023,04,04,6,2,0,7,2,,1,0,0,0,0,,"736078,479199999943376","5697674,570299999788404",12.39270338700004,51.38114168300007,9,,9,Nord,,,,9.0,,0,14230407662223216470,253543,0,1
14089,,,14,7,13,000,2023,04,23,6,3,0,1,2,,1,0,0,0,0,,"735316,240299999713898","5689554,088600000366569",12.37640302400007,51.30856606300006,4,,4,Süd,,,,4.0,,0,14230407148210215550,253544,1,1
14090,,,14,7,13,000,2023,04,19,5,2,7,7,1,,1,0,0,0,0,,"735307,870600000023842","5689423,100199999287724",12.376196776000029,51.30739371900006,4,,4,Süd,,,,4.0,,0,14230406148410297920,253550,0,1
14091,,,14,7,13,000,2023,04,07,5,3,5,3,0,,1,1,0,0,0,,"736650,872000000439584","5692457,038000000640750",12.39744354000004,51.33407026100008,3,,3,Südost,,,,3.0,,0,14230406148410216440,253551,0,1
14092,,,14,7,13,000,2023,04,15,5,3,3,7,0,,1,1,0,0,0,,"735288,667799999937415","5690580,921599999070168",12.376685438000038,51.31779471500005,4,,4,Süd,,,,4.0,,0,14230406148210234030,253553,0,1
14093,,,14,7,13,000,2023,04,09,5,1,6,4,0,,0,0,1,0,0,,"741780,261900000274181","5695519,980599999427795",12.473019227000066,51.35940429300007,2,,2,Ost,,,,2.0,,1,14230406144200233620,253554,0,1
14094,,,14,7,13,000,2023,04,17,5,3,6,4,0,,0,1,1,0,0,,"731209,165699999779463","5693362,650499999523163",12.320050801000036,51.344438069000034,7,,7,Alt-West,,,,7.0,,0,14230406144200215120,253555,0,1
14095,,,14,7,13,000,2023,04,08,4,3,5,2,0,,1,1,0,0,0,,"734477,556499999947846","5693079,953400000929832",12.366710772000033,51.340561957000034,0,,0,Mitte,,,,0.0,,0,14230405148410215400,253568,0,1
14096,,,14,7,13,000,2023,04,10,4,3,1,7,0,,0,1,0,0,0,,"732474,510499999858439","5691189,109799999743700",12.336769275000051,51.32441083300006,5,,5,Südwest,,,,5.0,,1,14230405148310254920,253569,0,1
14097,,,14,7,13,000,2023,04,07,4,3,5,3,0,,1,0,0,1,0,,"737469,024699999950826","5693071,737999999895692",12.409576703000027,51.339246839000054,2,,2,Ost,,,,2.0,,0,14230405148211216110,253570,0,1
14098,,,14,7,13,000,2023,04,16,4,3,5,2,0,,1,1,0,0,0,,"735318,728000000119209","5692590,212899999693036",12.378442566000047,51.335818404000065,0,,0,Mitte,,,,0.0,,0,14230405148210223190,253571,0,1
14099,,,14,7,13,000,2023,04,09,4,3,3,2,0,,1,1,0,0,0,,"738550,748999999836087","5690968,512900000438094",12.423670552000033,51.31991571900005,3,,3,Südost,,,,3.0,,0,14230405148210216410,253572,0,1
14100,,,14,7,13,000,2023,04,16,4,3,2,6,0,,0,1,0,0,0,,"742706,419499999843538","5694102,255200000479817",12.485329723000063,51.34628497800003,2,,2,Ost,,,,2.0,,0,14230405148210215530,253573,0,1
14101,,,14,7,13,000,2023,04,15,4,3,5,3,0,,1,1,0,0,0,,"730766,351800000295043","5690217,289799999445677",12.311666781000042,51.31638223300007,5,,5,Südwest,,,,5.0,,0,14230405144200267900,253575,0,1
14102,,,14,7,13,000,2023,04,15,4,2,5,3,0,,1,0,0,0,0,,"734295,018299999646842","5690896,276100000366569",12.362658950000025,51.32103545200005,4,,4,Süd,,,,4.0,,1,14230405144200214640,253576,0,1
14103,,,14,7,13,000,2023,05,14,4,3,5,2,0,,1,0,0,0,1,,"735761,779199999757111","5693474,010299999266863",12.385376503000032,51.343568119000054,0,,0,Mitte,,,,0.0,,0,14230524148410458620,253581,0,1
14104,,,14,7,13,000,2023,04,15,3,3,6,7,0,,0,1,1,0,0,,"735811,133999999612570","5692464,940500000491738",12.385415827000031,51.334489974000064,0,,0,Mitte,,,,0.0,,0,14230404148410295300,253582,0,1
14105,,,14,7,13,000,2023,04,16,3,3,6,4,0,,0,1,1,0,0,,"732441,705099999904633","5691676,603199999779463",12.336617175000072,51.328800337000075,5,,5,Südwest,,,,5.0,,0,14230404148310204090,253583,0,1
14106,,,14,7,13,000,2023,04,18,3,3,5,2,0,,1,1,0,0,0,,"735430,182900000363588","5695944,973400000482798",12.382258640000032,51.365885579000064,9,,9,Nord,,,,9.0,,0,14230404148110214680,253584,0,1
14107,,,14,7,13,000,2023,04,14,3,3,5,3,0,,1,0,0,0,0,,"735922,443900000303984","5692740,629100000485778",12.387193417000049,51.33691846500005,0,,0,Mitte,,,,0.0,,0,14230404144200215840,253585,0,1
14108,,,14,7,13,000,2023,04,11,3,3,3,5,0,,1,1,0,0,0,,"734323,323300000280142","5696058,202999999746680",12.366461327000025,51.36735958200006,9,,9,Nord,,,,9.0,,0,14230404144200214650,253587,0,1
14109,,,14,7,13,000,2023,05,11,2,3,2,6,0,,0,1,0,1,0,,"734662,732499999925494","5693225,938500000163913",12.369460850000053,51.34179599200007,0,,0,Mitte,,,,0.0,,0,14230515148410345680,253589,0,1
14110,,,14,7,13,000,2023,05,16,3,3,5,2,0,,1,1,0,0,0,,"736424,434500000439584","5693410,322899999096990",12.394831585000077,51.34272129300007,0,,0,Mitte,,,,0.0,,0,14230516148410400230,253593,0,1
14111,,,14,7,13,000,2023,04,14,2,3,2,6,0,,1,0,0,0,0,,"737696,878499999642372","5692442,727700000628829",12.412422302000039,51.33350563600004,2,,2,Ost,,,,2.0,,0,14230403148422214730,253602,0,1
14112,,,14,7,13,000,2023,04,16,2,3,5,3,0,,0,1,0,0,0,,"734368,721800000406802","5692000,181700000539422",12.364440626000032,51.330914293000035,0,,0,Mitte,,,,0.0,,1,14230403148410215390,253603,0,1
14113,,,14,7,13,000,2023,04,08,2,3,5,2,0,,1,1,0,0,0,,"733008,903300000354648","5691312,456199999898672",12.34450617300007,51.32529947000006,5,,5,Südwest,,,,5.0,,0,14230403148410214720,253605,0,1
14114,,,14,7,13,000,2023,04,09,2,3,2,6,0,,0,1,0,0,1,,"739502,356499999761581","5691872,937899999320507",12.437909249000029,51.32763395300003,2,,2,Ost,,,,2.0,,0,14230403148410203610,253606,0,1
14115,,,14,7,13,000,2023,04,09,2,3,3,6,0,,1,1,0,0,0,,"731702,067300000227988","5691897,388000000268221",12.326162725000074,51.33108402500005,7,,7,Alt-West,,,,7.0,,0,14230403148310203580,253607,0,1
14116,,,14,7,13,000,2023,04,15,2,2,1,5,0,,1,1,0,0,0,,"733618,949199999682605","5692099,822899999096990",12.353762544000062,51.33211715900006,0,,0,Mitte,,,,0.0,,0,14230403148210204070,253608,0,1
14117,,,14,7,13,000,2023,04,14,2,3,3,6,0,,1,0,0,0,0,,"736407,538300000131130","5693003,907700000330806",12.39431965500006,51.33908026200004,0,,0,Mitte,,,,0.0,,1,14230403144200215140,253609,0,1
14118,,,14,7,13,000,2023,04,17,2,2,5,3,0,,0,1,0,0,0,,"735038,555399999953806","5691406,531199999153614",12.373646949000033,51.325309075000064,0,,0,Mitte,,,,0.0,,1,14230403144200204040,253610,0,1
14119,,,14,7,13,000,2023,04,23,1,3,5,2,2,,0,1,0,0,0,,"736167,244500000029802","5691063,477900000289083",12.389590072000033,51.32176235000003,0,,0,Mitte,,,,0.0,,0,14230402144200203540,253617,0,1
14120,,,14,7,13,000,2023,04,22,7,3,0,1,2,,1,0,0,0,0,,"736455,638899999670684","5693228,704600000753999",12.395158218000063,51.341078080000045,0,,0,Mitte,,,,0.0,,0,14230401148410233640,253623,1,1
14121,,,14,7,13,000,2023,04,22,7,3,4,6,2,,0,1,0,0,0,,"731643,652800000272691","5690370,898800000548363",12.324333766000052,51.31740475500004,5,,5,Südwest,,,,5.0,,0,14230401148310215380,253624,1,1
14122,,,14,7,13,000,2023,04,02,7,3,5,2,2,,1,1,0,0,0,,"733263,490899999625981","5692086,904799999669194",12.348660599000027,51.33214708200006,5,,5,Südwest,,,,5.0,,0,14230401148310215370,253625,0,1
14123,,,14,7,13,000,2023,04,13,7,3,0,1,0,,1,0,0,0,0,,"735278,883999999612570","5689578,607000000774860",12.375884188000043,51.308801591000076,4,,4,Süd,,,,4.0,,0,14230401148210233630,253626,1,1
14124,,,14,7,13,000,2023,04,18,7,3,3,6,0,,0,1,0,1,0,,"734051,984500000253320","5695236,891000000759959",12.362029827000072,51.360098977000064,9,,9,Nord,,,,9.0,,0,14230401148110202900,253627,1,1
14125,,,14,7,13,000,2023,04,23,7,3,5,3,2,,0,1,0,0,0,,"732313,428700000047684","5690623,168600000441074",12.33409266600006,51.319396307000034,5,,5,Südwest,,,,5.0,,0,14230401144200254500,253628,1,1
14126,,,14,7,13,000,2023,05,16,1,3,5,3,0,,1,1,0,0,0,,"735604,483699999749660","5693121,426400000229478",12.382888815000058,51.340468427000076,0,,0,Mitte,,,,0.0,,0,14230514148410323980,253629,0,1
14127,,,14,7,13,000,2023,03,13,6,3,3,7,0,,0,1,0,0,0,,"732606,601099999621511","5692311,266599999740720",12.339394177000031,51.33443012200007,7,,7,Alt-West,,,,7.0,,0,14230331148310215860,253638,1,1
14128,,,14,7,13,000,2023,03,10,6,1,6,7,0,,0,0,1,0,0,,"737275,523000000044703","5696662,190899999812245",12.409197726000059,51.37155563300007,1,,1,Nordost,,,,1.0,,1,14230331144200240070,253640,1,1
14129,,,14,7,13,000,2023,04,17,2,3,5,3,0,,0,1,0,1,0,,"735346,545500000007451","5689376,497500000521541",12.376719913000045,51.30695940800007,4,,4,Süd,,,,4.0,,0,14230403144100298120,253652,0,1
14130,,,14,7,13,000,2023,03,18,5,3,5,3,1,,0,1,0,0,0,,"731813,985500000417233","5689252,527899999171495",12.326047046000042,51.307295948000046,5,,5,Südwest,,,,5.0,,0,14230330148310190860,253653,0,1
14131,,,14,7,13,000,2023,03,16,5,3,2,6,0,,1,1,0,0,0,,"735119,040900000371039","5689428,649399999529123",12.373496146000036,51.30752154700008,4,,4,Süd,,,,4.0,,0,14230330148210223410,253654,0,1
14132,,,14,7,13,000,2023,03,06,5,3,6,4,0,,0,1,1,0,0,,"738914,711299999617040","5697644,480000000447035",12.433364747000041,51.37968534000004,1,,1,Nordost,,,,1.0,,0,14230330148110214690,253655,0,1
14133,,,14,7,13,000,2023,05,14,5,2,0,1,0,,0,0,0,0,0,,"738575,444299999624491","5697629,708699999377131",12.42848871700005,51.379695396000045,1,,1,Nordost,,,,1.0,,1,14230518148120325070,253658,0,1
14134,,,14,7,13,000,2023,03,15,4,3,2,2,0,,0,1,0,0,0,,"736184,980800000019372","5689666,392999999225140",12.388919010000052,51.30921438000007,4,,4,Süd,,,,4.0,,0,14230329148210203570,253669,0,1
14135,,,14,7,13,000,2023,04,13,7,3,8,1,0,,0,1,0,0,0,,"732011,617200000211596","5693813,450799999758601",12.33184650000004,51.34815789700008,7,,7,Alt-West,,,,7.0,,0,14230415148310274110,253678,1,1
14136,,,14,7,13,000,2023,03,16,3,3,2,6,0,,0,1,0,0,0,,"730764,347699999809265","5691668,510299999266863",12.312577428000054,51.32941060200005,7,,7,Alt-West,,,,7.0,,0,14230328148310202670,253679,0,1
14137,,,14,7,13,000,2023,03,06,3,3,0,7,0,,0,0,0,0,0,,"735413,305999999865890","5692994,523000000044703",12.380065073000026,51.33940848100008,0,,0,Mitte,,,,0.0,,1,14230328148211313530,253680,0,1
14138,,,14,7,13,000,2023,03,10,3,3,2,6,0,,0,1,0,0,0,,"733997,276300000026822","5695595,651900000870228",12.361481424000033,51.36334191000003,9,,9,Nord,,,,9.0,,0,14230328148110184660,253681,0,1
14139,,,14,7,13,000,2023,03,10,3,2,5,2,0,,1,1,0,0,0,,"735995,727400000207126","5699801,322000000625849",12.392929691000063,51.40026607200008,9,,9,Nord,,,,9.0,,0,14230328144200190830,253682,0,1
14140,,,14,7,13,000,2023,03,21,3,3,9,7,2,,0,1,0,0,0,,"734129,076700000092387","5693439,212400000542402",12.361952625000072,51.34393042900007,0,,0,Mitte,,,,0.0,,0,14230328144200190600,253683,0,1
14141,,,14,7,13,000,2023,03,09,2,3,0,1,0,,1,0,0,0,0,,"734897,236299999989569","5687432,195399999618530",12.369006027000069,51.289691987000026,4,,4,Süd,,,,4.0,,0,14230327148210388150,253695,0,1
14142,,,14,7,13,000,2023,03,11,2,3,5,3,0,,0,1,0,0,0,,"740245,287700000219047","5693903,664899999275804",12.449922349000076,51.34554784900007,2,,2,Ost,,,,2.0,,0,14230327148210184670,253696,0,1
14143,,,14,7,13,000,2023,03,07,2,3,0,1,0,,1,0,0,0,0,,"733757,446800000034273","5698390,654300000518560",12.359880732000022,51.38852984600004,9,,9,Nord,,,,9.0,,0,14230327148110190660,253697,0,1
14144,,,14,7,13,000,2023,03,15,2,3,5,2,0,,1,1,0,0,0,,"736067,713899999856949","5691528,677899999544024",12.388472290000038,51.32597940900007,0,,0,Mitte,,,,0.0,,0,14230327144200190610,253698,0,1
14145,,,14,7,13,000,2023,03,15,2,2,6,4,0,,1,0,1,0,0,,"736499,551400000229478","5693470,576500000432134",12.395948174000068,51.34323090000004,2,,2,Ost,,,,2.0,,0,14230327144200184640,253699,0,1
14146,,,14,7,13,000,2023,05,14,2,3,5,3,0,,0,1,0,1,0,,"736355,826000000350177","5698818,755000000819564",12.397442951000073,51.391296606000026,1,,1,Nordost,,,,1.0,,0,14230508148110297180,253708,0,1
14147,,,14,7,13,000,2023,03,14,1,3,2,6,0,,0,1,0,0,0,,"735259,639200000092387","5695210,114900000393391",12.379327107000051,51.35935992700007,0,,0,Mitte,,,,0.0,,0,14230326148410215870,253712,1,1
14148,,,14,7,13,000,2023,03,05,1,3,0,1,2,,1,0,0,0,0,,"737634,515700000338256","5693528,696299999952316",12.412253201000055,51.34327937300003,2,,2,Ost,,,,2.0,,0,14230326148223240670,253713,1,1
14149,,,14,7,13,000,2023,03,14,1,3,5,2,0,,1,1,0,0,0,,"739921,058699999935925","5693974,814600000157952",12.445323408000036,51.34632338200004,2,,2,Ost,,,,2.0,,0,14230326148210214700,253714,1,1
14150,,,14,7,13,000,2023,03,20,1,2,6,2,2,,0,1,1,0,0,,"735895,920199999585748","5692598,802200000733137",12.386719409000023,51.33565639200003,0,,0,Mitte,,,,0.0,,0,14230326144200203560,253715,1,1
14151,,,14,7,13,000,2023,03,10,7,3,2,6,0,,0,1,0,0,0,,"734851,006099999882281","5691936,820599999278784",12.371309367000038,51.330146623000076,0,,0,Mitte,,,,0.0,,0,14230325148410183980,253724,0,1
14152,,,14,7,13,000,2023,03,22,7,3,5,2,2,,1,1,0,0,0,,"734834,741000000387430","5692213,793999999761581",12.371258843000021,51.33263956500008,0,,0,Mitte,,,,0.0,,0,14230325144200183620,253725,0,1
14153,,,14,7,13,000,2023,03,09,6,3,6,7,0,,0,1,0,0,0,,"734101,557099999859929","5697433,682800000533462",12.364187000000072,51.37979789000008,9,,9,Nord,,,,9.0,,1,14230324148421298200,253740,0,1
14154,,,14,7,13,000,2023,03,17,6,3,2,6,0,,0,1,0,0,0,,"734262,862300000153482","5691957,263000000268221",12.36289557400005,51.33057264000007,0,,0,Mitte,,,,0.0,,0,14230324148410183420,253742,0,1
14155,,,14,7,13,000,2023,03,14,6,3,5,3,0,,1,1,0,0,0,,"734446,503600000403821","5692130,490700000897050",12.365640876000043,51.332051954000065,0,,0,Mitte,,,,0.0,,0,14230324148410183410,253743,1,1
14156,,,14,7,13,000,2023,03,07,6,3,5,3,0,,1,1,0,0,0,,"728492,060999999754131","5694742,506699999794364",12.281989443000043,51.35792380000004,7,,7,Alt-West,,,,7.0,,0,14230324148310190850,253744,1,1
14157,,,14,7,13,000,2023,03,16,6,2,0,1,0,,1,0,0,0,0,,"737673,040599999949336","5695333,674100000411272",12.414010591000022,51.35946473100006,1,,1,Nordost,,,,1.0,,0,14230324148110183370,253745,1,1
14158,,,14,7,13,000,2023,03,13,6,2,6,4,0,,0,1,1,0,0,,"732655,436400000005960","5691778,612299999222159",12.339746212000023,51.32962867100008,5,,5,Südwest,,,,5.0,,0,14230324144200190620,253746,1,1
14159,,,14,7,13,000,2023,05,07,6,3,5,3,0,,0,1,0,0,0,,"737810,258700000122190","5697849,521500000730157",12.417660644000023,51.381989385000054,1,,1,Nordost,,,,1.0,,0,14230512144200311830,253754,0,1
14160,,,14,7,13,000,2023,03,08,5,3,0,1,0,,0,0,0,1,0,,"732838,709699999541044","5691299,553200000897050",12.342059324000047,51.32525332200004,5,,5,Südwest,,,,5.0,,0,14230323148310184680,253756,1,1
14161,,,14,7,13,000,2023,03,06,5,3,3,6,1,,1,1,0,0,0,,"735102,952899999916553","5693973,730900000780821",12.376263846000029,51.34832658800008,0,,0,Mitte,,,,0.0,,0,14230323148110184650,253757,1,1
14162,,,14,7,13,000,2023,03,08,5,3,5,3,0,,1,1,0,0,0,,"736572,009600000455976","5697169,526900000870228",12.39944635200004,51.376402969000026,1,,1,Nordost,,,,1.0,,0,14230323148110172120,253758,0,1
14163,,,14,7,13,000,2023,03,15,5,2,5,3,0,,0,1,0,1,0,,"736723,123200000263751","5697548,260500000789762",12.40186595800003,51.379739535000056,1,,1,Nordost,,,,1.0,,0,14230323144200183940,253759,0,1
14164,,,14,7,13,000,2023,03,15,5,3,5,2,0,,1,1,0,0,0,,"734481,621199999935925","5695028,281600000336766",12.368052397000042,51.35804929100004,9,,9,Nord,,,,9.0,,0,14230323143263183330,253760,0,1
14165,,,14,7,13,000,2023,03,09,4,3,2,6,0,,1,0,0,0,0,,"735001,621000000275671","5692240,517999999225140",12.37366772100006,51.33281052700005,0,,0,Mitte,,,,0.0,,0,14230322148415203200,253772,0,1
14166,,,14,7,13,000,2023,03,19,4,2,0,1,2,,1,0,0,0,0,,"734517,053999999538064","5695383,630300000309944",12.368794646000026,51.36122441900005,9,,9,Nord,,,,9.0,,0,14230322143263223350,253775,1,1
14167,,,14,7,13,000,2023,03,06,3,2,4,2,0,,1,1,0,0,0,,"735587,945100000128150","5692244,623700000345707",12.382071942000039,51.33260483500004,0,,0,Mitte,,,,0.0,,0,14230321148410165020,253783,0,1
14168,,,14,7,13,000,2023,05,09,4,3,1,5,0,,1,0,0,0,1,,"734007,398299999535084","5693084,607100000604987",12.35997560900006,51.34079740900006,0,,0,Mitte,,,,0.0,,0,14230510148410345980,253785,0,1
14169,,,14,7,13,000,2023,03,17,3,3,6,4,0,,0,1,1,0,0,,"729145,009200000204146","5691412,862999999895692",12.289209033000077,51.32777023300008,6,,6,West,,,,6.0,,0,14230321144200172110,253786,0,1
14170,,,14,7,13,000,2023,03,19,2,3,6,2,1,,0,1,1,0,0,,"735417,474499999545515","5692970,738399999216199",12.380109092000055,51.339193257000034,0,,0,Mitte,,,,0.0,,0,14230320148410203620,253799,1,1
14171,,,14,7,13,000,2023,03,12,2,3,6,4,0,,1,0,1,0,0,,"734923,884600000455976","5690982,498199999332428",12.371724649000043,51.32155013900007,4,,4,Süd,,,,4.0,,0,14230320148210183380,253801,1,1
14172,,,14,7,13,000,2023,03,08,2,3,5,3,0,,1,1,0,0,0,,"734910,466900000348687","5690880,047700000926852",12.371464932000038,51.32063603900008,4,,4,Süd,,,,4.0,,0,14230320148210164920,253803,1,1
14173,,,14,7,13,000,2023,03,14,2,3,5,3,0,,0,1,0,0,0,,"734395,104100000113249","5691540,765599999576807",12.364516500000036,51.32677948500003,0,,0,Mitte,,,,0.0,,0,14230320144200165170,253804,0,1
14174,,,14,7,13,000,2023,03,14,1,3,5,3,0,,1,1,0,0,0,,"737652,916899999603629","5695335,093200000002980",12.41372302700006,51.359485885000026,1,,1,Nordost,,,,1.0,,0,14230319148110172130,253817,1,1
14175,,,14,7,13,000,2023,03,04,1,2,8,1,2,,0,0,0,0,0,,"734745,356300000101328","5693442,526699999347329",12.370787793000034,51.34370606900006,0,,0,Mitte,,,,0.0,,1,14230319145400216100,253818,0,1
14176,,,14,7,13,000,2023,03,19,7,3,5,2,2,,1,1,0,0,0,,"735307,007600000128150","5693625,512199999764562",12.378958617000023,51.34511644000003,0,,0,Mitte,,,,0.0,,0,14230318148420164380,253827,0,1
14177,,,14,7,13,000,2023,03,17,7,3,5,3,0,,0,1,0,1,0,,"729654,063599999994040","5694658,309299999848008",12.298596117000045,51.35669955100008,7,,7,Alt-West,,,,7.0,,0,14230318148310183960,253828,0,1
14178,,,14,7,13,000,2023,03,17,7,2,2,6,0,,1,1,0,0,0,,"731591,927699999883771","5698663,173599999397993",12.328989352000065,51.39186379800003,8,,8,Nordwest,,,,8.0,,0,14230318144200164330,253829,0,1
14179,,,14,7,13,000,2023,05,17,4,3,0,1,0,,0,1,0,1,0,,"732962,563799999654293","5691196,453099999576807",12.34376644200006,51.32427712500004,5,,5,Südwest,,,,5.0,,0,14230510148310298180,253830,1,1
14180,,,14,7,13,000,2023,03,18,7,2,0,1,2,,1,0,0,0,0,,"739919,438699999824166","5693658,277599999681115",12.445086908000064,51.343482925000046,2,,2,Ost,,,,2.0,,0,14230318144200164310,253832,0,1
14181,,,14,7,13,000,2023,04,12,2,3,4,2,0,,1,1,0,0,0,,"735011,079900000244379","5691985,192500000819564",12.373634867000021,51.330514718000074,0,,0,Mitte,,,,0.0,,0,14230424148410266880,253833,0,1
14182,,,14,7,13,000,2023,03,12,6,3,8,7,0,,0,1,0,0,0,,"726643,154400000348687","5692560,022800000384450",12.254088982000042,51.33907109900008,7,,7,Alt-West,,,,7.0,,0,14230317662223165270,253843,0,1
14183,,,14,7,13,000,2023,03,18,6,3,0,7,1,,0,0,0,0,0,,"732849,129999999888241","5690555,004000000655651",12.341722360000063,51.31856546600005,5,,5,Südwest,,,,5.0,,1,14230317148310165220,253844,0,1
14184,,,14,7,13,000,2023,03,18,6,3,5,3,2,,1,0,0,1,0,,"738712,735199999995530","5690991,355399999767542",12.426006204000032,51.32005282400007,3,,3,Südost,,,,3.0,,0,14230317148210164000,253845,0,1
14185,,,14,7,13,000,2023,03,15,6,2,5,3,0,,1,1,0,0,0,,"735080,712799999862909","5689623,892899999395013",12.373075869000047,51.30928996500006,4,,4,Süd,,,,4.0,,0,14230317144200164870,253846,0,1
14186,,,14,7,13,000,2023,05,19,5,3,5,3,0,,1,1,0,0,0,,"735979,102599999867380","5696012,322799999266863",12.390174462000061,51.36626238300005,9,,9,Nord,,,,9.0,,0,14230518144200352910,253860,0,1
14187,,,14,7,13,000,2023,03,13,5,3,1,5,0,,1,1,0,0,0,,"734808,654699999839067","5691572,561699999496341",12.370462552000049,51.326894365000044,0,,0,Mitte,,,,0.0,,0,14230316148415164930,253864,0,1
14188,,,14,7,13,000,2023,03,07,5,3,5,3,0,,1,1,0,0,0,,"730922,967600000090897","5693920,497199999168515",12.316310367000028,51.34956211400004,7,,7,Alt-West,,,,7.0,,0,14230316148310233820,253865,0,1
14189,,,14,7,13,000,2023,03,08,5,3,6,4,0,,0,1,1,0,0,,"736478,042200000025332","5697180,777499999850988",12.39810611400003,51.37654309100003,1,,1,Nordost,,,,1.0,,0,14230316148110165190,253866,0,1
14190,,,14,7,13,000,2023,08,16,2,3,2,6,0,,0,1,0,0,0,,"733597,007600000128150","5693008,423100000247359",12.354043929000056,51.340282280000054,0,,0,Mitte,,,,0.0,,0,14230807148410529480,253874,1,1
14191,,,14,7,13,000,2023,08,07,2,3,0,1,0,,0,0,0,1,0,,"735352,547500000335276","5692601,722699999809265",12.378934806000075,51.33590772600007,0,,0,Mitte,,,,0.0,,0,14230807148410529460,253875,1,1
14192,,,14,7,13,000,2023,08,20,1,2,0,1,2,,1,0,0,0,0,,"736257,262400000356138","5692969,241200000047684",12.392143073000057,51.33883154100005,0,,0,Mitte,,,,0.0,,0,14230806148410529010,253884,1,1
14193,,,14,7,13,000,2023,08,21,1,3,5,3,2,,0,1,0,0,0,,"738040,751500000245869","5691163,139000000432134",12.416495004000069,51.32187624900007,3,,3,Südost,,,,3.0,,0,14230806148210551870,253885,1,1
14194,,,14,7,13,000,2023,08,12,7,3,2,6,0,,0,1,0,0,0,,"734521,780799999833107","5693635,707299999892712",12.367710590000058,51.34553240400004,0,,0,Mitte,,,,0.0,,0,14230805148410565600,253893,0,1
14195,,,14,7,13,000,2023,08,10,7,3,0,1,0,,1,0,0,0,0,,"731918,797399999573827","5688969,450099999085069",12.327364187000057,51.30471211200006,5,,5,Südwest,,,,5.0,,0,14230805144200545180,253894,0,1
14196,,,14,7,13,000,2023,08,07,6,3,5,3,0,,1,1,0,0,0,,"728019,979700000025332","5688629,120899999514222",12.271308678000025,51.30323169700006,6,,6,West,,,,6.0,,0,14230804148310528360,253897,1,1
14197,,,14,7,13,000,2023,08,18,6,3,5,3,0,,0,1,0,0,0,,"734491,931200000457466","5698177,258400000631809",12.370277276000024,51.38631140800004,9,,9,Nord,,,,9.0,,0,14230804148110552130,253898,0,1
14198,,,14,7,13,000,2023,08,15,6,3,1,5,0,,1,0,0,0,0,,"734969,923600000329316","5693386,594799999147654",12.373969524000074,51.34311124200008,0,,0,Mitte,,,,0.0,,1,14230804144310653550,253899,0,1
14199,,,14,7,13,000,2023,08,16,5,3,0,7,0,,0,0,0,1,0,,"737283,318199999630451","5692938,273299999535084",12.406826486000057,51.338126370000055,2,,2,Ost,,,,2.0,,1,14230803148410566820,253913,0,1
14200,,,14,7,13,000,2023,08,20,5,3,2,6,1,,0,1,0,0,0,,"737556,124200000427663","5691979,632600000128150",12.410096728000042,51.32940767700006,3,,3,Südost,,,,3.0,,0,14230803148410559500,253914,0,1
14201,,,14,7,13,000,2023,08,08,5,3,5,2,0,,0,1,0,0,0,,"741208,521099999547005","5696063,467700000852346",12.465191208000022,51.364525326000035,2,,2,Ost,,,,2.0,,0,14230803148210528610,253915,0,1
14202,,,14,7,13,000,2023,08,08,5,3,5,3,0,,0,1,0,0,0,,"734460,409099999815226","5691848,201999999582767",12.36565439900005,51.32951226800003,0,,0,Mitte,,,,0.0,,0,14230803145400576670,253916,0,1
14203,,,14,7,13,000,2023,08,15,5,3,5,2,0,,0,1,0,0,0,,"739100,182099999859929","5699445,536299999803305",12.437237322000044,51.39577304300008,1,,1,Nordost,,,,1.0,,0,14230803144200544280,253917,0,1
14204,,,14,7,13,000,2023,08,10,5,3,5,3,0,,0,1,0,0,0,,"740845,941999999806285","5694777,335999999195337",12.45912198700006,51.35313541100004,2,,2,Ost,,,,2.0,,1,14230803144200527950,253918,0,1
14205,,,14,7,13,000,2023,08,16,4,3,2,2,0,,0,1,0,0,0,,"730364,874400000087917","5693612,980599999427795",12.308110894000038,51.34702799400003,7,,7,Alt-West,,,,7.0,,0,14230802148310529000,253932,1,1
14206,,,14,7,13,000,2023,08,17,4,3,0,2,0,,0,1,0,0,0,,"735460,459300000220537","5693288,399499999359250",12.380935123000029,51.34202688400006,0,,0,Mitte,,,,0.0,,1,14230802144200529450,253933,0,1