UNFALL_ID,FID_left,OBJECTID,ULAND,UREGBEZ,UKREIS,UGEMEINDE,UJAHR,UMONAT,USTUNDE,UWOCHENTAG,UKATEGORIE,UART,UTYP1,ULICHTVERH,IstStrasse,IstRad,IstPKW,IstFuss,IstKrad,IstGkfz,IstSonstig,LINREFX,LINREFY,XGCSWGS84,YGCSWGS84,index_right,FID_right,SBZ,Name,UIDENTSTLA,LICHT,STRZUSTAND,FID,OBJECTID_1,IstSonstige,UIDENTSTLAE,OID_,IstStrassenzustand,PLST
14207,,,14,7,13,000,2023,08,08,4,2,2,6,0,,0,1,0,1,0,,"737781,897699999623001","5693742,704800000414252",12.414508371000068,51.34513869500006,2,,2,Ost,,,,2.0,,1,14230802144200527910,253934,0,1
14208,,,14,7,13,000,2023,08,05,4,3,5,3,1,,1,0,0,0,0,,"739938,457000000402331","5694085,490000000223517",12.445647353000027,51.347309428000074,2,,2,Ost,,,,2.0,,1,14230802144200527280,253935,0,1
14209,,,14,7,13,000,2023,08,00,3,2,0,7,2,,1,0,0,0,0,,"735002,298200000077486","5692234,133300000801682",12.373673214000064,51.33275293600008,0,,0,Mitte,,,,0.0,,0,14230801148410516751,253943,1,1
14210,,,14,7,13,000,2023,08,13,3,2,0,1,0,,1,0,0,0,0,,"734764,051099999807775","5693479,286000000312924",12.371079974000054,51.34402831600005,0,,0,Mitte,,,,0.0,,0,14230801148410516740,253944,1,1
14211,,,14,7,13,000,2023,08,18,3,3,5,3,0,,0,1,0,0,0,,"731838,674899999983609","5691488,605799999088049",12.327854297000044,51.32735880200005,5,,5,Südwest,,,,5.0,,0,14230801148310528370,253945,0,1
14212,,,14,7,13,000,2023,07,06,2,3,0,1,0,,1,0,0,0,0,,"735427,525899999774992","5691543,321399999782443",12.379310002000068,51.32637613000003,0,,0,Mitte,,,,0.0,,0,14230731148410516390,253954,1,1
14213,,,14,7,13,000,2023,07,07,2,3,5,2,0,,0,1,0,0,0,,"728909,117600000463426","5689666,112099999561906",12.284707580000031,51.31218424700006,6,,6,West,,,,6.0,,1,14230731148310528990,253955,1,1
14214,,,14,7,13,000,2023,07,15,1,2,3,2,0,,1,0,0,0,0,,"735756,189699999988079","5692870,688100000843406",12.384897017000071,51.33815485500003,0,,0,Mitte,,,,0.0,,0,14230730148410529470,253962,1,1
14215,,,14,7,13,000,2023,07,17,1,2,4,6,0,,1,0,0,0,0,,"741661,369300000369549","5693992,505300000309944",12.470277649000025,51.34574509500004,2,,2,Ost,,,,2.0,,0,14230730144200638320,253964,1,1
14216,,,14,7,13,000,2023,07,12,7,3,5,2,0,,1,1,0,0,0,,"736425,919599999673665","5691204,718800000846386",12.393389381000077,51.322922739000035,0,,0,Mitte,,,,0.0,,0,14230729148410515980,253971,0,1
14217,,,14,7,13,000,2023,07,10,7,2,5,2,0,,1,1,0,0,0,,"732314,352500000037253","5690619,211999999359250",12.334103322000033,51.31936041200004,5,,5,Südwest,,,,5.0,,0,14230729144200565910,253972,0,1
14218,,,14,7,13,000,2023,07,18,7,3,2,3,0,,0,1,0,0,0,,"740585,153699999675155","5689996,955299999564886",12.452156271000035,51.31033888500008,3,,3,Südost,,,,3.0,,1,14230729144200560240,253973,1,1
14219,,,14,7,13,000,2023,07,15,6,2,5,7,0,,1,0,0,0,0,,"733704,947999999858439","5691920,254000000655651",12.354877075000047,51.33046992000004,0,,0,Mitte,,,,0.0,,0,14230728148414577370,253981,0,1
14220,,,14,7,13,000,2023,07,00,6,3,0,1,2,,1,0,0,0,0,,"733241,200000000186265","5691713,098099999129772",12.348096523000038,51.328800701000034,5,,5,Südwest,,,,5.0,,0,14230728148410585460,253982,1,1
14221,,,14,7,13,000,2023,07,16,6,3,5,7,0,,0,1,0,1,0,,"730838,031600000336766","5684921,446699999272823",12.309270536000042,51.26881226000006,5,,5,Südwest,,,,5.0,,0,14230728148310528980,253983,0,1
14222,,,14,7,13,000,2023,07,18,6,3,5,2,0,,0,1,0,0,0,,"742286,057900000363588","5694030,541899999603629",12.47925637700007,51.34582062100003,2,,2,Ost,,,,2.0,,0,14230728148210516380,253984,0,1
14223,,,14,7,13,000,2023,07,04,6,2,0,7,2,,1,0,0,0,0,,"734101,920199999585748","5692108,251900000497699",12.360688675000063,51.33199425200007,0,,0,Mitte,,,,0.0,,0,14230728145000516710,253985,1,1
14224,,,14,7,13,000,2023,07,07,5,3,4,3,0,,1,0,0,0,0,,"734892,708899999968708","5693390,350600000470877",12.372865327000056,51.34317686000003,0,,0,Mitte,,,,0.0,,0,14230727148410516760,253994,0,1
14225,,,14,7,13,000,2023,07,17,5,3,5,2,0,,1,1,0,0,0,,"736314,910000000149012","5692770,266100000590086",12.39283720700007,51.33702154800005,0,,0,Mitte,,,,0.0,,0,14230727144200708680,253995,1,1
14226,,,14,7,13,000,2023,07,10,5,3,2,6,0,,0,1,0,0,0,,"742157,288599999621511","5693362,406999999657273",12.476956565000023,51.33987870400006,2,,2,Ost,,,,2.0,,0,14230727144200516360,253996,0,1
14227,,,14,7,13,000,2023,07,15,5,3,1,2,0,,0,1,0,0,0,,"737630,838999999687076","5695336,650000000372529",12.413407537000069,51.359509091000064,1,,1,Nordost,,,,1.0,,0,14230727144200515910,253997,1,1
14228,,,14,7,13,000,2023,07,15,4,3,5,3,0,,1,0,0,0,1,,"740585,206000000238419","5700202,984999999403954",12.459057320000056,51.401943939000034,1,,1,Nordost,,,,1.0,,0,14230726148110508960,254007,0,1
14229,,,14,7,13,000,2023,07,09,4,3,1,6,0,,0,1,0,0,0,,"735645,416199999861419","5696561,145999999716878",12.385753290000025,51.37132724700007,9,,9,Nord,,,,9.0,,0,14230726144200515920,254008,0,1
14230,,,14,7,13,000,2023,07,15,3,3,5,2,0,,1,1,0,0,0,,"731756,787499999627471","5693040,848799999803305",12.327690726000071,51.34132635900005,7,,7,Alt-West,,,,7.0,,0,14230725148310508410,254021,0,1
14231,,,14,7,13,000,2023,07,10,3,3,6,4,0,,0,1,1,0,0,,"734535,695799999870360","5694932,294199999421835",12.368764401000021,51.35716535600005,9,,9,Nord,,,,9.0,,0,14230725144200528290,254022,0,1
14232,,,14,7,13,000,2023,07,10,3,3,2,6,0,,0,1,0,0,0,,"737378,137199999764562","5693161,289100000634789",12.408333904000074,51.34008860100005,2,,2,Ost,,,,2.0,,0,14230725144200514800,254024,0,1
14233,,,14,7,13,000,2023,07,13,3,2,0,5,0,,1,1,0,0,0,,"732839,959200000390410","5690726,904899999499321",12.341703232000043,51.32011232100007,5,,5,Südwest,,,,5.0,,0,14230725144200498930,254025,0,1
14234,,,14,7,13,000,2023,07,09,2,3,5,2,0,,1,1,0,0,0,,"736419,579400000162423","5691200,267699999734759",12.393295601000034,51.322885419000045,0,,0,Mitte,,,,0.0,,0,14230724148410515660,254036,0,1
14235,,,14,7,13,000,2023,07,06,2,3,5,3,0,,1,1,0,0,0,,"733868,971599999815226","5693196,771800000220537",12.358065343000021,51.34186120700008,0,,0,Mitte,,,,0.0,,0,14230724148410498530,254037,0,1
14236,,,14,7,13,000,2023,07,14,2,3,2,6,0,,0,1,0,0,0,,"734333,695899999700487","5696059,393400000408292",12.366610855000033,51.367365989000064,9,,9,Nord,,,,9.0,,0,14230724148110508940,254038,0,1
14237,,,14,7,13,000,2023,07,23,2,2,0,7,2,,0,0,1,0,0,,"732333,900899999774992","5692539,665999999269843",12.33563526200004,51.33659186500006,7,,7,Alt-West,,,,7.0,,1,14230724144200527290,254039,1,1
14238,,,14,7,13,000,2023,07,04,1,3,8,7,2,,0,1,0,0,0,,"735458,059600000269711","5694261,039599999785423",12.381543970000052,51.35075858300007,0,,0,Mitte,,,,0.0,,0,14230723148410528640,254054,0,1
14239,,,14,7,13,000,2023,07,20,7,3,6,4,2,,1,0,1,0,0,,"735305,382500000298023","5693452,368899999186397",12.378820907000033,51.343562923000036,0,,0,Mitte,,,,0.0,,0,14230722148410545240,254060,0,1
14240,,,14,7,13,000,2023,07,16,7,3,1,5,0,,0,1,0,0,0,,"730353,556400000117719","5693990,300699999555945",12.308192817000077,51.35041976900004,7,,7,Alt-West,,,,7.0,,0,14230722148320497560,254061,0,1
14241,,,14,7,13,000,2023,07,16,7,3,6,6,0,,1,0,1,0,0,,"731351,037800000049174","5692033,032400000840425",12.321220740000058,51.33244456700004,7,,7,Alt-West,,,,7.0,,0,14230722148110497510,254062,0,1
14242,,,14,7,13,000,2023,07,23,7,3,0,1,2,,1,0,0,0,0,,"737334,074300000444055","5693071,555600000545382",12.407642646000056,51.339301540000065,2,,2,Ost,,,,2.0,,0,14230722145200514830,254063,0,1
14243,,,14,7,13,000,2023,07,15,6,3,3,1,0,,1,0,0,1,0,,"735000,082899999804795","5692310,237900000065565",12.373691664000035,51.333436995000056,0,,0,Mitte,,,,0.0,,0,14230721148410514870,254077,1,1
14244,,,14,7,13,000,2023,07,10,6,3,2,6,0,,0,1,0,1,0,,"733099,145299999974668","5690608,844200000166893",12.345339075000027,51.31894641800005,5,,5,Südwest,,,,5.0,,0,14230721148310499000,254078,1,1
14245,,,14,7,13,000,2023,07,16,6,3,0,7,0,,1,1,0,0,0,,"730483,140999999828637","5692152,280799999833107",12.308860905000074,51.33386740900005,7,,7,Alt-West,,,,7.0,,0,14230721148310497170,254079,0,1
14246,,,14,7,13,000,2023,07,10,6,3,3,6,0,,0,1,0,0,0,,"734292,615199999883771","5696179,783800000324845",12.366101076000064,51.368463606000034,9,,9,Nord,,,,9.0,,0,14230721148110497140,254080,1,1
14247,,,14,7,13,000,2023,07,15,6,3,5,2,0,,1,1,0,0,0,,"735704,985199999995530","5695644,504799999296665",12.386000006000074,51.363074562000065,9,,9,Nord,,,,9.0,,0,14230721148110497130,254081,0,1
14248,,,14,7,13,000,2023,07,17,6,3,5,3,0,,0,1,0,0,0,,"740846,468000000342727","5694779,283299999311566",12.459130844000072,51.35315266600003,2,,2,Ost,,,,2.0,,0,14230721144200655760,254082,0,1
14249,,,14,7,13,000,2023,07,10,6,3,6,7,0,,0,1,1,0,0,,"740000,813799999654293","5693955,365399999544024",12.446453375000033,51.34611515000006,2,,2,Ost,,,,2.0,,0,14230721144000514780,254083,1,1
14250,,,14,7,13,000,2023,07,15,5,3,5,3,0,,0,1,0,0,0,,"737237,870900000445545","5692692,076400000602007",12.406011248000027,51.33593544800004,3,,3,Südost,,,,3.0,,1,14230720148400496330,254098,0,1
14251,,,14,7,13,000,2023,07,17,5,3,6,4,0,,1,0,1,0,0,,"735041,073099999688566","5691039,781400000676513",12.373441221000064,51.322015942000064,4,,4,Süd,,,,4.0,,0,14230720148211515280,254099,0,1
14252,,,14,7,13,000,2023,07,14,5,3,0,3,0,,0,1,0,1,0,,"734357,491899999789894","5695314,602499999105930",12.366461341000047,51.36067063000007,9,,9,Nord,,,,9.0,,0,14230720148120627201,254100,1,1
14253,,,14,7,13,000,2023,07,11,4,3,0,1,0,,1,0,0,0,0,,"731198,268500000238419","5689211,700500000268221",12.317202251000026,51.30717982600004,5,,5,Südwest,,,,5.0,,0,14230719148310515320,254114,0,1
14254,,,14,7,13,000,2023,07,23,4,3,0,7,2,,1,0,0,0,0,,"732665,154400000348687","5691164,426799999549985",12.339484541000047,51.32411133200003,5,,5,Südwest,,,,5.0,,0,14230719148310496600,254115,1,1
14255,,,14,7,13,000,2023,07,07,4,3,1,5,0,,1,1,0,0,0,,"734745,229100000113249","5690785,265699999406934",12.369035421000035,51.31985342300004,4,,4,Süd,,,,4.0,,0,14230719148211527960,254116,0,1
14256,,,14,7,13,000,2023,07,20,4,3,0,1,2,,1,0,0,0,0,,"736687,908800000324845","5686999,125299999490380",12.394353585000033,51.28506346000006,4,,4,Süd,,,,4.0,,0,14230719148211497161,254117,0,1
14257,,,14,7,13,000,2023,07,13,4,3,5,3,0,,1,1,0,0,0,,"739939,374699999578297","5698063,224400000646710",12.448344029000054,51.38301179800004,1,,1,Nordost,,,,1.0,,0,14230719148110497980,254118,0,1
14258,,,14,7,13,000,2023,07,12,4,2,5,2,0,,1,0,0,0,0,,"732153,465800000354648","5690954,597899999469519",12.332016890000034,51.32243675900003,5,,5,Südwest,,,,5.0,,1,14230719144200509180,254120,0,1
14259,,,14,7,13,000,2023,07,14,4,3,5,3,0,,0,1,0,1,0,,"740187,500500000081956","5691720,377499999478459",12.447622182000032,51.325975768000035,2,,2,Ost,,,,2.0,,0,14230719144200491190,254123,0,1
14260,,,14,7,13,000,2023,07,09,3,3,2,6,0,,1,1,0,0,0,,"732353,746199999935925","5687548,176899999380112",12.332668134000073,51.29177627300004,5,,5,Südwest,,,,5.0,,0,14230718148310481190,254146,0,1
14261,,,14,7,13,000,2023,07,08,3,3,9,7,0,,0,1,0,0,0,,"733902,259899999946356","5695028,145700000226498",12.359745847000056,51.35828683100004,9,,9,Nord,,,,9.0,,0,14230718148110481160,254147,0,1
14262,,,14,7,13,000,2023,07,14,3,2,5,2,0,,1,1,0,0,0,,"738216,518400000408292","5694629,287900000810623",12.421330796000063,51.35291466000007,1,,1,Nordost,,,,1.0,,0,14230718144200608040,254148,0,1
14263,,,14,7,13,000,2023,07,19,3,2,5,3,0,,0,1,0,0,0,,"728536,574799999594688","5689941,412599999457598",12.27954760700004,51.31480539700004,6,,6,West,,,,6.0,,1,14230718144200497100,254149,0,1
14264,,,14,7,13,000,2023,07,10,2,3,6,7,0,,0,1,1,0,0,,"738651,233599999919534","5695146,187899999320507",12.427908957000056,51.35737191800007,1,,1,Nordost,,,,1.0,,0,14230717148110497150,254160,0,1
14265,,,14,7,13,000,2023,07,07,2,3,5,3,0,,1,1,0,0,0,,"735172,828399999998510","5693557,410599999129772",12.376990448000072,51.344560655000066,0,,0,Mitte,,,,0.0,,0,14230717144200491171,254161,0,1
14266,,,14,7,13,000,2023,07,18,1,3,0,3,0,,0,1,0,0,0,,"730183,280100000090897","5689967,083799999207258",12.30315274000003,51.31437224800004,5,,5,Südwest,,,,5.0,,1,14230716148310498500,254172,0,1
14267,,,14,7,13,000,2023,07,16,1,3,4,2,0,,0,1,0,0,0,,"736541,145999999716878","5690278,150499999523163",12.394425486000046,51.314557774000036,0,,0,Mitte,,,,0.0,,0,14230716148210480320,254173,0,1
14268,,,14,7,13,000,2023,07,12,7,3,4,2,0,,1,0,0,0,0,,"734834,106900000013411","5692993,891300000250340",12.37176399200007,51.33964229400004,0,,0,Mitte,,,,0.0,,0,14230715148410516400,254184,0,1
14269,,,14,7,13,000,2023,07,19,7,3,3,6,0,,0,1,0,0,0,,"737250,888399999588728","5692224,100999999791384",12.405886168000052,51.33172943100004,3,,3,Südost,,,,3.0,,1,14230715148410491290,254185,0,1
14270,,,14,7,13,000,2023,07,11,7,3,5,3,0,,1,1,0,0,0,,"729745,855999999679625","5689861,199999999254942",12.296818625000071,51.31359845700007,6,,6,West,,,,6.0,,0,14230715148310498520,254186,0,1
14271,,,14,7,13,000,2023,07,18,7,3,1,5,0,,1,1,0,0,0,,"731781,518600000068545","5690160,660000000149012",12.326172076000034,51.31546134000007,5,,5,Südwest,,,,5.0,,0,14230715148310491270,254187,0,1
14272,,,14,7,13,000,2023,07,23,7,3,0,1,2,,1,0,0,0,0,,"738045,056499999947846","5691366,670499999076128",12.416692569000077,51.32370134700005,3,,3,Südost,,,,3.0,,0,14230715148211491550,254188,1,1
14273,,,14,7,13,000,2023,07,14,7,3,1,5,0,,0,1,0,0,0,,"738300,628899999894202","5691186,601500000804663",12.420233463000045,51.321978072000036,3,,3,Südost,,,,3.0,,1,14230715148210606040,254189,0,1
14274,,,14,7,13,000,2023,07,23,7,2,0,1,2,,0,0,0,0,0,,"737841,243700000457466","5695037,134700000286102",12.416223875000071,51.356732632000046,1,,1,Nordost,,,,1.0,,1,14230715148110491240,254190,1,1
14275,,,14,7,13,000,2023,07,19,7,3,5,2,1,,0,1,0,0,0,,"734787,204800000414252","5692500,188799999654293",12.370766415000048,51.33522998700005,0,,0,Mitte,,,,0.0,,0,14230715144200480290,254191,0,1
14276,,,14,7,13,000,2023,07,21,6,3,0,7,2,,1,0,0,0,0,,"732604,656000000424683","5692213,732999999076128",12.339302628000041,51.333555388000036,7,,7,Alt-West,,,,7.0,,0,14230714148310498010,254204,0,1
14277,,,14,7,13,000,2023,07,15,6,3,2,6,0,,0,1,0,0,0,,"731522,813000000081956","5691624,219000000506639",12.323416646000055,51.32870481700007,7,,7,Alt-West,,,,7.0,,0,14230714148310480730,254205,0,1
14278,,,14,7,13,000,2023,07,19,6,3,4,6,0,,1,0,0,0,0,,"729916,962899999693036","5689893,801100000739098",12.29929063000003,51.31382202700007,6,,6,West,,,,6.0,,0,14230714148310479830,254207,0,1
14279,,,14,7,13,000,2023,07,19,6,3,1,5,0,,0,1,0,0,0,,"737440,112099999561906","5693003,183800000697374",12.409116666000045,51.33864356700008,2,,2,Ost,,,,2.0,,0,14230714148210498981,254208,0,1
14280,,,14,7,13,000,2023,07,18,6,3,2,6,0,,0,1,0,0,0,,"737754,316999999806285","5695327,797499999403954",12.415171917000066,51.35937798300006,1,,1,Nordost,,,,1.0,,0,14230714148110481140,254209,0,1
14281,,,14,7,13,000,2023,07,04,6,3,1,1,1,,0,1,0,0,0,,"734831,304899999871850","5696053,473300000652671",12.373742669000023,51.36710737100003,9,,9,Nord,,,,9.0,,1,14230714148110480090,254210,0,1
14282,,,14,7,13,000,2023,07,10,5,3,5,3,0,,1,1,0,0,0,,"737406,507000000216067","5693749,980000000447035",12.40913292700003,51.34536087300006,2,,2,Ost,,,,2.0,,0,14230713148410527980,254224,0,1
14283,,,14,7,13,000,2023,07,16,5,3,1,5,0,,1,1,0,0,0,,"732342,901700000278652","5690688,803500000387430",12.334557652000058,51.31997346300005,5,,5,Südwest,,,,5.0,,0,14230713148310491260,254225,0,1
14284,,,14,7,13,000,2023,07,16,5,3,1,5,0,,1,1,0,0,0,,"731870,589100000448525","5697302,759199999272823",12.332099666000033,51.37953802000004,8,,8,Nordwest,,,,8.0,,0,14230713148110497520,254226,0,1
14285,,,14,7,13,000,2023,07,11,5,3,6,4,0,,0,1,1,0,0,,"737950,674100000411272","5693729,557199999690056",12.416918560000056,51.34495007100003,2,,2,Ost,,,,2.0,,0,14230713144200479760,254228,0,1
14286,,,14,7,13,000,2023,07,15,5,3,2,6,0,,0,1,0,0,0,,"739728,520600000396371","5692619,166600000113249",12.441651414000034,51.33423666300007,2,,2,Ost,,,,2.0,,0,14230713144200471630,254229,0,1
14287,,,14,7,13,000,2023,07,08,4,3,5,3,0,,1,1,0,0,0,,"734810,254300000146031","5692557,734099999070168",12.371134643000062,51.335737022000046,0,,0,Mitte,,,,0.0,,0,14230712148410471100,254240,0,1
14288,,,14,7,13,000,2023,07,17,4,3,4,2,0,,1,1,0,0,0,,"727899,752100000157952","5693216,455700000748038",12.27251949500004,51.34446187100008,7,,7,Alt-West,,,,7.0,,0,14230712148310480110,254241,0,1
14289,,,14,7,13,000,2023,07,07,4,3,5,3,0,,0,1,0,1,0,,"730705,684899999760091","5697296,586899999529123",12.315385564000053,51.379957097000045,8,,8,Nordwest,,,,8.0,,0,14230712148110479810,254242,0,1
14290,,,14,7,13,000,2023,07,10,4,3,5,3,0,,1,1,0,0,0,,"736338,716699999757111","5692761,474999999627471",12.393172530000072,51.33693274400008,0,,0,Mitte,,,,0.0,,0,14230712145400479800,254243,0,1
14291,,,14,7,13,000,2023,07,12,3,3,0,1,0,,0,0,0,0,0,,"736140,390499999746680","5691627,737299999222159",12.38957914200006,51.326838430000066,0,,0,Mitte,,,,0.0,,1,14230711148415479860,254257,0,1
14292,,,14,7,13,000,2023,07,17,3,3,5,2,0,,1,1,0,0,0,,"737373,044300000183284","5693159,014699999243021",12.408259402000056,51.34007031200008,2,,2,Ost,,,,2.0,,0,14230711148410460160,254258,0,1
14293,,,14,7,13,000,2023,07,13,3,3,5,3,0,,0,1,0,0,0,,"730263,826899999752641","5691361,620400000363588",12.30520712200007,51.32685847100004,6,,6,West,,,,6.0,,1,14230711148310460140,254259,0,1
14294,,,14,7,13,000,2023,07,18,3,3,5,3,0,,0,1,0,0,0,,"735762,446999999694526","5693470,978000000119209",12.385384066000029,51.34354062300008,0,,0,Mitte,,,,0.0,,1,14230711145400498480,254260,0,1
14295,,,14,7,13,000,2023,07,20,3,3,1,1,0,,1,1,0,0,0,,"736683,503600000403821","5693866,328700000420213",12.398847660000058,51.34670668200005,2,,2,Ost,,,,2.0,,0,14230711144200515630,254261,0,1
14296,,,14,7,13,000,2023,07,08,3,2,1,5,0,,1,1,0,0,0,,"735381,478299999609590","5699230,235099999234080",12.383736474000045,51.39539502400004,9,,9,Nord,,,,9.0,,0,14230711144200498960,254262,0,1
14297,,,14,7,13,000,2023,07,19,1,3,1,7,0,,1,1,0,0,0,,"735839,756000000052154","5688947,175000000745058",12.383499492000055,51.30290156500007,4,,4,Süd,,,,4.0,,0,14230716148210480310,254264,0,1
14298,,,14,7,13,000,2023,07,10,2,3,5,6,0,,1,0,0,0,0,,"734718,379900000058115","5693029,822599999606609",12.370129142000053,51.34001260700006,0,,0,Mitte,,,,0.0,,0,14230710148410459920,254275,0,1
14299,,,14,7,13,000,2023,07,16,2,3,3,2,0,,1,1,0,0,0,,"732699,065200000070035","5692081,106000000610948",12.340568889000053,51.33232621900004,5,,5,Südwest,,,,5.0,,0,14230710148310515310,254276,0,1
14300,,,14,7,13,000,2023,07,08,2,2,8,1,0,,0,1,0,0,0,,"736739,288700000382960","5688624,538899999111891",12.396166471000072,51.29963222400005,4,,4,Süd,,,,4.0,,0,14230710144200470970,254278,0,1
14301,,,14,7,13,000,2023,07,19,2,3,2,6,0,,0,1,0,0,0,,"735037,897699999623001","5691502,423699999228120",12.373700755000073,51.32617011600007,0,,0,Mitte,,,,0.0,,0,14230710144200470950,254279,0,1
14302,,,14,7,13,000,2023,07,15,7,3,5,2,0,,1,0,0,0,0,,"736724,023799999617040","5689062,536000000312924",12.39623836900006,51.30357013100007,4,,4,Süd,,,,4.0,,1,14230708148210480340,254306,0,1
14303,,,14,7,13,000,2023,07,09,7,3,5,3,0,,1,1,0,0,0,,"738860,821100000292063","5689688,943499999120831",12.427255305000074,51.30830035000008,3,,3,Südost,,,,3.0,,0,14230708148210471650,254307,0,1
14304,,,14,7,13,000,2023,07,09,6,3,5,3,0,,1,1,0,0,0,,"729935,925300000235438","5693200,703600000590086",12.301695798000026,51.34350063100004,7,,7,Alt-West,,,,7.0,,0,14230707144200551540,254330,0,1
14305,,,14,7,13,000,2023,07,07,6,3,5,3,0,,0,1,0,0,0,,"735901,171299999579787","5694569,402599999681115",12.388100189000056,51.35334279800003,9,,9,Nord,,,,9.0,,1,14230707144200480710,254332,0,1
14306,,,14,7,13,000,2023,07,17,6,3,0,3,0,,1,0,0,0,0,,"736990,309100000187755","5693766,125399999320507",12.403178444000048,51.34567943600007,2,,2,Ost,,,,2.0,,0,14230707144200480700,254333,0,1
14307,,,14,7,13,000,2023,07,13,5,3,2,6,0,,1,0,0,0,1,,"732038,167299999855459","5690709,484799999743700",12.330205534000072,51.32028345800006,5,,5,Südwest,,,,5.0,,0,14230706148310459900,254353,0,1
14308,,,14,7,13,000,2023,07,13,5,3,0,1,0,,1,0,0,0,0,,"732641,338299999944866","5692647,662699999287724",12.340111648000061,51.337435638000045,7,,7,Alt-West,,,,7.0,,0,14230706148310459440,254354,0,1
14309,,,14,7,13,000,2023,07,16,1,3,0,1,0,,1,0,0,0,0,,"732576,035600000061095","5692084,857999999076128",12.338808376000031,51.33241021900005,7,,7,Alt-West,,,,7.0,,0,14230709148310459910,254355,0,1
14310,,,14,7,13,000,2023,07,15,5,2,0,1,0,,1,0,0,0,0,,"739946,524100000038743","5693284,318499999120831",12.445223127000077,51.34011494900005,2,,2,Ost,,,,2.0,,0,14230706148213458600,254356,0,1
14311,,,14,7,13,000,2023,07,07,5,3,4,2,0,,0,1,0,1,0,,"740263,412899999879301","5693902,255499999970198",12.450181169000075,51.345527540000035,2,,2,Ost,,,,2.0,,0,14230706148210480330,254357,0,1
14312,,,14,7,13,000,2023,07,11,5,3,3,2,0,,1,1,0,0,0,,"735097,519100000150502","5693971,798599999397993",12.37618468100004,51.34831149000007,0,,0,Mitte,,,,0.0,,0,14230706144200491200,254358,0,1
14313,,,14,7,13,000,2023,07,15,5,3,1,2,0,,1,1,0,0,0,,"735564,499599999748170","5692151,103199999779463",12.38167416500005,51.33177507600004,0,,0,Mitte,,,,0.0,,0,14230706144200454730,254359,0,1
14314,,,14,7,13,000,2023,07,17,4,3,4,2,0,,1,1,0,0,0,,"732401,750000000000000","5690886,052999999374151",12.335529267000027,51.32172009300007,5,,5,Südwest,,,,5.0,,0,14230705148310491280,254391,0,1
14315,,,14,7,13,000,2023,07,17,4,3,5,2,0,,1,1,0,0,0,,"730182,284500000067055","5689968,027699999511242",12.303139088000023,51.31438112400008,5,,5,Südwest,,,,5.0,,0,14230705148310459430,254392,0,1
14316,,,14,7,13,000,2023,07,16,4,3,9,1,0,,0,1,0,0,0,,"726834,567999999970198","5697667,055999999865890",12.260089255000025,51.384842598000034,8,,8,Nordwest,,,,8.0,,0,14230705148120454410,254393,0,1
14317,,,14,7,13,000,2023,07,21,4,3,3,6,2,,1,1,0,0,0,,"737345,305999999865890","5690233,130799999460578",12.405913584000075,51.31381890200004,3,,3,Südost,,,,3.0,,0,14230705143263454710,254394,0,1
14318,,,14,7,13,000,2023,07,09,3,3,1,6,0,,1,1,0,0,0,,"734992,076100000180304","5693919,032199999317527",12.374638427000036,51.34788143700007,0,,0,Mitte,,,,0.0,,0,14230704148410453770,254403,0,1
14319,,,14,7,13,000,2023,07,07,3,3,3,2,0,,1,1,0,0,0,,"733680,369900000281632","5697367,378299999982119",12.358101849000036,51.379376197000056,9,,9,Nord,,,,9.0,,0,14230704148110453680,254404,0,1
14320,,,14,7,13,000,2023,07,07,3,3,5,2,0,,1,1,0,0,0,,"742291,797500000335276","5694031,343499999493361",12.479339181000057,51.34582536900007,2,,2,Ost,,,,2.0,,0,14230704144200566730,254407,0,1
14321,,,14,7,13,000,2023,07,19,3,3,5,3,0,,1,1,0,0,0,,"735964,928700000047684","5688506,654500000178814",12.385000737000041,51.29889544900004,4,,4,Süd,,,,4.0,,0,14230704144200458950,254409,0,1
14322,,,14,7,13,000,2023,07,07,2,3,5,3,0,,1,1,0,0,0,,"736976,319799999706447","5693017,876800000667572",12.402480025000045,51.33896891100005,2,,2,Ost,,,,2.0,,0,14230703148410459030,254418,0,1
14323,,,14,7,13,000,2023,07,10,2,3,5,3,0,,0,1,0,1,0,,"729913,277499999850988","5693411,400100000202656",12.301507220000076,51.34540121900005,7,,7,Alt-West,,,,7.0,,0,14230703148310479840,254419,0,1
14324,,,14,7,13,000,2023,07,10,2,3,6,1,0,,1,0,1,0,0,,"728003,514600000344217","5690556,852600000798702",12.272304974000065,51.32054420700007,6,,6,West,,,,6.0,,0,14230703148310453710,254420,0,1
14325,,,14,7,13,000,2023,07,16,2,3,5,2,0,,1,1,0,0,0,,"732549,144000000320375","5691994,773299999535084",12.338364238000054,51.331612549000056,5,,5,Südwest,,,,5.0,,0,14230703148310453120,254421,0,1