UNFALL_ID,FID_left,OBJECTID,ULAND,UREGBEZ,UKREIS,UGEMEINDE,UJAHR,UMONAT,USTUNDE,UWOCHENTAG,UKATEGORIE,UART,UTYP1,ULICHTVERH,IstStrasse,IstRad,IstPKW,IstFuss,IstKrad,IstGkfz,IstSonstig,LINREFX,LINREFY,XGCSWGS84,YGCSWGS84,index_right,FID_right,SBZ,Name,UIDENTSTLA,LICHT,STRZUSTAND,FID,OBJECTID_1,IstSonstige,UIDENTSTLAE,OID_,IstStrassenzustand,PLST
14326,,,14,7,13,000,2023,07,08,2,3,3,2,0,,0,1,0,0,0,,"735471,009600000455976","5691979,342100000008941",12.380221069000072,51.330272001000026,0,,0,Mitte,,,,0.0,,1,14230703148211498000,254422,0,1
14327,,,14,7,13,000,2023,07,17,2,3,6,4,0,,1,0,1,0,0,,"735076,318900000303984","5690257,869200000539422",12.373430707000068,51.314982619000034,4,,4,Süd,,,,4.0,,0,14230703148210459410,254423,0,1
14328,,,14,7,13,000,2023,07,15,1,3,3,6,0,,0,1,0,0,0,,"737839,198099999688566","5693800,828900000080466",12.415368451000063,51.34563644900004,2,,2,Ost,,,,2.0,,0,14230702144200452390,254445,0,1
14329,,,14,7,13,000,2023,08,06,4,3,5,3,0,,0,1,0,0,0,,"735761,971499999985099","5692889,988800000399351",12.384992649000026,51.338325706000035,0,,0,Mitte,,,,0.0,,0,14230802148410585490,254448,0,1
14330,,,14,7,13,000,2023,07,21,7,2,0,1,2,,1,0,0,0,0,,"732576,433699999935925","5692086,258799999952316",12.338814995000064,51.33242263000005,7,,7,Alt-West,,,,7.0,,0,14230701148310454440,254460,1,1
14331,,,14,7,13,000,2023,07,23,7,3,0,1,2,,0,0,0,0,0,,"730570,107900000177324","5693841,943299999460578",12.311201122000057,51.34900017600006,7,,7,Alt-West,,,,7.0,,1,14230701148310452060,254461,1,1
14332,,,14,7,13,000,2023,07,16,7,3,1,5,0,,1,1,0,0,0,,"738819,462500000372529","5691888,579900000244379",12.428136068000072,51.32806143600004,2,,2,Ost,,,,2.0,,0,14230701148210454430,254462,0,1
14333,,,14,7,13,000,2023,07,22,7,3,8,1,2,,0,0,0,1,0,,"733337,438900000415742","5695809,229399999603629",12.352160114000071,51.365530464000074,8,,8,Nordwest,,,,8.0,,0,14230701144200452401,254463,1,1
14334,,,14,7,13,000,2023,07,14,4,2,0,7,0,,1,0,0,0,0,,"734841,844299999997020","5692992,482000000774860",12.371873951000055,51.33962644800005,0,,0,Mitte,,,,0.0,,0,14230712145400491230,254467,0,1
14335,,,14,7,13,000,2023,06,16,6,3,5,2,0,,1,1,0,0,0,,"737185,785500000230968","5693907,347400000318885",12.40607423800003,51.34686553700004,2,,2,Ost,,,,2.0,,0,14230630148410515330,254475,0,1
14336,,,14,7,13,000,2023,06,16,6,3,5,3,0,,1,1,0,0,0,,"737418,390499999746680","5692087,663200000301003",12.408195300000045,51.330434868000054,3,,3,Südost,,,,3.0,,0,14230630148410498020,254476,1,1
14337,,,14,7,13,000,2023,06,07,6,3,5,2,0,,1,1,0,0,0,,"733440,503499999642372","5693374,501099999994040",12.352040900000077,51.34363267600003,0,,0,Mitte,,,,0.0,,0,14230630148410451700,254477,0,1
14338,,,14,7,13,000,2023,06,15,6,3,6,4,0,,0,1,1,0,0,,"734846,342299999669194","5691805,675200000405312",12.371156120000023,51.32897133300003,0,,0,Mitte,,,,0.0,,0,14230630148320459000,254478,0,1
14339,,,14,7,13,000,2023,06,07,6,3,0,7,0,,1,0,0,0,0,,"738041,843299999833107","5695023,390200000256300",12.419090479000033,51.35652527500008,1,,1,Nordost,,,,1.0,,0,14230630148110454400,254479,0,1
14340,,,14,7,13,000,2023,06,06,6,2,5,3,0,,1,0,0,0,0,,"730748,553000000305474","5685497,162000000476837",12.308361601000058,51.27401672800005,5,,5,Südwest,,,,5.0,,1,14230630144200451580,254480,0,1
14341,,,14,7,13,000,2023,07,09,5,3,3,6,0,,1,1,0,0,0,,"735936,806900000199676","5692138,726900000125170",12.387000655000065,51.33150967600005,0,,0,Mitte,,,,0.0,,1,14230713148410471680,254481,0,1
14342,,,14,7,13,000,2023,06,14,5,3,5,2,0,,1,1,0,0,0,,"734999,202800000086427","5692263,688400000333786",12.373648352000032,51.33301951300007,0,,0,Mitte,,,,0.0,,0,14230629148421434390,254500,0,1
14343,,,14,7,13,000,2023,06,07,5,3,2,2,0,,0,1,0,0,0,,"735263,223699999973178","5695213,978499999269843",12.379381055000067,51.359393123000075,0,,0,Mitte,,,,0.0,,0,14230629148410434380,254501,0,1
14344,,,14,7,13,000,2023,06,14,5,3,3,2,0,,1,1,0,0,0,,"731174,680999999865890","5691913,366200000047684",12.318615928000042,51.33144204100006,7,,7,Alt-West,,,,7.0,,0,14230629148310451650,254502,0,1
14345,,,14,7,13,000,2023,06,10,5,3,2,6,0,,0,1,0,0,0,,"734042,152800000272691","5696731,263499999418855",12.362872356000025,51.37351716900008,9,,9,Nord,,,,9.0,,0,14230629148110451620,254503,0,1
14346,,,14,7,13,000,2023,06,15,5,3,1,5,0,,1,1,0,0,0,,"734173,284699999727309","5696454,195000000298023",12.364570551000043,51.37097603800004,9,,9,Nord,,,,9.0,,0,14230629144200544680,254504,0,1
14347,,,14,7,13,000,2023,06,10,5,2,2,6,0,,0,1,0,1,0,,"739857,802199999801815","5694689,485099999234080",12.44489833800003,51.352764739000065,2,,2,Ost,,,,2.0,,0,14230629144200453060,254505,1,1
14348,,,14,7,13,000,2023,08,12,4,3,5,3,0,,1,1,0,0,0,,"736767,281200000084937","5693043,911399999633431",12.399501652000026,51.33928967400004,2,,2,Ost,,,,2.0,,0,14230802148410565610,254507,0,1
14349,,,14,7,13,000,2023,07,15,3,2,5,3,0,,0,1,0,0,0,,"736878,178799999877810","5695948,862999999895692",12.403024279000022,51.36531860600007,1,,1,Nordost,,,,1.0,,1,14230711144200470990,254520,0,1
14350,,,14,7,13,000,2023,06,17,4,3,5,3,0,,1,0,0,0,0,,"735736,150100000202656","5695358,838700000196695",12.386257552000075,51.36049742900008,9,,9,Nord,,,,9.0,,0,14230628148422453790,254523,0,1
14351,,,14,7,13,000,2023,06,15,4,3,6,7,0,,0,1,1,0,0,,"737031,301199999637902","5694043,764000000432134",12.403950817000066,51.34815445500004,2,,2,Ost,,,,2.0,,0,14230628148410452080,254524,0,1
14352,,,14,7,13,000,2023,06,10,4,3,2,2,0,,0,1,0,0,0,,"734794,795300000347197","5692479,084400000050664",12.370861279000053,51.33503741200008,0,,0,Mitte,,,,0.0,,0,14230628148410433660,254525,0,1
14353,,,14,7,13,000,2023,06,13,4,3,3,6,0,,1,1,0,0,0,,"731783,844600000418723","5696491,135999999940395",12.330326083000045,51.372287724000046,8,,8,Nordwest,,,,8.0,,0,14230628148110451610,254527,0,1
14354,,,14,7,13,000,2023,06,06,4,3,5,3,0,,1,1,0,0,0,,"735837,827600000426173","5694974,755100000649691",12.387460771000065,51.35700762000005,9,,9,Nord,,,,9.0,,0,14230628148110433590,254528,0,1
14355,,,14,7,13,000,2023,06,14,4,2,6,1,0,,0,1,1,0,0,,"731859,188599999994040","5690150,819800000637770",12.32727826300004,51.315341370000056,5,,5,Südwest,,,,5.0,,0,14230628144200453640,254529,0,1
14356,,,14,7,13,000,2023,06,09,4,2,4,2,0,,0,1,0,1,0,,"731963,200199999846518","5690978,595499999821186",12.329306640000027,51.32272977900004,5,,5,Südwest,,,,5.0,,0,14230628144200434340,254530,0,1
14357,,,14,7,13,000,2023,06,08,4,3,3,6,0,,1,0,0,0,1,,"735245,866100000217557","5695209,378000000491738",12.37912915000004,51.35935901400006,0,,0,Mitte,,,,0.0,,0,14230628144200433580,254531,0,1
14358,,,14,7,13,000,2023,07,07,2,3,1,1,0,,0,1,0,0,0,,"734978,923700000159442","5694064,062899999320507",12.374545632000036,51.349188721000075,0,,0,Mitte,,,,0.0,,0,14230703148410453140,254543,0,1
14359,,,14,7,13,000,2023,06,15,3,3,0,1,0,,1,0,0,0,0,,"734044,694899999536574","5693039,369799999520183",12.360480412000072,51.340375986000026,0,,0,Mitte,,,,0.0,,0,14230627148410433640,254552,0,1
14360,,,14,7,13,000,2023,06,19,3,3,0,1,1,,0,0,0,1,0,,"735093,019799999892712","5689777,069099999964237",12.373353061000046,51.310659857000076,4,,4,Süd,,,,4.0,,0,14230627148210453110,254553,1,1
14361,,,14,7,13,000,2023,06,07,3,3,3,6,0,,1,1,0,0,0,,"739862,622600000351667","5692312,012800000607967",12.443366145000027,51.33142319500007,2,,2,Ost,,,,2.0,,0,14230627144200453070,254555,0,1
14362,,,14,7,13,000,2023,06,09,3,2,2,6,0,,0,1,0,0,0,,"735342,737999999895692","5690884,986600000411272",12.377660641000034,51.320501758000034,4,,4,Süd,,,,4.0,,0,14230627144200434330,254556,0,1
14363,,,14,7,13,000,2023,06,20,3,2,6,7,1,,0,1,1,0,0,,"736372,376500000245869","5688677,945000000298023",12.390948159000061,51.30026402800007,4,,4,Süd,,,,4.0,,1,14230627144200434310,254559,1,1
14364,,,14,7,13,000,2023,06,18,3,3,2,6,0,,0,1,0,0,0,,"734196,699000000022352","5692903,163300000131130",12.362569335000046,51.33909074800005,0,,0,Mitte,,,,0.0,,1,14230627144100434280,254560,1,1
14365,,,14,7,13,000,2023,07,17,3,3,5,2,0,,1,0,0,0,0,,"734187,779000000096858","5692883,635800000280142",12.362428660000035,51.33891913300005,0,,0,Mitte,,,,0.0,,1,14230704148310471080,254572,0,1
14366,,,14,7,13,000,2023,06,18,2,3,5,3,0,,1,1,0,0,0,,"733447,500500000081956","5693997,640599999576807",12.352549775000057,51.349223454000025,0,,0,Mitte,,,,0.0,,0,14230626148415452470,254578,0,1
14367,,,14,7,13,000,2023,06,09,2,3,2,6,0,,1,1,0,0,0,,"734749,585400000214577","5693859,470300000160933",12.371123304000037,51.34744697200006,0,,0,Mitte,,,,0.0,,0,14230626148310420370,254579,0,1
14368,,,14,7,13,000,2023,06,17,2,2,0,3,0,,0,1,0,1,0,,"733186,134999999776483","5691955,334300000220537",12.347466036000071,51.33099774100003,5,,5,Südwest,,,,5.0,,0,14230626144200498950,254580,0,1
14369,,,14,7,13,000,2023,06,08,2,3,6,4,0,,0,1,1,0,0,,"731979,691100000403821","5696392,773900000378489",12.33307075700003,51.37132480200006,8,,8,Nordwest,,,,8.0,,0,14230626144200420340,254581,0,1
14370,,,14,7,13,000,2023,07,09,2,2,5,7,0,,1,0,0,0,0,,"735289,495799999684095","5694099,531799999997020",12.379020897000032,51.349378638000076,0,,0,Mitte,,,,0.0,,0,14230703144200627541,254594,0,1
14371,,,14,7,13,000,2023,06,15,1,3,5,3,0,,1,0,0,0,0,,"735288,293499999679625","5693684,197000000625849",12.378729169000053,51.34565095900007,0,,0,Mitte,,,,0.0,,1,14230625148410491580,254601,0,1
14372,,,14,7,13,000,2023,06,21,1,3,1,5,0,,1,1,0,0,0,,"731935,487700000405312","5693142,397199999541044",12.330318086000034,51.34216507300005,7,,7,Alt-West,,,,7.0,,0,14230625148310419840,254602,0,1
14373,,,14,7,13,000,2023,06,19,1,3,1,1,0,,0,1,0,0,0,,"736789,129599999636412","5687264,877199999988079",12.395978596000077,51.287406858000054,4,,4,Süd,,,,4.0,,1,14230625144200560281,254603,0,1
14374,,,14,7,13,000,2023,06,13,7,3,1,7,0,,0,1,0,0,0,,"727675,156000000424683","5690401,942999999970198",12.267501692000053,51.31928500300006,6,,6,West,,,,6.0,,0,14230624148310419540,254616,0,1
14375,,,14,7,13,000,2023,06,00,7,3,5,3,2,,1,1,0,0,0,,"740595,139999999664724","5700202,187000000849366",12.459199327000022,51.40193256400005,1,,1,Nordost,,,,1.0,,0,14230624148110419480,254617,0,1
14376,,,14,7,13,000,2023,06,13,7,3,5,3,0,,0,1,0,0,0,,"734477,521599999628961","5693079,900800000876188",12.366710237000063,51.340561499000046,0,,0,Mitte,,,,0.0,,1,14230624144200419460,254618,0,1
14377,,,14,7,13,000,2023,06,01,6,3,7,7,2,,1,0,0,0,0,,"735072,093799999915063","5690415,327500000596046",12.373473967000052,51.31639777500004,4,,4,Süd,,,,4.0,,0,14230623148410453130,254627,1,1
14378,,,14,7,13,000,2023,06,20,6,3,0,1,1,,0,0,0,1,0,,"735020,471900000236928","5695109,322300000116229",12.37583147500004,51.358554146000074,0,,0,Mitte,,,,0.0,,0,14230623148410433630,254628,1,1
14379,,,14,7,13,000,2023,06,14,6,3,5,2,0,,0,1,0,0,0,,"735443,955299999564886","5693208,432700000703335",12.380645721000064,51.34131591200003,0,,0,Mitte,,,,0.0,,1,14230623144200420330,254630,1,1
14380,,,14,7,13,000,2023,06,15,6,3,0,1,0,,1,0,0,0,0,,"735235,393099999986589","5689609,671800000593066",12.375281805000043,51.30909841400006,4,,4,Süd,,,,4.0,,0,14230623144200419180,254632,1,1
14381,,,14,7,13,000,2023,06,16,6,3,0,1,0,,1,0,0,0,0,,"735414,923399999737740","5689747,792099999263883",12.377944132000039,51.31026402100008,4,,4,Süd,,,,4.0,,0,14230623144200419170,254633,1,1
14382,,,14,7,13,000,2023,06,11,5,3,6,4,0,,1,0,1,0,0,,"735001,792799999937415","5692238,897800000384450",12.373669114000052,51.33279591300004,0,,0,Mitte,,,,0.0,,0,14230622148410545220,254647,0,1
14383,,,14,7,13,000,2023,06,15,5,3,5,2,0,,1,1,0,0,0,,"736338,551699999719858","5692059,006200000643730",12.392704202000061,51.33062730800003,0,,0,Mitte,,,,0.0,,0,14230622148410411600,254648,0,1
14384,,,14,7,13,000,2023,06,10,5,2,1,5,0,,1,1,0,0,0,,"732943,303000000305474","5690061,453099999576807",12.342749049000076,51.31409646900005,5,,5,Südwest,,,,5.0,,0,14230622148310452460,254649,0,1
14385,,,14,7,13,000,2023,06,07,5,3,5,2,0,,0,1,0,0,0,,"730840,600999999791384","5686049,951999999582767",12.310035958000071,51.27894188300007,5,,5,Südwest,,,,5.0,,1,14230622148310452450,254650,0,1
14386,,,14,7,13,000,2023,06,08,5,3,5,2,0,,0,1,0,0,0,,"730748,553000000305474","5685497,162000000476837",12.308361601000058,51.27401672800005,5,,5,Südwest,,,,5.0,,0,14230622148310433610,254651,0,1
14387,,,14,7,13,000,2023,06,17,5,3,0,5,0,,1,1,0,0,0,,"739185,684100000187755","5695337,190199999138713",12.435699228000033,51.35886162500003,1,,1,Nordost,,,,1.0,,0,14230622148110451070,254652,0,1
14388,,,14,7,13,000,2023,06,16,5,3,5,2,0,,1,1,0,0,0,,"735640,311800000257790","5696704,067399999126792",12.385774819000062,51.37261225800006,9,,9,Nord,,,,9.0,,0,14230622148110419490,254653,1,1
14389,,,14,7,13,000,2023,06,00,5,3,3,6,2,,1,1,0,0,0,,"733523,088999999687076","5692218,278599999845028",12.352466567000022,51.33321985100008,0,,0,Mitte,,,,0.0,,0,14230622144200411610,254654,0,1
14390,,,14,7,13,000,2023,06,12,5,2,0,1,0,,1,0,0,0,0,,"735459,829199999570847","5693291,269500000402331",12.380927990000032,51.34205290700004,0,,0,Mitte,,,,0.0,,0,14230622144100459860,254655,0,1
14391,,,14,7,13,000,2023,06,07,4,3,0,7,0,,1,0,0,0,0,,"735038,450699999928474","5691417,375499999150634",12.373652599000025,51.32540646100006,0,,0,Mitte,,,,0.0,,0,14230621148410410990,254669,1,1
14392,,,14,7,13,000,2023,06,14,4,3,3,5,0,,1,1,0,0,0,,"735528,080400000326335","5689500,688200000673532",12.379401662000078,51.307999117000065,4,,4,Süd,,,,4.0,,0,14230621148222410960,254670,0,1
14393,,,14,7,13,000,2023,06,16,4,3,5,2,0,,1,1,0,0,0,,"734643,398500000126660","5693490,739299999549985",12.36935823500005,51.34418093100004,0,,0,Mitte,,,,0.0,,0,14230621144200420380,254671,0,1
14394,,,14,7,13,000,2023,06,12,4,3,4,1,0,,0,1,0,0,0,,"738371,026600000448525","5690899,904999999329448",12.421050258000037,51.31937520900004,3,,3,Südost,,,,3.0,,1,14230621144200411511,254672,0,1
14395,,,14,7,13,000,2023,06,17,6,3,4,7,0,,1,1,0,0,0,,"734972,183699999935925","5694505,539100000634789",12.374740460000055,51.35315435100006,0,,0,Mitte,,,,0.0,,0,14230623148410419220,254683,1,1
14396,,,14,7,13,000,2023,07,12,6,3,6,4,0,,0,1,1,0,0,,"736637,989900000393391","5688136,439200000837445",12.39439251500005,51.295293024000046,4,,4,Süd,,,,4.0,,0,14230707148210458590,254687,0,1
14397,,,14,7,13,000,2023,06,15,3,3,5,3,0,,1,1,0,0,0,,"735963,926799999549985","5688506,410900000482798",12.384986230000038,51.29889367700008,4,,4,Süd,,,,4.0,,0,14230620148210419190,254696,0,1
14398,,,14,7,13,000,2023,06,06,3,3,3,6,0,,0,1,0,0,0,,"739697,962000000290573","5692216,786000000312924",12.44094287200005,51.33063787200007,2,,2,Ost,,,,2.0,,1,14230620148210411550,254697,0,1
14399,,,14,7,13,000,2023,06,07,3,3,5,3,0,,1,1,0,0,0,,"730161,023500000126660","5694135,948499999940395",12.305526906000068,51.351805238000054,7,,7,Alt-West,,,,7.0,,0,14230620148210400210,254698,0,1
14400,,,14,7,13,000,2023,06,17,3,2,1,5,0,,0,1,0,0,0,,"734902,083100000396371","5693005,852099999785423",12.37274607300003,51.33972158300003,0,,0,Mitte,,,,0.0,,1,14230620144200433570,254700,0,1
14401,,,14,7,13,000,2023,07,08,6,3,1,5,0,,1,1,0,0,0,,"740065,383799999952316","5698478,286199999973178",12.450431951000041,51.38668395900004,1,,1,Nordost,,,,1.0,,0,14230707148110471060,254701,0,1
14402,,,14,7,13,000,2023,06,22,4,2,5,3,2,,1,1,0,0,0,,"730583,531299999915063","5691541,099099999293685",12.309904059000075,51.32834015700007,7,,7,Alt-West,,,,7.0,,0,14230628148310433620,254715,0,1
14403,,,14,7,13,000,2023,06,18,2,3,2,2,0,,0,1,0,0,0,,"736467,582399999722838","5692215,790300000458956",12.394657024000026,51.33198100900006,0,,0,Mitte,,,,0.0,,0,14230619148410453150,254720,0,1
14404,,,14,7,13,000,2023,06,08,2,3,5,2,2,,0,1,0,0,0,,"738812,512000000104308","5696081,026000000536442",12.430848635000075,51.36569510000004,1,,1,Nordost,,,,1.0,,1,14230619148110400200,254722,0,1
14405,,,14,7,13,000,2023,06,16,2,3,3,6,0,,1,1,0,0,0,,"734817,433000000193715","5692208,230000000447035",12.371007167000073,51.33259676600005,0,,0,Mitte,,,,0.0,,0,14230619144200400090,254723,0,1
14406,,,14,7,13,000,2023,06,09,1,3,0,7,0,,1,0,0,0,0,,"730748,553000000305474","5685497,162000000476837",12.308361601000058,51.27401672800005,5,,5,Südwest,,,,5.0,,0,14230618148310399780,254733,0,1
14407,,,14,7,13,000,2023,06,19,1,3,1,1,0,,0,1,0,0,0,,"736268,887199999764562","5696238,167099999263883",12.394479840000031,51.368169152000064,9,,9,Nord,,,,9.0,,0,14230618148120410910,254735,0,1
14408,,,14,7,13,000,2023,06,21,1,3,5,3,1,,1,0,0,0,0,,"735545,448499999940395","5697393,452700000256300",12.384871192000048,51.378839679000066,9,,9,Nord,,,,9.0,,1,14230618145400509190,254736,0,1
14409,,,14,7,13,000,2023,07,17,1,3,7,1,0,,1,0,0,0,0,,"730607,439799999818206","5690705,581100000068545",12.309706134000066,51.32083003500003,5,,5,Südwest,,,,5.0,,0,14230702148310453720,254737,0,1
14410,,,14,7,13,000,2023,06,10,1,3,0,1,0,,0,0,0,1,0,,"734510,322800000198185","5691447,090800000354648",12.366105660000073,51.325891134000074,0,,0,Mitte,,,,0.0,,0,14230618144200452010,254738,0,1
14411,,,14,7,13,000,2023,06,20,1,3,0,7,1,,1,0,0,0,0,,"734088,637099999934435","5696245,799900000914931",12.363219392000076,51.36914028600006,9,,9,Nord,,,,9.0,,0,14230618144200399690,254739,0,1
14412,,,14,7,13,000,2023,06,22,7,3,6,4,2,,0,0,1,1,0,,"735561,918800000101328","5692941,123900000005960",12.38215955000004,51.33886761200006,0,,0,Mitte,,,,0.0,,0,14230617148410459020,254747,0,1
14413,,,14,7,13,000,2023,06,11,7,3,5,2,0,,0,1,0,1,0,,"728537,030000000260770","5689940,007999999448657",12.279553228000054,51.31479260500004,6,,6,West,,,,6.0,,0,14230617148310458610,254748,0,1
14414,,,14,7,13,000,2023,06,23,3,3,0,7,1,,1,0,0,0,0,,"735757,473199999891222","5693470,560699999332428",12.385312504000069,51.34353894000003,0,,0,Mitte,,,,0.0,,0,14230620148410451710,254752,0,1
14415,,,14,7,13,000,2023,06,17,5,3,0,7,0,,1,0,0,0,0,,"735315,430399999953806","5693448,833100000396371",12.378962582000042,51.34352702600006,0,,0,Mitte,,,,0.0,,0,14230629148400480890,254764,0,1
14416,,,14,7,13,000,2023,06,21,6,3,1,5,2,,1,1,0,0,0,,"735053,897800000384450","5690635,234500000253320",12.373358266000025,51.31837926600008,4,,4,Süd,,,,4.0,,0,14230616148210398520,254766,0,1
14417,,,14,7,13,000,2023,06,18,6,3,5,2,0,,1,1,0,0,0,,"737136,654400000348687","5694428,070699999108911",12.405716917000063,51.35156007900008,1,,1,Nordost,,,,1.0,,0,14230616144200552100,254767,0,1
14418,,,14,7,13,000,2023,06,09,6,3,5,3,0,,1,1,0,0,0,,"742273,246000000275671","5694563,003799999132752",12.479435117000037,51.350605124000026,2,,2,Ost,,,,2.0,,0,14230616144200434360,254768,0,1
14419,,,14,7,13,000,2023,06,23,6,3,6,4,2,,1,0,1,0,0,,"732612,775799999944866","5692302,830199999734759",12.339477154000065,51.33435186600008,7,,7,Alt-West,,,,7.0,,0,14230616144200398500,254769,0,1
14420,,,14,7,13,000,2023,06,14,6,3,3,5,0,,1,1,0,0,0,,"736901,369199999608099","5693190,695399999618530",12.401520875000074,51.34055138000008,2,,2,Ost,,,,2.0,,0,14230616143263399670,254772,0,1
14421,,,14,7,13,000,2023,06,13,5,3,6,4,0,,0,0,1,0,0,,"736862,325199999846518","5692705,194299999624491",12.40063848400007,51.33620972600005,3,,3,Südost,,,,3.0,,1,14230615148421398550,254787,0,1
14422,,,14,7,13,000,2023,06,08,5,3,5,3,0,,0,1,0,0,0,,"736063,123900000005960","5693599,571799999102950",12.389778719000049,51.34457015300006,0,,0,Mitte,,,,0.0,,1,14230615148410433650,254788,0,1
14423,,,14,7,13,000,2023,06,16,5,3,6,4,0,,0,0,1,0,1,,"737020,692099999636412","5692993,107100000604987",12.403099428000075,51.338728083000035,2,,2,Ost,,,,2.0,,0,14230615148410411000,254789,0,1
14424,,,14,7,13,000,2023,06,15,5,3,3,6,0,,1,0,0,0,0,,"735102,630400000140071","5694947,052500000223517",12.376902175000055,51.35706357600003,0,,0,Mitte,,,,0.0,,0,14230615148410400240,254790,0,1
14425,,,14,7,13,000,2023,06,07,5,3,2,6,0,,0,1,0,1,0,,"736001,040000000037253","5693707,234999999403954",12.38896025200006,51.34556233600006,0,,0,Mitte,,,,0.0,,0,14230615148410398850,254791,0,1
14426,,,14,7,13,000,2023,06,19,5,3,0,1,0,,1,0,0,0,0,,"733133,324300000444055","5691724,354199999943376",12.346558204000075,51.32894596300008,5,,5,Südwest,,,,5.0,,0,14230615148310451670,254792,0,1
14427,,,14,7,13,000,2023,06,17,5,3,6,4,0,,1,0,1,0,0,,"732265,067200000397861","5691211,044099999591708",12.333782835000022,51.32469327200005,5,,5,Südwest,,,,5.0,,0,14230615148310398530,254794,0,1
14428,,,14,7,13,000,2023,06,16,5,3,5,3,0,,0,0,0,1,0,,"741231,463200000114739","5692650,852900000289083",12.46320761000004,51.33388562200008,2,,2,Ost,,,,2.0,,1,14230615148210419830,254795,0,1
14429,,,14,7,13,000,2023,06,12,5,3,0,1,0,,1,0,0,0,0,,"735336,248100000433624","5689540,853800000622869",12.376680839000073,51.30843899200005,4,,4,Süd,,,,4.0,,0,14230615148210419820,254796,0,1
14430,,,14,7,13,000,2023,06,15,5,3,2,6,0,,0,0,0,0,0,,"735109,418899999931455","5694920,831199999898672",12.376982174000034,51.35682539700008,0,,0,Mitte,,,,0.0,,1,14230615144200399130,254799,0,1
14431,,,14,7,13,000,2023,06,11,5,2,1,5,0,,1,1,0,0,0,,"731547,130900000222027","5698653,946499999612570",12.328340577000063,51.39179924600006,8,,8,Nordwest,,,,8.0,,0,14230615144200398480,254800,0,1
14432,,,14,7,13,000,2023,06,07,5,3,1,5,0,,1,0,0,0,0,,"737166,392900000326335","5694971,553899999707937",12.406505393000032,51.35642600500006,1,,1,Nordost,,,,1.0,,1,14230615144200398470,254801,0,1
14433,,,14,7,13,000,2023,06,16,5,3,5,2,0,,1,0,0,0,0,,"734784,719600000418723","5692740,487900000065565",12.37088917400007,51.33738803600005,0,,0,Mitte,,,,0.0,,1,14230615144200398460,254802,0,1
14434,,,14,7,13,000,2023,06,17,4,3,0,1,0,,1,0,0,0,0,,"732608,800999999977648","5692288,970000000670552",12.339411145000042,51.334229073000074,7,,7,Alt-West,,,,7.0,,0,14230614148310398830,254814,0,1
14435,,,14,7,13,000,2023,06,16,4,3,3,5,0,,1,1,0,0,0,,"734937,118700000457466","5692869,580900000408292",12.373158297000032,51.33848388600006,0,,0,Mitte,,,,0.0,,0,14230614148221399770,254815,0,1
14436,,,14,7,13,000,2023,06,16,4,3,5,2,0,,0,1,0,1,0,,"738402,970999999903142","5691236,936000000685453",12.421733184000061,51.322387003000074,3,,3,Südost,,,,3.0,,0,14230614148210399760,254816,0,1
14437,,,14,7,13,000,2023,06,07,4,3,5,3,0,,1,1,0,0,0,,"736003,757399999536574","5693216,744599999859929",12.388674129000037,51.34115845400004,0,,0,Mitte,,,,0.0,,0,14230614148210389970,254817,0,1
14438,,,14,7,13,000,2023,06,14,4,3,5,3,0,,1,1,0,0,0,,"742908,655100000090897","5685714,135500000789762",12.482517818000076,51.270912096000075,3,,3,Südost,,,,3.0,,0,14230614144200389860,254818,0,1
14439,,,14,7,13,000,2023,06,10,4,3,2,2,0,,0,1,0,0,0,,"740089,783499999903142","5693925,462700000032783",12.447708349000038,51.34580918800003,2,,2,Ost,,,,2.0,,0,14230614144200389820,254819,0,1
14440,,,14,7,13,000,2023,06,14,4,3,6,2,0,,0,1,1,0,0,,"729982,374800000339746","5694279,589700000360608",12.303058588000056,51.35316701800008,7,,7,Alt-West,,,,7.0,,0,14230614144000398540,254820,0,1
14441,,,14,7,13,000,2023,07,12,5,3,0,1,0,,0,0,0,1,0,,"728951,560399999842048","5690769,551500000059605",12.28602393500006,51.32207298800006,6,,6,West,,,,6.0,,0,14230713148310509200,254831,0,1
14442,,,14,7,13,000,2023,06,17,3,3,5,2,0,,1,1,0,0,0,,"735318,726999999955297","5692590,051300000399351",12.378442445000076,51.33581695400005,0,,0,Mitte,,,,0.0,,0,14230613148410433670,254840,0,1
14443,,,14,7,13,000,2023,06,13,3,3,5,3,0,,1,1,0,0,0,,"735792,960799999535084","5695152,159399999305606",12.386935103000042,51.35861865900006,9,,9,Nord,,,,9.0,,0,14230613144200453660,254842,0,1
14444,,,14,7,13,000,2023,06,16,3,3,2,6,0,,0,1,0,0,0,,"736831,841400000266731","5695885,818399999290705",12.402317868000068,51.36477203100003,1,,1,Nordost,,,,1.0,,0,14230613144200389900,254843,0,1