UNFALL_ID,FID_left,OBJECTID,ULAND,UREGBEZ,UKREIS,UGEMEINDE,UJAHR,UMONAT,USTUNDE,UWOCHENTAG,UKATEGORIE,UART,UTYP1,ULICHTVERH,IstStrasse,IstRad,IstPKW,IstFuss,IstKrad,IstGkfz,IstSonstig,LINREFX,LINREFY,XGCSWGS84,YGCSWGS84,index_right,FID_right,SBZ,Name,UIDENTSTLA,LICHT,STRZUSTAND,FID,OBJECTID_1,IstSonstige,UIDENTSTLAE,OID_,IstStrassenzustand,PLST
14445,,,14,7,13,000,2023,06,15,3,3,5,3,0,,1,1,0,0,0,,"737270,881299999542534","5694405,252399999648333",12.407625790000054,51.35129924700004,1,,1,Nordost,,,,1.0,,0,14230613144200389830,254845,0,1
14446,,,14,7,13,000,2023,07,14,4,3,5,2,0,,0,1,0,0,0,,"731168,269000000320375","5691913,428500000387430",12.318524087000071,51.33144520600007,7,,7,Alt-West,,,,7.0,,0,14230726144200508930,254849,0,1
14447,,,14,7,13,000,2023,06,13,2,3,0,7,0,,1,1,0,0,0,,"735246,265599999576807","5692847,877900000661612",12.377574330000073,51.33816127100005,0,,0,Mitte,,,,0.0,,0,14230612148410388220,254867,0,1
14448,,,14,7,13,000,2023,06,09,2,3,1,5,0,,1,1,0,0,0,,"727892,342100000008941","5688714,504399999976158",12.269535235000035,51.30404931800007,6,,6,West,,,,6.0,,0,14230612148310389980,254868,0,1
14449,,,14,7,13,000,2023,06,17,2,2,0,1,0,,1,0,0,0,0,,"735253,120299999602139","5689601,505999999120831",12.37553030600003,51.30901778900005,4,,4,Süd,,,,4.0,,0,14230612148210410930,254869,0,1
14450,,,14,7,13,000,2023,06,12,2,3,2,6,0,,0,1,0,1,0,,"732910,330299999564886","5694190,518300000578165",12.344975787000067,51.35117519100004,0,,0,Mitte,,,,0.0,,0,14230612148210398100,254870,0,1
14451,,,14,7,13,000,2023,06,17,2,2,1,7,0,,1,0,0,0,0,,"732885,612200000323355","5695866,813999999314547",12.345718710000028,51.36623277000007,8,,8,Nordwest,,,,8.0,,1,14230612148110389940,254871,0,1
14452,,,14,7,13,000,2023,06,17,2,2,5,7,0,,0,1,0,1,0,,"741864,315899999812245","5694342,267599999904633",12.473423841000056,51.34879806300006,2,,2,Ost,,,,2.0,,0,14230612144200388840,254875,0,1
14453,,,14,7,13,000,2023,06,23,1,3,8,1,2,,0,0,0,1,0,,"730808,119099999777973","5694763,390799999237061",12.315210634000039,51.357175323000035,7,,7,Alt-West,,,,7.0,,0,14230611148310388180,254894,0,1
14454,,,14,7,13,000,2023,06,10,1,2,5,2,0,,1,0,0,0,0,,"735037,010499999858439","5691576,473400000482798",12.373736872000052,51.32683518200008,0,,0,Mitte,,,,0.0,,1,14230611144200388850,254895,0,1
14455,,,14,7,13,000,2023,06,11,7,3,0,1,0,,1,0,0,0,0,,"731759,385400000028312","5689909,196699999272823",12.32569163900007,51.31321300400003,5,,5,Südwest,,,,5.0,,0,14230610148310387300,254909,0,1
14456,,,14,7,13,000,2023,06,11,7,3,1,3,0,,1,1,0,0,0,,"736224,189500000327826","5689671,368599999696016",12.389483837000057,51.30924277400004,4,,4,Süd,,,,4.0,,0,14230610148211388900,254910,0,1
14457,,,14,7,13,000,2023,06,17,7,3,0,1,0,,1,0,0,0,0,,"735232,510300000198185","5689611,574699999764562",12.375241773000027,51.30911668600004,4,,4,Süd,,,,4.0,,0,14230610148210388910,254912,0,1
14458,,,14,7,13,000,2023,06,14,7,3,5,3,0,,0,1,0,0,0,,"739939,788200000301003","5698065,658399999141693",12.448351604000038,51.38303347000004,1,,1,Nordost,,,,1.0,,1,14230610148110387260,254913,0,1
14459,,,14,7,13,000,2023,06,13,7,3,5,3,0,,1,1,0,0,0,,"733376,954099999740720","5697666,727600000798702",12.35394625300006,51.38218808500005,8,,8,Nordwest,,,,8.0,,0,14230610148110387250,254914,0,1
14460,,,14,7,13,000,2023,06,18,7,2,5,3,0,,1,1,0,0,0,,"735883,810700000263751","5692780,455499999225140",12.38666616300003,51.33729198200007,0,,0,Mitte,,,,0.0,,0,14230610144200388040,254915,0,1
14461,,,14,7,13,000,2023,08,12,4,3,3,2,0,,0,1,0,0,0,,"740878,146999999880791","5695025,730000000447035",12.459751747000041,51.35535123600005,2,,2,Ost,,,,2.0,,1,14230802144200528940,254922,0,1
14462,,,14,7,13,000,2023,07,12,7,3,6,7,0,,0,1,1,0,0,,"727470,449500000104308","5693468,775699999183416",12.26652690900005,51.34689895900004,7,,7,Alt-West,,,,7.0,,0,14230701148310452070,254936,0,1
14463,,,14,7,13,000,2023,06,16,6,3,2,6,0,,0,1,0,0,0,,"731901,668600000441074","5689059,563200000673532",12.32717744000007,51.30552802100004,5,,5,Südwest,,,,5.0,,1,14230609148310400220,254937,0,1
14464,,,14,7,13,000,2023,06,15,6,3,5,3,0,,0,1,0,1,0,,"729832,232400000095367","5694455,395500000566244",12.301019593000035,51.35480596300005,7,,7,Alt-West,,,,7.0,,0,14230609148310388170,254938,0,1
14465,,,14,7,13,000,2023,06,06,6,3,4,6,0,,1,0,0,0,0,,"733351,991100000217557","5691758,131699999794364",12.349713460000032,51.329159514000025,5,,5,Südwest,,,,5.0,,0,14230609148310386910,254939,0,1
14466,,,14,7,13,000,2023,06,10,6,3,5,3,0,,1,1,0,0,0,,"730749,779400000348687","5685497,152699999511242",12.30837914700004,51.274016148000044,5,,5,Südwest,,,,5.0,,0,14230609148310386900,254940,0,1
14467,,,14,7,13,000,2023,06,13,6,3,5,3,0,,0,1,0,0,0,,"734404,895999999716878","5692968,703999999910593",12.365596202000063,51.33959328900005,0,,0,Mitte,,,,0.0,,0,14230609144100498460,254941,0,1
14468,,,14,7,13,000,2023,06,12,5,3,5,3,0,,1,1,0,0,0,,"734444,123599999584258","5692132,377800000831485",12.365608014000031,51.33206987500006,0,,0,Mitte,,,,0.0,,0,14230608148410376090,254959,0,1
14469,,,14,7,13,000,2023,06,10,5,3,5,3,0,,1,1,0,0,0,,"735544,514700000174344","5697396,411699999123812",12.38485975900005,51.378866627000036,9,,9,Nord,,,,9.0,,0,14230608144200388050,254960,1,1
14470,,,14,7,13,000,2023,06,11,5,3,5,3,0,,1,1,0,0,0,,"735529,663499999791384","5692695,682600000873208",12.381535013000075,51.336677817000066,0,,0,Mitte,,,,0.0,,0,14230608144200388020,254961,0,1
14471,,,14,7,13,000,2023,06,14,5,3,5,3,0,,0,1,0,0,0,,"736793,577200000174344","5693337,116399999707937",12.40007343600007,51.34191057100003,2,,2,Ost,,,,2.0,,1,14230608144200375950,254962,0,1
14472,,,14,7,13,000,2023,06,17,5,3,1,5,0,,1,1,0,0,0,,"734735,012799999676645","5694883,477499999105930",12.371589775000075,51.35664486600007,9,,9,Nord,,,,9.0,,0,14230608144200375940,254963,1,1
14473,,,14,7,13,000,2023,06,07,4,3,0,1,0,,1,0,0,0,0,,"731990,524299999698997","5692617,290300000458956",12.33076488100005,51.33742885700008,7,,7,Alt-West,,,,7.0,,0,14230607148310375510,254977,0,1
14474,,,14,7,13,000,2023,06,08,4,3,0,3,0,,1,1,0,0,0,,"734911,796400000341237","5690646,569099999964237",12.371330166000064,51.318539687000055,4,,4,Süd,,,,4.0,,0,14230607148210376060,254979,1,1
14475,,,14,7,13,000,2023,06,18,4,2,5,2,0,,1,1,0,0,0,,"735604,654199999757111","5695314,454099999740720",12.384342809000032,51.36015355900008,9,,9,Nord,,,,9.0,,0,14230607148110390760,254980,0,1
14476,,,14,7,13,000,2023,06,15,4,3,5,3,0,,1,1,0,0,0,,"734170,001699999906123","5696465,270099999383092",12.364530763000062,51.371076807000065,9,,9,Nord,,,,9.0,,0,14230607148110375500,254981,0,1
14477,,,14,7,13,000,2023,06,07,3,3,5,3,0,,1,1,0,0,0,,"734834,487399999983609","5692215,172000000253320",12.371256118000076,51.33265204000003,0,,0,Mitte,,,,0.0,,0,14230606148410375520,254992,1,1
14478,,,14,7,13,000,2023,06,15,3,3,0,1,0,,1,0,0,0,0,,"736055,379200000315905","5689718,836699999868870",12.387097596000046,51.30973888600005,4,,4,Süd,,,,4.0,,0,14230606148310387290,254993,1,1
14479,,,14,7,13,000,2023,06,22,3,3,0,1,2,,0,0,0,1,0,,"731315,492200000211596","5692010,617000000551343",12.320696824000038,51.33225780400005,7,,7,Alt-West,,,,7.0,,0,14230606148310387280,254994,1,1
14480,,,14,7,13,000,2023,06,17,3,3,6,6,0,,1,0,1,0,0,,"735546,195799999870360","5692935,611600000411272",12.381930579000027,51.338824645000045,0,,0,Mitte,,,,0.0,,0,14230606148223376080,254995,1,1
14481,,,14,7,13,000,2023,06,07,3,3,0,1,0,,1,0,0,0,0,,"738029,474000000394881","5691370,446599999442697",12.416471860000058,51.323741760000075,3,,3,Südost,,,,3.0,,0,14230606148210376070,254996,1,1
14482,,,14,7,13,000,2023,06,08,3,3,0,1,0,,1,0,0,0,0,,"737836,214700000360608","5695039,391400000080466",12.416153288000032,51.35675499300004,1,,1,Nordost,,,,1.0,,0,14230606148110368970,254997,1,1
14483,,,14,7,13,000,2023,06,13,3,3,5,2,0,,1,1,0,0,0,,"734864,313000000081956","5694103,528999999165535",12.372928804000026,51.34959034700006,0,,0,Mitte,,,,0.0,,0,14230606144200376010,254998,0,1
14484,,,14,7,13,000,2023,06,09,3,3,5,3,0,,0,1,0,0,0,,"736793,934500000439584","5693337,530099999159575",12.40007883100003,51.34191413600007,2,,2,Ost,,,,2.0,,0,14230606144200375981,254999,1,1
14485,,,14,7,13,000,2023,06,13,2,3,1,5,0,,1,1,0,0,0,,"735782,251600000075996","5691889,679800000041723",12.384621309000067,51.32933824400004,0,,0,Mitte,,,,0.0,,0,14230605148410386920,255018,0,1
14486,,,14,7,13,000,2023,06,18,2,3,5,3,0,,1,1,0,0,0,,"734457,559999999590218","5695074,053999999538064",12.367737590000047,51.358470090000026,9,,9,Nord,,,,9.0,,0,14230605148110399740,255019,0,1
14487,,,14,7,13,000,2023,06,11,2,2,5,3,0,,0,1,0,0,0,,"736686,426500000059605","5693032,171499999240041",12.398335132000057,51.33921795400005,3,,3,Südost,,,,3.0,,0,14230605144200481110,255020,0,1
14488,,,14,7,13,000,2023,06,16,2,2,5,3,0,,0,1,0,1,0,,"737974,277200000360608","5690943,175400000065565",12.415395940000053,51.319929657000046,3,,3,Südost,,,,3.0,,0,14230605144200388060,255021,0,1
14489,,,14,7,13,000,2023,06,17,2,3,2,6,0,,0,1,0,0,0,,"734547,289400000125170","5691355,959400000050664",12.366575324000053,51.32505785800004,4,,4,Süd,,,,4.0,,0,14230605144200376020,255022,0,1
14490,,,14,7,13,000,2023,06,06,1,3,0,4,0,,0,1,1,0,0,,"732564,175499999895692","5692050,024900000542402",12.33861569100003,51.33210238100003,5,,5,Südwest,,,,5.0,,0,14230604148310453740,255051,0,1
14491,,,14,7,13,000,2023,06,13,1,2,0,1,0,,1,0,0,0,0,,"731743,372999999672174","5692721,965800000354648",12.327290976000029,51.33846927800005,7,,7,Alt-West,,,,7.0,,0,14230604148310368040,255052,0,1
14492,,,14,7,13,000,2023,06,18,1,3,1,5,0,,1,1,0,0,0,,"732938,542500000447035","5691062,626700000837445",12.343334846000062,51.32308564300007,5,,5,Südwest,,,,5.0,,0,14230604148310368020,255053,0,1
14493,,,14,7,13,000,2023,06,15,1,2,6,6,0,,1,0,1,0,0,,"734388,334200000390410","5689506,102099999785423",12.363082232000068,51.30851811500003,4,,4,Süd,,,,4.0,,0,14230604148210460130,255054,0,1
14494,,,14,7,13,000,2023,06,19,1,3,0,1,0,,1,0,0,0,0,,"739939,734400000423193","5694092,477600000798702",12.445670371000062,51.34737160700007,2,,2,Ost,,,,2.0,,0,14230604148210368010,255055,0,1
14495,,,14,7,29,260,2023,06,18,1,3,5,3,0,,0,1,0,1,0,,"735701,909900000318885","5687342,216099999845028",12.380466142000046,51.28855192900005,4,,4,Süd,,,,4.0,,0,14230604144320785990,255056,0,1
14496,,,14,7,13,000,2023,06,02,7,3,0,1,2,,1,0,0,0,0,,"731541,611700000241399","5693238,756699999794364",12.32473537900006,51.343190605000075,7,,7,Alt-West,,,,7.0,,0,14230603148310368980,255072,0,1
14497,,,14,7,13,000,2023,07,12,5,3,5,2,0,,0,0,0,0,1,,"730266,538599999621511","5691351,787299999967217",12.305239623000034,51.32676910200007,6,,6,West,,,,6.0,,1,14230720144200527310,255086,0,1
14498,,,14,7,13,000,2023,06,13,6,3,2,6,0,,0,0,0,0,1,,"735111,153500000014901","5694294,423399999737740",12.376593207000042,51.351201839000055,0,,0,Mitte,,,,0.0,,1,14230602148410398840,255098,0,1
14499,,,14,7,13,000,2023,06,06,6,3,5,3,0,,1,0,0,0,1,,"736175,528800000436604","5691045,838099999353290",12.389697064000075,51.32160057200008,0,,0,Mitte,,,,0.0,,0,14230602148410388920,255099,0,1
14500,,,14,7,13,000,2023,06,11,6,3,3,2,0,,1,1,0,0,0,,"738080,217600000090897","5697579,808800000697374",12.42135218900006,51.37945535000006,1,,1,Nordost,,,,1.0,,0,14230602148110388100,255100,0,1
14501,,,14,7,13,000,2023,06,15,6,3,3,7,0,,0,1,0,0,0,,"739978,658999999985099","5694243,452999999746680",12.446330034000027,51.34871028500004,2,,2,Ost,,,,2.0,,0,14230602144200410900,255101,0,1
14502,,,14,7,13,000,2023,06,11,6,2,5,3,0,,0,1,0,0,0,,"739223,552099999971688","5697235,807000000029802",12.437519339000062,51.37588718200004,1,,1,Nordost,,,,1.0,,0,14230602144200375990,255102,0,1
14503,,,14,7,13,000,2023,06,08,6,3,1,5,0,,1,1,0,0,0,,"741340,061700000427663","5687239,273499999195337",12.461103210000033,51.28526745600004,3,,3,Südost,,,,3.0,,0,14230602144200367400,255105,0,1
14504,,,14,7,13,000,2023,06,08,5,3,5,2,0,,1,1,0,0,0,,"734264,222699999809265","5691962,842800000682473",12.36291873500005,51.33062216700006,0,,0,Mitte,,,,0.0,,0,14230601148410411010,255120,0,1
14505,,,14,7,13,000,2023,06,11,5,3,5,3,0,,1,1,0,0,0,,"734847,455199999734759","5692502,877699999138713",12.371631576000027,51.335229248000076,0,,0,Mitte,,,,0.0,,0,14230601148410387340,255121,0,1
14506,,,14,7,13,000,2023,10,08,2,3,0,6,0,,1,0,0,0,0,,"735606,732800000347197","5693351,095100000500679",12.383072988000038,51.342529067000044,0,,0,Mitte,,,,0.0,,0,14231002148410681460,255131,0,1
14507,,,14,7,13,000,2023,10,09,2,3,3,2,0,,1,1,0,0,0,,"735564,218600000254810","5692151,114099999889731",12.381670146000033,51.33177529000005,0,,0,Mitte,,,,0.0,,0,14231002148410681450,255132,0,1
14508,,,14,7,13,000,2023,10,13,2,3,5,2,0,,1,0,0,0,0,,"732202,244099999777973","5691943,668099999427795",12.333360061000064,51.331295510000075,7,,7,Alt-West,,,,7.0,,1,14231002144200893080,255133,0,1
14509,,,14,7,13,000,2023,10,12,2,3,5,3,0,,1,1,0,0,0,,"734682,036999999545515","5694725,872999999672174",12.37072633400004,51.35525202700006,0,,0,Mitte,,,,0.0,,0,14231002144200695790,255134,0,1
14510,,,14,7,13,000,2023,10,11,2,2,6,2,0,,0,0,1,0,0,,"737372,719700000248849","5692660,093699999153614",12.407922280000037,51.33559210300007,3,,3,Südost,,,,3.0,,1,14231002144200689070,255135,0,1
14511,,,14,7,13,000,2023,10,19,1,3,5,3,2,,0,1,0,0,0,,"736572,153300000354648","5697169,511700000613928",12.399448403000065,51.37640277300005,1,,1,Nordost,,,,1.0,,0,14231001144200689090,255148,0,1
14512,,,14,7,13,000,2023,09,17,7,3,5,3,0,,1,0,0,0,0,,"736365,182799999602139","5693790,463800000026822",12.394234728000072,51.34615814000006,0,,0,Mitte,,,,0.0,,0,14230930148410696320,255151,0,1
14513,,,14,7,13,000,2023,09,20,7,3,0,6,2,,0,1,0,1,0,,"734859,566300000064075","5694214,656899999827147",12.372934084000065,51.35058983300007,0,,0,Mitte,,,,0.0,,0,14230930148410688540,255152,0,1
14514,,,14,7,13,000,2023,09,00,7,3,0,1,2,,1,0,0,0,0,,"731759,561800000257790","5689911,774000000208616",12.325695840000037,51.31323606800004,5,,5,Südwest,,,,5.0,,0,14230930148320716770,255153,0,1
14515,,,14,7,13,000,2023,09,07,6,3,5,2,0,,1,1,0,0,0,,"731626,741999999620020","5688721,478299999609590",12.323020675000066,51.30260498600006,5,,5,Südwest,,,,5.0,,0,14230929148310688840,255160,0,1
14516,,,14,7,13,000,2023,09,04,6,3,0,1,2,,1,0,0,0,0,,"729263,046799999661744","5700941,531199999153614",12.297044864000043,51.41326206900004,8,,8,Nordwest,,,,8.0,,0,14230929148110708720,255161,0,1
14517,,,14,7,13,000,2023,09,12,6,3,6,4,0,,1,0,1,0,0,,"734507,010700000450015","5695450,366499999538064",12.368694639000068,51.36182761400005,9,,9,Nord,,,,9.0,,0,14230929148110688790,255162,0,1
14518,,,14,7,13,000,2023,09,20,6,2,9,1,2,,1,0,0,0,0,,"742029,764999999664724","5693158,381999999284744",12.474990533000039,51.33810178300007,2,,2,Ost,,,,2.0,,0,14230929144200688290,255163,0,1
14519,,,14,7,13,000,2023,09,13,6,3,5,2,0,,0,1,0,0,0,,"740532,766499999910593","5690624,801000000908971",12.45182937800007,51.31599637000005,3,,3,Südost,,,,3.0,,1,14230929144200680560,255164,0,1
14520,,,14,7,13,000,2023,09,14,6,3,6,4,0,,0,1,1,0,0,,"737199,468000000342727","5692084,921499999240041",12.405056753000054,51.33050158800006,3,,3,Südost,,,,3.0,,0,14230929144200680510,255166,0,1
14521,,,14,7,13,000,2023,09,17,5,3,6,4,0,,0,0,1,1,0,,"731925,977400000207126","5688932,148199999704957",12.32744277200004,51.304374334000045,5,,5,Südwest,,,,5.0,,0,14230928148310729520,255181,0,1
14522,,,14,7,13,000,2023,09,18,5,3,0,1,0,,1,0,0,0,0,,"732474,988499999977648","5691788,572699999436736",12.337167116000046,51.32979185600004,5,,5,Südwest,,,,5.0,,0,14230928148310708760,255182,0,1
14523,,,14,7,13,000,2023,09,16,4,3,3,2,0,,0,1,0,0,0,,"734808,220099999569356","5692641,889200000092387",12.371160961000044,51.33649327200004,0,,0,Mitte,,,,0.0,,1,14230927148410695840,255202,0,1
14524,,,14,7,13,000,2023,09,07,4,3,6,4,0,,0,0,1,1,0,,"736728,717500000260770","5692722,275200000032783",12.398735250000072,51.33641867600005,3,,3,Südost,,,,3.0,,0,14230927148410675200,255203,0,1
14525,,,14,7,13,000,2023,09,14,3,3,4,6,0,,1,0,0,0,0,,"735702,638399999588728","5692871,177200000733137",12.384129912000049,51.33818144300005,0,,0,Mitte,,,,0.0,,0,14230926148410680920,255223,0,1
14526,,,14,7,13,000,2023,09,09,3,2,5,3,0,,0,1,0,0,0,,"729694,709900000132620","5693393,087500000372529",12.29836240700007,51.34532517300005,7,,7,Alt-West,,,,7.0,,1,14230926148310756750,255224,0,1
14527,,,14,7,13,000,2023,09,20,3,3,5,3,2,,1,0,0,1,0,,"732792,148299999535084","5691583,558199999853969",12.341577709000035,51.32782180100003,5,,5,Südwest,,,,5.0,,0,14230926144200681130,255225,0,1
14528,,,14,7,13,000,2023,09,15,6,3,2,2,0,,0,1,0,0,0,,"741022,251799999736249","5695324,704700000584126",12.462019989000055,51.35797359700007,2,,2,Ost,,,,2.0,,0,14230929148210681670,255228,0,1
14529,,,14,7,13,000,2023,09,07,2,3,5,3,0,,1,1,0,0,0,,"734611,150000000372529","5692440,207000000402331",12.368204043000048,51.33476421600005,0,,0,Mitte,,,,0.0,,0,14230925148410697030,255240,0,1
14530,,,14,7,13,000,2023,09,16,2,3,5,3,0,,1,0,0,1,0,,"731315,093999999575317","5690691,516000000759959",12.31983507600006,51.32041654600005,5,,5,Südwest,,,,5.0,,0,14230925148310688850,255241,0,1
14531,,,14,7,13,000,2023,09,06,2,3,4,2,0,,0,1,0,1,0,,"735996,807000000029802","5699795,930999999865890",12.39294159900004,51.400217233000035,9,,9,Nord,,,,9.0,,0,14230925148110655831,255242,0,1
14532,,,14,7,13,000,2023,09,16,2,3,6,4,0,,0,0,1,0,0,,"731886,157899999991059","5698693,742200000211596",12.333231006000062,51.39201807300003,8,,8,Nordwest,,,,8.0,,1,14230925143263674820,255244,0,1
14533,,,14,7,13,000,2023,09,12,1,3,0,1,0,,1,0,0,0,0,,"732583,138100000098348","5692080,127299999818206",12.338907064000068,51.332364848000054,5,,5,Südwest,,,,5.0,,0,14230924148310654970,255260,0,1
14534,,,14,7,13,000,2023,09,19,1,3,4,2,2,,0,1,0,0,0,,"735739,275200000032783","5695363,930099999532104",12.38630573200004,51.36054183400006,9,,9,Nord,,,,9.0,,0,14230924144200655350,255261,0,1
14535,,,14,7,13,000,2023,09,17,1,2,0,1,0,,0,0,0,1,0,,"739067,995799999684095","5692164,074100000783801",12.43188157700007,51.33042984300005,2,,2,Ost,,,,2.0,,0,14230924144200654920,255262,0,1
14536,,,14,7,13,000,2023,09,23,7,3,6,7,2,,0,1,1,0,0,,"731113,424200000241399","5685416,502699999138713",12.313531429000022,51.27314481500008,5,,5,Südwest,,,,5.0,,0,14230923148320688830,255268,0,1
14537,,,14,7,13,000,2023,09,05,7,2,1,1,2,,0,1,0,0,0,,"740572,945700000040233","5688919,270199999213219",12.451254972000072,51.30067106700005,3,,3,Südost,,,,3.0,,0,14230923148211729510,255269,0,1
14538,,,14,7,13,000,2023,09,09,7,3,5,3,0,,1,1,0,0,0,,"742070,325799999758601","5690772,541500000283122",12.47395141100003,51.31667053600006,2,,2,Ost,,,,2.0,,0,14230923148210654960,255271,0,1
14539,,,14,7,13,000,2023,09,13,6,3,5,2,0,,1,1,0,0,0,,"735005,675499999895692","5691892,792400000616908",12.373496497000076,51.32968753200004,0,,0,Mitte,,,,0.0,,0,14230922148410689120,255281,0,1
14540,,,14,7,13,000,2023,09,01,6,3,0,7,2,,0,1,0,0,0,,"735460,957999999634922","5693291,017999999225140",12.380944002000035,51.34205018200004,0,,0,Mitte,,,,0.0,,1,14230922148410681470,255282,0,1
14541,,,14,7,13,000,2023,09,17,6,3,0,1,0,,1,0,0,0,0,,"732579,278199999593198","5692080,089800000190735",12.338851729000055,51.33236609000005,5,,5,Südwest,,,,5.0,,0,14230922148310680910,255284,0,1
14542,,,14,7,13,000,2023,09,05,6,3,8,1,1,,0,1,0,0,0,,"729125,872600000351667","5700764,987999999895692",12.29496161000003,51.41173267800008,8,,8,Nordwest,,,,8.0,,0,14230922148110654010,255285,1,1
14543,,,14,7,13,000,2023,09,14,6,3,4,1,0,,0,1,0,0,0,,"731680,286899999715388","5692275,345000000670552",12.32609638200006,51.334485750000056,7,,7,Alt-West,,,,7.0,,0,14230922144200696940,255286,0,1
14544,,,14,7,13,000,2023,09,17,5,3,2,2,0,,0,1,0,1,0,,"730662,881000000052154","5691611,957000000402331",12.311086901000067,51.32894407800006,6,,6,West,,,,6.0,,0,14230921148310680900,255301,0,1
14545,,,14,7,13,000,2023,09,20,5,2,0,5,2,,1,1,0,0,0,,"735305,531200000084937","5691801,692900000140071",12.377732740000056,51.32874583500006,0,,0,Mitte,,,,0.0,,0,14230921148210654050,255302,0,1
14546,,,14,7,13,000,2023,09,10,5,3,2,6,0,,0,1,0,0,0,,"735065,288099999539554","5696018,742699999362230",12.377075002000026,51.366698850000034,9,,9,Nord,,,,9.0,,0,14230921148110655820,255303,0,1
14547,,,14,7,13,000,2023,09,14,5,2,8,7,0,,0,1,0,0,0,,"736591,447100000455976","5690126,582000000402331",12.39504542900005,51.31317635600004,0,,0,Mitte,,,,0.0,,0,14230921144200655330,255304,0,1
14548,,,14,7,13,000,2023,09,19,5,2,3,2,2,,1,0,0,0,0,,"742476,451100000180304","5694064,384700000286102",12.482008075000067,51.34604320300008,2,,2,Ost,,,,2.0,,1,14230921144200653520,255305,0,1
14549,,,14,7,13,000,2023,09,14,4,3,3,7,0,,0,1,0,0,0,,"736077,330299999564886","5692631,476700000464916",12.38934064700004,51.335874414000045,0,,0,Mitte,,,,0.0,,1,14230920148410675220,255316,0,1
14550,,,14,7,13,000,2023,09,11,4,3,6,2,0,,0,1,1,0,0,,"738654,079199999570847","5695291,475800000131130",12.428047204000052,51.35867480400003,1,,1,Nordost,,,,1.0,,0,14230920148410675210,255317,0,1
14551,,,14,7,13,000,2023,09,10,4,3,4,2,0,,1,0,0,1,0,,"734772,120900000445545","5693730,198300000280142",12.371361079000053,51.346277271000076,0,,0,Mitte,,,,0.0,,0,14230920148310652960,255318,0,1
14552,,,14,7,13,000,2023,09,19,4,3,5,3,1,,1,1,0,0,0,,"740977,548000000417233","5690361,789999999105930",12.458022179000068,51.313447534000034,3,,3,Südost,,,,3.0,,0,14230920148210688820,255319,0,1
14553,,,14,7,13,000,2023,09,06,4,3,3,7,0,,0,1,0,0,0,,"737292,133899999782443","5692936,471100000664592",12.406951617000061,51.33810651500005,3,,3,Südost,,,,3.0,,1,14230920144200717290,255321,0,1
14554,,,14,7,13,000,2023,09,07,3,3,2,6,0,,0,1,0,0,0,,"734852,525000000372529","5692028,859400000423193",12.37139178700005,51.33097217400007,0,,0,Mitte,,,,0.0,,0,14230919148410652520,255335,0,1
14555,,,14,7,13,000,2023,09,14,3,3,1,2,0,,0,1,0,0,0,,"730439,716000000014901","5693655,718000000342727",12.309211381000068,51.347381314000074,7,,7,Alt-West,,,,7.0,,0,14230919148310675180,255336,0,1
14556,,,14,7,13,000,2023,09,07,3,3,5,3,0,,1,1,0,0,0,,"742931,104600000195205","5694136,176100000739098",12.488572988000044,51.34649346600003,2,,2,Ost,,,,2.0,,0,14230919148210688810,255337,0,1
14557,,,14,7,13,000,2023,09,11,3,3,6,4,0,,0,0,1,0,1,,"736088,183799999766052","5688054,409099999815226",12.386466530000064,51.294784864000064,4,,4,Süd,,,,4.0,,0,14230919148210675170,255338,0,1
14558,,,14,7,13,000,2023,09,13,3,3,1,5,0,,1,1,0,0,0,,"734810,553100000135601","5690347,710999999195337",12.369683102000067,51.31589878600005,4,,4,Süd,,,,4.0,,0,14230919148210652500,255339,0,1
14559,,,14,7,13,000,2023,09,15,3,2,2,7,0,,1,0,0,0,0,,"733849,534500000067055","5695431,532700000330806",12.359255064000024,51.36192952500005,9,,9,Nord,,,,9.0,,1,14230919144200654930,255340,0,1
14560,,,14,7,13,000,2023,09,19,2,3,0,1,0,,1,0,0,0,0,,"735263,103500000201166","5695216,599700000137091",12.379381065000075,51.35941670200003,0,,0,Mitte,,,,0.0,,0,14230918148410681480,255357,1,1
14561,,,14,7,13,000,2023,09,16,2,3,4,2,0,,0,1,0,0,0,,"730728,944799999706447","5693726,839800000190735",12.313403471000072,51.347902454000064,7,,7,Alt-West,,,,7.0,,0,14230918148310653570,255358,1,1
14562,,,14,7,13,000,2023,09,14,2,3,5,3,0,,1,1,0,0,0,,"735917,848899999633431","5694660,644899999722838",12.388399754000034,51.35415488700005,9,,9,Nord,,,,9.0,,0,14230918148120654020,255359,1,1
14563,,,14,7,13,000,2023,09,15,2,2,6,4,0,,0,1,1,0,0,,"735400,672100000083447","5690780,655400000512600",12.37842168900005,51.319541281000056,4,,4,Süd,,,,4.0,,0,14230918144200708330,255360,1,1