UNFALL_ID,FID_left,OBJECTID,ULAND,UREGBEZ,UKREIS,UGEMEINDE,UJAHR,UMONAT,USTUNDE,UWOCHENTAG,UKATEGORIE,UART,UTYP1,ULICHTVERH,IstStrasse,IstRad,IstPKW,IstFuss,IstKrad,IstGkfz,IstSonstig,LINREFX,LINREFY,XGCSWGS84,YGCSWGS84,index_right,FID_right,SBZ,Name,UIDENTSTLA,LICHT,STRZUSTAND,FID,OBJECTID_1,IstSonstige,UIDENTSTLAE,OID_,IstStrassenzustand,PLST
14564,,,14,7,13,000,2023,09,18,2,3,5,3,0,,1,1,0,0,0,,"741231,328900000080466","5692651,480399999767542",12.463206111000034,51.33389131100006,2,,2,Ost,,,,2.0,,0,14230918144200643890,255361,0,1
14565,,,14,7,13,000,2023,09,18,1,3,0,1,0,,1,0,0,0,0,,"732562,849799999967217","5692079,923100000247359",12.338616208000076,51.33237131100003,5,,5,Südwest,,,,5.0,,0,14230917148310643970,255382,0,1
14566,,,14,7,13,000,2023,09,16,1,3,0,7,0,,1,0,0,0,0,,"730514,392900000326335","5691524,042899999767542",12.308902360000047,51.32821506400006,6,,6,West,,,,6.0,,0,14230917148310643960,255383,0,1
14567,,,14,7,13,000,2023,09,20,1,3,0,1,2,,1,0,0,0,0,,"734584,107400000095367","5695290,958799999207258",12.369694957000036,51.36036488500008,9,,9,Nord,,,,9.0,,0,14230917148120674870,255384,0,1
14568,,,14,7,13,000,2023,09,18,1,3,3,6,0,,0,1,0,0,0,,"731144,245299999602139","5691896,260199999436736",12.318168700000058,51.33130085100004,7,,7,Alt-West,,,,7.0,,1,14230917144200653980,255385,0,1
14569,,,14,7,13,000,2023,09,16,7,3,5,3,0,,1,1,0,0,0,,"735261,764200000092387","5694076,901100000366569",12.378608427000074,51.349186975000066,0,,0,Mitte,,,,0.0,,0,14230916148410680630,255393,0,1
14570,,,14,7,13,000,2023,09,10,7,3,0,3,0,,0,1,0,1,0,,"732983,801599999889731","5690765,162699999287724",12.34378887400004,51.32039687400004,5,,5,Südwest,,,,5.0,,0,14230916148410654980,255394,0,1
14571,,,14,7,13,000,2023,09,16,7,3,5,3,0,,1,1,0,0,0,,"742017,314299999736249","5693996,108300000429153",12.475381409000022,51.34562602700004,2,,2,Ost,,,,2.0,,0,14230916148221654071,255395,0,1
14572,,,14,7,13,000,2023,09,15,7,3,6,7,0,,0,1,1,0,0,,"737061,392799999564886","5697743,923399999737740",12.406848425000021,51.381354688000044,1,,1,Nordost,,,,1.0,,0,14230916148110654940,255396,0,1
14573,,,14,7,13,000,2023,09,08,7,3,4,2,0,,0,1,0,0,0,,"735486,776999999769032","5697538,165200000628829",12.384125539000024,51.38016298400004,9,,9,Nord,,,,9.0,,0,14230916148110643120,255398,0,1
14574,,,14,7,13,000,2023,09,16,7,2,4,7,0,,0,1,0,0,0,,"727479,036700000055134","5693469,474700000137091",12.266650455000047,51.34690179800003,7,,7,Alt-West,,,,7.0,,0,14230916144200653990,255399,0,1
14575,,,14,7,13,000,2023,09,11,6,3,6,4,0,,0,1,1,0,0,,"734278,695799999870360","5695529,652400000020862",12.365473192000024,51.36263350100006,9,,9,Nord,,,,9.0,,0,14230915149224642880,255410,0,1
14576,,,14,7,13,000,2023,09,19,6,3,1,5,1,,1,1,0,0,0,,"735014,101300000213087","5691714,679199999198318",12.37349977200006,51.32808523700004,0,,0,Mitte,,,,0.0,,0,14230915148410652530,255411,0,1
14577,,,14,7,13,000,2023,09,13,6,3,3,2,0,,1,1,0,0,0,,"733843,122100000269711","5693187,779999999329448",12.35768895700005,51.341791123000064,0,,0,Mitte,,,,0.0,,0,14230915148410642860,255412,0,1
14578,,,14,7,13,000,2023,09,13,6,3,3,6,0,,1,1,0,0,0,,"735037,857599999755621","5691496,044500000774860",12.373695974000043,51.32611287100008,0,,0,Mitte,,,,0.0,,0,14230915148410642850,255413,0,1
14579,,,14,7,13,000,2023,09,11,6,3,4,2,0,,0,1,0,0,0,,"734787,388600000180304","5693007,889299999922514",12.371103682000069,51.33978723700005,0,,0,Mitte,,,,0.0,,0,14230915144200749450,255414,0,1
14580,,,14,7,13,000,2023,09,18,6,3,5,3,1,,0,1,0,0,0,,"740609,566999999806285","5699671,848999999463558",12.459046854000064,51.39716640700004,1,,1,Nordost,,,,1.0,,0,14230915144200655320,255415,0,1
14581,,,14,7,13,000,2023,09,13,6,3,5,3,0,,0,1,0,0,0,,"738812,350100000388920","5696081,018200000748038",12.43084630900006,51.36569509800006,1,,1,Nordost,,,,1.0,,0,14230915144200642820,255416,0,1
14582,,,14,7,13,000,2023,09,15,6,3,1,2,0,,0,1,0,1,0,,"742370,943500000052154","5694567,415799999609590",12.480838435000067,51.35060307600003,2,,2,Ost,,,,2.0,,0,14230915144200642810,255417,0,1
14583,,,14,7,13,000,2023,09,18,5,3,5,3,0,,0,1,0,0,0,,"730294,335699999704957","5693543,746899999678135",12.30705496400003,51.34643506500004,7,,7,Alt-West,,,,7.0,,0,14230914148320654090,255429,0,1
14584,,,14,7,13,000,2023,09,14,5,2,0,1,0,,0,0,0,0,0,,"727646,731599999591708","5690767,309599999338388",12.267327747000024,51.32257640700004,6,,6,West,,,,6.0,,1,14230914148320643941,255430,0,1
14585,,,14,7,13,000,2023,09,16,5,3,1,5,0,,1,1,0,0,0,,"729307,379200000315905","5694907,744999999180436",12.293786179000051,51.35907874800006,7,,7,Alt-West,,,,7.0,,0,14230914148310675190,255431,0,1
14586,,,14,7,13,000,2023,09,17,5,3,3,2,0,,1,1,0,0,0,,"733985,914099999703467","5692381,131799999624491",12.359205606000046,51.334491496000055,0,,0,Mitte,,,,0.0,,0,14230914148210642841,255432,0,1
14587,,,14,7,13,000,2023,09,08,5,3,6,4,0,,1,0,1,0,0,,"735093,111399999819696","5694883,680900000035763",12.376723834000074,51.356498670000065,0,,0,Mitte,,,,0.0,,0,14230914144320708700,255433,0,1
14588,,,14,7,13,000,2023,09,08,5,3,5,3,0,,1,1,0,0,0,,"736694,095200000330806","5689656,170299999415874",12.396203538000066,51.30891116500004,4,,4,Süd,,,,4.0,,0,14230914144200651980,255434,0,1
14589,,,14,7,13,000,2023,09,09,4,3,3,6,0,,1,1,0,0,0,,"736983,957399999722838","5693011,446900000795722",12.402585199000043,51.33890801300004,2,,2,Ost,,,,2.0,,0,14230913148410637990,255454,0,1
14590,,,14,7,13,000,2023,09,22,4,3,0,3,2,,1,1,0,0,0,,"731563,403199999593198","5692983,009700000286102",12.324881423000022,51.34088593600006,7,,7,Alt-West,,,,7.0,,0,14230913148310654560,255455,1,1
14591,,,14,7,13,000,2023,09,15,4,3,1,6,0,,0,1,0,0,1,,"733601,495099999941885","5690687,941500000655651",12.352587167000024,51.31945045100008,5,,5,Südwest,,,,5.0,,0,14230913148310638410,255456,0,1
14592,,,14,7,13,000,2023,09,22,4,3,7,7,2,,0,0,1,0,0,,"739118,461600000038743","5698000,840800000354648",12.436526935000074,51.38279817600005,1,,1,Nordost,,,,1.0,,1,14230913148121638370,255457,1,1
14593,,,14,7,13,000,2023,09,12,4,3,1,3,0,,0,1,0,0,0,,"736101,581600000150502","5697601,879100000485778",12.39298646800006,51.38047959100004,9,,9,Nord,,,,9.0,,0,14230913148110637930,255458,0,1
14594,,,14,7,13,000,2023,09,19,4,3,5,3,1,,1,1,0,0,0,,"732395,226999999955297","5692036,673000000417233",12.336186028000043,51.33205157800006,5,,5,Südwest,,,,5.0,,0,14230913144200643100,255459,1,1
14595,,,14,7,13,000,2023,09,17,3,3,0,1,0,,1,0,0,0,0,,"732778,774000000208616","5694146,038399999961257",12.34306078700007,51.35082980200008,0,,0,Mitte,,,,0.0,,0,14230912148410680620,255481,0,1
14596,,,14,7,13,000,2023,09,07,3,3,0,3,0,,1,1,0,0,0,,"734880,534900000318885","5694419,831100000068545",12.37337006000007,51.352422887000046,0,,0,Mitte,,,,0.0,,0,14230912148410652540,255482,0,1
14597,,,14,7,13,000,2023,09,07,3,3,0,1,0,,1,0,0,0,0,,"736521,718799999915063","5687382,414000000804663",12.392228485000032,51.28857298300005,4,,4,Süd,,,,4.0,,0,14230912148210654060,255483,0,1
14598,,,14,7,13,000,2023,09,12,2,3,2,6,0,,1,1,0,0,0,,"737073,576899999752641","5692966,728000000119209",12.403839743000049,51.33846925800003,3,,3,Südost,,,,3.0,,0,14230911148410643150,255500,0,1
14599,,,14,7,13,000,2023,09,20,2,3,5,3,2,,0,1,0,1,0,,"736070,698800000362098","5691525,852600000798702",12.388513183000043,51.32595281000005,0,,0,Mitte,,,,0.0,,0,14230911148410628120,255501,0,1
14600,,,14,7,13,000,2023,09,10,2,3,2,6,0,,0,1,0,0,0,,"733345,204400000162423","5690608,901399999856949",12.348863976000075,51.31884608800004,5,,5,Südwest,,,,5.0,,0,14230911148310655380,255502,0,1
14601,,,14,7,13,000,2023,09,07,2,3,0,1,0,,0,0,0,1,0,,"735184,048999999649823","5688969,706199999898672",12.374124700000039,51.30337502700007,4,,4,Süd,,,,4.0,,0,14230911148210749550,255503,0,1
14602,,,14,7,13,000,2023,09,17,2,3,0,6,0,,1,0,0,0,0,,"741071,629099999554455","5694585,013100000098348",12.462226777000069,51.35131353600008,2,,2,Ost,,,,2.0,,1,14230911148210655360,255504,0,1
14603,,,14,7,13,000,2023,09,13,2,3,2,2,0,,0,1,0,0,0,,"734769,941100000403821","5693732,210699999704957",12.371331162000047,51.34629623500007,0,,0,Mitte,,,,0.0,,1,14230911145400643900,255505,0,1
14604,,,14,7,13,000,2023,09,15,1,3,5,3,0,,1,1,0,0,0,,"735762,065000000409782","5693472,712500000372529",12.385379740000076,51.343556351000075,0,,0,Mitte,,,,0.0,,0,14230910148410637970,255524,0,1
14605,,,14,7,13,000,2023,09,20,1,2,0,7,2,,1,0,0,0,0,,"735229,453099999576807","5692281,371700000017881",12.376959338000063,51.333083068000064,0,,0,Mitte,,,,0.0,,0,14230910148410626980,255525,0,1
14606,,,14,7,13,000,2023,09,11,7,3,5,3,0,,0,1,0,0,0,,"734613,011699999682605","5691608,368400000035763",12.367683055000043,51.32729649700008,0,,0,Mitte,,,,0.0,,0,14230909148410644000,255536,0,1
14607,,,14,7,13,000,2023,09,08,7,3,3,6,0,,1,1,0,0,0,,"740222,438799999654293","5693905,224899999797344",12.449595930000044,51.345571506000056,2,,2,Ost,,,,2.0,,0,14230909148210638380,255537,0,1
14608,,,14,7,13,000,2023,09,10,7,3,5,3,0,,0,1,0,1,0,,"736112,637799999676645","5695566,870400000363588",12.391793562000032,51.36220844500008,9,,9,Nord,,,,9.0,,0,14230909148110654950,255538,0,1
14609,,,14,7,13,000,2023,09,14,7,3,2,6,0,,0,1,0,1,0,,"733382,245900000445545","5690618,919700000435114",12.34940116000007,51.318920829000035,5,,5,Südwest,,,,5.0,,0,14230909144200626670,255539,0,1
14610,,,14,7,13,000,2023,09,15,6,3,3,6,0,,1,1,0,0,0,,"737308,114599999971688","5696144,432000000029802",12.409319563000054,51.366894615000035,1,,1,Nordost,,,,1.0,,0,14230908148421729920,255549,0,1
14611,,,14,7,13,000,2023,09,20,6,3,1,5,2,,1,1,0,0,0,,"735041,103500000201166","5695059,295700000599027",12.376094226000077,51.35809655800006,0,,0,Mitte,,,,0.0,,0,14230908148410628130,255550,0,1
14612,,,14,7,13,000,2023,09,18,6,3,3,2,0,,0,1,0,1,0,,"730655,981599999591708","5694717,327999999746680",12.312999472000058,51.35682359200007,7,,7,Alt-West,,,,7.0,,0,14230908148310628080,255551,0,1
14613,,,14,7,13,000,2023,09,16,6,3,5,3,0,,1,1,0,0,0,,"739942,132799999788404","5698066,423100000247359",12.448385751000046,51.383039343000064,1,,1,Nordost,,,,1.0,,0,14230908148120655810,255552,0,1
14614,,,14,7,13,000,2023,09,15,6,3,5,2,0,,1,1,0,0,0,,"736964,156700000166893","5695767,222599999979138",12.404136090000065,51.363652338000065,1,,1,Nordost,,,,1.0,,0,14230908148110695830,255553,0,1
14615,,,14,7,13,000,2023,09,10,6,3,5,3,0,,1,1,0,0,0,,"736570,706600000150502","5697169,664699999615550",12.399427755000033,51.37640474900007,1,,1,Nordost,,,,1.0,,0,14230908148110626930,255554,0,1
14616,,,14,7,13,000,2023,09,11,6,3,5,3,0,,1,0,0,0,0,,"738931,339300000108778","5696086,960999999195337",12.432556440000042,51.36569841000005,1,,1,Nordost,,,,1.0,,1,14230908148110626430,255555,0,1
14617,,,14,7,13,000,2023,09,13,6,3,5,2,0,,1,1,0,0,0,,"735648,507600000128150","5695937,884999999776483",12.385384582000029,51.36573143600003,9,,9,Nord,,,,9.0,,0,14230908145400628040,255556,0,1
14618,,,14,7,13,000,2023,09,17,6,3,5,3,0,,1,0,0,0,0,,"735057,515999999828637","5690437,072000000625849",12.373279484000022,51.31659898300006,4,,4,Süd,,,,4.0,,1,14230908144200627510,255558,0,1
14619,,,14,7,13,000,2023,09,23,5,3,1,1,2,,0,1,0,1,0,,"735109,793100000359118","5689216,670099999755621",12.37322404300005,51.30562254900008,4,,4,Süd,,,,4.0,,0,14230907148210786580,255575,0,1
14620,,,14,7,13,000,2023,09,07,5,3,3,6,0,,1,1,0,0,0,,"739693,584699999541044","5692527,442399999126792",12.44108912300004,51.333428093000066,2,,2,Ost,,,,2.0,,0,14230907148210620430,255576,0,1
14621,,,14,7,13,000,2023,09,07,5,3,3,2,0,,1,1,0,0,0,,"733671,076799999922514","5697377,370699999853969",12.35797511900006,51.37946971700006,9,,9,Nord,,,,9.0,,0,14230907148110620420,255577,0,1
14622,,,14,7,13,000,2023,09,23,5,2,8,1,2,,1,1,0,0,0,,"741567,998200000263751","5695726,826400000602007",12.470116655000027,51.36135109800006,2,,2,Ost,,,,2.0,,0,14230907144200651570,255578,0,1
14623,,,14,7,13,000,2023,09,17,4,3,5,2,0,,1,1,0,0,0,,"735498,525000000372529","5692062,572000000625849",12.380670321000025,51.33100770900006,0,,0,Mitte,,,,0.0,,0,14230906148410626970,255600,0,1
14624,,,14,7,13,000,2023,09,16,4,3,5,3,0,,1,1,0,0,0,,"734633,783099999651313","5690902,943199999630451",12.36751636400004,51.320955714000036,4,,4,Süd,,,,4.0,,0,14230906148210643930,255601,0,1
14625,,,14,7,13,000,2023,09,07,4,3,6,7,0,,0,1,1,0,0,,"736989,037800000049174","5696851,742699999362230",12.405215652000038,51.37337665800004,1,,1,Nordost,,,,1.0,,0,14230906148120655840,255602,0,1
14626,,,14,7,13,000,2023,09,07,3,3,4,2,0,,1,1,0,0,0,,"734827,151800000108778","5694553,717900000512600",12.372693135000077,51.35364676100005,0,,0,Mitte,,,,0.0,,0,14230905148410654100,255622,0,1
14627,,,14,7,13,000,2023,09,22,3,3,6,4,2,,1,0,1,0,0,,"735003,966400000266731","5692215,286299999803305",12.373684687000036,51.332583069000066,0,,0,Mitte,,,,0.0,,0,14230905148410627590,255623,0,1
14628,,,14,7,13,000,2023,09,00,3,3,1,1,2,,1,1,0,0,0,,"737400,792399999685585","5691619,944700000807643",12.407631611000056,51.326243935000036,3,,3,Südost,,,,3.0,,0,14230905148410608630,255624,0,1
14629,,,14,7,13,000,2023,09,05,3,3,3,5,2,,1,1,0,0,0,,"728974,234500000253320","5699480,446799999102950",12.291955862000066,51.40026256800007,8,,8,Nordwest,,,,8.0,,0,14230905148110696980,255625,0,1
14630,,,14,7,13,000,2023,09,16,3,3,2,6,0,,0,1,0,0,0,,"733149,537899999879301","5697867,380999999120831",12.35081565400003,51.38408268300003,8,,8,Nordwest,,,,8.0,,1,14230905148110608600,255626,0,1
14631,,,14,7,13,000,2023,09,18,3,3,5,3,0,,0,0,0,1,0,,"734505,907300000078976","5692410,830099999904633",12.36667658600004,51.334543919000055,0,,0,Mitte,,,,0.0,,1,14230905144200851270,255627,0,1
14632,,,14,7,13,000,2023,09,10,3,2,1,7,0,,0,1,0,0,0,,"731016,126799999736249","5691803,423100000247359",12.31627263100006,51.330519509000055,7,,7,Alt-West,,,,7.0,,0,14230905144200619960,255628,0,1
14633,,,14,7,13,000,2023,09,17,5,3,3,2,0,,1,1,0,0,0,,"736697,451500000432134","5689803,993000000715256",12.396349672000042,51.310236658000065,4,,4,Süd,,,,4.0,,0,14230928148210681440,255630,0,1
14634,,,14,7,13,000,2023,09,00,4,3,5,3,2,,0,1,0,0,0,,"735467,371899999678135","5689238,518899999558926",12.378359236000051,51.30567089800007,4,,4,Süd,,,,4.0,,0,14230920119110680410,255650,0,1
14635,,,14,7,13,000,2023,09,19,2,3,1,5,1,,1,1,0,0,0,,"735795,816999999806285","5693208,260900000110269",12.385688386000027,51.34116856900005,0,,0,Mitte,,,,0.0,,0,14230904148410626470,255652,0,1
14636,,,14,7,13,000,2023,09,07,2,2,0,1,0,,1,0,0,0,0,,"737006,576500000432134","5691762,521400000900030",12.402078589000041,51.327688084000044,3,,3,Südost,,,,3.0,,0,14230904148410608110,255653,0,1
14637,,,14,7,13,000,2023,09,08,2,3,5,3,0,,1,1,0,0,0,,"735001,078999999910593","5692245,627000000327826",12.373663324000063,51.33285661200006,0,,0,Mitte,,,,0.0,,0,14230904148410608100,255654,0,1
14638,,,14,7,13,000,2023,09,21,2,3,5,3,2,,1,0,0,0,0,,"731945,578700000420213","5690586,242300000041723",12.328798946000063,51.31921488000006,5,,5,Südwest,,,,5.0,,0,14230904148320643980,255656,0,1
14639,,,14,7,13,000,2023,09,07,6,3,5,3,0,,0,1,0,0,0,,"738645,041000000201166","5695290,823000000789762",12.427917190000073,51.35867274100008,1,,1,Nordost,,,,1.0,,0,14230915148110642830,255657,0,1
14640,,,14,7,13,000,2023,09,13,2,2,5,2,0,,1,1,0,0,0,,"730435,436700000427663","5693929,851999999955297",12.309327491000033,51.34984393600007,7,,7,Alt-West,,,,7.0,,0,14230904148310654081,255658,0,1
14641,,,14,7,13,000,2023,09,07,2,3,5,3,0,,1,0,0,0,0,,"735024,179700000211596","5695100,331900000572205",12.37587869500004,51.35847191100004,0,,0,Mitte,,,,0.0,,0,14230904148110620000,255659,0,1
14642,,,14,7,13,000,2023,09,11,2,3,5,3,0,,0,0,0,1,0,,"730269,474399999715388","5691369,149100000038743",12.305292905000044,51.326923771000054,6,,6,West,,,,6.0,,1,14230904144200730870,255660,0,1
14643,,,14,7,13,000,2023,09,18,2,3,2,6,0,,0,1,0,0,0,,"734509,955500000156462","5695593,724300000816584",12.36883137600006,51.363113233000036,9,,9,Nord,,,,9.0,,1,14230904144200626680,255661,0,1
14644,,,14,7,13,000,2023,09,15,2,2,5,3,0,,0,1,0,1,0,,"737184,508500000461936","5693758,343200000002980",12.405956673000048,51.34552859900003,2,,2,Ost,,,,2.0,,0,14230904144200608550,255663,0,1
14645,,,14,7,13,000,2023,09,12,1,2,5,3,0,,1,1,0,0,0,,"736369,376500000245869","5693790,015599999576807",12.394294539000043,51.34615237300005,0,,0,Mitte,,,,0.0,,0,14230903148410607720,255678,0,1
14646,,,14,7,13,000,2023,09,16,1,3,0,1,0,,0,0,0,0,0,,"737181,937199999578297","5693694,413200000301003",12.405877234000059,51.34495583100005,2,,2,Ost,,,,2.0,,1,14230903148410607710,255679,0,1
14647,,,14,7,13,000,2023,09,22,1,3,0,7,2,,0,0,0,0,0,,"730689,950199999846518","5693757,525699999183416",12.31286437500006,51.34819374500006,7,,7,Alt-West,,,,7.0,,1,14230903148310638400,255680,0,1
14648,,,14,7,13,000,2023,09,19,1,3,5,3,0,,1,1,0,0,0,,"738740,912800000049174","5689302,773499999195337",12.425279768000053,51.30488440700003,3,,3,Südost,,,,3.0,,0,14230903148210608080,255681,0,1
14649,,,14,7,13,000,2023,09,10,7,3,2,2,0,,0,1,0,0,0,,"731548,100399999879301","5692159,372800000011921",12.324126718000059,51.333498517000066,7,,7,Alt-West,,,,7.0,,0,14230902148310652510,255688,0,1
14650,,,14,7,13,000,2023,09,12,7,3,5,3,0,,1,1,0,0,0,,"735072,126099999994040","5696757,089400000870228",12.377661213000067,51.373323638000045,9,,9,Nord,,,,9.0,,0,14230902148110628050,255689,0,1
14651,,,14,7,13,000,2023,09,11,7,3,1,7,0,,0,1,0,0,0,,"739329,436900000087917","5688943,795700000599027",12.433466524000039,51.30141519000006,3,,3,Südost,,,,3.0,,0,14230902144200653530,255690,0,1
14652,,,14,7,13,000,2023,09,22,6,3,4,6,2,,1,0,0,0,0,,"730784,868900000117719","5694902,586899999529123",12.314967569000032,51.35843431400008,7,,7,Alt-West,,,,7.0,,0,14230901148310607290,255700,1,1
14653,,,14,7,13,000,2023,09,11,6,3,1,3,0,,1,1,0,0,0,,"730303,845099999569356","5691272,554400000721216",12.305722969000044,51.326042725000036,7,,7,Alt-West,,,,7.0,,0,14230901148310606990,255701,0,1
14654,,,14,7,13,000,2023,09,05,6,3,5,3,1,,1,0,0,0,0,,"741507,991100000217557","5690299,661000000312924",12.465577034000034,51.31266507500004,3,,3,Südost,,,,3.0,,0,14230901148210697000,255702,0,1
14655,,,14,7,13,000,2023,09,16,6,3,6,4,0,,0,1,1,0,0,,"731856,991299999877810","5689288,419800000265241",12.326686295000059,51.30760063100007,5,,5,Südwest,,,,5.0,,0,14230901144200607250,255704,0,1
14656,,,14,7,13,000,2023,08,09,5,3,5,2,0,,1,1,0,0,0,,"735191,843299999833107","5694033,415799999609590",12.377577433000056,51.34882557000003,0,,0,Mitte,,,,0.0,,0,14230831148410626460,255717,0,1
14657,,,14,7,13,000,2023,08,19,5,3,5,7,0,,1,1,0,0,0,,"734862,254599999636412","5695642,360500000417233",12.373914995000064,51.36340429100005,9,,9,Nord,,,,9.0,,0,14230831143263606920,255719,0,1
14658,,,14,7,13,000,2023,09,14,2,3,5,3,0,,0,1,0,0,0,,"735883,528800000436604","5692598,122199999168515",12.386541391000037,51.33565542800005,0,,0,Mitte,,,,0.0,,0,14230918144200654910,255728,0,1
14659,,,14,7,13,000,2023,08,07,4,3,5,3,0,,1,1,0,0,0,,"735745,919900000095367","5693381,443800000473857",12.385087920000046,51.34274379400006,0,,0,Mitte,,,,0.0,,0,14230830148410599810,255730,0,1
14660,,,14,7,13,000,2023,09,08,6,3,5,4,0,,0,1,1,0,0,,"734512,681099999696016","5695155,102600000798702",12.368581301000063,51.35917486900007,9,,9,Nord,,,,9.0,,0,14230901148410607010,255743,0,1
14661,,,14,7,13,000,2023,08,15,3,2,2,6,0,,0,1,0,0,0,,"739047,029799999669194","5701252,288899999111891",12.437691777000055,51.41201227700003,9,,9,Nord,,,,9.0,,0,14230829149213608680,255750,0,1
14662,,,14,7,13,000,2023,08,17,3,3,1,5,0,,1,1,0,0,0,,"737045,217000000178814","5693763,904999999329448",12.403963948000069,51.345636615000046,2,,2,Ost,,,,2.0,,0,14230829148410607310,255752,0,1
14663,,,14,7,13,000,2023,08,03,3,3,5,3,2,,0,1,0,0,0,,"730703,068900000303984","5697295,819099999964237",12.315347539000072,51.37995126800007,8,,8,Nordwest,,,,8.0,,0,14230829148310643490,255753,1,1
14664,,,14,7,13,000,2023,08,21,3,3,0,1,2,,0,0,0,1,0,,"729972,791400000452995","5694290,374099999666214",12.302928163000047,51.35326770700004,7,,7,Alt-West,,,,7.0,,0,14230829148310607300,255754,1,1
14665,,,14,7,13,000,2023,08,14,3,3,3,2,0,,1,1,0,0,0,,"734765,561400000005960","5691306,488900000229478",12.36966989800004,51.32452376500004,4,,4,Süd,,,,4.0,,0,14230829148220599320,255756,0,1
14666,,,14,7,13,000,2023,08,07,3,3,1,5,0,,1,1,0,0,0,,"735580,254599999636412","5689313,285000000149012",12.380025149000062,51.30629532900008,4,,4,Süd,,,,4.0,,0,14230829148210586530,255757,1,1
14667,,,14,7,13,000,2023,08,04,3,3,5,3,2,,1,1,0,0,0,,"734004,756699999794364","5695593,313500000163913",12.361587146000033,51.36331783800006,9,,9,Nord,,,,9.0,,0,14230829148110586500,255758,1,1
14668,,,14,7,13,000,2023,08,09,3,3,5,3,0,,1,0,0,0,0,,"734504,787399999797344","5690903,821399999782443",12.365668996000068,51.321016772000064,4,,4,Süd,,,,4.0,,1,14230829144200599760,255759,1,1
14669,,,14,7,13,000,2023,08,12,2,3,0,1,0,,1,0,0,0,0,,"734753,238900000229478","5693832,210599999874830",12.371157698000047,51.34720077000003,0,,0,Mitte,,,,0.0,,0,14230828662213586640,255772,0,1
14670,,,14,7,13,000,2023,08,13,1,3,0,7,0,,0,0,0,0,0,,"731711,911600000225008","5692790,489600000903010",12.32688465900003,51.33909722300007,7,,7,Alt-West,,,,7.0,,1,14230827148310638390,255787,0,1
14671,,,14,7,13,000,2023,08,15,7,3,6,6,0,,0,0,1,0,0,,"735132,255099999718368","5693032,113500000908971",12.376062084000068,51.33986218700005,0,,0,Mitte,,,,0.0,,1,14230826144200585040,255802,0,1
14672,,,14,7,13,000,2023,09,14,4,3,0,7,0,,0,1,0,0,0,,"738827,390899999998510","5687151,230900000780821",12.425079122000056,51.285535981000066,3,,3,Südost,,,,3.0,,0,14230920148210689100,255821,0,1
14673,,,14,7,13,000,2023,08,23,6,2,0,1,2,,1,0,0,0,0,,"728370,905600000172853","5695073,764599999412894",12.280464911000024,51.36094626900007,7,,7,Alt-West,,,,7.0,,0,14230825148310637950,255823,1,1
14674,,,14,7,13,000,2023,08,09,6,3,2,6,0,,0,1,0,0,0,,"729694,762000000104308","5684261,048000000417233",12.292485743000043,51.263345506000064,5,,5,Südwest,,,,5.0,,0,14230825148310586070,255824,0,1
14675,,,14,7,13,000,2023,08,17,6,3,5,3,0,,1,1,0,0,0,,"735599,521700000390410","5697103,289899999275804",12.385454433000064,51.37621268600003,9,,9,Nord,,,,9.0,,0,14230825148110643450,255826,0,1
14676,,,14,7,13,000,2023,08,11,6,3,5,7,0,,0,1,0,0,0,,"737934,929800000041723","5697170,314600000157952",12.418994161000057,51.37584066800008,1,,1,Nordost,,,,1.0,,0,14230825148110586040,255827,0,1
14677,,,14,7,13,000,2023,08,16,6,3,6,4,0,,0,1,1,0,0,,"731861,474000000394881","5696451,785099999979138",12.331413792000035,51.371902798000065,8,,8,Nordwest,,,,8.0,,0,14230825144200608590,255828,0,1
14678,,,14,7,13,000,2023,08,17,5,3,5,3,0,,0,1,0,0,0,,"734879,090099999681115","5694781,102499999105930",12.373587787000076,51.355666384000074,0,,0,Mitte,,,,0.0,,0,14230824148410584780,255840,0,1
14679,,,14,7,13,000,2023,08,09,5,3,1,5,0,,1,1,0,0,0,,"737008,320399999618530","5693130,106200000271201",12.40301329500005,51.33996295800006,2,,2,Ost,,,,2.0,,0,14230824148410577870,255841,0,1
14680,,,14,7,13,000,2023,08,21,5,3,0,3,1,,1,1,0,0,0,,"731408,815899999812245","5691634,705299999564886",12.32179002600003,51.32884533500004,7,,7,Alt-West,,,,7.0,,0,14230824148320653590,255842,0,1
14681,,,14,7,13,000,2023,08,07,5,3,2,6,0,,0,1,0,0,0,,"742458,886099999770522","5692816,389599999412894",12.480906771000036,51.33484948500006,2,,2,Ost,,,,2.0,,0,14230824148210577830,255843,0,1
14682,,,14,7,13,000,2023,08,16,5,3,2,2,2,,0,1,0,0,0,,"734278,492899999953806","5695523,550000000745058",12.365466264000077,51.362578807000034,9,,9,Nord,,,,9.0,,0,14230824148110577810,255844,0,1