UNFALL_ID,FID_left,OBJECTID,ULAND,UREGBEZ,UKREIS,UGEMEINDE,UJAHR,UMONAT,USTUNDE,UWOCHENTAG,UKATEGORIE,UART,UTYP1,ULICHTVERH,IstStrasse,IstRad,IstPKW,IstFuss,IstKrad,IstGkfz,IstSonstig,LINREFX,LINREFY,XGCSWGS84,YGCSWGS84,index_right,FID_right,SBZ,Name,UIDENTSTLA,LICHT,STRZUSTAND,FID,OBJECTID_1,IstSonstige,UIDENTSTLAE,OID_,IstStrassenzustand,PLST
14683,,,14,7,13,000,2023,08,13,5,3,0,7,0,,0,1,0,1,0,,"738576,631699999794364","5695284,486099999397993",12.426932191000049,51.35864458600008,1,,1,Nordost,,,,1.0,,0,14230824144200627520,255845,0,1
14684,,,14,7,13,000,2023,08,15,5,2,3,6,0,,1,1,0,0,0,,"739476,225700000301003","5697773,414200000464916",12.441505360000065,51.380606088000036,1,,1,Nordost,,,,1.0,,0,14230824144200577790,255847,0,1
14685,,,14,7,13,000,2023,08,15,5,3,5,3,0,,1,1,0,0,0,,"737690,266900000162423","5690680,952500000596046",12.411152814000047,51.31769462800003,3,,3,Südost,,,,3.0,,0,14230824143263586410,255849,0,1
14686,,,14,7,13,000,2023,09,08,3,3,0,5,0,,1,1,0,0,0,,"731091,580900000408292","5694467,244400000199676",12.319082478000041,51.35440166400008,7,,7,Alt-West,,,,7.0,,0,14230912144200655770,255862,0,1
14687,,,14,7,13,000,2023,08,13,4,2,1,5,0,,1,1,0,0,0,,"734960,657999999821186","5694136,172199999913573",12.374331402000053,51.34984354900007,0,,0,Mitte,,,,0.0,,0,14230823148410586100,255875,0,1
14688,,,14,7,13,000,2023,08,17,4,3,5,2,0,,1,1,0,0,0,,"737237,333100000396371","5692692,157999999821186",12.406003596000062,51.33593640500004,3,,3,Südost,,,,3.0,,0,14230823148410585470,255877,0,1
14689,,,14,7,13,000,2023,08,19,4,3,7,1,0,,0,0,0,1,0,,"731267,945199999958277","5689165,627599999308586",12.318170304000034,51.30673793200003,5,,5,Südwest,,,,5.0,,0,14230823148310586060,255878,0,1
14690,,,14,7,13,000,2023,08,10,4,3,0,1,0,,1,0,0,0,0,,"735217,417899999767542","5689621,537299999967217",12.37503219000007,51.30921235100004,4,,4,Süd,,,,4.0,,0,14230823148210620440,255880,0,1
14691,,,14,7,13,000,2023,08,08,4,3,5,3,0,,1,1,0,0,0,,"738857,352500000037253","5697628,310599999502301",12.432531183000037,51.37956433800008,1,,1,Nordost,,,,1.0,,0,14230823148110586020,255881,0,1
14692,,,14,7,13,000,2023,08,09,4,3,6,4,0,,0,0,1,0,0,,"734859,092899999581277","5698990,159900000318885",12.376082117000067,51.39345646400005,9,,9,Nord,,,,9.0,,1,14230823148110577820,255882,0,1
14693,,,14,7,13,000,2023,08,17,4,3,5,3,0,,0,1,0,0,0,,"734726,650700000114739","5690885,476900000125170",12.368835250000075,51.32076062800007,4,,4,Süd,,,,4.0,,0,14230823144200586430,255884,0,1
14694,,,14,7,13,000,2023,08,14,4,3,5,2,0,,0,1,0,0,0,,"739940,169099999591708","5698065,782600000500679",12.448357151000039,51.38303442400007,1,,1,Nordost,,,,1.0,,0,14230823144200584640,255885,0,1
14695,,,14,7,13,000,2023,08,15,4,3,0,4,0,,0,0,1,0,0,,"738103,445700000040233","5695124,988199999555945",12.420041592000075,51.35741140500005,1,,1,Nordost,,,,1.0,,1,14230823144200577780,255886,0,1
14696,,,14,7,13,000,2023,08,07,4,1,6,4,0,,0,1,1,0,0,,"734786,104000000283122","5692480,399000000208616",12.370737599000051,51.33505280000003,0,,0,Mitte,,,,0.0,,0,14230823144200577761,255887,0,1
14697,,,14,7,13,000,2023,08,14,4,3,6,6,0,,1,0,1,0,0,,"733844,336199999786913","5692574,263800000771880",12.357303568000077,51.336283380000054,0,,0,Mitte,,,,0.0,,0,14230823143263577740,255888,0,1
14698,,,14,7,13,000,2023,08,11,3,3,2,6,0,,1,0,0,0,0,,"734882,001000000163913","5694432,451400000602007",12.373399405000043,51.35253556500004,0,,0,Mitte,,,,0.0,,0,14230822148410731520,255910,0,1
14699,,,14,7,13,000,2023,08,15,3,3,2,6,0,,0,1,0,0,0,,"729855,955000000074506","5693796,003000000491738",12.300933862000022,51.348876989000075,7,,7,Alt-West,,,,7.0,,0,14230822148320608620,255911,0,1
14700,,,14,7,13,000,2023,08,11,3,3,0,3,0,,0,1,0,0,0,,"732453,299499999731779","5692580,683900000527501",12.337373121000041,51.33691128100003,7,,7,Alt-West,,,,7.0,,1,14230822148310627580,255912,0,1
14701,,,14,7,13,000,2023,08,16,3,3,3,2,0,,1,1,0,0,0,,"735601,973199999891222","5697095,320199999958277",12.385484310000038,51.37614013100006,9,,9,Nord,,,,9.0,,0,14230822148110585440,255913,0,1
14702,,,14,7,13,000,2023,08,12,3,3,6,6,0,,0,1,1,0,0,,"737002,283400000073016","5693251,475099999457598",12.403007543000058,51.34105489400008,2,,2,Ost,,,,2.0,,0,14230822144200599780,255914,0,1
14703,,,14,7,13,000,2023,08,18,3,2,6,4,0,,0,1,1,0,0,,"736059,139899999834597","5691536,793400000780821",12.388354826000068,51.32605581300004,0,,0,Mitte,,,,0.0,,0,14230822144200577300,255915,0,1
14704,,,14,7,13,000,2023,08,15,3,3,5,3,0,,1,1,0,0,0,,"734636,139299999922514","5690904,024599999189377",12.367550830000027,51.32096444900003,4,,4,Süd,,,,4.0,,0,14230822144200577290,255916,0,1
14705,,,14,7,13,000,2023,08,13,2,3,6,4,0,,0,1,1,0,0,,"735012,067599999718368","5695129,548599999397993",12.375724341000023,51.358739179000054,9,,9,Nord,,,,9.0,,0,14230821148410586560,255937,0,1
14706,,,14,7,13,000,2023,08,09,2,3,3,2,0,,0,1,0,0,0,,"729750,175800000317395","5689861,894300000742078",12.296880951000048,51.31360294600006,6,,6,West,,,,6.0,,1,14230821148310620020,255938,0,1
14707,,,14,7,13,000,2023,08,12,2,3,5,2,0,,0,1,0,1,0,,"732392,303199999965727","5691546,737700000405312",12.335824640000055,51.32765475200006,5,,5,Südwest,,,,5.0,,0,14230821148310586540,255939,0,1
14708,,,14,7,13,000,2023,08,08,2,3,3,6,0,,1,1,0,0,0,,"735012,246700000017881","5692077,192199999466538",12.373712259000058,51.33134006100005,0,,0,Mitte,,,,0.0,,0,14230821148223577350,255940,0,1
14709,,,14,7,13,000,2023,08,16,2,3,2,6,0,,1,1,0,1,0,,"737898,044099999591708","5690374,269500000402331",12.413924433000034,51.314855013000056,3,,3,Südost,,,,3.0,,0,14230821148210619490,255941,0,1
14710,,,14,7,13,000,2023,08,13,2,3,3,2,0,,1,1,0,0,0,,"735622,548999999649823","5689342,926999999210238",12.380650413000069,51.30654390400008,4,,4,Süd,,,,4.0,,0,14230821148210607690,255942,0,1
14711,,,14,7,13,000,2023,08,08,2,3,1,5,0,,1,1,0,0,0,,"734886,110399999655783","5696035,735500000417233",12.37451685800005,51.36692549300005,9,,9,Nord,,,,9.0,,0,14230821148110585050,255943,0,1
14712,,,14,7,13,000,2023,08,07,2,3,4,6,0,,1,0,0,0,0,,"733904,486499999649823","5690817,269700000062585",12.357012449000024,51.32048691400007,4,,4,Süd,,,,4.0,,0,14230821144320577330,255945,0,1
14713,,,14,7,13,000,2023,08,18,2,3,5,3,0,,1,1,0,0,0,,"742016,089999999850988","5693159,731000000610948",12.47479549600007,51.33811971000006,2,,2,Ost,,,,2.0,,0,14230821144200608570,255946,0,1
14714,,,14,7,13,000,2023,08,11,2,2,6,4,0,,1,0,1,0,0,,"736691,443900000303984","5689731,555999999865890",12.39621557700002,51.309588946000076,4,,4,Süd,,,,4.0,,0,14230821144200567190,255947,0,1
14715,,,14,7,13,000,2023,08,07,2,3,0,7,0,,1,0,0,0,1,,"734181,183600000105798","5694908,917799999937415",12.363666393000074,51.357101715000056,9,,9,Nord,,,,9.0,,0,14230821144200566760,255948,0,1
14716,,,14,7,13,000,2023,08,10,1,3,2,2,0,,0,1,0,0,0,,"734884,850599999539554","5692510,551599999889731",12.372172512000077,51.33528269000004,0,,0,Mitte,,,,0.0,,0,14230820148410586550,255967,0,1
14717,,,14,7,13,000,2023,08,19,7,3,1,5,1,,1,1,0,0,0,,"735011,131500000134110","5692021,670800000429153",12.373659663000069,51.33084214100006,0,,0,Mitte,,,,0.0,,0,14230819148410586110,255978,0,1
14718,,,14,7,13,000,2023,08,19,7,3,5,2,1,,1,1,0,0,0,,"732203,191100000403821","5691944,106000000610948",12.333373917000074,51.331299054000056,7,,7,Alt-West,,,,7.0,,0,14230819148310577850,255979,0,1
14719,,,14,7,13,000,2023,08,00,7,3,1,5,2,,0,1,0,1,0,,"735061,014499999582767","5689670,348899999633431",12.37282435800006,51.309715108000034,4,,4,Süd,,,,4.0,,0,14230819148223620450,255980,0,1
14720,,,14,7,13,000,2023,08,10,7,3,5,3,0,,0,1,0,1,0,,"733908,577899999916553","5690818,673900000751019",12.357071982000036,51.32049783700006,4,,4,Süd,,,,4.0,,0,14230819145400584700,255982,0,1
14721,,,14,7,13,000,2023,08,10,7,3,2,6,0,,0,1,0,0,0,,"736943,122999999672174","5695779,233999999240041",12.403842502000032,51.363768925000045,1,,1,Nordost,,,,1.0,,0,14230819144200584660,255984,0,1
14722,,,14,7,13,000,2023,08,04,7,2,8,1,2,,0,1,0,0,0,,"735623,843100000172853","5689340,503499999642372",12.380667345000063,51.306521614000076,4,,4,Süd,,,,4.0,,0,14230819144200567180,255985,0,1
14723,,,14,7,13,000,2023,08,15,7,3,5,3,0,,1,0,0,0,0,,"733855,411999999545515","5694872,299000000581145",12.358971739000026,51.35690715700008,0,,0,Mitte,,,,0.0,,0,14230819143263567170,255986,0,1
14724,,,14,7,13,000,2023,09,15,6,3,0,1,0,,0,0,0,1,0,,"730434,201000000350177","5693653,857699999585748",12.309131121000064,51.34736685000007,7,,7,Alt-West,,,,7.0,,0,14230908148310637960,255994,0,1
14725,,,14,7,13,000,2023,09,14,3,3,5,3,0,,1,1,0,0,0,,"734826,581500000320375","5695603,123800000175834",12.373377583000035,51.36306683400005,9,,9,Nord,,,,9.0,,0,14230919148110654540,255997,0,1
14726,,,14,7,13,000,2023,08,18,2,3,5,7,0,,1,1,0,0,0,,"727945,555100000463426","5689423,562100000679493",12.270750293000049,51.310393486000066,6,,6,West,,,,6.0,,0,14230828148310586080,255998,0,1
14727,,,14,7,13,000,2023,08,14,6,3,6,4,0,,1,0,1,0,0,,"735410,610999999567866","5693395,973999999463558",12.380291811000063,51.34301314600003,0,,0,Mitte,,,,0.0,,0,14230818148410620030,256006,0,1
14728,,,14,7,13,000,2023,09,13,7,2,6,4,0,,0,1,1,0,0,,"740170,853799999691546","5693909,051200000569224",12.448859191000054,51.34562764300006,2,,2,Ost,,,,2.0,,0,14230923144200655790,256017,0,1
14729,,,14,7,13,000,2023,08,23,5,3,6,7,2,,0,1,1,0,0,,"735018,379599999636412","5693031,139299999922514",12.374429446000022,51.339900517000046,0,,0,Mitte,,,,0.0,,0,14230817148410566790,256019,1,1
14730,,,14,7,13,000,2023,08,11,5,3,3,6,0,,1,0,0,0,1,,"733834,815600000321865","5692565,483100000768900",12.357161369000039,51.336208474000045,0,,0,Mitte,,,,0.0,,0,14230817148410565580,256020,1,1
14731,,,14,7,13,000,2023,08,17,5,3,0,7,0,,1,0,1,0,0,,"742229,787299999967217","5693535,751499999314547",12.478113354000072,51.34140366200006,2,,2,Ost,,,,2.0,,0,14230817148210584730,256021,0,1
14732,,,14,7,13,000,2023,08,16,4,3,1,5,0,,1,1,0,0,0,,"736345,483500000089407","5693349,584000000730157",12.393659747000072,51.342208912000046,0,,0,Mitte,,,,0.0,,0,14230816148410565590,256039,0,1
14733,,,14,7,13,000,2023,08,16,4,3,5,3,0,,1,1,0,0,0,,"730615,457700000144541","5690087,681299999356270",12.309421412000063,51.31527990200004,5,,5,Südwest,,,,5.0,,0,14230816148321565570,256040,0,1
14734,,,14,7,13,000,2023,08,08,4,3,5,3,0,,0,1,0,0,0,,"738040,782100000418723","5691163,141599999740720",12.416495444000077,51.32187625900008,3,,3,Südost,,,,3.0,,0,14230816148210566780,256041,0,1
14735,,,14,7,13,000,2023,08,21,3,3,3,6,2,,0,1,0,1,0,,"735412,096800000406802","5692138,956499999389052",12.379482391000067,51.33172913800007,0,,0,Mitte,,,,0.0,,0,14230815148410552710,256054,1,1
14736,,,14,7,13,000,2023,08,05,3,2,4,1,1,,0,1,0,0,0,,"730808,064399999566376","5694763,280300000682473",12.315209778000053,51.35717435400005,7,,7,Alt-West,,,,7.0,,0,14230815148110552670,256057,1,1
14737,,,14,7,13,000,2023,08,23,3,3,5,3,2,,1,1,0,0,0,,"735114,850399999879301","5688745,434499999508262",12.372986044000072,51.30139044400005,4,,4,Süd,,,,4.0,,0,14230815144200565510,256058,0,1
14738,,,14,7,13,000,2023,08,17,3,3,3,6,0,,1,0,0,0,0,,"737164,852699999697506","5693759,052100000903010",12.405675424000037,51.34554316100008,2,,2,Ost,,,,2.0,,0,14230815144200560260,256059,1,1
14739,,,14,7,13,000,2023,08,14,3,3,2,6,0,,0,1,0,0,0,,"733566,366100000217557","5692313,804099999368191",12.353149334000022,51.33405957200006,0,,0,Mitte,,,,0.0,,0,14230815144200560230,256060,0,1
14740,,,14,7,13,000,2023,09,12,4,2,4,1,0,,0,1,0,0,0,,"738346,263600000180304","5698639,415699999779463",12.425878973000067,51.38885459000005,1,,1,Nordost,,,,1.0,,0,14230920144200653511,256069,0,1
14741,,,14,7,13,000,2023,08,17,2,3,2,6,0,,1,1,0,0,0,,"733903,392300000414252","5693347,995100000873208",12.358657997000023,51.34320450600006,0,,0,Mitte,,,,0.0,,0,14230814148410577360,256072,0,1
14742,,,14,7,13,000,2023,08,11,2,3,5,3,0,,1,1,0,0,0,,"734808,201000000350177","5692641,880000000819564",12.371160681000049,51.33649319700004,0,,0,Mitte,,,,0.0,,0,14230814148410552700,256073,0,1
14743,,,14,7,13,000,2023,08,08,2,3,5,3,0,,1,1,0,0,0,,"732472,218399999663234","5690593,647299999371171",12.336348177000048,51.31906645500004,5,,5,Südwest,,,,5.0,,0,14230814148310552570,256075,0,1
14744,,,14,7,13,000,2023,08,16,2,3,5,2,0,,1,1,0,0,0,,"742296,242399999871850","5693692,881899999454618",12.479172581000057,51.34278565500006,2,,2,Ost,,,,2.0,,0,14230814148210560300,256076,0,1
14745,,,14,7,13,000,2023,08,22,2,3,5,3,2,,0,1,0,0,0,,"737299,460799999535084","5695376,280500000342727",12.408682997000028,51.360003293000034,1,,1,Nordost,,,,1.0,,0,14230814148110552680,256077,0,1
14746,,,14,7,13,000,2023,08,13,2,2,5,3,0,,0,1,0,1,1,,"733142,756000000052154","5697873,455399999395013",12.35072235000007,51.384139995000055,8,,8,Nordwest,,,,8.0,,0,14230814144200730860,256078,0,1
14747,,,14,7,13,000,2023,08,04,1,3,8,1,2,,0,1,0,0,0,,"735917,915699999779463","5687434,146199999377131",12.383619044000056,51.28928771600005,4,,4,Süd,,,,4.0,,0,14230813148210552141,256092,1,1
14748,,,14,7,13,000,2023,08,17,1,3,6,4,0,,0,1,1,0,0,,"738528,534699999727309","5689265,198599999770522",12.422213445000068,51.30463614900003,3,,3,Südost,,,,3.0,,0,14230813144200586450,256093,0,1
14749,,,14,7,13,000,2023,08,14,7,3,0,1,0,,1,0,0,0,0,,"735296,739799999631941","5693697,810100000351667",12.37885922700002,51.34576965900004,0,,0,Mitte,,,,0.0,,0,14230812148410552170,256103,0,1
14750,,,14,7,13,000,2023,08,19,7,3,1,5,0,,1,1,0,0,0,,"738864,363699999637902","5697119,277699999511242",12.43228963100006,51.37499242600006,1,,1,Nordost,,,,1.0,,0,14230812148110552690,256104,1,1
14751,,,14,7,13,000,2023,08,13,7,3,2,6,0,,0,1,0,0,0,,"735925,143000000156462","5690948,415999999269843",12.386045692000039,51.320829952000054,0,,0,Mitte,,,,0.0,,0,14230812144200565900,256105,0,1
14752,,,14,7,13,000,2023,08,00,7,3,4,6,2,,1,0,0,0,0,,"734472,961900000460446","5690898,869999999180436",12.365209819000029,51.32098544100006,4,,4,Süd,,,,4.0,,0,14230812143263560220,256106,0,1
14753,,,14,7,13,000,2023,08,15,6,3,2,2,0,,0,1,0,0,0,,"735398,765999999828637","5690908,832000000402331",12.378479002000063,51.320692629000064,4,,4,Süd,,,,4.0,,0,14230811148410566110,256120,0,1
14754,,,14,7,13,000,2023,08,09,6,3,2,6,0,,0,1,0,0,1,,"732861,691399999894202","5690559,523900000378489",12.341905257000064,51.318600900000035,5,,5,Südwest,,,,5.0,,0,14230811148310585080,256121,0,1
14755,,,14,7,13,000,2023,08,12,6,3,1,3,0,,1,1,0,0,0,,"729959,540199999697506","5694657,972999999299645",12.302975736000064,51.35657300400004,7,,7,Alt-West,,,,7.0,,0,14230811148310584740,256123,0,1
14756,,,14,7,13,000,2023,08,12,6,3,6,7,0,,0,1,1,0,0,,"734003,265200000256300","5698645,729199999943376",12.363575499000035,51.39071822100004,9,,9,Nord,,,,9.0,,0,14230811148110577320,256127,0,1
14757,,,14,7,13,000,2023,08,12,6,2,0,7,0,,0,0,0,0,0,,"737795,098799999803305","5694989,884299999102950",12.41553076300005,51.35632782400006,1,,1,Nordost,,,,1.0,,1,14230811148110551560,256128,0,1
14758,,,14,7,13,000,2023,08,12,6,3,1,5,0,,1,1,0,0,0,,"735056,765800000168383","5696626,352199999615550",12.377354474000072,51.37215646000004,9,,9,Nord,,,,9.0,,0,14230811144200552540,256129,0,1
14759,,,14,7,13,000,2023,08,16,6,3,5,2,0,,1,1,0,0,0,,"734746,927299999631941","5690906,493300000205636",12.369139559000075,51.32094091600004,4,,4,Süd,,,,4.0,,0,14230811144200552520,256130,0,1
14760,,,14,7,13,000,2023,08,12,6,3,5,3,0,,1,1,0,0,0,,"738445,188500000163913","5690931,070599999278784",12.422133416000065,51.31962388000005,3,,3,Südost,,,,3.0,,0,14230811144200551840,256131,0,1
14761,,,14,7,13,000,2023,08,16,5,3,3,6,0,,1,0,0,0,0,,"735212,059000000357628","5695148,439600000157952",12.378604155000062,51.35882600700006,0,,0,Mitte,,,,0.0,,0,14230810148410552590,256150,0,1
14762,,,14,7,13,000,2023,08,10,5,3,5,3,0,,1,1,0,0,0,,"731489,771399999968708","5688751,842599999159575",12.321078871000054,51.30293326600008,5,,5,Südwest,,,,5.0,,0,14230810148310584760,256151,0,1
14763,,,14,7,13,000,2023,08,18,5,3,1,5,0,,1,1,0,0,0,,"742576,837000000290573","5691510,471999999135733",12.481707957000026,51.32307809300005,2,,2,Ost,,,,2.0,,0,14230810148211566420,256152,0,1
14764,,,14,7,13,000,2023,08,11,5,3,5,2,0,,1,1,0,0,0,,"734772,664400000125170","5693730,294199999421835",12.371368932000053,51.34627790700006,0,,0,Mitte,,,,0.0,,0,14230810144320552660,256153,0,1
14765,,,14,7,13,000,2023,08,11,5,2,3,5,0,,1,1,0,0,0,,"737953,126799999736249","5691388,915999999269843",12.415390455000022,51.32393947600008,3,,3,Südost,,,,3.0,,0,14230810144200680540,256154,0,1
14766,,,14,7,13,000,2023,08,15,5,2,9,7,0,,0,1,0,0,0,,"738357,586699999868870","5694335,509299999102950",12.423156241000072,51.35021859300008,2,,2,Ost,,,,2.0,,0,14230810144200552530,256155,0,1
14767,,,14,7,13,000,2023,08,11,4,3,1,7,0,,1,1,0,0,0,,"735762,960599999874830","5692967,193900000303984",12.38505792500007,51.33901831000003,0,,0,Mitte,,,,0.0,,0,14230809148410560320,256168,0,1
14768,,,14,7,13,000,2023,08,11,4,2,6,4,0,,1,0,1,0,0,,"738383,527499999850988","5694358,504699999466538",12.423543474000041,51.35041412000004,2,,2,Ost,,,,2.0,,0,14230809144200545161,256170,0,1
14769,,,14,7,13,000,2023,08,10,6,3,0,1,0,,1,0,0,0,0,,"731593,908599999733269","5691650,931800000369549",12.32445271000006,51.32891567400003,5,,5,Südwest,,,,5.0,,0,14230811148310552150,256181,0,1
14770,,,14,7,13,000,2023,08,17,3,3,3,2,0,,1,0,0,0,0,,"734728,205299999564886","5690940,118400000035763",12.36889349200004,51.32125047300008,4,,4,Süd,,,,4.0,,1,14230808144200608560,256186,0,1
14771,,,14,7,13,000,2023,12,16,5,3,0,7,1,,0,0,1,0,0,,"732820,724899999797344","5696255,344799999147654",12.345042611000054,51.36974705000006,8,,8,Nordwest,,,,8.0,,1,14231228144200985050,256228,0,1
14772,,,14,7,13,000,2023,12,17,4,3,1,6,2,,0,1,0,0,0,,"741883,515800000168383","5694211,816299999132752",12.473610394000048,51.34761903800006,2,,2,Ost,,,,2.0,,0,14231227144200932560,256233,0,1
14773,,,14,7,13,000,2023,12,00,3,3,1,1,2,,1,1,0,0,0,,"736158,632500000298023","5692103,437999999150634",12.390155714000059,51.33110086200003,0,,0,Mitte,,,,0.0,,0,14231226148410907920,256242,1,1
14774,,,14,7,13,000,2023,12,17,3,3,5,3,2,,0,1,0,0,0,,"734294,968000000342727","5690897,008600000292063",12.362658710000062,51.32104204800004,4,,4,Süd,,,,4.0,,1,14231226148211000140,256243,0,1
14775,,,14,7,13,000,2023,12,17,2,3,2,6,2,,0,1,0,0,0,,"730700,521200000308454","5690100,240299999713898",12.310648043000072,51.31535817000008,5,,5,Südwest,,,,5.0,,0,14231225148310943460,256247,1,1
14776,,,14,7,13,000,2023,12,10,2,3,5,2,0,,0,1,0,0,0,,"737504,147300000302494","5697071,196499999612570",12.412749628000029,51.375131303000046,1,,1,Nordost,,,,1.0,,0,14231225144200932550,256248,1,1
14777,,,14,7,13,000,2023,12,17,6,3,5,3,2,,1,1,0,0,0,,"734373,453599999658763","5692369,308199999853969",12.364751226000067,51.334225797000045,0,,0,Mitte,,,,0.0,,0,14231222148410918590,256265,1,1
14778,,,14,7,13,000,2023,12,08,6,3,2,2,0,,0,1,0,0,0,,"735254,088299999944866","5688915,737800000235438",12.375092093000035,51.30286165000007,4,,4,Süd,,,,4.0,,0,14231222148210918550,256266,1,1
14779,,,14,7,13,000,2023,12,11,6,3,6,2,0,,0,1,1,0,0,,"739355,533800000324845","5688909,250199999660254",12.433817030000057,51.301094145000036,3,,3,Südost,,,,3.0,,0,14231222148210907250,256267,1,1
14780,,,14,7,13,000,2023,12,09,5,3,1,5,0,,1,1,0,0,0,,"734281,832700000144541","5693050,752199999988079",12.363886495000031,51.34038050700008,0,,0,Mitte,,,,0.0,,0,14231221149110955720,256277,1,1
14781,,,14,7,13,000,2023,12,08,5,3,5,3,1,,1,1,0,0,0,,"734527,944600000046194","5693629,098099999129772",12.367794584000023,51.34547053400007,0,,0,Mitte,,,,0.0,,0,14231221148410907930,256278,1,1
14782,,,14,7,13,000,2023,12,07,5,3,2,6,2,,1,1,0,0,0,,"730189,519100000150502","5689980,744400000199676",12.303250927000022,51.31449235600007,5,,5,Südwest,,,,5.0,,0,14231221148310907270,256279,0,1
14783,,,14,7,13,000,2023,12,10,5,3,1,1,0,,1,1,0,0,0,,"732449,734100000001490","5691714,294399999082088",12.336756802000025,51.32913540000004,5,,5,Südwest,,,,5.0,,0,14231221148310907260,256280,1,1
14784,,,14,7,13,000,2023,12,18,5,3,5,2,2,,1,1,0,0,0,,"735096,032999999821186","5694514,901399999856949",12.376522090000037,51.35318717700005,0,,0,Mitte,,,,0.0,,0,14231221144200985010,256281,1,1
14785,,,14,7,13,000,2023,12,07,5,3,6,2,1,,0,1,1,0,0,,"741846,184100000187755","5695453,936100000515580",12.473919395000053,51.358783466000034,2,,2,Ost,,,,2.0,,0,14231221144200907220,256282,1,1
14786,,,14,7,13,000,2023,12,07,5,3,3,2,0,,1,1,0,0,0,,"735582,380499999970198","5692246,366299999877810",12.381993359000035,51.332622782000044,0,,0,Mitte,,,,0.0,,0,14231221143263907210,256284,0,1
14787,,,14,7,13,000,2023,12,19,4,3,1,5,2,,1,1,0,0,0,,"735318,625099999830127","5691900,093800000846386",12.37798532100004,51.32962370000007,0,,0,Mitte,,,,0.0,,0,14231220148410932940,256291,1,1
14788,,,14,7,13,000,2023,12,11,4,3,0,7,0,,0,0,0,0,0,,"737045,674599999561906","5692980,653999999165535",12.403449156000022,51.33860589000005,2,,2,Ost,,,,2.0,,1,14231220148410924790,256292,0,1
14789,,,14,7,13,000,2023,12,20,4,3,5,3,2,,0,1,0,0,0,,"739492,120000000111759","5691861,531600000336766",12.43775493000004,51.32753588200006,2,,2,Ost,,,,2.0,,0,14231220144200933210,256293,1,1
14790,,,14,7,13,000,2023,12,17,4,3,6,2,1,,0,1,1,0,0,,"735562,930800000205636","5692944,012299999594688",12.382175963000066,51.33889312000008,0,,0,Mitte,,,,0.0,,0,14231220144200906990,256294,1,1
14791,,,14,7,13,000,2023,12,16,3,2,5,3,2,,0,1,0,0,0,,"729913,102199999615550","5693413,555800000205636",12.30150609900005,51.34542064100003,7,,7,Alt-West,,,,7.0,,1,14231219144200985020,256304,1,1
14792,,,14,7,13,000,2023,12,08,2,3,3,6,0,,0,1,0,0,0,,"734793,077499999664724","5692861,464600000530481",12.371088690000022,51.33847052100003,0,,0,Mitte,,,,0.0,,1,14231218148410918810,256317,0,1
14793,,,14,7,13,000,2023,12,07,2,3,5,3,1,,1,1,0,0,0,,"735625,802000000141561","5691515,633999999612570",12.382132420000062,51.32604551500003,0,,0,Mitte,,,,0.0,,0,14231218148410918800,256318,0,1
14794,,,14,7,13,000,2023,12,17,2,3,5,2,1,,1,1,0,0,0,,"735173,310300000011921","5693465,515599999576807",12.376936663000038,51.34373557500004,0,,0,Mitte,,,,0.0,,0,14231218148410907290,256319,0,1
14795,,,14,7,13,000,2023,12,10,2,3,1,7,0,,0,1,0,0,0,,"740293,309700000099838","5691713,305099999532104",12.449133234000044,51.325867609000056,2,,2,Ost,,,,2.0,,0,14231218148210893130,256320,1,1
14796,,,14,7,13,000,2023,12,10,2,3,2,6,0,,0,1,0,0,0,,"736892,255599999800324","5697131,875600000843406",12.404014349000022,51.375931517000026,1,,1,Nordost,,,,1.0,,0,14231218148110893120,256321,1,1
14797,,,14,7,13,000,2023,12,11,2,2,6,2,0,,0,1,1,0,0,,"735318,739500000141561","5692592,079500000923872",12.378443963000052,51.33583515400005,0,,0,Mitte,,,,0.0,,0,14231218144200906690,256322,0,1
14798,,,14,7,13,000,2023,12,17,2,3,0,7,2,,1,1,0,0,0,,"735457,237499999813735","5693271,482999999076128",12.380877764000047,51.34187637100007,0,,0,Mitte,,,,0.0,,0,14231218144200892750,256323,0,1
14799,,,14,7,13,000,2023,12,06,2,3,5,2,2,,1,1,0,0,0,,"733174,746500000357628","5695865,537000000476837",12.349864061000062,51.366102709000074,8,,8,Nordwest,,,,8.0,,0,14231218148120892800,256329,0,1
14800,,,14,7,13,000,2023,12,16,1,3,2,6,2,,0,1,0,0,0,,"734850,863800000399351","5691928,646700000390410",12.37130194100007,51.330073310000046,0,,0,Mitte,,,,0.0,,0,14231217148410906750,256341,0,1
14801,,,14,7,13,000,2023,12,13,1,3,5,3,0,,0,1,0,0,0,,"739327,480000000447035","5696105,750000000000000",12.438249160000055,51.36570031900004,1,,1,Nordost,,,,1.0,,0,14231217148110906730,256342,0,1