UNFALL_ID,FID_left,OBJECTID,ULAND,UREGBEZ,UKREIS,UGEMEINDE,UJAHR,UMONAT,USTUNDE,UWOCHENTAG,UKATEGORIE,UART,UTYP1,ULICHTVERH,IstStrasse,IstRad,IstPKW,IstFuss,IstKrad,IstGkfz,IstSonstig,LINREFX,LINREFY,XGCSWGS84,YGCSWGS84,index_right,FID_right,SBZ,Name,UIDENTSTLA,LICHT,STRZUSTAND,FID,OBJECTID_1,IstSonstige,UIDENTSTLAE,OID_,IstStrassenzustand,PLST
14802,,,14,7,13,000,2023,12,13,7,3,6,4,0,,1,0,1,0,0,,"735047,430399999953806","5691292,298800000920892",12.373698779000051,51.32428001400007,4,,4,Süd,,,,4.0,,0,14231216148410892550,256347,0,1
14803,,,14,7,13,000,2023,12,06,6,3,1,1,2,,1,1,0,0,0,,"729953,268400000408292","5694313,981300000101328",12.302663523000035,51.35348752800007,7,,7,Alt-West,,,,7.0,,0,14231215148310892490,256357,2,1
14804,,,14,7,13,000,2023,12,19,6,3,0,5,1,,1,1,0,0,0,,"736724,805800000205636","5693776,372099999338388",12.399379840000051,51.34588202300006,2,,2,Ost,,,,2.0,,0,14231215148110892790,256358,0,1
14805,,,14,7,13,000,2023,12,17,6,3,2,6,2,,0,1,0,0,0,,"737505,633100000210106","5697077,467800000682473",12.412775128000021,51.37518697300004,1,,1,Nordost,,,,1.0,,0,14231215148110892780,256359,1,1
14806,,,14,7,13,000,2023,12,02,6,3,5,3,2,,0,1,0,1,0,,"735265,657700000330806","5693360,962600000202656",12.378191162000064,51.34275886900008,0,,0,Mitte,,,,0.0,,0,14231215144200893060,256360,1,1
14807,,,14,7,13,000,2023,12,18,6,3,4,2,2,,0,1,0,0,0,,"737415,093899999745190","5697078,934499999508262",12.411477605000073,51.37523799300004,1,,1,Nordost,,,,1.0,,1,14231215144200892760,256361,1,1
14808,,,14,7,13,000,2023,12,07,6,3,6,4,0,,0,0,1,0,0,,"737215,631500000134110","5692514,093800000846386",12.405574057000024,51.334347137000066,3,,3,Südost,,,,3.0,,1,14231215143263892040,256362,0,1
14809,,,14,7,13,000,2023,12,16,5,3,0,6,1,,1,1,0,0,0,,"735058,593500000424683","5690485,317099999636412",12.373326717000054,51.31703160600006,4,,4,Süd,,,,4.0,,0,14231214662223907350,256366,1,1
14810,,,14,7,13,000,2023,12,06,5,3,1,5,2,,1,1,0,0,0,,"732135,290500000119209","5692973,823999999091029",12.333071927000049,51.340570298000046,7,,7,Alt-West,,,,7.0,,0,14231214148310891680,256371,1,1
14811,,,14,7,13,000,2023,12,18,5,3,3,2,2,,1,0,0,1,0,,"734813,496600000187755","5695588,324999999254942",12.373180193000053,51.36293940300004,9,,9,Nord,,,,9.0,,0,14231214148110893110,256372,1,1
14812,,,14,7,13,000,2023,12,07,5,3,6,2,2,,0,1,1,0,0,,"735956,399000000208616","5699959,108999999240041",12.392470227000047,51.401698741000075,9,,9,Nord,,,,9.0,,0,14231214148110891640,256373,1,1
14813,,,14,7,13,000,2023,12,15,5,3,5,3,0,,1,1,0,0,0,,"737350,458300000056624","5690245,203999999910593",12.405995413000028,51.313925124000036,3,,3,Südost,,,,3.0,,0,14231214144200892080,256374,1,1
14814,,,14,7,13,000,2023,12,13,4,3,4,2,0,,1,1,0,0,0,,"734428,840400000102818","5693005,861800000071526",12.365963817000022,51.339916964000054,0,,0,Mitte,,,,0.0,,0,14231213148423891720,256383,1,1
14815,,,14,7,13,000,2023,12,16,4,3,0,2,2,,1,1,0,0,0,,"743396,802099999971688","5693123,426899999380112",12.494555073000072,51.33720462600007,2,,2,Ost,,,,2.0,,0,14231213148210943040,256384,0,1
14816,,,14,7,13,000,2023,12,07,4,3,5,3,1,,1,1,0,0,0,,"742295,981900000013411","5693691,339600000530481",12.479167799000038,51.34277192300004,2,,2,Ost,,,,2.0,,0,14231213144200891610,256385,1,1
14817,,,14,7,13,000,2023,12,07,4,3,5,2,1,,1,1,0,0,0,,"735011,974799999967217","5692125,959100000560284",12.373740526000063,51.33177792400005,0,,0,Mitte,,,,0.0,,0,14231213144200885640,256386,1,1
14818,,,14,7,13,000,2023,12,21,4,3,5,3,2,,0,1,0,0,0,,"735554,139600000344217","5692917,376000000163913",12.382032362000075,51.338657666000074,0,,0,Mitte,,,,0.0,,0,14231213144200885630,256387,1,1
14819,,,14,7,13,000,2023,12,15,3,3,5,3,0,,1,1,0,0,0,,"737308,760800000280142","5693461,735099999234080",12.40753987000005,51.34281437900006,2,,2,Ost,,,,2.0,,0,14231212148410892560,256394,0,1
14820,,,14,7,13,000,2023,12,16,3,3,6,4,2,,0,1,1,0,0,,"736530,070399999618530","5692293,277899999171495",12.395603829000038,51.332650571000045,3,,3,Südost,,,,3.0,,0,14231212144200891600,256395,0,1
14821,,,14,7,13,000,2023,12,11,3,3,8,1,0,,1,0,0,0,0,,"735396,810800000093877","5690952,818199999630451",12.378480032000027,51.32108827300004,4,,4,Süd,,,,4.0,,0,14231212144100885610,256396,1,1
14822,,,14,7,13,000,2023,12,11,2,3,5,2,0,,1,1,0,0,0,,"729976,157200000248849","5694277,894300000742078",12.30296835300004,51.35315431400005,7,,7,Alt-West,,,,7.0,,0,14231211148310873550,256413,0,1
14823,,,14,7,13,000,2023,12,07,2,3,5,2,0,,1,1,0,0,0,,"735099,309000000357628","5697039,230000000447035",12.378237672000068,51.37584496000005,9,,9,Nord,,,,9.0,,0,14231211148110885650,256414,0,1
14824,,,14,7,13,000,2023,12,15,2,3,5,2,0,,0,1,0,0,0,,"739099,725700000301003","5699442,884700000286102",12.437228988000072,51.395749436000074,1,,1,Nordost,,,,1.0,,0,14231211144200955140,256415,0,1
14825,,,14,7,13,000,2023,12,12,2,3,6,6,0,,0,0,1,0,0,,"735086,626000000163913","5689797,918199999257922",12.373275225000043,51.310849648000044,4,,4,Süd,,,,4.0,,1,14231211144200873830,256416,0,1
14826,,,14,7,13,000,2023,12,21,1,3,5,3,2,,1,1,0,0,0,,"737194,953399999998510","5693476,536699999123812",12.405918658000076,51.342994727000075,2,,2,Ost,,,,2.0,,0,14231210148420873820,256422,0,1
14827,,,14,7,13,000,2023,12,11,1,3,5,3,0,,0,1,0,0,0,,"731709,380699999630451","5692457,048499999567866",12.326631488000032,51.33610501700008,7,,7,Alt-West,,,,7.0,,0,14231210148310873260,256423,1,1
14828,,,14,7,13,000,2023,12,17,1,2,6,4,2,,0,1,1,0,0,,"737533,137199999764562","5693351,502499999478459",12.410682062000035,51.34173123800008,2,,2,Ost,,,,2.0,,0,14231210144200933220,256424,0,1
14829,,,14,7,13,000,2023,12,21,7,2,5,3,2,,1,1,0,0,0,,"736463,113699999637902","5687479,885800000280142",12.391454065000062,51.28947224600006,4,,4,Süd,,,,4.0,,0,14231209148220873040,256426,1,1
14830,,,14,7,13,000,2023,12,11,7,3,2,6,0,,0,1,0,0,0,,"737379,252999999560416","5692675,103199999779463",12.408025900000041,51.335724103000075,2,,2,Ost,,,,2.0,,0,14231209148210907240,256427,0,1
14831,,,14,7,13,000,2023,12,14,7,3,5,3,0,,1,1,0,0,0,,"736572,286700000055134","5697169,497600000351667",12.399450307000052,51.376402591000044,1,,1,Nordost,,,,1.0,,0,14231209144320873210,256428,0,1
14832,,,14,7,13,000,2023,12,14,7,3,5,3,0,,1,1,0,0,0,,"737188,027300000190735","5693903,300899999216199",12.406103675000054,51.34682828000007,2,,2,Ost,,,,2.0,,0,14231209144200873030,256429,0,1
14833,,,14,7,13,000,2023,12,16,6,3,6,4,2,,0,1,1,0,0,,"730032,760900000110269","5694237,861999999731779",12.303753982000046,51.35277203800007,7,,7,Alt-West,,,,7.0,,0,14231208148310892500,256434,1,1
14834,,,14,7,13,000,2023,12,09,6,3,0,5,0,,1,1,0,0,0,,"731879,334200000390410","5692553,263100000098348",12.329129704000025,51.336899447000064,7,,7,Alt-West,,,,7.0,,0,14231208148310891690,256435,0,1
14835,,,14,7,13,000,2023,12,14,6,3,6,4,0,,0,1,1,0,0,,"732618,614500000141561","5692080,471799999475479",12.339415651000024,51.33235343300004,5,,5,Südwest,,,,5.0,,0,14231208148310891670,256436,1,1
14836,,,14,7,13,000,2023,12,07,6,3,2,2,0,,0,1,0,0,0,,"738332,917000000365078","5690150,619000000879169",12.42000366600007,51.312665596000045,3,,3,Südost,,,,3.0,,0,14231208148210892110,256437,0,1
14837,,,14,7,13,000,2023,12,13,6,3,0,1,0,,1,0,0,0,0,,"735391,241499999538064","5691180,218699999153614",12.37855038500004,51.32313180600005,4,,4,Süd,,,,4.0,,0,14231208144310955400,256438,1,1
14838,,,14,7,13,000,2023,12,02,6,2,1,5,2,,1,1,0,0,0,,"737090,685399999842048","5693762,002900000661612",12.404614369000058,51.34560058200003,2,,2,Ost,,,,2.0,,0,14231208144200932300,256439,0,1
14839,,,14,7,13,000,2023,12,16,5,3,5,3,2,,0,1,0,0,0,,"734791,428399999625981","5692632,203900000080466",12.37091394600003,51.33641326500003,0,,0,Mitte,,,,0.0,,0,14231207148410873570,256455,0,1
14840,,,14,7,13,000,2023,12,23,2,3,0,1,2,,1,0,0,0,0,,"735597,412999999709427","5693122,018899999558926",12.38278787300004,51.34047667500005,0,,0,Mitte,,,,0.0,,0,14231211148410933260,256456,0,1
14841,,,14,7,13,000,2023,12,12,5,3,2,3,0,,0,1,0,0,0,,"731149,021099999547005","5693988,961400000378489",12.319595358000072,51.35008483100006,7,,7,Alt-West,,,,7.0,,0,14231207148310943260,256457,0,1
14842,,,14,7,13,000,2023,12,05,5,1,6,4,2,,0,0,1,0,0,,"729062,265800000168383","5700944,692500000819564",12.294164592000072,51.41337157500004,8,,8,Nordwest,,,,8.0,,1,14231207144200932310,256458,1,1
14843,,,14,7,13,000,2023,12,16,5,3,3,6,1,,0,0,0,0,0,,"734768,924300000071526","5693098,349400000646710",12.370898690000047,51.34060686600003,0,,0,Mitte,,,,0.0,,1,14231207144200866791,256459,1,1
14844,,,14,7,13,000,2023,12,11,7,3,5,2,0,,0,1,0,0,0,,"736562,359100000001490","5690726,316299999132752",12.395026592000022,51.31857179100007,0,,0,Mitte,,,,0.0,,0,14231223148410943270,256460,1,1
14845,,,14,7,13,000,2023,12,13,4,3,3,6,0,,0,1,0,0,0,,"739846,304299999959767","5693557,800799999386072",12.443971110000064,51.34261192900004,2,,2,Ost,,,,2.0,,0,14231206144200932880,256468,0,1
14846,,,14,7,13,000,2023,12,13,4,3,5,3,0,,0,0,0,0,1,,"736787,653599999845028","5693773,657600000500679",12.400278826000033,51.345831486000066,2,,2,Ost,,,,2.0,,1,14231206144200873520,256469,1,1
14847,,,14,7,13,000,2023,12,08,3,3,2,6,0,,0,1,0,0,0,,"729855,955000000074506","5693796,003000000491738",12.300933862000022,51.348876989000075,7,,7,Alt-West,,,,7.0,,0,14231205148310866820,256476,1,1
14848,,,14,7,13,000,2023,12,05,3,3,5,3,2,,1,1,0,0,0,,"736546,605999999679625","5687255,558000000193715",12.392500750000067,51.287423955000065,4,,4,Süd,,,,4.0,,0,14231205148210850880,256477,1,1
14849,,,14,7,13,000,2023,12,12,3,3,1,5,0,,0,1,0,0,0,,"736716,313199999742210","5697481,067800000309944",12.401723520000075,51.37913924800006,1,,1,Nordost,,,,1.0,,1,14231205148110866980,256478,1,1
14850,,,14,7,13,000,2023,12,18,2,3,2,6,2,,0,1,0,0,0,,"740290,784799999557436","5693901,809900000691414",12.450573163000058,51.345511972000054,2,,2,Ost,,,,2.0,,0,14231204148210892100,256487,0,1
14851,,,14,7,13,000,2023,12,16,2,3,6,4,2,,0,1,1,0,0,,"737570,862700000405312","5693405,561200000345707",12.41125878500003,51.34220071000004,2,,2,Ost,,,,2.0,,0,14231204148210872830,256488,1,1
14852,,,14,7,13,000,2023,12,16,2,3,1,5,2,,0,1,0,0,0,,"731233,948900000192225","5696681,105200000107288",12.32256290500004,51.37421717500007,8,,8,Nordwest,,,,8.0,,1,14231204148110850860,256489,1,1
14853,,,14,7,13,000,2023,12,12,2,3,6,4,0,,0,0,1,0,0,,"740213,558400000445545","5693905,831199999898672",12.449469064000027,51.34558070000003,2,,2,Ost,,,,2.0,,1,14231204144200985400,256490,1,1
14854,,,14,7,13,000,2023,12,09,2,3,6,4,0,,0,1,1,0,0,,"737096,590300000272691","5691730,420099999755621",12.403346879000026,51.32736243100004,3,,3,Südost,,,,3.0,,0,14231204144200850470,256491,1,1
14855,,,14,7,13,000,2023,12,07,6,3,2,7,2,,0,1,0,0,0,,"745735,222900000400841","5692402,778599999845028",12.527563816000054,51.329731294000055,2,,2,Ost,,,,2.0,,0,14231201144310943030,256505,2,1
14856,,,14,7,13,000,2023,11,18,5,3,2,6,2,,0,1,0,0,0,,"737366,256699999794364","5693163,728299999609590",12.40816527000004,51.340115455000046,2,,2,Ost,,,,2.0,,0,14231130144200907890,256513,1,1
14857,,,14,7,13,000,2023,11,20,5,3,6,4,2,,0,1,1,0,0,,"737096,468399999663234","5692955,385999999940395",12.404160241000056,51.338357907000045,3,,3,Südost,,,,3.0,,1,14231130144200873510,256514,2,1
14858,,,14,7,13,000,2023,11,21,5,2,5,3,2,,1,0,0,0,0,,"735595,872999999672174","5693187,205900000408292",12.382808924000074,51.34106245000004,0,,0,Mitte,,,,0.0,,1,14231130144200849370,256515,2,1
14859,,,14,7,13,000,2023,11,08,4,3,5,2,0,,1,1,0,0,0,,"735523,555599999614060","5692046,664200000464916",12.381018459000074,51.33085455300005,0,,0,Mitte,,,,0.0,,0,14231129148410907030,256519,2,1
14860,,,14,7,13,000,2023,11,13,4,3,3,6,0,,0,1,0,0,0,,"735463,694000000134110","5691837,127699999138713",12.380022286000042,51.32899846600003,0,,0,Mitte,,,,0.0,,1,14231129144200873480,256520,1,1
14861,,,14,7,13,000,2023,11,15,4,3,2,2,0,,0,1,0,0,0,,"737378,508500000461936","5692666,697799999266863",12.408009631000027,51.335648966000065,2,,2,Ost,,,,2.0,,0,14231129144200850000,256521,1,1
14862,,,14,7,13,000,2023,11,13,3,2,5,3,0,,1,1,0,0,0,,"734084,879999999888241","5693421,210999999195337",12.36130732600003,51.34378703800007,0,,0,Mitte,,,,0.0,,0,14231128149210849430,256530,1,1
14863,,,14,7,13,000,2023,11,10,3,3,5,3,0,,0,1,0,0,0,,"728863,839499999769032","5694330,820499999448657",12.287055335000048,51.35407842800004,7,,7,Alt-West,,,,7.0,,0,14231128148320885670,256531,2,1
14864,,,14,7,13,000,2023,11,16,3,3,5,2,2,,1,1,0,0,0,,"731768,686999999918044","5690161,220499999821186",12.325988634000055,51.315471597000055,5,,5,Südwest,,,,5.0,,0,14231128148310849020,256532,1,1
14865,,,14,7,13,000,2023,11,17,3,3,2,6,2,,0,1,0,0,0,,"737147,585900000296533","5694327,248800000175834",12.405806442000028,51.35065053500006,1,,1,Nordost,,,,1.0,,0,14231128148222848990,256533,2,1
14866,,,14,7,13,000,2023,11,09,3,3,1,5,0,,1,1,0,0,0,,"736374,911600000225008","5688787,862099999561906",12.391057242000045,51.30124962200006,4,,4,Süd,,,,4.0,,0,14231128148210850040,256534,1,1
14867,,,14,7,13,000,2023,11,22,2,3,5,3,2,,0,1,0,0,0,,"735252,009499999694526","5692284,432499999180436",12.377284576000022,51.33310121400007,0,,0,Mitte,,,,0.0,,1,14231127148410850090,256541,1,1
14868,,,14,7,13,000,2023,11,08,2,3,5,2,0,,1,1,0,0,0,,"730744,666500000283122","5685497,314699999988079",12.308306077000054,51.274019672000065,5,,5,Südwest,,,,5.0,,0,14231127148310850060,256542,1,1
14869,,,14,7,13,000,2023,12,19,4,3,5,3,2,,0,1,0,0,0,,"729633,087700000032783","5700538,846799999475479",12.302096255000038,51.40949750000004,8,,8,Nordwest,,,,8.0,,0,14231206148110867070,256543,1,1
14870,,,14,7,13,000,2023,11,10,2,3,3,5,0,,0,1,0,0,0,,"732825,353199999779463","5691615,017699999734759",12.342074024000055,51.328090614000075,5,,5,Südwest,,,,5.0,,0,14231127148310827450,256544,1,1
14871,,,14,7,13,000,2023,11,15,2,3,2,2,0,,0,1,0,0,0,,"735621,426699999719858","5689342,140399999916553",12.38063382100006,51.30653730800003,4,,4,Süd,,,,4.0,,0,14231127148210866810,256545,1,1
14872,,,14,7,13,000,2023,11,17,1,3,5,3,2,,0,1,0,0,0,,"734748,827600000426173","5690882,851999999955297",12.369151217000024,51.320727917000056,4,,4,Süd,,,,4.0,,0,14231126144200985040,256556,1,1
14873,,,14,7,13,000,2023,11,10,7,3,2,6,0,,0,1,0,0,0,,"741671,839200000278652","5693992,900100000202656",12.47042796900007,51.345744188000026,2,,2,Ost,,,,2.0,,0,14231125148210826750,256562,1,1
14874,,,14,7,13,000,2023,11,13,6,3,1,7,0,,0,1,0,0,0,,"730270,508799999952316","5691197,359500000253320",12.305196746000036,51.325381193000055,6,,6,West,,,,6.0,,0,14231124148310850070,256570,1,1
14875,,,14,7,13,000,2023,11,09,6,3,5,3,0,,0,1,0,0,0,,"733975,639000000432134","5692698,786000000312924",12.359266992000073,51.337347151000074,0,,0,Mitte,,,,0.0,,0,14231124148210841520,256571,1,1
14876,,,14,7,13,000,2023,11,15,6,2,2,6,0,,1,1,0,0,0,,"738059,463899999856949","5695531,448799999430776",12.419683034000059,51.36107818800008,1,,1,Nordost,,,,1.0,,0,14231124144200985030,256572,1,1
14877,,,14,7,13,000,2023,11,10,6,3,1,7,0,,1,1,0,0,0,,"732841,005800000391901","5690552,269600000232458",12.34160419400007,51.318544244000066,5,,5,Südwest,,,,5.0,,0,14231124144200827380,256573,1,1
14878,,,14,7,13,000,2023,11,14,5,3,5,2,0,,1,0,0,0,0,,"735014,454300000332296","5692058,371500000357628",12.373731479000071,51.33117020700007,0,,0,Mitte,,,,0.0,,1,14231123148410849740,256583,0,1
14879,,,14,7,13,000,2023,11,13,5,3,5,2,0,,1,1,0,0,0,,"736922,995500000193715","5691347,021500000730157",12.40060494000005,51.32399331000005,3,,3,Südost,,,,3.0,,0,14231123148410827110,256584,0,1
14880,,,14,7,13,000,2023,11,15,5,3,5,2,0,,1,1,0,0,0,,"740090,276999999769032","5693925,280799999833107",12.447715299000038,51.34580734700006,2,,2,Ost,,,,2.0,,0,14231123148210851290,256585,0,1
14881,,,14,7,13,000,2023,11,18,5,3,0,1,2,,0,0,0,1,0,,"736121,051500000059605","5699318,743200000375509",12.39440709400003,51.39588226400008,9,,9,Nord,,,,9.0,,0,14231123148110818190,256586,0,1
14882,,,14,7,13,000,2023,11,16,5,3,6,4,1,,0,1,1,0,0,,"735058,384800000116229","5690907,285499999299645",12.373601876000066,51.32081945400006,4,,4,Süd,,,,4.0,,0,14231123144200826210,256588,0,1
14883,,,14,7,13,000,2023,12,08,4,3,1,5,0,,1,1,0,0,0,,"734514,362800000235438","5693152,453199999406934",12.367286009000054,51.34119756800004,0,,0,Mitte,,,,0.0,,0,14231220148410985500,256590,0,1
14884,,,14,7,13,000,2023,11,08,3,3,0,1,0,,1,0,0,0,0,,"731012,160500000230968","5686896,011399999260902",12.313038514000027,51.28646745600008,5,,5,Südwest,,,,5.0,,0,14231121148310827100,256603,1,1
14885,,,14,7,13,000,2023,11,06,3,3,4,2,1,,1,1,0,0,0,,"737622,162100000306964","5695325,654300000518560",12.413275792000036,51.359414023000056,1,,1,Nordost,,,,1.0,,0,14231121148110848820,256604,1,1
14886,,,14,7,13,000,2023,11,16,2,3,6,2,2,,0,1,1,0,0,,"735009,682099999859929","5692120,390499999746680",12.373704001000021,51.331728886000064,0,,0,Mitte,,,,0.0,,0,14231120148423827490,256613,0,1
14887,,,14,7,13,000,2023,11,12,2,3,5,3,0,,0,1,0,0,0,,"734087,566999999806285","5693422,294999999925494",12.361346551000054,51.34379566200005,0,,0,Mitte,,,,0.0,,0,14231120148410826790,256614,1,1
14888,,,14,7,13,000,2023,11,16,2,3,5,3,0,,1,0,0,0,0,,"734626,927099999971688","5692462,982799999415874",12.36844512600004,51.33496215300005,0,,0,Mitte,,,,0.0,,0,14231120148220826200,256615,1,1
14889,,,14,7,13,000,2023,11,18,2,3,6,2,2,,0,1,1,0,0,,"734695,232599999755621","5693169,713899999856949",12.36988959100006,51.34127788300003,0,,0,Mitte,,,,0.0,,0,14231120144200827390,256616,1,1
14890,,,14,7,13,000,2023,11,17,2,3,5,3,2,,1,1,0,0,0,,"735952,165000000037253","5692246,042999999597669",12.38729177700003,51.33246660300006,0,,0,Mitte,,,,0.0,,0,14231120144000826190,256617,0,1
14891,,,14,7,13,000,2023,11,13,2,3,5,3,0,,1,1,0,0,0,,"735588,922500000335276","5692242,236700000241399",12.38208436900004,51.33258300300008,0,,0,Mitte,,,,0.0,,0,14231120143263840901,256618,1,1
14892,,,14,7,13,000,2023,11,14,1,3,0,5,0,,1,1,0,0,0,,"735746,626400000415742","5695651,771099999547005",12.386601893000034,51.36312250900005,9,,9,Nord,,,,9.0,,0,14231119143263817590,256629,1,1
14893,,,14,7,13,000,2023,11,15,5,3,2,6,0,,0,1,0,0,0,,"728483,946000000461936","5695052,197000000625849",12.282071982000048,51.360707209000054,7,,7,Alt-West,,,,7.0,,0,14231116148310806750,256648,0,1
14894,,,14,7,13,000,2023,11,18,5,3,0,2,2,,0,1,0,0,0,,"735474,032499999739230","5693364,687300000339746",12.381180098000073,51.342706046000046,0,,0,Mitte,,,,0.0,,1,14231116148110817640,256649,0,1
14895,,,14,7,13,000,2023,12,08,7,2,4,6,0,,0,1,0,0,0,,"731688,483300000429153","5693941,063999999314547",12.327297538000039,51.34943524300007,7,,7,Alt-West,,,,7.0,,0,14231202144200985420,256651,2,1
14896,,,14,7,13,000,2023,11,09,4,3,1,7,0,,1,1,0,0,0,,"734961,597900000400841","5693387,465299999341369",12.373850771000036,51.34312249700008,0,,0,Mitte,,,,0.0,,0,14231115148410850900,256669,0,1
14897,,,14,7,13,000,2023,11,13,4,3,1,5,0,,1,1,0,0,0,,"734209,517199999652803","5693099,047599999234080",12.362881848000029,51.34084381900004,0,,0,Mitte,,,,0.0,,0,14231115148410788030,256670,1,1
14898,,,14,7,13,000,2023,11,14,4,3,5,3,0,,1,1,0,0,0,,"736335,933799999766052","5692764,347899999469519",12.393134557000053,51.33695968900008,0,,0,Mitte,,,,0.0,,0,14231115144200787970,256672,1,1
14899,,,14,7,13,000,2023,11,07,3,3,2,2,0,,0,1,0,0,0,,"732948,926300000399351","5694186,185100000351667",12.345526239000037,51.35112047700005,0,,0,Mitte,,,,0.0,,0,14231114148410806450,256687,1,1
14900,,,14,7,13,000,2023,11,06,3,3,6,4,0,,0,1,1,0,0,,"737176,095599999651313","5693758,647199999541044",12.405836296000075,51.34553483700006,2,,2,Ost,,,,2.0,,0,14231114148410806430,256688,0,1
14901,,,14,7,13,000,2023,11,18,3,2,5,2,2,,0,1,0,1,0,,"733629,420800000429153","5692373,164200000464916",12.354091827000047,51.33456652500007,0,,0,Mitte,,,,0.0,,0,14231114144200805691,256689,0,1
14902,,,14,7,13,000,2023,11,17,2,3,5,3,0,,0,1,0,0,0,,"742641,581699999980628","5693723,879000000655651",12.484142650000024,51.34291660200006,2,,2,Ost,,,,2.0,,1,14231113148410871960,256701,1,1
14903,,,14,7,13,000,2023,11,13,2,2,5,3,0,,1,1,0,0,0,,"733994,241299999877810","5695105,070000000298023",12.361115209000047,51.35893947200003,9,,9,Nord,,,,9.0,,0,14231113148110848960,256702,1,1
14904,,,14,7,13,000,2023,11,18,1,3,5,3,2,,1,1,0,0,0,,"736187,513500000350177","5687910,772800000384450",12.387793650000049,51.293454358000076,4,,4,Süd,,,,4.0,,0,14231112148210786830,256718,0,1
14905,,,14,7,13,000,2023,11,10,7,3,6,2,0,,0,1,1,0,0,,"731589,315000000409782","5690701,093100000172853",12.32376981300007,51.32039098000007,5,,5,Südwest,,,,5.0,,0,14231111148310786600,256722,1,1
14906,,,14,7,13,000,2023,11,11,6,3,5,3,0,,1,1,0,0,0,,"734640,507000000216067","5692441,217000000178814",12.368625391000023,51.33476117200007,0,,0,Mitte,,,,0.0,,0,14231110148410786610,256736,1,1
14907,,,14,7,13,000,2023,11,18,6,2,0,1,2,,1,0,0,0,0,,"734733,838600000366569","5690262,556700000539422",12.368528199000025,51.31516604800004,4,,4,Süd,,,,4.0,,0,14231110148210848970,256737,0,1
14908,,,14,7,13,000,2023,11,09,6,3,5,3,0,,0,1,0,0,0,,"734582,222400000318885","5691400,574799999594688",12.367105165000055,51.32544394400003,0,,0,Mitte,,,,0.0,,0,14231110144200817620,256738,0,1
14909,,,14,7,13,000,2023,11,10,6,3,3,6,0,,0,1,0,0,0,,"735776,365500000305474","5693470,312599999830127",12.385583111000074,51.343528879000075,0,,0,Mitte,,,,0.0,,1,14231110144200787080,256739,1,1
14910,,,14,7,13,000,2023,11,07,6,3,3,2,0,,1,1,0,0,0,,"735099,679200000129640","5693972,566800000146031",12.37621615200004,51.348317492000035,0,,0,Mitte,,,,0.0,,0,14231110144200786260,256740,0,1
14911,,,14,7,13,000,2023,11,08,6,3,6,4,0,,0,1,1,0,0,,"729089,197800000198185","5690893,211200000718236",12.288075345000038,51.32312770500005,6,,6,West,,,,6.0,,0,14231110144000787140,256741,1,1
14912,,,14,7,13,000,2023,11,19,5,3,5,2,2,,0,1,0,0,0,,"737459,579699999652803","5692178,830900000408292",12.408846207000067,51.331236002000026,3,,3,Südost,,,,3.0,,0,14231109148410827480,256751,0,1
14913,,,14,7,13,000,2023,11,16,5,3,5,3,2,,0,1,0,0,0,,"738923,687199999578297","5695111,308700000867248",12.431791438000062,51.356944371000054,1,,1,Nordost,,,,1.0,,0,14231109148110786010,256752,0,1
14914,,,14,7,13,000,2023,11,12,5,3,5,2,0,,0,1,0,0,0,,"738090,616399999707937","5697556,754699999466538",12.421485893000067,51.37924405900003,1,,1,Nordost,,,,1.0,,1,14231109144200985430,256753,0,1
14915,,,14,7,13,000,2023,11,07,5,2,6,2,0,,0,1,1,0,0,,"737511,682000000029802","5694670,780999999493361",12.411254727000028,51.35358206800004,1,,1,Nordost,,,,1.0,,0,14231109144200806010,256754,0,1
14916,,,14,7,13,000,2023,11,07,4,3,5,3,0,,1,1,0,0,0,,"734280,979299999773502","5693506,711500000208616",12.36417423000006,51.34447376000003,0,,0,Mitte,,,,0.0,,0,14231108148410841120,256771,0,1
14917,,,14,7,13,000,2023,11,08,4,3,6,4,0,,0,1,1,0,0,,"730930,666400000452995","5691794,159099999815226",12.315042035000033,51.33047104800005,7,,7,Alt-West,,,,7.0,,0,14231108148310787120,256772,0,1
14918,,,14,7,13,000,2023,11,11,4,2,3,6,0,,1,0,0,0,0,,"735169,883700000122190","5688917,367499999701977",12.373887367000066,51.30291106300007,4,,4,Süd,,,,4.0,,1,14231108148220841090,256773,0,1
14919,,,14,7,13,000,2023,11,18,1,2,6,4,2,,0,1,1,0,0,,"733431,954400000162423","5693396,003699999302626",12.351932463000026,51.343829206000066,0,,0,Mitte,,,,0.0,,0,14231112148410827470,256774,0,1
14920,,,14,7,13,000,2023,11,21,4,3,0,1,2,,0,0,0,0,0,,"741476,696000000461936","5695819,236199999228120",12.468870414000037,51.36221932500007,2,,2,Ost,,,,2.0,,1,14231108148210850520,256775,0,1