UNFALL_ID,FID_left,OBJECTID,ULAND,UREGBEZ,UKREIS,UGEMEINDE,UJAHR,UMONAT,USTUNDE,UWOCHENTAG,UKATEGORIE,UART,UTYP1,ULICHTVERH,IstStrasse,IstRad,IstPKW,IstFuss,IstKrad,IstGkfz,IstSonstig,LINREFX,LINREFY,XGCSWGS84,YGCSWGS84,index_right,FID_right,SBZ,Name,UIDENTSTLA,LICHT,STRZUSTAND,FID,OBJECTID_1,IstSonstige,UIDENTSTLAE,OID_,IstStrassenzustand,PLST
14921,,,14,7,13,000,2023,11,14,3,3,5,3,0,,1,1,0,0,0,,"731596,461000000126660","5690701,393999999389052",12.323872383000037,51.32039077300004,5,,5,Südwest,,,,5.0,,0,14231107148320806740,256789,0,1
14922,,,14,7,13,000,2023,11,17,3,3,5,3,2,,0,1,0,0,0,,"735597,978299999609590","5689200,216800000518560",12.380204322000054,51.305273053000064,4,,4,Süd,,,,4.0,,0,14231107148211000130,256790,0,1
14923,,,14,7,13,000,2023,11,17,3,3,3,2,1,,1,1,0,0,0,,"739382,776899999938905","5691711,967000000178814",12.436087964000023,51.32623943700003,2,,2,Ost,,,,2.0,,0,14231107148210806100,256791,0,1
14924,,,14,7,13,000,2023,11,11,3,3,5,3,0,,0,1,0,0,0,,"736133,462100000120699","5689662,376000000163913",12.388178519000064,51.309199695000075,4,,4,Süd,,,,4.0,,0,14231107148210788010,256792,0,1
14925,,,14,7,13,000,2023,11,09,3,3,6,6,0,,0,1,1,0,0,,"739488,658099999651313","5692591,320599999278784",12.438195781000047,51.33408777100004,2,,2,Ost,,,,2.0,,0,14231107148210771220,256793,0,1
14926,,,14,7,13,000,2023,11,16,3,3,2,6,1,,0,1,0,0,0,,"730557,009499999694526","5691542,728099999949336",12.309525089000033,51.32836553000004,6,,6,West,,,,6.0,,0,14231107144200779330,256796,0,1
14927,,,14,7,13,000,2023,11,12,2,3,0,3,0,,0,1,0,0,0,,"735042,472599999979138","5692548,231000000610948",12.37445609100007,51.33555579600005,0,,0,Mitte,,,,0.0,,0,14231106148410891700,256806,0,1
14928,,,14,7,13,000,2023,11,11,1,3,3,2,0,,1,0,0,1,0,,"727783,054999999701977","5689139,196000000461936",12.26824113300006,51.30790567300005,6,,6,West,,,,6.0,,0,14231105148310787130,256820,0,1
14929,,,14,7,13,000,2023,11,18,7,3,5,3,2,,0,1,0,1,0,,"735278,000199999660254","5690978,771800000220537",12.376795136000055,51.321370380000076,4,,4,Süd,,,,4.0,,0,14231104144200770400,256828,0,1
14930,,,14,7,13,000,2023,11,08,6,3,4,6,0,,1,0,0,0,0,,"734794,751000000163913","5693584,272500000894070",12.371589216000075,51.34495803900006,0,,0,Mitte,,,,0.0,,0,14231103148422770810,256839,0,1
14931,,,14,7,13,000,2023,11,14,6,3,4,6,0,,1,1,0,0,0,,"732533,682199999690056","5691643,375900000333786",12.33791338900005,51.32846447500003,5,,5,Südwest,,,,5.0,,0,14231103148321770770,256840,0,1
14932,,,14,7,13,000,2023,11,12,6,3,6,2,0,,0,1,1,0,0,,"741469,342000000178814","5689504,259999999776483",12.464485231000026,51.305542295000066,3,,3,Südost,,,,3.0,,0,14231103148210907020,256841,0,1
14933,,,14,7,13,000,2023,11,16,5,3,2,6,2,,0,1,0,0,0,,"734851,731999999843538","5691980,647199999541044",12.371348651000062,51.330539729000066,0,,0,Mitte,,,,0.0,,0,14231102148410770800,256855,1,1
14934,,,14,7,13,000,2023,11,16,5,3,6,2,2,,0,1,1,0,0,,"738447,227099999785423","5690931,873700000345707",12.422163155000021,51.319630234000044,3,,3,Südost,,,,3.0,,0,14231102148210817920,256856,1,1
14935,,,14,7,13,000,2023,11,11,5,3,6,2,0,,0,1,1,0,0,,"735281,958300000056624","5690888,799799999222159",12.376792468000076,51.320561121000026,4,,4,Süd,,,,4.0,,0,14231102148210788020,256857,0,1
14936,,,14,7,13,000,2023,11,17,5,3,1,5,1,,1,1,0,0,0,,"735258,832600000314415","5691292,331700000911951",12.376727459000051,51.32419293600003,4,,4,Süd,,,,4.0,,0,14231102148210769930,256858,0,1
14937,,,14,7,13,000,2023,11,06,5,3,5,3,0,,1,1,0,0,0,,"738863,896300000138581","5698832,265200000256300",12.433434555000076,51.39036798400008,1,,1,Nordost,,,,1.0,,0,14231102148110849710,256859,0,1
14938,,,14,7,13,000,2023,11,16,5,3,5,3,2,,0,1,0,1,0,,"735953,414499999955297","5692249,413599999621511",12.387311913000076,51.332496340000034,0,,0,Mitte,,,,0.0,,0,14231102144200771170,256860,1,1
14939,,,14,7,13,000,2023,11,18,5,3,0,6,2,,1,0,0,1,0,,"731803,063299999572337","5689228,483699999749660",12.325874999000064,51.30708455400003,5,,5,Südwest,,,,5.0,,0,14231102143263779310,256861,1,1
14940,,,14,7,13,000,2023,11,12,5,3,5,3,0,,1,1,0,0,0,,"734591,377199999988079","5693664,544700000435114",12.36872713400004,51.34576254700005,0,,0,Mitte,,,,0.0,,0,14231102143263769890,256862,0,1
14941,,,14,7,13,000,2023,11,14,6,3,1,3,0,,1,1,0,0,0,,"735875,885700000450015","5691710,279500000178814",12.385844163000058,51.32768908000003,0,,0,Mitte,,,,0.0,,0,14231124144200826720,256866,1,1
14942,,,14,7,13,000,2023,11,14,4,3,5,3,0,,1,1,0,0,0,,"733067,570299999788404","5691842,622700000181794",12.345693399000027,51.33003456100005,5,,5,Südwest,,,,5.0,,0,14231108148310779350,256868,0,1
14943,,,14,7,13,000,2023,11,08,4,3,6,4,0,,0,1,1,0,0,,"735093,063099999912083","5694898,140799999237061",12.376732695000044,51.35662848700008,0,,0,Mitte,,,,0.0,,0,14231101148410770780,256878,0,1
14944,,,14,7,13,000,2023,11,12,4,3,5,4,0,,0,0,1,0,0,,"729142,018799999728799","5690917,910399999469519",12.288848010000038,51.32332816400003,6,,6,West,,,,6.0,,1,14231101148310786050,256879,0,1
14945,,,14,7,13,000,2023,11,19,4,3,4,6,2,,0,1,0,0,0,,"738155,637600000016391","5693613,083499999716878",12.419778263000069,51.343818792000036,2,,2,Ost,,,,2.0,,0,14231101144200767610,256881,0,1
14946,,,14,7,13,000,2023,10,10,3,3,1,5,0,,1,1,0,0,0,,"732995,306099999696016","5691265,914599999785423",12.344280941000022,51.324887250000074,5,,5,Südwest,,,,5.0,,0,14231031148415757460,256897,1,1
14947,,,14,7,13,000,2023,10,04,3,3,6,4,2,,0,1,1,0,0,,"732734,062099999748170","5692728,686899999156594",12.341493423000031,51.338125027000046,7,,7,Alt-West,,,,7.0,,0,14231031148320770450,256898,1,1
14948,,,14,7,13,000,2023,11,16,5,3,3,2,2,,1,1,0,0,0,,"734750,401600000448525","5693849,197799999266863",12.371128230000068,51.34735442500005,0,,0,Mitte,,,,0.0,,0,14231123148410850080,256902,0,1
14949,,,14,7,13,000,2023,10,15,2,3,4,2,0,,0,1,0,0,0,,"735737,521999999880791","5695359,328900000080466",12.386277547000077,51.360501260000035,9,,9,Nord,,,,9.0,,0,14231030148110771200,256906,0,1
14950,,,14,7,13,000,2023,11,23,4,3,0,1,2,,0,0,0,1,0,,"732584,047100000083447","5692080,136099999770522",12.338920096000038,51.33236455600007,5,,5,Südwest,,,,5.0,,0,14231115148310985480,256909,1,1
14951,,,14,7,13,000,2023,11,08,4,3,1,5,0,,1,0,0,0,1,,"736069,777400000020862","5697701,950300000607967",12.392596759000071,51.38139106700004,9,,9,Nord,,,,9.0,,0,14231115148110850850,256912,1,1
14952,,,14,7,13,000,2023,10,16,1,3,6,2,2,,0,1,1,0,0,,"739040,746299999766052","5694328,694299999624491",12.432943933000047,51.34987055600004,2,,2,Ost,,,,2.0,,0,14231029148211786820,256915,0,1
14953,,,14,7,13,000,2023,10,18,7,2,5,2,2,,1,1,0,0,0,,"737372,630599999800324","5693159,301999999210238",12.408253664000028,51.34007306400008,2,,2,Ost,,,,2.0,,0,14231028144200907450,256926,0,1
14954,,,14,7,13,000,2023,10,07,7,3,8,1,1,,0,1,0,0,0,,"740793,588100000284612","5693936,892300000414252",12.45780303600003,51.34561413000006,2,,2,Ost,,,,2.0,,0,14231028144200756710,256927,1,1
14955,,,14,7,13,000,2023,11,11,5,3,0,1,0,,1,0,0,0,0,,"733040,047699999995530","5698077,689200000837445",12.34938291700007,51.38601547400003,8,,8,Nordwest,,,,8.0,,0,14231102148110770760,256930,0,1
14956,,,14,7,13,000,2023,12,21,4,3,5,3,2,,0,1,0,0,0,,"735482,611700000241399","5692709,316299999132752",12.380869758000074,51.336819681000065,0,,0,Mitte,,,,0.0,,1,14231220144200918520,256939,1,1
14957,,,14,7,13,000,2023,10,19,6,3,3,2,2,,1,1,0,0,0,,"736892,902900000102818","5690810,820599999278784",12.399817573000064,51.319192815000065,0,,0,Mitte,,,,0.0,,0,14231027148422770820,256942,0,1
14958,,,14,7,13,000,2023,10,13,6,3,5,3,0,,1,1,0,0,0,,"734526,961500000208616","5693630,152200000360608",12.367781188000038,51.34548040200008,0,,0,Mitte,,,,0.0,,0,14231027148410756040,256943,1,1
14959,,,14,7,13,000,2023,10,16,6,3,5,2,0,,0,1,0,0,0,,"743234,397599999792874","5694200,128000000491738",12.492963383000074,51.346937773000036,2,,2,Ost,,,,2.0,,0,14231027148210786300,256944,1,1
14960,,,14,7,13,000,2023,10,16,6,3,6,4,0,,0,1,1,0,0,,"735299,527900000102818","5690236,762000000104308",12.376613946000077,51.31470091700004,4,,4,Süd,,,,4.0,,0,14231027148210770420,256945,1,1
14961,,,14,7,13,000,2023,10,12,6,3,5,2,0,,1,1,0,0,0,,"734724,693300000391901","5690672,387599999085069",12.368666939000036,51.318848649000074,4,,4,Süd,,,,4.0,,0,14231027148210757410,256946,1,1
14962,,,14,7,13,000,2023,10,19,6,3,8,1,2,,0,1,0,0,0,,"730504,313699999824166","5690711,245999999344349",12.308232367000073,51.32092267400003,6,,6,West,,,,6.0,,0,14231027144200756170,256947,1,1
14963,,,14,7,13,000,2023,11,13,2,3,5,3,0,,1,1,0,0,0,,"737183,580699999816716","5693765,637700000777841",12.40594823400005,51.345594462000065,2,,2,Ost,,,,2.0,,0,14231106144200770710,256958,0,1
14964,,,14,7,13,000,2023,10,09,6,2,2,6,0,,0,0,0,0,0,,"732713,172600000165403","5692709,977099999785423",12.341181825000035,51.33796562400005,7,,7,Alt-West,,,,7.0,,1,14231027144200985440,256974,1,1
14965,,,14,7,13,000,2023,10,00,5,3,5,1,2,,0,1,0,0,0,,"734991,238400000147521","5693930,337500000372529",12.374633882000069,51.34798326400005,0,,0,Mitte,,,,0.0,,0,14231026148410749590,256976,1,1
14966,,,14,7,13,000,2023,10,15,5,3,5,3,0,,0,1,0,0,0,,"730262,766999999992549","5691365,463999999687076",12.305194418000042,51.32689340400003,6,,6,West,,,,6.0,,1,14231026148310769950,256977,0,1
14967,,,14,7,13,000,2023,10,17,5,3,5,3,0,,1,1,0,0,0,,"738402,236999999731779","5691233,105599999427795",12.421720108000045,51.32235292900003,3,,3,Südost,,,,3.0,,0,14231026148210757030,256978,0,1
14968,,,14,7,13,000,2023,10,08,5,2,3,6,0,,0,1,0,0,0,,"734999,817999999970198","5690897,009199999272823",12.372756105000065,51.32075140000006,4,,4,Süd,,,,4.0,,1,14231026144320033870,256980,0,1
14969,,,14,7,13,000,2023,10,15,5,3,4,2,0,,1,1,0,0,0,,"730266,727500000037253","5694568,068099999800324",12.307321888000047,51.35564154700006,7,,7,Alt-West,,,,7.0,,0,14231026144200755970,256981,0,1
14970,,,14,7,13,000,2023,12,16,2,3,5,2,2,,1,0,0,0,0,,"732395,226999999955297","5692036,673000000417233",12.336186028000043,51.33205157800006,5,,5,Südwest,,,,5.0,,1,14231204148310893150,256991,2,1
14971,,,14,7,13,000,2023,10,09,4,3,5,3,0,,0,1,0,0,0,,"735762,541199999861419","5692889,986400000751019",12.385000812000044,51.33832544900008,0,,0,Mitte,,,,0.0,,0,14231025148410826780,256996,0,1
14972,,,14,7,13,000,2023,10,07,4,3,5,3,0,,1,1,0,0,0,,"734045,894999999552965","5693524,037000000476837",12.360816147000037,51.34472610300003,0,,0,Mitte,,,,0.0,,0,14231025148410787550,256997,1,1
14973,,,14,7,13,000,2023,10,14,4,3,1,5,0,,1,1,0,0,0,,"733993,947399999946356","5693384,526900000870228",12.359979898000063,51.343495174000054,0,,0,Mitte,,,,0.0,,0,14231025148410749630,256998,0,1
14974,,,14,7,13,000,2023,10,09,4,3,1,5,0,,1,1,0,0,0,,"735950,786799999885261","5692208,031600000336766",12.387246859000072,51.332125975000054,0,,0,Mitte,,,,0.0,,0,14231025148410749620,256999,0,1
14975,,,14,7,13,000,2023,10,14,4,3,2,6,0,,1,1,0,0,0,,"734012,512099999934435","5693392,016300000250340",12.360250903000065,51.34355476200005,0,,0,Mitte,,,,0.0,,0,14231025148410749610,257000,0,1
14976,,,14,7,13,000,2023,10,14,4,3,2,6,0,,1,1,0,0,0,,"734772,530199999921024","5693717,076300000771880",12.371358293000071,51.346159313000044,0,,0,Mitte,,,,0.0,,0,14231025148410749220,257001,0,1
14977,,,14,7,13,000,2023,10,09,4,3,3,3,0,,1,1,0,0,0,,"736067,120500000193715","5693598,613800000399351",12.389835366000057,51.34455989500003,0,,0,Mitte,,,,0.0,,0,14231025148410749210,257002,0,1
14978,,,14,7,13,000,2023,10,07,4,3,5,3,0,,1,0,0,0,0,,"735890,036899999715388","5694576,615800000727177",12.387945354000067,51.353412167000045,9,,9,Nord,,,,9.0,,0,14231025148110786280,257004,1,1
14979,,,14,7,13,000,2023,10,18,4,3,5,2,2,,1,1,0,0,0,,"731761,598600000143051","5689787,008400000631809",12.325643955000032,51.31211523600007,5,,5,Südwest,,,,5.0,,0,14231025144200806040,257005,1,1
14980,,,14,7,13,000,2023,10,07,4,3,2,6,0,,1,1,0,0,0,,"737898,644299999810755","5695325,274199999868870",12.417239431000041,51.35929493100008,1,,1,Nordost,,,,1.0,,1,14231025144200757370,257006,1,1
14981,,,14,7,13,000,2023,12,12,6,3,0,6,0,,0,1,0,0,0,,"732311,499900000169873","5690623,750800000503659",12.334065414000065,51.31940232100004,5,,5,Südwest,,,,5.0,,1,14231208148310918580,257013,0,1
14982,,,14,7,13,000,2023,10,18,3,3,5,3,2,,0,1,0,0,0,,"734824,043300000019372","5694846,002900000661612",12.372841445000063,51.356271701000026,0,,0,Mitte,,,,0.0,,0,14231024148410732410,257020,1,1
14983,,,14,7,13,000,2023,10,19,3,3,2,2,2,,1,1,0,0,0,,"730335,626699999906123","5690014,556299999356270",12.305365682000058,51.314736776000075,5,,5,Südwest,,,,5.0,,0,14231024148310757440,257023,1,1
14984,,,14,7,13,000,2023,10,16,3,2,5,3,1,,1,1,0,0,0,,"733949,713100000284612","5693153,555999999865890",12.359194162000051,51.34144006500003,0,,0,Mitte,,,,0.0,,0,14231024144200767600,257024,1,1
14985,,,14,7,13,000,2023,10,13,3,3,4,2,0,,1,1,0,0,0,,"736168,540500000119209","5692947,120899999514222",12.390856947000032,51.338669838000044,0,,0,Mitte,,,,0.0,,0,14231024144200749490,257025,1,1
14986,,,14,7,13,000,2023,10,07,3,3,6,4,0,,0,1,1,0,0,,"735313,277400000020862","5691844,872700000181794",12.377872237000076,51.329130228000054,0,,0,Mitte,,,,0.0,,0,14231024144200749470,257026,1,1
14987,,,14,7,13,000,2023,10,16,3,3,5,3,1,,1,0,0,0,0,,"734999,319299999624491","5692262,511700000613928",12.373649245000024,51.333008902000074,0,,0,Mitte,,,,0.0,,0,14231024144200749110,257028,1,1
14988,,,14,7,13,000,2023,10,15,2,3,5,3,0,,1,1,0,0,0,,"733982,976499999873340","5695284,104000000283122",12.361071450000054,51.36055120200007,9,,9,Nord,,,,9.0,,0,14231023148410757450,257049,0,1
14989,,,14,7,13,000,2023,10,20,2,3,0,1,2,,1,0,0,0,0,,"736592,227500000037253","5693023,570900000631809",12.396979466000062,51.33917995200005,3,,3,Südost,,,,3.0,,0,14231023148410749600,257050,0,1
14990,,,14,7,13,000,2023,10,12,2,3,5,3,0,,0,1,0,0,0,,"737050,699000000022352","5697507,066999999806285",12.40653702700007,51.37923312800007,1,,1,Nordost,,,,1.0,,0,14231023148110731850,257053,0,1
14991,,,14,7,13,000,2023,10,13,2,3,2,6,0,,0,1,0,0,0,,"730167,079099999740720","5689974,421299999579787",12.302925404000064,51.31444466900007,6,,6,West,,,,6.0,,0,14231023144200756160,257055,0,1
14992,,,14,7,13,000,2023,10,16,2,3,1,1,0,,0,1,0,0,0,,"736953,248599999584258","5694053,833799999207258",12.402838748000022,51.34827738100006,2,,2,Ost,,,,2.0,,0,14231023144200749120,257056,0,1
14993,,,14,7,13,000,2023,10,09,2,3,5,3,0,,0,0,0,1,0,,"731228,588999999687076","5696567,065999999642372",12.322411848000058,51.37319565000007,8,,8,Nordwest,,,,8.0,,1,14231023144200732350,257057,0,1
14994,,,14,7,13,000,2023,10,15,2,3,3,6,0,,1,0,0,1,0,,"735145,901800000108778","5689206,359799999743700",12.373734353000032,51.30551508700006,4,,4,Süd,,,,4.0,,0,14231023144200732330,257058,0,1
14995,,,14,7,13,000,2023,12,19,4,3,5,2,2,,1,1,0,0,0,,"732153,031799999997020","5690953,631599999964237",12.332010043000025,51.322428262000074,5,,5,Südwest,,,,5.0,,0,14231206148310867090,257067,1,1
14996,,,14,7,13,000,2023,10,10,7,3,0,1,0,,1,0,0,0,0,,"732170,918399999849498","5692686,384800000116229",12.333395190000033,51.33797548300004,7,,7,Alt-West,,,,7.0,,0,14231021148310749200,257082,1,1
14997,,,14,7,13,000,2023,10,21,7,3,3,2,2,,1,0,0,0,0,,"732437,393000000156462","5691678,161000000312924",12.336556405000067,51.32881608300005,5,,5,Südwest,,,,5.0,,0,14231021148310731480,257083,0,1
14998,,,14,7,13,000,2023,10,13,7,2,5,2,0,,1,1,0,0,0,,"732893,059600000269711","5690897,173399999737740",12.342575149000027,51.32161903900004,5,,5,Südwest,,,,5.0,,0,14231021148310731200,257084,0,1
14999,,,14,7,13,000,2023,10,09,7,2,6,2,0,,0,1,1,0,0,,"729323,419999999925494","5690831,492200000211596",12.29139144100003,51.32247928900006,6,,6,West,,,,6.0,,0,14231021148310731190,257085,1,1
15000,,,14,7,13,000,2023,10,00,7,3,1,5,2,,0,1,0,0,0,,"736701,315499999560416","5689642,315099999308586",12.396297752000066,51.30878379600006,4,,4,Süd,,,,4.0,,0,14231021148211731170,257086,1,1
15001,,,14,7,13,000,2023,10,02,7,3,9,1,2,,0,1,0,0,0,,"738425,142199999652803","5697626,521099999547005",12.426330786000051,51.37972991300006,1,,1,Nordost,,,,1.0,,0,14231021148120731160,257087,1,1
15002,,,14,7,13,000,2023,10,21,6,2,9,1,2,,0,1,0,0,0,,"728955,905600000172853","5690772,888900000602007",12.286088333000066,51.32210120000008,6,,6,West,,,,6.0,,0,14231020148310732370,257100,1,1
15003,,,14,7,13,000,2023,10,23,6,3,1,1,2,,0,1,0,0,0,,"736824,246500000357628","5692834,463099999353290",12.400178759000028,51.33738591800005,3,,3,Südost,,,,3.0,,1,14231020148229769940,257101,1,1
15004,,,14,7,13,000,2023,10,07,6,3,1,6,1,,1,1,0,0,0,,"741878,163700000382960","5686473,612800000235438",12.468286856000077,51.27816702900003,3,,3,Südost,,,,3.0,,0,14231020148210757040,257102,1,1
15005,,,14,7,13,000,2023,10,07,6,3,5,3,1,,1,1,0,0,0,,"738139,564199999906123","5690520,663899999111891",12.417481464000048,51.316068048000034,3,,3,Südost,,,,3.0,,0,14231020148210749560,257104,1,1
15006,,,14,7,13,000,2023,10,07,5,3,5,3,1,,1,0,0,0,0,,"734659,600100000388920","5693296,828400000929832",12.36946266700005,51.342433621000055,0,,0,Mitte,,,,0.0,,1,14231019148410730460,257123,1,1
15007,,,14,7,13,000,2023,10,10,5,3,3,7,0,,0,1,0,0,0,,"732722,009899999946356","5696019,383300000801682",12.343472485000063,51.367669367000076,8,,8,Nordwest,,,,8.0,,0,14231019148110729880,257124,1,1
15008,,,14,7,13,000,2023,10,11,5,3,5,3,0,,1,0,0,0,1,,"737203,892699999734759","5693375,827800000086427",12.405979695000042,51.34208702700005,2,,2,Ost,,,,2.0,,0,14231019144200786550,257126,1,1
15009,,,14,7,13,000,2023,10,15,4,3,5,3,0,,0,1,0,0,0,,"737356,984500000253320","5696811,347699999809265",12.410465531000057,51.37286042800008,1,,1,Nordost,,,,1.0,,0,14231018148110757010,257140,0,1
15010,,,14,7,13,000,2023,11,14,2,3,6,4,0,,1,0,1,0,0,,"736156,169099999591708","5694393,223200000822544",12.391638776000036,51.35165548600003,1,,1,Nordost,,,,1.0,,0,14231106148110770740,257144,0,1
15011,,,14,7,13,000,2023,10,15,3,3,1,5,0,,1,1,0,0,0,,"735301,114599999971688","5691767,938400000333786",12.37764717400006,51.32844466900008,0,,0,Mitte,,,,0.0,,0,14231017148410731510,257150,0,1
15012,,,14,7,13,000,2023,10,10,3,2,0,1,0,,1,0,0,0,0,,"734806,180900000035763","5692367,733400000259280",12.370951047000062,51.33403318000006,0,,0,Mitte,,,,0.0,,0,14231017148410731220,257151,0,1
15013,,,14,7,13,000,2023,10,08,3,3,3,6,0,,1,1,0,0,0,,"732698,631900000385940","5692081,102900000289083",12.340562678000026,51.332326368000054,5,,5,Südwest,,,,5.0,,0,14231017148310749190,257152,0,1
15014,,,14,7,13,000,2023,10,08,3,3,3,5,0,,1,0,0,0,0,,"731849,512600000016391","5692936,435200000181794",12.328951739000047,51.340351260000034,7,,7,Alt-West,,,,7.0,,1,14231017148310731871,257154,0,1
15015,,,14,7,13,000,2023,10,15,3,3,5,2,0,,0,1,0,0,0,,"732335,797100000083447","5696220,096100000664592",12.338065108000023,51.369629184000075,8,,8,Nordwest,,,,8.0,,1,14231017148210731460,257155,0,1
15016,,,14,7,13,000,2023,10,15,3,3,5,3,0,,1,1,0,0,0,,"736559,524500000290573","5688562,092299999669194",12.393551124000055,51.29914639100008,4,,4,Süd,,,,4.0,,0,14231017148210717850,257156,0,1
15017,,,14,7,13,000,2023,10,08,2,3,6,6,0,,1,0,1,0,0,,"735779,925499999895692","5692889,912799999117851",12.385249893000037,51.33831758000008,0,,0,Mitte,,,,0.0,,0,14231016148410756230,257175,0,1
15018,,,14,7,13,000,2023,10,11,2,3,3,6,0,,1,1,0,0,0,,"734248,885099999606609","5692296,619000000879169",12.36291839200004,51.33362462200006,0,,0,Mitte,,,,0.0,,0,14231016148410732400,257176,0,1
15019,,,14,7,13,000,2023,10,08,2,3,5,3,0,,0,1,0,0,0,,"733695,057199999690056","5692283,615299999713898",12.354973662000077,51.33373571900006,0,,0,Mitte,,,,0.0,,0,14231016148410717370,257177,0,1
15020,,,14,7,13,000,2023,10,07,2,3,6,4,0,,0,1,1,0,0,,"732279,451000000350177","5691231,935399999842048",12.334002529000031,51.32487493600007,5,,5,Südwest,,,,5.0,,0,14231016148310717340,257178,0,1
15021,,,14,7,13,000,2023,10,13,2,3,5,3,0,,1,1,0,0,0,,"734762,151100000366569","5689970,205900000408292",12.368741331000024,51.31253009500006,4,,4,Süd,,,,4.0,,0,14231016148210717310,257179,0,1
15022,,,14,7,13,000,2023,10,08,2,3,2,2,0,,0,1,0,0,0,,"731843,618900000117719","5696460,813500000163913",12.331163601000071,51.37199113100007,8,,8,Nordwest,,,,8.0,,0,14231016148110757020,257180,0,1
15023,,,14,7,13,000,2023,10,14,2,3,5,3,0,,1,1,0,0,0,,"741231,008100000210106","5692652,979800000786781",12.463202529000057,51.333904905000054,2,,2,Ost,,,,2.0,,0,14231016144200749500,257181,0,1
15024,,,14,7,13,000,2023,10,18,1,3,6,4,1,,0,1,1,0,0,,"734791,036399999633431","5692623,913399999961257",12.370902864000072,51.33633900800004,0,,0,Mitte,,,,0.0,,0,14231015144200827370,257194,0,1
15025,,,14,7,13,000,2023,12,13,7,3,5,2,0,,0,1,0,0,0,,"730748,553000000305474","5685497,162000000476837",12.308361601000058,51.27401672800005,5,,5,Südwest,,,,5.0,,0,14231202148310932440,257205,2,1
15026,,,14,7,13,000,2023,10,18,6,3,5,3,1,,1,0,0,0,0,,"734762,704599999822676","5693476,140900000929832",12.371058602000062,51.34400064000005,0,,0,Mitte,,,,0.0,,0,14231013148410731500,257211,0,1
15027,,,14,7,13,000,2023,10,17,6,3,3,5,0,,1,1,0,0,0,,"735077,909900000318885","5689641,632899999618530",12.37304741500003,51.30945036400004,4,,4,Süd,,,,4.0,,0,14231013148210716480,257212,0,1
15028,,,14,7,13,000,2023,10,12,6,3,6,4,0,,0,1,1,0,0,,"734537,598500000312924","5694934,008199999108911",12.368792810000059,51.35717995600004,9,,9,Nord,,,,9.0,,0,14231013148110716740,257213,0,1
15029,,,14,7,13,000,2023,10,11,6,3,2,6,0,,0,1,0,0,1,,"731071,036299999803305","5696444,533999999985099",12.320072487000061,51.37215982400005,8,,8,Nordwest,,,,8.0,,0,14231013144200731130,257214,0,1
15030,,,14,7,13,000,2023,10,17,6,3,5,2,0,,0,1,0,0,0,,"730843,915699999779463","5693893,776499999687076",12.315159807000043,51.34935435300008,7,,7,Alt-West,,,,7.0,,0,14231013144200716700,257215,0,1
15031,,,14,7,13,000,2023,10,11,5,3,5,3,0,,0,1,0,1,0,,"729224,824400000274181","5694727,472699999809265",12.29248631300004,51.35749373500005,7,,7,Alt-West,,,,7.0,,0,14231012148310787110,257226,1,1
15032,,,14,7,13,000,2023,10,10,5,3,0,1,0,,1,0,0,0,0,,"732220,944199999794364","5690651,081900000572205",12.332785946000058,51.31968462700007,5,,5,Südwest,,,,5.0,,0,14231012148310716790,257228,1,1
15033,,,14,7,13,000,2023,10,12,5,3,1,1,0,,1,1,0,0,0,,"735091,707999999634922","5689686,632999999448657",12.373274681000055,51.30984860600006,4,,4,Süd,,,,4.0,,0,14231012148210708740,257229,1,1
15034,,,14,7,13,000,2023,10,10,5,3,0,1,0,,0,0,0,1,0,,"731325,028099999763072","5696722,926100000739098",12.323896459000025,51.37455550200008,8,,8,Nordwest,,,,8.0,,0,14231012148110717840,257231,1,1
15035,,,14,7,13,000,2023,10,08,5,3,5,3,0,,0,1,0,0,0,,"734775,815499999560416","5695549,361999999731779",12.372614181000074,51.362605228000064,9,,9,Nord,,,,9.0,,1,14231012148110716720,257233,1,1
15036,,,14,7,13,000,2023,10,08,5,2,6,4,0,,0,0,1,0,0,,"735055,826399999670684","5690531,823400000110269",12.373317732000032,51.31745020900007,4,,4,Süd,,,,4.0,,1,14231012144200787540,257234,1,1
15037,,,14,7,13,000,2023,10,14,5,2,6,4,0,,0,1,1,0,0,,"734364,617300000041723","5692928,599600000306964",12.364992561000065,51.33924989600007,0,,0,Mitte,,,,0.0,,0,14231012144200716460,257235,1,1
15038,,,14,7,13,000,2023,10,08,4,3,1,5,0,,1,1,0,0,0,,"735995,389000000432134","5692410,161299999803305",12.388019831000065,51.33392183900003,0,,0,Mitte,,,,0.0,,0,14231011148410731530,257250,0,1
15039,,,14,7,13,000,2023,10,13,4,3,4,1,0,,1,1,0,0,0,,"730181,964900000020862","5693038,846400000154972",12.305117798000026,51.34194808400008,7,,7,Alt-West,,,,7.0,,0,14231011148310717320,257251,0,1