UNFALL_ID,FID_left,OBJECTID,ULAND,UREGBEZ,UKREIS,UGEMEINDE,UJAHR,UMONAT,USTUNDE,UWOCHENTAG,UKATEGORIE,UART,UTYP1,ULICHTVERH,IstStrasse,IstRad,IstPKW,IstFuss,IstKrad,IstGkfz,IstSonstig,LINREFX,LINREFY,XGCSWGS84,YGCSWGS84,index_right,FID_right,SBZ,Name,UIDENTSTLA,LICHT,STRZUSTAND,FID,OBJECTID_1,IstSonstige,UIDENTSTLAE,OID_,IstStrassenzustand,PLST
15040,,,14,7,13,000,2023,12,01,1,3,1,5,2,,0,1,0,0,0,,"738444,247299999929965","5692761,326400000602007",12.423344373000077,51.33605253600007,2,,2,Ost,,,,2.0,,0,14231231144200943650,257252,0,1
15041,,,14,7,13,000,2023,10,05,4,3,5,3,2,,0,1,0,0,0,,"737545,779099999926984","5692472,350999999791384",12.410276966000026,51.33383466200007,2,,2,Ost,,,,2.0,,0,14231011148210770430,257253,0,1
15042,,,14,7,13,000,2023,10,12,4,3,5,2,0,,1,1,0,0,0,,"735067,157200000248849","5690563,753799999132752",12.373501086000033,51.31773214900005,4,,4,Süd,,,,4.0,,0,14231011148210717010,257255,0,1
15043,,,14,7,13,000,2023,10,16,4,2,4,6,0,,1,0,0,0,0,,"739128,791000000201166","5693721,722799999639392",12.433798255000056,51.34438547000008,2,,2,Ost,,,,2.0,,0,14231011144200826220,257256,0,1
15044,,,14,7,13,000,2023,10,15,4,3,5,3,0,,0,1,0,0,0,,"730068,643500000238419","5690052,854299999773502",12.301565951000043,51.315188567000064,6,,6,West,,,,6.0,,1,14231011144200757000,257257,0,1
15045,,,14,7,13,000,2023,11,06,6,3,6,4,2,,0,1,1,0,0,,"734143,802400000393391","5696545,461500000208616",12.364207844000077,51.371807438000076,9,,9,Nord,,,,9.0,,0,14231117148110905810,257272,0,1
15046,,,14,7,13,000,2023,10,19,3,3,6,4,2,,0,0,1,1,0,,"734406,757799999788404","5692971,593200000002980",12.365624786000069,51.33961845700003,0,,0,Mitte,,,,0.0,,0,14231010144320771180,257275,0,1
15047,,,14,7,13,000,2023,10,08,2,3,6,4,0,,0,1,1,0,0,,"730156,425300000235438","5694139,584000000730157",12.30546333600006,51.351839736000045,7,,7,Alt-West,,,,7.0,,0,14231009148310716750,257298,1,1
15048,,,14,7,13,000,2023,10,17,2,3,2,6,2,,0,1,0,0,0,,"733480,347400000318885","5690648,132899999618530",12.35082561400003,51.31914282400004,5,,5,Südwest,,,,5.0,,0,14231009148310716510,257299,1,1
15049,,,14,7,13,000,2023,10,09,2,3,5,3,0,,0,1,0,0,0,,"732401,750000000000000","5690886,052999999374151",12.335529267000027,51.32172009300007,5,,5,Südwest,,,,5.0,,0,14231009148310696640,257300,1,1
15050,,,14,7,13,000,2023,10,16,2,3,5,3,0,,0,1,0,1,0,,"734726,616000000387430","5690883,129000000655651",12.368833207000023,51.32073956600004,4,,4,Süd,,,,4.0,,0,14231009148210731860,257301,1,1
15051,,,14,7,13,000,2023,10,16,2,3,1,3,1,,0,1,0,0,0,,"739959,565899999812245","5694194,079099999740720",12.44602309100003,51.348275181000076,2,,2,Ost,,,,2.0,,0,14231009148210696990,257302,1,1
15052,,,14,7,13,000,2023,10,11,2,3,2,2,0,,0,1,0,0,0,,"736542,928100000135601","5690726,162200000137091",12.394748151000044,51.31857848400006,0,,0,Mitte,,,,0.0,,0,14231009144200696950,257303,1,1
15053,,,14,7,13,000,2023,10,14,2,3,3,5,0,,1,1,0,0,0,,"735283,807799999602139","5689575,375299999490380",12.375952575000042,51.30877054700005,4,,4,Süd,,,,4.0,,0,14231009144200696920,257304,1,1
15054,,,14,7,13,000,2023,10,13,1,3,5,3,0,,0,1,0,0,0,,"731811,439500000327826","5689249,508899999782443",12.326008621000028,51.30726988300006,5,,5,Südwest,,,,5.0,,0,14231008148320767640,257314,0,1
15055,,,14,7,13,000,2023,10,20,1,3,3,2,2,,0,1,0,0,0,,"739834,519399999640882","5689146,893500000238419",12.440834991000031,51.30302565100004,3,,3,Südost,,,,3.0,,0,14231008148210787100,257315,0,1
15056,,,14,7,13,000,2023,10,00,7,3,5,3,2,,0,1,0,0,0,,"735457,576299999840558","5693291,771400000900030",12.380896034000045,51.342058345000055,0,,0,Mitte,,,,0.0,,1,14231007148410756760,257323,0,1
15057,,,14,7,13,000,2023,10,18,4,3,5,2,2,,1,1,0,0,0,,"730805,068300000391901","5691697,659900000318885",12.313179794000064,51.32965575600008,7,,7,Alt-West,,,,7.0,,0,14231011148310717360,257324,0,1
15058,,,14,7,13,000,2023,10,15,7,3,5,3,0,,1,1,0,0,0,,"730434,052600000053644","5691942,808800000697374",12.308021970000027,51.33200687200008,7,,7,Alt-West,,,,7.0,,0,14231007148310696060,257325,0,1
15059,,,14,7,13,000,2023,10,17,7,3,5,3,0,,1,1,0,0,0,,"735282,065000000409782","5690883,649000000208616",12.376790597000024,51.32051484100003,4,,4,Süd,,,,4.0,,0,14231007148210731470,257326,0,1
15060,,,14,7,13,000,2023,10,19,6,3,3,2,2,,0,1,0,0,0,,"734791,436099999584258","5692632,551699999719858",12.370914285000026,51.336416384000074,0,,0,Mitte,,,,0.0,,1,14231006144200696580,257334,0,1
15061,,,14,7,13,000,2023,10,12,6,3,5,3,0,,1,1,0,0,0,,"734790,989699999801815","5692623,238199999555945",12.37090175000003,51.33633296600004,0,,0,Mitte,,,,0.0,,0,14231006144200695810,257335,0,1
15062,,,14,7,13,000,2023,11,17,6,3,6,4,2,,0,1,1,0,0,,"734208,380699999630451","5692888,519600000232458",12.362727120000045,51.33895448800007,0,,0,Mitte,,,,0.0,,0,14231103144200848950,257336,0,1
15063,,,14,7,13,000,2023,10,07,6,2,5,2,0,,1,1,0,0,0,,"737427,562500000000000","5693235,031899999827147",12.40909137500006,51.34072988600008,2,,2,Ost,,,,2.0,,0,14231006144200695780,257337,0,1
15064,,,14,7,13,000,2023,10,15,6,3,6,6,0,,1,0,1,0,0,,"735283,172500000335276","5693602,563599999994040",12.378601825000032,51.34492031100007,0,,0,Mitte,,,,0.0,,0,14231006144000696910,257338,0,1
15065,,,14,7,13,000,2023,10,13,5,3,5,2,0,,1,1,0,0,0,,"735559,873900000005960","5692149,366399999707937",12.381606737000027,51.33176140100005,0,,0,Mitte,,,,0.0,,0,14231005148410717410,257343,0,1
15066,,,14,7,13,000,2023,10,15,5,3,2,6,0,,0,1,0,0,0,,"736470,975300000049174","5687475,496999999508262",12.391563702000042,51.289429588000075,4,,4,Süd,,,,4.0,,0,14231005148211730910,257344,0,1
15067,,,14,7,13,000,2023,10,05,5,3,6,7,2,,0,1,1,0,0,,"735631,731100000441074","5693568,277699999511242",12.38357497800007,51.34446820000005,0,,0,Mitte,,,,0.0,,0,14231005144200695800,257346,0,1
15068,,,14,7,13,000,2023,10,17,4,3,5,7,0,,1,0,0,0,0,,"735061,168399999849498","5693145,131100000813603",12.375117903000046,51.340906063000034,0,,0,Mitte,,,,0.0,,0,14231004662210696150,257354,0,1
15069,,,14,7,13,000,2023,10,23,4,3,6,4,2,,0,1,1,0,0,,"733816,513799999840558","5692562,818299999460578",12.35689734500005,51.33619207800007,0,,0,Mitte,,,,0.0,,0,14231004148410688530,257356,0,1
15070,,,14,7,13,000,2023,10,18,4,3,3,2,1,,1,0,0,1,0,,"738555,983000000007451","5693605,788000000640750",12.42551108400005,51.34358547800008,2,,2,Ost,,,,2.0,,0,14231004144200696030,257357,0,1
15071,,,14,7,13,000,2023,10,21,3,2,0,1,2,,1,0,0,0,0,,"737183,397499999962747","5693761,751499999314547",12.405943020000052,51.345559655000045,2,,2,Ost,,,,2.0,,0,14231003662221717450,257367,1,1
15072,,,14,7,13,000,2023,10,14,3,3,5,3,0,,1,1,0,0,0,,"732950,008399999700487","5692887,949799999594688",12.344692376000069,51.33946625600004,7,,7,Alt-West,,,,7.0,,0,14231003144200826510,257368,0,1
15073,,,14,7,13,000,2023,01,11,7,3,5,2,0,,1,0,0,0,0,,"730133,237108161905780","5690929,191136420704424",12.303056807000075,51.32302937600008,6,,6,West,,,,6.0,,0,14230107148310983390,268626,0,2
15074,,,14,7,13,000,2023,02,22,1,2,0,1,2,,1,0,0,0,0,,"732742,172714113024995","5694169,007159404456615",12.342551116000038,51.35105097200005,0,,0,Mitte,,,,0.0,,0,14230205148410096310,268631,0,2
15075,,,14,7,13,000,2023,02,18,4,3,6,4,2,,1,0,1,0,0,,"733606,910037681343965","5691731,824378776364028",12.353348793000066,51.32881873700006,5,,5,Südwest,,,,5.0,,0,14230215144200095400,268633,0,2
15076,,,14,7,13,000,2023,04,20,4,3,4,6,2,,1,0,0,0,0,,"734719,514045663760044","5693311,918557778000832",12.370331316000033,51.34254434700006,0,,0,Mitte,,,,0.0,,0,14230419148410253200,268647,1,2
15077,,,14,7,13,000,2023,04,07,4,3,2,6,0,,1,0,0,0,0,,"731139,115579474135302","5690735,275917640887201",12.317342347000022,51.320880884000076,7,,7,Alt-West,,,,7.0,,0,14230426148310266480,268651,0,2
15078,,,14,7,13,000,2023,05,19,5,3,3,6,0,,1,0,0,0,0,,"734760,073520923382603","5692607,532738939858973",12.370448360000069,51.336204750000036,0,,0,Mitte,,,,0.0,,0,14230504148410312180,268656,0,2
15079,,,14,7,13,000,2023,05,16,1,3,1,5,0,,1,1,0,0,0,,"736548,614731308072805","5691870,933075973764062",12.39558919600006,51.328851814000075,0,,0,Mitte,,,,0.0,,0,14230507148210313550,268658,0,2
15080,,,14,7,13,000,2023,05,13,6,3,0,1,0,,1,0,0,0,0,,"728722,488647167338058","5689572,566257380880415",12.281974307000041,51.31141948700008,6,,6,West,,,,6.0,,0,14230519148310325100,268671,0,2
15081,,,14,7,13,000,2023,06,17,5,3,0,7,0,,1,0,0,0,0,,"732568,157649767934345","5690039,586015079170465",12.337361245000068,51.314053587000046,5,,5,Südwest,,,,5.0,,0,14230615148310399790,268698,0,2
15082,,,14,7,13,000,2023,06,11,2,2,4,6,0,,1,0,0,0,0,,"733723,582089557545260","5691865,362403733655810",12.355108078000058,51.32996952600007,0,,0,Mitte,,,,0.0,,0,14230619148410419560,268701,0,2
15083,,,14,7,13,000,2023,06,16,6,3,4,6,0,,1,0,0,0,0,,"736797,946665167692117","5692500,102206058800220",12.399579629000073,51.33439559900006,3,,3,Südost,,,,3.0,,0,14230630148410481220,268713,0,2
15084,,,14,7,13,000,2023,07,12,6,3,2,7,0,,1,0,0,0,0,,"737082,199774273671210","5693683,355645602568984",12.40444038000004,51.34489817600007,2,,2,Ost,,,,2.0,,1,14230721144200497090,268745,1,2
15085,,,14,7,13,000,2023,09,14,7,3,6,4,0,,1,0,1,0,0,,"733482,657583312829956","5692255,491649710573256",12.351911585000039,51.33357049500006,0,,0,Mitte,,,,0.0,,0,14230909148410651990,268793,0,2
15086,,,14,7,13,000,2023,10,15,7,3,6,6,0,,1,0,1,0,0,,"731650,387993468670174","5695867,177242973819375",12.328005504000032,51.36674104900004,8,,8,Nordwest,,,,8.0,,0,14231014148110717300,268821,0,2
15087,,,14,7,13,000,2023,10,06,2,3,4,6,0,,1,0,0,0,0,,"732195,274804393528029","5695277,114582898095250",12.335434177000025,51.36122179500006,8,,8,Nordwest,,,,8.0,,0,14231016148410717390,268822,0,2
15088,,,14,7,13,000,2023,11,16,7,2,0,7,1,,1,0,0,0,0,,"735084,934335713973269","5692534,107448756694794",12.37505525000006,51.33541146700003,0,,0,Mitte,,,,0.0,,0,14231125148410866350,268833,1,2
15089,,,14,7,13,000,2023,12,08,6,3,0,1,0,,1,0,0,0,0,,"727629,261738372384571","5690234,002344255335629",12.266736982000054,51.31779569500003,6,,6,West,,,,6.0,,0,14231215148310892130,268837,2,2
15090,,,14,7,13,0,2024,2,13,2,3,5,3,0,,0,1,0,0,0,,"739010,280100000090897","5701257,832499999552965",12.437168044000032,51.41207752100007,9,,9,Nord,,,,9.0,,1,14240226144200009560,129498,0,1
15091,,,14,7,13,0,2024,2,6,6,3,2,6,1,,0,1,0,0,0,,"728802,138000000268221","5684120,500199999660254",12.279623350000065,51.262442650000025,5,,5,Südwest,,,,5.0,,1,14240223144320007210,129524,0,1
15092,,,14,7,13,0,2024,2,20,2,3,2,6,2,,0,1,0,0,0,,"744659,792700000107288","5692510,905400000512600",12.512231300000053,51.33116527800007,2,,2,Ost,,,,2.0,,0,14240219144310104290,129558,1,1
15093,,,14,7,13,0,2024,2,6,5,3,2,6,2,,0,1,0,0,1,,"732794,022499999962747","5696863,448100000619888",12.345057877000045,51.37521668800008,8,,8,Nordwest,,,,8.0,,0,14240215148110069120,129590,1,1
15094,,,14,7,13,0,2024,2,17,5,2,6,4,2,,0,0,1,0,0,,"734935,332299999892712","5693494,097599999979138",12.373544673000026,51.344090522000045,0,,0,Mitte,,,,0.0,,1,14240215144200074450,129591,0,1
15095,,,14,7,13,0,2024,2,13,7,3,3,2,0,,1,1,0,0,0,,"737222,157700000330806","5691021,149100000038743",12.40467391900006,51.32094359200005,3,,3,Südost,,,,3.0,,0,14240210148410068970,129636,0,1
15096,,,14,7,13,0,2024,2,18,7,3,1,6,2,,0,1,0,1,0,,"727580,962399999611080","5685590,773499999195337",12.263085376000049,51.27613073300006,5,,5,Südwest,,,,5.0,,0,14240210148320057230,129637,0,1
15097,,,14,7,13,0,2024,2,7,6,2,6,1,1,,0,1,1,0,0,,"732334,262600000016391","5692429,075099999085069",12.33556832000005,51.33559897300006,7,,7,Alt-West,,,,7.0,,0,14240209144200056740,129648,1,1
15098,,,14,7,13,0,2024,2,12,5,3,0,7,0,,0,1,0,0,1,,"739518,920400000177324","5698705,114000000059605",12.442745901000023,51.38895070500007,1,,1,Nordost,,,,1.0,,0,14240208144310056760,129665,0,1
15099,,,14,7,13,0,2024,2,15,1,3,0,2,0,,1,1,0,0,0,,"732387,409799999557436","5692412,203999999910593",12.336318948000041,51.33542581200004,7,,7,Alt-West,,,,7.0,,0,14240204148310058020,129704,1,1
15100,,,14,7,13,0,2024,2,21,1,2,6,4,2,,0,1,1,0,0,,"733812,609400000423193","5693210,995500000193715",12.357266883000023,51.34201206600005,0,,0,Mitte,,,,0.0,,0,14240204144200074680,129705,1,1
15101,,,14,7,13,0,2024,1,12,4,3,6,4,0,,1,0,1,0,0,,"737167,871399999596179","5691105,300899999216199",12.403952240000024,51.32172157700006,3,,3,Südost,,,,3.0,,0,14240131148410056791,129744,0,1
15102,,,14,7,13,0,2024,1,13,2,3,5,3,0,,0,1,0,0,0,,"729849,514600000344217","5692856,186899999156594",12.300234858000067,51.34044282900004,7,,7,Alt-West,,,,7.0,,1,14240129148310004450,129765,0,1
15103,,,14,7,13,0,2024,1,5,2,3,5,2,2,,1,1,0,0,0,,"732788,221099999733269","5696858,647199999541044",12.344971524000073,51.37517597000004,8,,8,Nordwest,,,,8.0,,0,14240129144200009790,129766,0,1
15104,,,14,7,13,0,2024,1,18,7,3,0,1,1,,1,0,0,0,0,,"733191,712700000032783","5692947,452199999243021",12.348195361000023,51.33990132000008,0,,0,Mitte,,,,0.0,,0,14240127148310025330,129782,0,1
15105,,,14,7,13,0,2024,1,13,4,3,5,2,0,,0,1,0,0,0,,"743389,957999999634922","5695196,064300000667572",12.495873850000066,51.35580993600007,2,,2,Ost,,,,2.0,,0,14240124144310000440,129799,0,1
15106,,,14,7,13,0,2024,1,14,2,3,3,2,0,,0,1,0,0,0,,"736708,256400000303984","5692004,466399999335408",12.397965175000024,51.32998402700008,3,,3,Südost,,,,3.0,,1,14240122144200086720,129823,1,1
15107,,,14,7,13,0,2024,1,15,6,3,3,6,0,,0,1,0,0,0,,"728054,243599999696016","5684170,036800000816584",12.268953446000069,51.26318697800008,5,,5,Südwest,,,,5.0,,0,14240119144310013340,129856,2,1
15108,,,14,7,13,0,2024,1,10,6,3,1,6,0,,0,1,0,0,0,,"740356,798100000247359","5695999,775200000032783",12.452936254000065,51.36431460300008,2,,2,Ost,,,,2.0,,1,14240119144200999590,129857,1,1
15109,,,14,7,13,0,2024,2,14,3,3,2,6,0,,0,1,0,0,0,,"729682,184700000099838","5692515,165500000119209",12.297616662000053,51.33744907000005,7,,7,Alt-West,,,,7.0,,0,14240220144200086470,129882,0,1
15110,,,14,7,13,0,2024,2,17,7,2,0,2,2,,0,1,0,1,0,,"729051,425999999977648","5697311,418999999761581",12.29166467500005,51.38075996300006,8,,8,Nordwest,,,,8.0,,0,14240203144200068910,129889,1,1
15111,,,14,7,13,0,2024,1,18,4,3,8,1,2,,0,1,0,0,0,,"727580,125500000081956","5684082,475700000301003",12.262113513000031,51.26259033200006,5,,5,Südwest,,,,5.0,,0,14240117144310985450,129904,2,1
15112,,,14,7,13,0,2024,1,2,3,3,0,1,2,,1,0,0,0,0,,"728309,780899999663234","5697572,893500000238419",12.281193425000026,51.38340595300008,8,,8,Nordwest,,,,8.0,,0,14240116148120976280,129914,1,1
15113,,,14,7,13,0,2024,1,5,6,3,1,6,1,,0,1,0,0,0,,"736634,024299999698997","5695721,404300000518560",12.399372022000023,51.363378659000034,9,,9,Nord,,,,9.0,,0,14240112144200962950,129960,2,1
15114,,,14,7,13,0,2024,1,6,5,3,5,3,2,,0,1,0,0,0,,"727956,358099999837577","5699600,353000000119209",12.277424676000066,51.40174882800005,8,,8,Nordwest,,,,8.0,,1,14240111144200955690,129967,0,1
15115,,,14,7,13,0,2024,1,5,4,3,4,6,2,,1,0,0,0,0,,"740538,270100000314415","5696123,162299999967217",12.45562161600003,51.36534527400005,2,,2,Ost,,,,2.0,,0,14240110148210014240,129978,0,1
15116,,,14,7,13,0,2024,1,15,3,3,5,2,0,,1,1,0,0,0,,"732485,071100000292063","5692411,595499999821186",12.337718093000035,51.33538043600004,7,,7,Alt-West,,,,7.0,,0,14240109144200955160,129995,0,1
15117,,,14,7,13,0,2024,1,6,2,3,4,2,2,,1,1,0,0,0,,"745306,549399999901652","5690939,167999999597669",12.520415588000049,51.31678038600006,2,,2,Ost,,,,2.0,,0,14240108144310142430,130010,0,1
15118,,,14,7,13,0,2024,1,11,2,3,3,7,0,,0,1,0,0,0,,"743114,410899999551475","5695103,884999999776483",12.491861018000066,51.35510054000008,2,,2,Ost,,,,2.0,,0,14240108144100955660,130011,0,1
15119,,,14,7,13,0,2024,1,9,2,3,6,4,0,,0,1,1,0,0,,"735126,480000000447035","5693541,458000000566244",12.376315609000073,51.34443662900003,0,,0,Mitte,,,,0.0,,0,14240108144000955130,130012,0,1
15120,,,14,7,13,0,2024,1,13,1,2,8,1,0,,0,1,0,0,0,,"737991,755400000140071","5694398,995500000193715",12.417954873000042,51.35094172300006,1,,1,Nordost,,,,1.0,,0,14240107148121943670,130022,0,1
15121,,,14,7,13,0,2024,1,9,7,3,4,2,0,,1,1,0,0,0,,"740892,713000000454485","5696349,836999999359250",12.460857186000055,51.36722962500005,2,,2,Ost,,,,2.0,,0,14240106148223013370,130027,0,1
15122,,,14,7,13,0,2024,1,18,4,3,5,2,2,,0,1,0,0,0,,"744545,173100000247359","5692258,370600000023842",12.510415901000044,51.32894804000006,2,,2,Ost,,,,2.0,,0,14240103148210933250,130052,0,1
15123,,,14,7,13,0,2024,2,17,4,3,3,2,1,,1,1,0,0,0,,"731290,834699999541044","5697265,551100000739098",12.323759155000062,51.37944045300003,8,,8,Nordwest,,,,8.0,,0,14240228144200101880,130164,0,1
15124,,,14,7,13,0,2024,1,6,2,3,6,2,2,,0,1,1,0,0,,"736632,276499999687076","5695737,795900000259280",12.399357867000049,51.36352652000005,9,,9,Nord,,,,9.0,,0,14240122144200986400,130378,1,1
15125,,,14,7,13,0,2024,2,15,6,3,3,6,0,,0,1,0,1,0,,"734083,114299999549985","5697014,037499999627471",12.363646049000067,51.37603858600005,9,,9,Nord,,,,9.0,,0,14240209148110073960,130536,0,1
15126,,,14,7,13,0,2024,2,9,4,3,9,7,0,,0,1,0,0,0,,"727540,241399999707937","5691391,898399999365211",12.26620070100006,51.328226173000076,6,,6,West,,,,6.0,,0,14240214144200086680,130723,0,1
15127,,,14,7,30,300,2024,2,10,2,3,0,1,0,,1,0,0,0,0,,"741574,211000000126660","5696788,611099999397993",12.470926960000043,51.37087842700004,1,,1,Nordost,,,,1.0,,0,14240212148110074210,130781,0,1
15128,,,14,7,13,0,2024,1,14,4,3,4,2,0,,1,1,0,0,0,,"732483,478799999691546","5692411,493300000205636",12.33769520800007,51.335380170000064,7,,7,Alt-West,,,,7.0,,0,14240131148310025340,130960,0,1
15129,,,14,7,13,0,2024,1,17,5,3,0,4,2,,0,0,1,0,0,,"734495,622999999672174","5697039,276200000196695",12.369579225000052,51.376094960000046,9,,9,Nord,,,,9.0,,1,14240104148110942770,131028,0,1
15130,,,14,7,13,0,2024,1,9,3,2,6,3,0,,0,1,1,0,0,,"739841,897199999541044","5688146,415899999439716",12.440268528000047,51.294042442000034,3,,3,Südost,,,,3.0,,0,14240109144200962930,131138,0,1
15131,,,14,7,13,0,2024,2,18,4,3,5,3,2,,1,1,0,0,0,,"736216,026999999769032","5693812,155999999493361",12.392111255000032,51.34641484600007,0,,0,Mitte,,,,0.0,,0,14240207144100046690,131410,0,1
15132,,,14,7,13,0,2024,1,7,6,3,5,3,0,,1,1,0,0,0,,"739778,225999999791384","5688210,993400000035763",12.439400361000025,51.29464888600006,3,,3,Südost,,,,3.0,,0,14240119144200985380,132201,2,1
15133,,,14,7,13,0,2024,1,15,4,3,8,6,0,,1,0,0,0,0,,"732801,639899999834597","5692766,424200000241399",12.342486568000027,51.338436122000076,7,,7,Alt-West,,,,7.0,,1,14240131143263032570,132220,0,1
15134,,,14,7,13,0,2024,2,22,2,3,5,2,2,,0,1,0,1,0,,"735064,731999999843538","5690235,359999999403954",12.37324990600007,51.31478535200006,4,,4,Süd,,,,4.0,,0,14240219144200086700,132249,1,1
15135,,,14,7,13,0,2024,2,13,4,3,3,6,0,,0,1,0,0,1,,"736344,126099999994040","5692517,685699999332428",12.393088314000067,51.33474219500005,0,,0,Mitte,,,,0.0,,0,14240228144200107690,132287,0,1
15136,,,14,7,13,0,2024,10,13,7,3,1,6,0,,0,1,0,0,0,,"735881,804800000041723","5693737,837099999189377",12.387271529000031,51.34588651100006,0,,0,Mitte,,,,0.0,,0,14241012148410713000,132640,0,1
15137,,,14,7,13,0,2024,10,20,6,3,6,2,2,,0,1,1,0,0,,"737739,995500000193715","5690347,939899999648333",12.411643145000028,51.314684716000045,3,,3,Südost,,,,3.0,,0,14241011148210719320,132651,0,1
15138,,,14,7,13,0,2024,10,15,2,3,0,1,0,,1,0,0,0,0,,"734011,482800000347197","5693238,451199999079108",12.360135236000076,51.34217670900006,0,,0,Mitte,,,,0.0,,0,14241007148410701480,132682,1,1
15139,,,14,7,13,0,2024,10,18,2,3,8,1,2,,0,1,0,0,0,,"736187,943599999882281","5696639,711200000718236",12.393585851000068,51.371807130000036,9,,9,Nord,,,,9.0,,0,14241007144200700541,132684,1,1
15140,,,14,7,13,0,2024,10,11,2,3,3,6,0,,0,1,0,0,1,,"731780,109100000001490","5701191,346799999475479",12.333340684000063,51.41448152600003,8,,8,Nordwest,,,,8.0,,0,14241007144200699690,132685,0,1
15141,,,14,7,13,0,2024,10,11,7,3,3,5,0,,0,1,0,0,0,,"734418,245500000193715","5693407,075899999588728",12.366076070000076,51.343522808000046,0,,0,Mitte,,,,0.0,,0,14241005148410740010,132704,0,1
15142,,,14,7,13,0,2024,10,1,5,3,2,6,2,,0,1,0,0,0,,"735150,697800000198185","5693516,936699999496341",12.37664652500007,51.34420650100003,0,,0,Mitte,,,,0.0,,0,14241003148410677480,132725,0,1
15143,,,14,7,13,0,2024,10,10,5,3,5,3,0,,0,1,0,0,0,,"736202,114699999801815","5693812,864199999719858",12.391912317000049,51.34642698300007,0,,0,Mitte,,,,0.0,,0,14241003148410677470,132726,1,1
15144,,,14,7,13,0,2024,10,17,5,3,2,6,0,,0,1,0,0,0,,"736669,870600000023842","5695562,600400000810623",12.399780339000074,51.36193828900008,9,,9,Nord,,,,9.0,,0,14241003148110677420,132727,1,1
15145,,,14,7,13,0,2024,10,6,5,2,2,7,2,,0,1,0,0,0,,"730281,103099999949336","5683310,730599999427795",12.300263931000075,51.25457784300005,5,,5,Südwest,,,,5.0,,0,14241003144310680880,132728,1,1
15146,,,14,7,30,270,2024,10,6,4,3,5,3,0,,1,1,0,0,0,,"728021,443400000222027","5701041,084000000730157",12.279284811000025,51.414656312000034,8,,8,Nordwest,,,,8.0,,0,14241002148110677060,132741,0,1
15147,,,14,7,13,0,2024,9,15,2,3,5,7,0,,0,1,0,0,0,,"738289,921500000171363","5694495,894999999552965",12.422293705000072,51.35168656900004,1,,1,Nordost,,,,1.0,,0,14240930144200665071,132767,0,1
15148,,,14,7,13,0,2024,9,14,2,3,3,2,0,,1,1,0,0,0,,"736427,171799999661744","5692751,095699999481440",12.394433221000043,51.33680281200003,3,,3,Südost,,,,3.0,,0,14240930144200664320,132768,0,1
15149,,,14,7,13,0,2024,9,8,4,3,3,6,0,,0,1,0,0,1,,"736617,573400000110269","5695835,233500000089407",12.399211869000055,51.36440725300008,9,,9,Nord,,,,9.0,,0,14240925148110657030,132824,0,1
15150,,,14,7,13,0,2024,9,20,4,2,5,3,2,,0,0,0,1,0,,"728893,612300000153482","5698641,346899999305606",12.290257788000076,51.39276245600007,8,,8,Nordwest,,,,8.0,,1,14240925144200693880,132825,0,1
15151,,,14,7,13,0,2024,9,7,3,3,5,3,1,,0,1,0,0,0,,"728688,389999999664724","5693235,630000000819564",12.28383629600006,51.34431733200006,7,,7,Alt-West,,,,7.0,,0,14240924144200647170,132841,1,1
15152,,,14,7,13,0,2024,9,7,3,3,7,7,0,,1,0,0,0,0,,"736291,629599999636412","5694365,679999999701977",12.393562291000023,51.351351959000056,1,,1,Nordost,,,,1.0,,0,14240924144100751520,132843,1,1
15153,,,14,7,13,0,2024,9,8,1,3,0,1,0,,1,0,0,0,0,,"735414,488300000317395","5697062,412699999287724",12.382773494000048,51.375922494000065,9,,9,Nord,,,,9.0,,0,14240922148110682500,132879,0,1
15154,,,14,7,13,0,2024,9,12,7,3,5,3,0,,0,1,0,0,0,,"727197,718200000002980","5693382,123600000515580",12.262561950000077,51.346230114000036,7,,7,Alt-West,,,,7.0,,0,14240921148310657060,132888,0,1
15155,,,14,7,13,0,2024,9,16,6,3,5,3,0,,0,1,0,0,0,,"728309,509600000455976","5690597,851999999955297",12.276715161000027,51.32078957900006,6,,6,West,,,,6.0,,1,14240920148310663850,132899,0,1
15156,,,14,7,13,0,2024,9,16,5,3,5,3,0,,0,1,0,0,0,,"734768,211600000038743","5698945,321000000461936",12.374748493000027,51.393091577000064,9,,9,Nord,,,,9.0,,0,14240919148110663380,132913,0,1
15157,,,14,7,13,0,2024,9,7,5,3,2,6,0,,0,0,0,0,0,,"733224,421000000089407","5692964,876000000163913",12.348675540000045,51.34004431200003,0,,0,Mitte,,,,0.0,,1,14240919144200645710,132914,0,1
15158,,,14,7,13,0,2024,9,15,4,3,1,6,0,,0,1,0,0,0,,"741848,429800000041723","5694630,343000000342727",12.473391871000047,51.351390421000076,2,,2,Ost,,,,2.0,,0,14240918144200701390,132925,0,1
15159,,,14,7,13,0,2024,9,13,1,3,5,3,0,,1,1,0,0,0,,"726275,314699999988079","5690214,402599999681115",12.247327475000077,51.31815970800005,6,,6,West,,,,6.0,,0,14240915148310663390,132968,0,1