UNFALL_ID,FID_left,OBJECTID,ULAND,UREGBEZ,UKREIS,UGEMEINDE,UJAHR,UMONAT,USTUNDE,UWOCHENTAG,UKATEGORIE,UART,UTYP1,ULICHTVERH,IstStrasse,IstRad,IstPKW,IstFuss,IstKrad,IstGkfz,IstSonstig,LINREFX,LINREFY,XGCSWGS84,YGCSWGS84,index_right,FID_right,SBZ,Name,UIDENTSTLA,LICHT,STRZUSTAND,FID,OBJECTID_1,IstSonstige,UIDENTSTLAE,OID_,IstStrassenzustand,PLST
15160,,,14,7,13,0,2024,9,11,6,3,3,2,0,,0,1,0,0,0,,"736456,829800000414252","5690288,149399999529123",12.393224434000047,51.31468256200003,0,,0,Mitte,,,,0.0,,0,14240913148210628650,132985,0,1
15161,,,14,7,13,0,2024,9,9,5,3,6,4,0,,1,0,1,0,0,,"731973,123599999584258","5692427,165699999779463",12.330391700000064,51.33572924900005,7,,7,Alt-West,,,,7.0,,0,14240912148310627080,132996,0,1
15162,,,14,7,13,0,2024,9,10,6,2,6,6,0,,1,0,1,0,0,,"735378,646499999798834","5693541,349400000646710",12.379929780000055,51.344331315000034,0,,0,Mitte,,,,0.0,,0,14240906144200607320,133094,0,1
15163,,,14,7,13,0,2024,9,15,5,3,0,1,0,,1,0,0,0,0,,"734644,122999999672174","5693488,771999999880791",12.369367323000063,51.34416297300004,0,,0,Mitte,,,,0.0,,0,14240905144200600730,133111,0,1
15164,,,14,7,13,0,2024,9,15,3,3,6,4,0,,0,0,1,0,0,,"733770,623999999836087","5693193,751499999314547",12.356653815000072,51.34187453700008,0,,0,Mitte,,,,0.0,,1,14240903148410620310,133131,0,1
15165,,,14,7,13,0,2024,9,14,3,3,2,6,0,,0,1,0,1,0,,"734783,791100000031292","5693527,865599999204278",12.371394934000023,51.34445623400006,0,,0,Mitte,,,,0.0,,0,14240903144200639220,133133,0,1
15166,,,14,7,13,0,2024,9,14,3,2,3,2,0,,0,1,0,1,0,,"729245,491000000387430","5693182,368000000715256",12.291787503000023,51.34361483500004,7,,7,Alt-West,,,,7.0,,0,14240903144200589980,133134,0,1
15167,,,14,7,13,0,2024,9,10,2,3,2,6,0,,0,1,0,0,0,,"736235,491399999707937","5694378,537299999967217",12.392766099000028,51.351490702000035,1,,1,Nordost,,,,1.0,,1,14240902148110663020,133158,0,1
15168,,,14,7,13,0,2024,9,15,2,3,0,4,0,,0,0,1,0,0,,"735383,948300000280142","5693538,190999999642372",12.380003681000062,51.34430076900003,0,,0,Mitte,,,,0.0,,1,14240902144310590021,133159,0,1
15169,,,14,7,13,0,2024,9,16,2,3,3,2,0,,1,1,0,0,0,,"736633,189000000245869","5695732,184000000357628",12.399367217000076,51.36347576700007,9,,9,Nord,,,,9.0,,0,14240902144200628160,133161,0,1
15170,,,14,7,13,0,2024,9,7,2,3,2,6,0,,0,1,0,0,0,,"734341,699699999764562","5690133,679199999198318",12.362826582000025,51.31417077300006,4,,4,Süd,,,,4.0,,0,14240902144200589991,133163,0,1
15171,,,14,7,13,0,2024,8,14,6,3,5,3,0,,1,1,0,0,0,,"737639,901800000108778","5690343,192800000309944",12.410206338000023,51.31468390600003,3,,3,Südost,,,,3.0,,0,14240830148410606560,133213,0,1
15172,,,14,7,13,0,2024,8,7,6,3,5,3,0,,0,1,0,1,0,,"739028,129999999888241","5687769,869899999350309",12.428366381000046,51.29100467200004,3,,3,Südost,,,,3.0,,0,14240830144200600300,133215,0,1
15173,,,14,7,13,0,2024,8,16,5,3,3,2,0,,0,1,0,1,0,,"736601,786000000312924","5695294,851999999955297",12.398626069000045,51.35956330500005,1,,1,Nordost,,,,1.0,,0,14240829148110682090,133234,0,1
15174,,,14,7,13,0,2024,8,8,3,2,3,2,0,,1,1,0,0,0,,"737166,698599999770522","5691107,248299999162555",12.403936735000059,51.32173954600006,3,,3,Südost,,,,3.0,,0,14240827148410581200,133268,0,1
15175,,,14,7,13,0,2024,8,18,3,3,5,2,0,,1,1,0,0,0,,"735035,108799999579787","5697039,272600000724196",12.377316903000064,51.37587191600005,9,,9,Nord,,,,9.0,,0,14240827148110606530,133270,0,1
15176,,,14,7,13,0,2024,8,13,5,3,5,3,0,,1,1,0,0,0,,"728923,274000000208616","5691777,800899999216199",12.286266234000038,51.33113562200003,6,,6,West,,,,6.0,,0,14240829148310581690,133278,0,1
15177,,,14,7,13,0,2024,8,7,2,3,0,1,0,,1,0,0,0,0,,"731961,436900000087917","5692424,549799999222159",12.330222517000038,51.33571053400004,7,,7,Alt-West,,,,7.0,,0,14240826148310600830,133289,0,1
15178,,,14,7,13,0,2024,8,15,2,3,5,3,0,,1,1,0,0,0,,"736979,873100000433624","5691373,622999999672174",12.401437456000053,51.32420840200007,3,,3,Südost,,,,3.0,,0,14240826148220581661,133290,0,1
15179,,,14,7,13,0,2024,8,18,7,3,3,2,0,,1,1,0,0,0,,"736236,958599999547005","5693695,734799999743700",12.392334026000071,51.34536112900008,0,,0,Mitte,,,,0.0,,0,14240824148410569400,133321,0,1
15180,,,14,7,13,0,2024,8,9,7,3,2,2,0,,0,1,0,0,0,,"726269,532300000078976","5690212,183299999684095",12.247243225000034,51.318142083000055,6,,6,West,,,,6.0,,0,14240824148310568920,133322,0,1
15181,,,14,7,30,270,2024,8,18,7,3,3,6,0,,0,1,0,0,0,,"727982,722000000067055","5701276,721999999135733",12.27888041500006,51.41678723100006,8,,8,Nordwest,,,,8.0,,0,14240824144310581650,133323,0,1
15182,,,14,7,13,0,2024,8,11,6,3,5,3,0,,1,1,0,0,0,,"728309,140800000168383","5690598,625199999660254",12.276710372000025,51.32079666800007,6,,6,West,,,,6.0,,0,14240823144200568830,133334,0,1
15183,,,14,7,13,0,2024,8,13,6,2,3,6,0,,1,1,0,0,0,,"735462,163599999621511","5690273,126599999144673",12.378967465000073,51.31496007900006,4,,4,Süd,,,,4.0,,0,14240823144200567920,133335,0,1
15184,,,14,7,13,0,2024,8,16,5,3,3,6,0,,1,1,0,0,0,,"732375,988400000147521","5692415,243699999526143",12.336157256000035,51.33545776500006,7,,7,Alt-West,,,,7.0,,0,14240822148321567650,133347,0,1
15185,,,14,7,13,0,2024,8,13,4,3,3,2,0,,1,1,0,0,0,,"737167,046600000001490","5691106,670399999246001",12.40394133500007,51.32173421400006,3,,3,Südost,,,,3.0,,0,14240821148421562131,133365,0,1
15186,,,14,7,13,0,2024,8,12,4,2,4,2,0,,1,1,0,0,0,,"736417,303199999965727","5692747,788300000131130",12.394289607000076,51.33677722600004,0,,0,Mitte,,,,0.0,,0,14240821144200569340,133368,0,1
15187,,,14,7,13,0,2024,8,19,1,3,2,6,0,,0,1,0,0,0,,"738868,438599999994040","5694486,679199999198318",12.430580147000057,51.351361033000046,2,,2,Ost,,,,2.0,,0,14240818148210588720,133426,1,1
15188,,,14,7,13,0,2024,8,17,6,3,0,1,0,,1,0,0,0,0,,"734114,002700000070035","5693270,943900000303984",12.361625945000071,51.34242617700005,0,,0,Mitte,,,,0.0,,0,14240816148410607480,133452,0,1
15189,,,14,7,13,0,2024,8,20,6,3,0,7,1,,1,0,0,0,0,,"741210,695799999870360","5694513,805700000375509",12.464171855000075,51.350615418000075,2,,2,Ost,,,,2.0,,0,14240816145200581181,133453,0,1
15190,,,14,7,13,0,2024,8,8,6,3,6,2,0,,0,1,1,0,0,,"731292,189299999736249","5697262,692099999636412",12.323776725000073,51.37941423600006,8,,8,Nordwest,,,,8.0,,0,14240816144200581620,133454,0,1
15191,,,14,7,13,0,2024,8,15,5,3,1,6,0,,0,1,0,0,0,,"729854,532700000330806","5692866,401799999177456",12.300313373000051,51.34053250100004,7,,7,Alt-West,,,,7.0,,0,14240815148310542470,133469,0,1
15192,,,14,7,13,0,2024,8,15,5,3,6,4,0,,1,0,1,0,0,,"736296,044900000095367","5693629,241699999198318",12.393136774000027,51.344739720000064,0,,0,Mitte,,,,0.0,,0,14240815144320646660,133470,0,1
15193,,,14,7,13,0,2024,8,6,4,3,5,3,0,,1,0,0,0,0,,"736244,766999999992549","5693702,901000000536442",12.392450697000072,51.34542221000004,0,,0,Mitte,,,,0.0,,0,14240814148410542180,133498,0,1
15194,,,14,7,13,0,2024,8,9,3,3,2,6,0,,0,1,0,1,0,,"728926,296199999749660","5691780,141400000080466",12.286311045000048,51.33115541700005,6,,6,West,,,,6.0,,0,14240813148310529570,133511,0,1
15195,,,14,7,13,0,2024,8,19,3,2,4,7,1,,0,1,0,0,0,,"736561,829900000244379","5695122,894799999892712",12.397938875000023,51.35803643100007,1,,1,Nordost,,,,1.0,,0,14240813144200542140,133513,0,1
15196,,,14,7,13,0,2024,8,1,6,1,0,1,2,,0,0,0,0,0,,"735705,041400000452995","5699711,333300000056624",12.388698574000045,51.39957914400003,9,,9,Nord,,,,9.0,,1,14240809144200527650,133581,0,1
15197,,,14,7,13,0,2024,8,12,5,3,3,2,0,,1,1,0,0,0,,"737167,389299999922514","5691106,101500000804663",12.403945866000072,51.321728965000034,3,,3,Südost,,,,3.0,,0,14240808148410521030,133597,0,1
15198,,,14,7,13,0,2024,8,11,1,3,6,4,0,,0,0,1,0,0,,"734812,846900000236928","5693530,616299999877810",12.371813201000066,51.34446892600005,0,,0,Mitte,,,,0.0,,1,14240804144200547840,133663,1,1
15199,,,14,7,13,0,2024,8,2,7,3,6,4,2,,0,0,1,0,0,,"735388,378600000403821","5693535,551699999719858",12.380065435000063,51.34427524400007,0,,0,Mitte,,,,0.0,,1,14240803148410529020,133678,1,1
15200,,,14,7,13,0,2024,8,20,7,3,3,6,1,,1,0,0,0,0,,"734105,158400000073016","5693267,316199999302626",12.361496800000054,51.34239725500004,0,,0,Mitte,,,,0.0,,0,14240803148410521020,133679,0,1
15201,,,14,7,13,0,2024,8,13,7,3,2,6,0,,0,1,0,0,0,,"727853,111200000159442","5690200,216399999335408",12.269922275000056,51.31740280500003,6,,6,West,,,,6.0,,0,14240803148310548560,133680,0,1
15202,,,14,7,13,0,2024,8,17,6,3,6,4,0,,0,0,1,0,0,,"734862,852699999697506","5693531,158999999985099",12.372530286000028,51.34445314300007,0,,0,Mitte,,,,0.0,,1,14240802148421600350,133704,0,1
15203,,,14,7,13,0,2024,8,11,6,3,8,1,0,,0,1,0,0,0,,"732367,602300000376999","5701178,050300000235438",12.341765571000053,51.41412176600005,8,,8,Nordwest,,,,8.0,,0,14240802144310508240,133705,1,1
15204,,,14,7,13,0,2024,9,10,5,3,9,1,0,,0,1,0,0,0,,"729622,445399999618530","5697950,013800000771880",12.30026885600006,51.38626198400004,8,,8,Nordwest,,,,8.0,,0,14240926148110657490,133707,1,1
15205,,,14,7,13,0,2024,7,9,3,3,2,6,0,,0,1,0,1,0,,"736160,377100000157952","5694435,949200000613928",12.391727446000061,51.35203725500003,1,,1,Nordost,,,,1.0,,0,14240730148110494070,133756,0,1
15206,,,14,7,13,0,2024,7,8,3,2,5,2,0,,1,1,0,0,0,,"736867,214700000360608","5694392,728099999949336",12.401831077000054,51.351355184000056,1,,1,Nordost,,,,1.0,,0,14240730144200494050,133760,0,1
15207,,,14,7,13,0,2024,9,22,4,3,7,7,2,,0,1,0,0,0,,"740820,790500000119209","5686005,967100000008941",12.452839768000047,51.274417354000036,3,,3,Südost,,,,3.0,,0,14240918148210638810,133806,0,1
15208,,,14,7,13,0,2024,10,0,6,3,5,3,2,,0,1,0,0,0,,"729942,955099999904633","5693108,046700000762939",12.301736728000037,51.34266600500007,7,,7,Alt-West,,,,7.0,,0,14241011148410701470,133823,1,1
15209,,,14,7,13,0,2024,7,18,6,3,4,2,0,,1,1,0,0,0,,"739052,403699999675155","5694921,381400000303984",12.433509108000067,51.35518549500006,2,,2,Ost,,,,2.0,,0,14240726148210568880,133835,0,1
15210,,,14,7,13,0,2024,7,14,5,3,9,7,0,,1,0,0,0,0,,"736347,024400000460446","5694757,205600000917912",12.394616364000058,51.35484332600004,1,,1,Nordost,,,,1.0,,0,14240725144200487490,133855,0,1
15211,,,14,7,13,0,2024,7,17,4,3,5,3,0,,1,0,0,0,0,,"735641,378600000403821","5693501,589099999517202",12.383669121000025,51.34386558600005,0,,0,Mitte,,,,0.0,,1,14240724148410508000,133876,1,1
15212,,,14,7,13,0,2024,10,6,3,2,5,3,1,,1,1,0,0,0,,"735172,014999999664724","5693550,752000000327826",12.376974392000022,51.344501222000076,0,,0,Mitte,,,,0.0,,0,14241001144200665090,133895,1,1
15213,,,14,7,13,0,2024,7,13,6,3,5,3,0,,0,1,0,0,0,,"735632,826600000262260","5693455,705299999564886",12.383516187000055,51.34345726400005,0,,0,Mitte,,,,0.0,,1,14240719148410548570,133951,0,1
15214,,,14,7,13,0,2024,7,15,6,3,5,3,0,,0,1,0,0,0,,"728241,116600000299513","5685705,265599999576807",12.272607316000062,51.27689458000003,5,,5,Südwest,,,,5.0,,0,14240719148310547940,133952,0,1
15215,,,14,7,13,0,2024,7,13,6,3,2,2,0,,0,1,0,0,0,,"726273,966300000436604","5690213,885099999606609",12.247307829000022,51.31815559800003,6,,6,West,,,,6.0,,0,14240719148310475470,133954,0,1
15216,,,14,7,13,0,2024,7,8,3,3,5,3,0,,0,1,0,0,0,,"736459,387000000104308","5693008,797000000253320",12.395065937000027,51.339102592000074,0,,0,Mitte,,,,0.0,,1,14240730144200495300,133974,0,1
15217,,,14,7,13,0,2024,7,5,4,3,5,2,0,,1,1,0,0,0,,"740891,068500000052154","5696348,778799999505281",12.460832889000073,51.36722082400007,2,,2,Ost,,,,2.0,,0,14240717148210474400,134003,0,1
15218,,,14,7,13,0,2024,9,15,3,3,2,6,0,,0,1,0,0,0,,"735281,233000000007451","5693571,640000000596046",12.37855359300005,51.34464353300007,0,,0,Mitte,,,,0.0,,0,14240910148410621200,134006,0,1
15219,,,14,7,13,0,2024,7,16,2,3,2,6,0,,0,1,0,0,0,,"727713,163999999873340","5699066,154699999839067",12.27359159100007,51.39705088200003,8,,8,Nordwest,,,,8.0,,0,14240715144200458550,134043,0,1
15220,,,14,7,13,0,2024,7,16,3,3,6,7,0,,1,0,1,0,0,,"734721,580299999564886","5699002,412799999117851",12.374117166000076,51.393623336000076,9,,9,Nord,,,,9.0,,0,14240716148110458570,134044,0,1
15221,,,14,7,13,0,2024,7,17,7,3,0,1,0,,0,0,0,0,0,,"728295,236499999649823","5690600,587700000032783",12.276512424000032,51.32081986500003,6,,6,West,,,,6.0,,1,14240713148310475060,134075,0,1
15222,,,14,7,13,0,2024,7,16,7,3,2,6,0,,0,1,0,0,0,,"742362,948699999600649","5694743,036499999463558",12.480843425000046,51.35218274200008,2,,2,Ost,,,,2.0,,0,14240713148210547360,134076,0,1
15223,,,14,7,13,0,2024,7,16,7,2,8,1,0,,0,0,0,1,0,,"732640,686300000175834","5696701,819000000134110",12.342752807000068,51.37382863900007,8,,8,Nordwest,,,,8.0,,0,14240713144200457320,134080,0,1
15224,,,14,7,13,0,2024,7,13,3,3,5,2,0,,1,1,0,0,0,,"735100,878200000151992","5697039,228499999269843",12.378260177000072,51.37584429700007,9,,9,Nord,,,,9.0,,0,14240709148110457060,134163,0,1
15225,,,14,7,13,0,2024,7,20,2,3,5,2,0,,1,1,0,0,0,,"737167,729100000113249","5691105,537299999967217",12.40395035900002,51.321723759000065,3,,3,Südost,,,,3.0,,0,14240708148410443020,134182,0,1
15226,,,14,7,13,0,2024,7,15,6,3,2,6,0,,0,1,0,1,0,,"736065,940499999560416","5693824,482999999076128",12.389968207000038,51.346587836000026,0,,0,Mitte,,,,0.0,,0,14240705148410442000,134243,0,1
15227,,,14,7,13,0,2024,7,19,5,2,6,4,0,,0,0,1,0,0,,"735380,293200000189245","5693540,368400000035763",12.379952733000039,51.344321827000044,0,,0,Mitte,,,,0.0,,1,14240704148410443030,134259,0,1
15228,,,14,7,13,0,2024,7,5,4,3,2,6,0,,0,1,0,0,0,,"735053,741399999707937","5690233,872999999672174",12.373091501000033,51.31477654300005,4,,4,Süd,,,,4.0,,0,14240703148210435710,134274,0,1
15229,,,14,7,13,0,2024,7,13,4,3,2,6,0,,0,1,0,1,0,,"736680,888299999758601","5695558,749299999326468",12.399935747000029,51.361899132000076,1,,1,Nordost,,,,1.0,,0,14240703148110435700,134276,0,1
15230,,,14,7,13,0,2024,7,7,4,2,5,2,0,,1,1,0,0,0,,"737167,755699999630451","5691105,493200000375509",12.40395071000006,51.32172335200005,3,,3,Südost,,,,3.0,,0,14240703144200456490,134278,0,1
15231,,,14,7,13,0,2024,7,6,4,3,3,2,0,,1,1,0,0,0,,"734472,923899999819696","5697039,221300000324845",12.369253620000052,51.37610384000004,9,,9,Nord,,,,9.0,,0,14240703143263442960,134282,0,1
15232,,,14,7,13,0,2024,7,17,3,3,5,3,0,,1,1,0,0,0,,"738931,316800000146031","5688215,933900000527501",12.427278889000036,51.295049136000046,3,,3,Südost,,,,3.0,,0,14240702148210443010,134296,0,1
15233,,,14,7,13,0,2024,8,19,6,3,0,1,0,,0,0,0,1,0,,"731302,143000000156462","5697380,910000000149012",12.323996457000021,51.380471397000065,8,,8,Nordwest,,,,8.0,,0,14240823148110567940,134318,0,1
15234,,,14,7,13,0,2024,9,14,7,2,5,3,0,,0,1,0,1,0,,"740064,761400000192225","5695754,781400000676513",12.448583706000022,51.36223909600005,2,,2,Ost,,,,2.0,,0,14240921144200656990,134334,0,1
15235,,,14,7,13,0,2024,6,15,6,3,2,6,0,,0,1,0,0,0,,"736570,211500000208616","5695115,769799999892712",12.398054303000038,51.35796898700005,1,,1,Nordost,,,,1.0,,0,14240628144200451060,134370,0,1
15236,,,14,7,13,0,2024,6,21,5,3,5,3,1,,0,1,0,0,0,,"738284,663999999873340","5694493,710000000894070",12.422216879000075,51.351669161000075,1,,1,Nordost,,,,1.0,,0,14240627148110425500,134393,0,1
15237,,,14,7,13,0,2024,6,8,5,3,5,3,0,,0,1,0,0,0,,"742268,174399999901652","5694732,663599999621511",12.479477901000052,51.352130044000035,2,,2,Ost,,,,2.0,,0,14240627144200417870,134397,0,1
15238,,,14,7,13,0,2024,8,6,5,3,3,6,2,,0,1,0,1,0,,"728022,120500000193715","5684256,903500000014901",12.268549165000024,51.26397966700006,5,,5,Südwest,,,,5.0,,0,14240808148310521010,134431,0,1
15239,,,14,7,13,0,2024,6,6,3,3,3,2,0,,1,1,0,0,0,,"740914,922600000165403","5696363,889799999073148",12.46118516200005,51.36734633800006,2,,2,Ost,,,,2.0,,0,14240625148110424850,134438,0,1
15240,,,14,7,13,0,2024,6,12,2,3,6,1,0,,0,0,1,0,0,,"736287,428299999795854","5693637,002299999818206",12.393018425000037,51.34481296200005,0,,0,Mitte,,,,0.0,,1,14240624148410416870,134461,0,1
15241,,,14,7,13,0,2024,6,11,2,3,6,6,0,,1,0,1,0,0,,"734933,339900000020862","5693528,479699999094009",12.373538801000052,51.34439997100003,0,,0,Mitte,,,,0.0,,0,14240624144310495000,134463,0,1
15242,,,14,7,13,0,2024,8,17,7,3,3,6,0,,1,0,0,0,0,,"736207,684000000357628","5693802,054999999701977",12.391984972000046,51.34632764300005,0,,0,Mitte,,,,0.0,,1,14240831148410600340,134471,0,1
15243,,,14,7,13,0,2024,6,21,7,2,0,7,0,,0,0,1,0,0,,"735432,831500000320375","5693462,476999999955297",12.380654249000031,51.343600897000044,0,,0,Mitte,,,,0.0,,1,14240622144200401870,134504,0,1
15244,,,14,7,13,0,2024,6,11,6,2,2,6,0,,0,1,0,1,0,,"729297,338499999605119","5693176,792999999597669",12.292527084000028,51.34354388000003,7,,7,Alt-West,,,,7.0,,0,14240621144200402790,134523,0,1
15245,,,14,7,13,0,2024,8,8,6,3,2,2,0,,0,1,0,0,0,,"726273,020800000056624","5690213,522199999541044",12.247294053000076,51.31815271600004,6,,6,West,,,,6.0,,0,14240830144200589560,134538,0,1
15246,,,14,7,13,0,2024,6,23,3,3,8,1,2,,0,0,0,1,0,,"735691,083999999798834","5700421,383999999612570",12.388969858000053,51.405958455000075,9,,9,Nord,,,,9.0,,0,14240618144310401910,134597,1,1
15247,,,14,7,13,0,2024,6,7,3,2,6,4,0,,0,0,1,0,1,,"735360,366100000217557","5693552,239399999380112",12.379674970000053,51.34443663400003,0,,0,Mitte,,,,0.0,,0,14240618144200394400,134600,0,1
15248,,,14,7,13,0,2024,7,7,5,3,6,4,0,,0,1,1,0,0,,"735102,895200000144541","5697039,226500000804663",12.378289105000022,51.375843444000054,9,,9,Nord,,,,9.0,,0,14240704148110441721,134605,0,1
15249,,,14,7,13,0,2024,6,13,2,3,5,3,0,,1,0,0,0,0,,"731958,373100000433624","5692423,960699999704957",12.330178227000033,51.33570649500007,7,,7,Alt-West,,,,7.0,,0,14240617148310403470,134626,0,1
15250,,,14,7,13,0,2024,6,20,1,3,8,1,0,,0,1,0,0,0,,"736469,154000000096858","5693256,372700000181794",12.395370280000066,51.34132081300004,2,,2,Ost,,,,2.0,,0,14240616148410417910,134648,0,1
15251,,,14,7,13,0,2024,6,2,1,3,0,1,2,,1,0,0,0,0,,"732155,348000000230968","5692471,385500000789762",12.333031926000046,51.33605184400005,7,,7,Alt-West,,,,7.0,,0,14240616148310441980,134649,0,1
15252,,,14,7,13,0,2024,9,19,4,3,0,1,2,,1,0,0,0,0,,"732083,939500000327826","5692453,515200000256300",12.331996940000067,51.33592057200008,7,,7,Alt-West,,,,7.0,,0,14240925148310663400,134650,0,1
15253,,,14,7,13,0,2024,8,19,6,3,0,1,1,,1,0,0,0,0,,"729434,402999999932945","5693163,664699999615550",12.294483270000057,51.34337073300003,7,,7,Alt-West,,,,7.0,,0,14240802145200527660,134660,0,1
15254,,,14,7,13,0,2024,6,8,5,3,2,6,0,,0,1,0,0,0,,"738572,218399999663234","5694526,881200000643730",12.42636101200003,51.35184628400003,1,,1,Nordost,,,,1.0,,0,14240613148110435690,134690,0,1
15255,,,14,7,13,0,2024,9,7,4,3,4,3,0,,1,1,0,0,0,,"736059,452399999834597","5693821,200099999085069",12.389873034000061,51.346561062000035,0,,0,Mitte,,,,0.0,,0,14240918148210646670,134691,1,1
15256,,,14,7,13,0,2024,6,7,5,2,5,3,0,,1,1,0,0,0,,"734782,036999999545515","5693527,608999999240041",12.371369624000067,51.34445465500005,0,,0,Mitte,,,,0.0,,0,14240613144200374120,134696,0,1
15257,,,14,7,13,0,2024,6,16,2,3,2,6,0,,0,1,0,0,0,,"739189,745299999602139","5688806,515799999237061",12.431374356000049,51.30024167400006,3,,3,Südost,,,,3.0,,0,14240617144200380930,134713,0,1
15258,,,14,7,13,0,2024,6,11,2,3,6,6,0,,1,0,1,0,0,,"736171,991000000387430","5693937,080600000917912",12.391562948000058,51.34755448900006,0,,0,Mitte,,,,0.0,,0,14240610148410451090,134745,0,1
15259,,,14,7,13,0,2024,6,6,2,3,0,1,0,,1,0,0,0,0,,"735414,948599999770522","5693519,723400000482798",12.380435790000035,51.344122163000065,0,,0,Mitte,,,,0.0,,0,14240610148410380510,134746,0,1
15260,,,14,7,13,0,2024,6,19,2,3,4,3,0,,1,0,0,0,0,,"736195,461000000126660","5693802,845799999311566",12.391810302000067,51.346339820000026,0,,0,Mitte,,,,0.0,,0,14240610144200380950,134750,0,1
15261,,,14,7,13,0,2024,8,18,5,3,8,7,0,,1,0,0,0,0,,"727273,812199999578297","5688977,532400000840425",12.260844242000076,51.306657880000046,6,,6,West,,,,6.0,,0,14240829148310588250,134759,0,1
15262,,,14,7,13,0,2024,6,4,1,3,0,1,1,,1,0,0,0,0,,"736522,800499999895692","5694617,825699999928474",12.397043612000061,51.35351910900005,1,,1,Nordost,,,,1.0,,0,14240609148110360200,134769,0,1
15263,,,14,7,13,0,2024,8,17,4,3,0,1,0,,1,0,0,0,0,,"731264,946200000122190","5697779,426899999380112",12.323722273000044,51.38406394200007,8,,8,Nordwest,,,,8.0,,0,14240807148110520570,134795,0,1
15264,,,14,7,13,0,2024,6,7,6,2,5,3,2,,0,1,0,0,0,,"740892,713000000454485","5696349,836999999359250",12.460857186000055,51.36722962500005,2,,2,Ost,,,,2.0,,0,14240607144200402800,134821,0,1
15265,,,14,7,13,0,2024,6,14,6,2,8,1,0,,0,0,0,1,0,,"731518,894700000062585","5697123,358799999579787",12.326937917000066,51.37807109000005,8,,8,Nordwest,,,,8.0,,0,14240607144200360160,134822,0,1
15266,,,14,7,13,0,2024,6,18,5,3,5,2,0,,1,1,0,0,0,,"734229,118900000117719","5693319,073000000789762",12.363307490000068,51.34281079700003,0,,0,Mitte,,,,0.0,,0,14240606148410373270,134854,0,1
15267,,,14,7,13,0,2024,6,11,5,3,0,1,0,,0,0,0,1,0,,"733233,632299999706447","5696877,026599999517202",12.351372021000032,51.37515821000005,8,,8,Nordwest,,,,8.0,,0,14240606148110401091,134855,0,1
15268,,,14,7,13,0,2024,6,8,5,3,2,6,0,,0,1,0,0,0,,"745748,722299999557436","5690911,008999999612570",12.526728957000046,51.31633690600006,2,,2,Ost,,,,2.0,,0,14240606144310373600,134856,0,1
15269,,,14,7,13,0,2024,6,0,4,3,0,1,2,,0,0,0,0,0,,"734819,602900000289083","5698882,781099999323487",12.375444499000025,51.39250894200006,9,,9,Nord,,,,9.0,,1,14240605148110344420,134882,0,1
15270,,,14,7,13,0,2024,6,8,4,2,4,2,0,,0,1,0,1,0,,"728309,790900000371039","5690597,262199999764562",12.276718814000048,51.32078417100007,6,,6,West,,,,6.0,,0,14240605144200345550,134884,0,1
15271,,,14,7,13,0,2024,6,18,4,3,5,3,1,,1,1,0,0,0,,"736495,002199999988079","5692253,625600000843406",12.39507502400005,51.33230922600006,3,,3,Südost,,,,3.0,,0,14240605144200345060,134885,1,1
15272,,,14,7,13,0,2024,6,15,4,3,5,2,0,,1,1,0,0,0,,"738578,963700000196695","5694523,158399999141693",12.426455206000071,51.351810037000064,2,,2,Ost,,,,2.0,,0,14240605143263360651,134886,0,1
15273,,,14,7,13,0,2024,6,10,3,3,5,3,0,,1,1,0,0,0,,"745876,192200000397861","5692182,438400000333786",12.529431325000076,51.32769284800003,2,,2,Ost,,,,2.0,,0,14240604148210379690,134910,0,1
15274,,,14,7,13,0,2024,10,16,4,3,3,6,0,,1,0,0,0,0,,"732483,002199999988079","5698113,438999999314547",12.341414784000051,51.38656477500007,8,,8,Nordwest,,,,8.0,,0,14241009148110701430,134924,0,1
15275,,,14,7,13,0,2024,6,9,2,3,1,6,0,,0,1,0,0,0,,"736587,068400000222027","5695903,559000000357628",12.398819917000026,51.365033253000036,9,,9,Nord,,,,9.0,,0,14240603148110343790,134925,0,1
15276,,,14,7,13,0,2024,6,1,1,3,2,6,2,,0,1,0,0,0,,"736681,626099999994040","5695556,296099999919534",12.399944693000066,51.361876805000065,1,,1,Nordost,,,,1.0,,0,14240602148110344400,134947,1,1
15277,,,14,7,13,0,2024,6,13,7,3,5,2,0,,1,1,0,0,0,,"732421,284500000067055","5692408,422800000756979",12.336801926000021,51.33537802700005,7,,7,Alt-West,,,,7.0,,0,14240601144200380400,134960,0,1
15278,,,14,7,13,0,2024,5,17,6,3,6,2,0,,0,1,1,0,0,,"733930,134100000374019","5696960,189099999144673",12.361416431000066,51.375618254000074,9,,9,Nord,,,,9.0,,0,14240531148110345590,134985,0,1
15279,,,14,7,13,0,2024,5,6,5,3,5,3,0,,0,0,0,1,0,,"728660,508200000040233","5697422,447300000116229",12.28612823800006,51.38191423600006,8,,8,Nordwest,,,,8.0,,1,14240530148110343030,135011,0,1
15280,,,14,7,13,0,2024,5,14,5,3,2,6,0,,0,1,0,0,0,,"734564,657300000078976","5699177,199200000613928",12.37198107200004,51.39525714800004,9,,9,Nord,,,,9.0,,0,14240530148110331830,135013,1,1