UNFALL_ID,FID_left,OBJECTID,ULAND,UREGBEZ,UKREIS,UGEMEINDE,UJAHR,UMONAT,USTUNDE,UWOCHENTAG,UKATEGORIE,UART,UTYP1,ULICHTVERH,IstStrasse,IstRad,IstPKW,IstFuss,IstKrad,IstGkfz,IstSonstig,LINREFX,LINREFY,XGCSWGS84,YGCSWGS84,index_right,FID_right,SBZ,Name,UIDENTSTLA,LICHT,STRZUSTAND,FID,OBJECTID_1,IstSonstige,UIDENTSTLAE,OID_,IstStrassenzustand,PLST
15281,,,14,7,13,0,2024,5,7,5,2,5,3,0,,1,0,0,0,1,,"728305,998399999924004","5690605,213300000876188",12.276669570000024,51.32085707200008,6,,6,West,,,,6.0,,0,14240530144200345030,135014,0,1
15282,,,14,7,13,0,2024,5,16,4,3,2,6,0,,0,1,0,0,0,,"739683,866899999789894","5695454,938100000843406",12.442920668000056,51.35970859300005,1,,1,Nordost,,,,1.0,,0,14240529148110331320,135044,0,1
15283,,,14,7,13,0,2024,7,17,1,2,0,7,0,,1,0,0,0,0,,"736405,548399999737740","5692343,882500000298023",12.393853145000037,51.33315657600008,3,,3,Südost,,,,3.0,,0,14240714148410470550,135046,0,1
15284,,,14,7,13,0,2024,5,6,3,3,5,3,0,,1,1,0,0,0,,"735446,854399999603629","5693500,716399999335408",12.380880516000047,51.34393833900003,0,,0,Mitte,,,,0.0,,0,14240528148410319310,135072,1,1
15285,,,14,7,13,0,2024,6,16,3,2,2,6,0,,0,1,0,0,0,,"727900,229700000025332","5685641,374299999326468",12.267687351000063,51.27645741900005,5,,5,Südwest,,,,5.0,,0,14240604144200359540,135107,0,1
15286,,,14,7,13,0,2024,5,2,1,3,0,1,2,,1,0,0,0,0,,"728040,657399999909103","5691284,721899999305606",12.27330272200004,51.32706363600005,6,,6,West,,,,6.0,,0,14240526148320331910,135113,0,1
15287,,,14,7,13,0,2024,5,16,1,3,0,7,0,,0,0,0,0,0,,"732810,770499999634922","5692796,126700000837445",12.342636836000054,51.33869901300005,7,,7,Alt-West,,,,7.0,,1,14240526148310359850,135114,0,1
15288,,,14,7,13,0,2024,5,20,7,3,2,6,1,,0,1,0,0,0,,"732486,129800000227988","5692411,663499999791384",12.337733309000043,51.33538061400003,7,,7,Alt-West,,,,7.0,,0,14240525148310345140,135131,0,1
15289,,,14,7,13,0,2024,7,12,7,3,5,3,0,,1,1,0,0,0,,"728924,946899999864399","5691779,096499999985099",12.286291039000048,51.33114657900006,6,,6,West,,,,6.0,,0,14240720148310474700,135140,0,1
15290,,,14,7,13,0,2024,5,14,4,3,8,1,0,,0,1,0,0,0,,"728048,531999999657273","5691285,938999999314547",12.273416335000036,51.32707140600007,6,,6,West,,,,6.0,,0,14240522148310331900,135220,1,1
15291,,,14,7,13,0,2024,5,8,4,3,5,2,0,,1,1,0,0,0,,"739899,726700000464916","5695633,291200000792742",12.446135621000053,51.361218343000075,2,,2,Ost,,,,2.0,,0,14240522148110318740,135222,1,1
15292,,,14,7,13,0,2024,5,16,6,3,3,6,0,,0,1,0,0,0,,"738732,757299999706447","5689260,901200000196695",12.42513497400006,51.304511983000054,3,,3,Südost,,,,3.0,,0,14240517148210301860,135338,0,1
15293,,,14,7,13,0,2024,5,7,3,3,3,6,0,,0,1,0,0,0,,"735497,966199999675155","5697078,830600000917912",12.38398165600006,51.37603525500003,9,,9,Nord,,,,9.0,,0,14240528148110319260,135355,1,1
15294,,,14,7,13,0,2024,5,11,5,3,4,2,0,,0,1,0,1,0,,"732493,547600000165403","5692412,139799999073148",12.337839921000068,51.33538185700007,7,,7,Alt-West,,,,7.0,,0,14240516148310343060,135361,0,1
15295,,,14,7,13,0,2024,5,16,3,3,5,1,0,,1,1,0,0,0,,"738688,257799999788404","5689279,566899999976158",12.424510240000075,51.30469818200004,3,,3,Südost,,,,3.0,,0,14240514148210300500,135408,0,1
15296,,,14,7,13,0,2024,5,11,3,3,3,6,0,,1,0,0,0,0,,"740196,235399999655783","5694427,591000000014901",12.449572815000067,51.35027115500003,2,,2,Ost,,,,2.0,,0,14240514148210282390,135409,0,1
15297,,,14,7,13,0,2024,5,15,3,3,2,3,0,,0,1,1,0,0,,"735331,982099999673665","5693521,275399999693036",12.379247685000053,51.344170441000074,0,,0,Mitte,,,,0.0,,0,14240514144200331730,135410,0,1
15298,,,14,7,13,0,2024,5,11,2,3,0,4,0,,0,0,1,0,0,,"735216,670099999755621","5693560,603000000119209",12.37762093200007,51.344571175000056,0,,0,Mitte,,,,0.0,,1,14240513144200311590,135443,0,1
15299,,,14,7,13,0,2024,5,9,3,3,8,1,0,,0,0,0,0,0,,"745031,362800000235438","5691585,440500000491738",12.516918432000068,51.32269926100008,2,,2,Ost,,,,2.0,,1,14240528144310343160,135461,1,1
15300,,,14,7,13,0,2024,5,14,7,3,5,3,0,,1,1,0,0,0,,"736201,471599999815226","5693981,235999999567866",12.392014806000077,51.347938588000034,0,,0,Mitte,,,,0.0,,0,14240511148410294540,135482,0,1
15301,,,14,7,13,0,2024,5,10,7,3,3,2,0,,1,1,0,0,0,,"738572,992999999783933","5694526,411800000816584",12.426371801000073,51.35184174500006,1,,1,Nordost,,,,1.0,,0,14240511144200281460,135483,0,1
15302,,,14,7,13,0,2024,6,6,5,3,8,1,0,,0,1,0,0,0,,"727304,224299999885261","5682443,311300000175834",12.257124565000026,51.24798468800003,5,,5,Südwest,,,,5.0,,0,14240627149110417930,135491,0,1
15303,,,14,7,13,0,2024,6,19,3,3,0,2,0,,0,1,0,1,0,,"736216,026999999769032","5693812,155999999493361",12.392111255000032,51.34641484600007,0,,0,Mitte,,,,0.0,,0,14240604148410374230,135515,0,1
15304,,,14,7,13,0,2024,5,14,5,3,6,6,0,,1,0,1,0,0,,"738503,283200000412762","5689621,425899999216199",12.422089930000027,51.307844215000046,3,,3,Südost,,,,3.0,,0,14240509148210300810,135516,0,1
15305,,,14,7,13,0,2024,9,17,7,2,3,6,0,,0,1,0,0,1,,"739388,617999999783933","5698859,808900000527501",12.440980887000023,51.39039416000003,1,,1,Nordost,,,,1.0,,0,14240907144200656970,135545,0,1
15306,,,14,7,13,0,2024,6,15,5,3,2,2,0,,0,1,0,0,0,,"728925,527599999681115","5691779,546199999749660",12.286299649000057,51.33115038300008,6,,6,West,,,,6.0,,0,14240620144200424140,135549,0,1
15307,,,14,7,13,0,2024,5,15,4,3,3,2,0,,1,0,0,0,0,,"737419,475399999879301","5690740,252000000327826",12.40731347600007,51.318339940000044,3,,3,Südost,,,,3.0,,0,14240508148210301850,135553,0,1
15308,,,14,7,13,0,2024,6,7,3,3,2,6,2,,0,1,0,0,0,,"740018,759800000116229","5698077,088899999856949",12.44949207600007,51.383102688000065,1,,1,Nordost,,,,1.0,,0,14240604144310354470,135593,0,1
15309,,,14,7,13,0,2024,10,11,4,3,3,2,0,,1,1,0,0,0,,"734944,732599999755621","5690219,124199999496341",12.371520385000053,51.31468916100005,4,,4,Süd,,,,4.0,,0,14241009148210720010,135596,1,1
15310,,,14,7,13,0,2024,6,6,3,3,0,1,0,,0,0,0,1,0,,"745909,563000000081956","5692197,994000000879169",12.529920103000052,51.327818035000064,2,,2,Ost,,,,2.0,,0,14240611148210374180,135600,0,1
15311,,,14,7,13,0,2024,5,11,6,3,3,2,0,,1,1,0,0,0,,"733842,367999999783933","5693189,926999999210238",12.357679559000076,51.34181070600005,0,,0,Mitte,,,,0.0,,0,14240531144200374080,135657,0,1
15312,,,14,7,13,0,2024,5,13,7,3,5,2,0,,1,1,0,0,0,,"736470,808000000193715","5693229,390000000596046",12.395376069000065,51.34107792400005,2,,2,Ost,,,,2.0,,0,14240504148410265450,135661,0,1
15313,,,14,7,13,0,2024,5,22,7,3,6,3,2,,1,0,1,0,0,,"735422,279000000096858","5690270,887499999254942",12.378394697000033,51.314956479000045,4,,4,Süd,,,,4.0,,0,14240504148210301150,135662,0,1
15314,,,14,7,13,0,2024,5,14,3,3,5,3,0,,1,0,0,0,0,,"736314,944600000046194","5692426,922700000926852",12.392609956000058,51.33393961300004,0,,0,Mitte,,,,0.0,,1,14240507144200265380,135663,0,1
15315,,,14,7,13,0,2024,5,9,5,1,0,1,0,,1,0,0,0,0,,"730349,816700000315905","5693031,266799999400973",12.307518722000054,51.341812067000035,7,,7,Alt-West,,,,7.0,,0,14240502148310257271,135698,0,1
15316,,,14,7,13,0,2024,5,21,5,3,5,3,2,,0,1,0,0,0,,"727956,110199999995530","5699599,579099999740720",12.277420621000033,51.401741980000054,8,,8,Nordwest,,,,8.0,,0,14240502144200257240,135702,0,1
15317,,,14,7,13,0,2024,5,9,4,3,6,6,0,,1,0,1,0,0,,"732564,417000000365078","5692411,819700000807643",12.338855308000063,51.335350008000034,7,,7,Alt-West,,,,7.0,,0,14240501148323280960,135720,0,1
15318,,,14,7,13,0,2024,6,11,6,3,3,6,0,,0,1,0,1,0,,"729566,074699999764562","5692588,911100000143051",12.296000125000035,51.33815797300008,7,,7,Alt-West,,,,7.0,,0,14240628144200425410,135750,0,1
15319,,,14,7,13,0,2024,4,15,3,3,2,6,0,,0,1,0,0,0,,"743235,424700000323355","5695178,534299999475479",12.493646698000077,51.35571875800008,2,,2,Ost,,,,2.0,,0,14240430144310263290,135752,0,1
15320,,,14,7,13,0,2024,8,6,6,3,5,3,0,,1,1,0,0,0,,"731879,941999999806285","5698882,470000000670552",12.333265065000035,51.393714759000034,8,,8,Nordwest,,,,8.0,,0,14240816148110567960,135768,0,1
15321,,,14,7,13,0,2024,10,4,5,2,0,7,2,,0,0,0,0,0,,"735134,275200000032783","5693543,147700000554323",12.376428452000027,51.34444857200003,0,,0,Mitte,,,,0.0,,1,14241003144200680870,135830,0,1
15322,,,14,7,13,0,2024,4,6,1,3,9,1,0,,0,1,0,0,0,,"744098,277999999932945","5694328,655799999833107",12.505432359000054,51.34772107400005,2,,2,Ost,,,,2.0,,0,14240428144310300800,135832,0,1
15323,,,14,7,13,0,2024,4,5,7,3,5,3,1,,0,1,0,1,0,,"727879,418999999761581","5697674,595000000670552",12.275084504000063,51.38449184700005,8,,8,Nordwest,,,,8.0,,0,14240427148110343400,135847,0,1
15324,,,14,7,13,0,2024,4,18,7,3,6,7,0,,0,1,0,0,0,,"733421,068799999542534","5693018,720899999141693",12.351529147000065,51.34044696700005,0,,0,Mitte,,,,0.0,,1,14240427144320257220,135848,0,1
15325,,,14,7,13,0,2024,4,7,6,3,5,7,0,,1,1,0,0,0,,"741481,986999999731779","5689599,115299999713898",12.464730484000029,51.30638831300007,3,,3,Südost,,,,3.0,,0,14240426148210276840,135868,0,1
15326,,,14,7,13,0,2024,8,0,7,2,0,1,2,,0,0,0,1,0,,"736661,605100000277162","5695576,356399999931455",12.399670981000043,51.36206520700006,9,,9,Nord,,,,9.0,,0,14240810148110541700,135890,1,1
15327,,,14,7,13,0,2024,4,18,5,3,1,5,0,,1,1,0,0,0,,"731924,163099999539554","5692454,617799999192357",12.32970793000004,51.33599564900004,7,,7,Alt-West,,,,7.0,,0,14240425148310282420,135899,0,1
15328,,,14,7,13,0,2024,4,7,5,3,3,2,0,,1,1,0,0,0,,"727264,710900000296533","5689930,364199999719858",12.261320879000039,51.31521550800005,6,,6,West,,,,6.0,,0,14240425148310246960,135900,0,1
15329,,,14,7,13,0,2024,4,19,5,3,5,3,0,,0,1,0,0,0,,"736417,976999999955297","5692751,351999999955297",12.39430162800005,51.33680893500008,0,,0,Mitte,,,,0.0,,0,14240425144200263980,135904,0,1
15330,,,14,7,13,0,2024,10,4,1,3,8,1,2,,0,1,0,0,0,,"728084,461699999868870","5684078,396800000220537",12.269327412000052,51.26235219800003,5,,5,Südwest,,,,5.0,,0,14241006144200681690,135912,0,1
15331,,,14,7,13,0,2024,6,13,6,3,3,2,0,,0,1,0,0,0,,"730957,567900000140071","5696828,929400000721216",12.31869484300006,51.37565662600008,8,,8,Nordwest,,,,8.0,,1,14240614144200509140,135915,0,1
15332,,,14,7,13,0,2024,8,2,7,2,8,1,2,,0,1,0,0,0,,"736668,889000000432134","5695564,785000000149012",12.399767718000021,51.361958307000066,9,,9,Nord,,,,9.0,,0,14240831144200589950,135920,0,1
15333,,,14,7,13,0,2024,4,7,4,3,3,6,0,,1,0,0,0,0,,"734276,859100000001490","5693339,038200000301003",12.364004860000023,51.342970345000026,0,,0,Mitte,,,,0.0,,0,14240424148410264370,135929,0,1
15334,,,14,7,13,0,2024,4,16,4,3,1,5,0,,1,1,0,0,0,,"734640,890200000256300","5697039,108100000768900",12.37166264700005,51.37603345100007,9,,9,Nord,,,,9.0,,0,14240424148110229150,135931,0,1
15335,,,14,7,13,0,2024,4,23,4,3,0,3,2,,0,1,0,0,0,,"739052,720999999903142","5694921,642000000923872",12.433513832000074,51.355187700000045,2,,2,Ost,,,,2.0,,1,14240424148110229130,135933,0,1
15336,,,14,7,13,0,2024,4,8,3,3,3,2,0,,1,1,0,0,0,,"736708,460199999623001","5692004,223099999129772",12.397967934000064,51.32998175800003,3,,3,Südost,,,,3.0,,0,14240423148410247430,135955,0,1
15337,,,14,7,13,0,2024,4,17,3,3,0,1,0,,1,0,0,0,0,,"733119,346699999645352","5692905,925499999895692",12.347131045000026,51.33955822200005,0,,0,Mitte,,,,0.0,,0,14240423144200229121,135957,0,1
15338,,,14,7,13,0,2024,4,11,2,1,5,3,0,,1,1,0,0,0,,"730894,864199999719858","5697443,378399999812245",12.318194680000033,51.38119792500004,8,,8,Nordwest,,,,8.0,,0,14240422144200228220,135987,0,1
15339,,,14,7,13,0,2024,8,19,3,2,4,2,0,,0,1,0,0,0,,"736667,197200000286102","5695567,805700000375509",12.399745471000074,51.36198612600003,9,,9,Nord,,,,9.0,,0,14240813144200548151,135988,0,1
15340,,,14,7,13,0,2024,4,16,2,3,5,2,0,,1,1,0,1,0,,"735026,575100000016391","5693527,900299999862909",12.374874742000031,51.344356237000056,0,,0,Mitte,,,,0.0,,0,14240422144200228210,135990,0,1
15341,,,14,7,13,0,2024,8,14,4,3,0,6,0,,0,1,0,1,0,,"738417,207100000232458","5694548,772900000214577",12.424153683000043,51.35210782100006,1,,1,Nordost,,,,1.0,,0,14240828148110607900,135994,0,1
15342,,,14,7,13,0,2024,4,22,7,3,8,1,2,,0,1,0,0,0,,"727338,033900000154972","5692444,486199999228120",12.263974802000064,51.33775650500007,7,,7,Alt-West,,,,7.0,,0,14240420148310227690,136018,0,1
15343,,,14,7,13,0,2024,4,19,6,3,2,6,2,,0,1,0,0,0,,"735584,801699999719858","5693459,664300000295043",12.382830494000075,51.343512702000055,0,,0,Mitte,,,,0.0,,0,14240419148410227460,136028,1,1
15344,,,14,7,13,0,2024,4,7,5,2,5,2,0,,1,1,0,0,0,,"736425,239500000141561","5693414,339700000360608",12.394845789000044,51.34275701400003,0,,0,Mitte,,,,0.0,,0,14240418144200227150,136047,0,1
15345,,,14,7,13,0,2024,4,17,4,3,5,2,0,,1,1,0,0,0,,"733555,408499999903142","5693106,009999999776483",12.353511733000062,51.34117536200006,0,,0,Mitte,,,,0.0,,0,14240417148410227920,136081,0,1
15346,,,14,7,13,0,2024,4,12,3,3,2,4,0,,0,1,1,1,0,,"735334,397699999623001","5693520,056900000199676",12.379281502000026,51.344158503000074,0,,0,Mitte,,,,0.0,,0,14240416148410318010,136098,0,1
15347,,,14,7,13,0,2024,4,7,3,3,2,6,0,,0,1,0,0,0,,"735635,386199999600649","5700038,455000000074506",12.38791621200005,51.40254436600003,9,,9,Nord,,,,9.0,,0,14240416148110209920,136099,0,1
15348,,,14,7,13,0,2024,6,18,1,3,2,6,0,,0,1,0,0,0,,"735034,633700000122190","5693528,363199999555945",12.374990550000064,51.34435706100004,0,,0,Mitte,,,,0.0,,0,14240630148410529590,136107,0,1
15349,,,14,7,13,0,2024,4,7,2,3,2,6,0,,0,1,0,0,0,,"735646,080799999646842","5687056,741699999198318",12.379478625000047,51.286012492000054,4,,4,Süd,,,,4.0,,0,14240415148210209590,136124,1,1
15350,,,14,7,13,0,2024,6,17,1,2,6,4,0,,0,1,1,0,0,,"733359,746899999678135","5693025,719599999487400",12.350654871000074,51.34053496100006,0,,0,Mitte,,,,0.0,,0,14240616144200380380,136156,0,1
15351,,,14,7,13,0,2024,4,1,7,3,8,1,2,,0,1,0,0,0,,"727612,768799999728799","5685551,278599999845028",12.263515479000034,51.27576346600006,5,,5,Südwest,,,,5.0,,0,14240413148310227160,136158,0,1
15352,,,14,7,13,0,2024,4,12,7,3,1,6,0,,0,1,0,1,0,,"736291,502100000157952","5694365,711899999529123",12.393560485000023,51.35135229800005,1,,1,Nordost,,,,1.0,,0,14240413148110228250,136160,0,1
15353,,,14,7,13,0,2024,4,21,7,3,4,6,2,,1,0,0,0,0,,"727639,974200000055134","5690137,975600000470877",12.26682915400005,51.31692934200004,6,,6,West,,,,6.0,,0,14240413144000209620,136161,0,1
15354,,,14,7,13,0,2024,8,14,5,3,2,6,0,,0,1,0,0,0,,"736279,974000000394881","5694626,283999999985099",12.393568220000077,51.35369603000004,1,,1,Nordost,,,,1.0,,0,14240815148110600310,136190,0,1
15355,,,14,7,13,0,2024,4,8,6,2,9,1,0,,1,0,0,0,0,,"733708,200500000268221","5693136,181500000879169",12.355721362000054,51.34138341900007,0,,0,Mitte,,,,0.0,,0,14240412148210219550,136203,0,1
15356,,,14,7,13,0,2024,4,8,6,3,3,2,0,,1,1,0,0,0,,"732855,040900000371039","5696861,813400000333786",12.34593198400006,51.375176999000075,8,,8,Nordwest,,,,8.0,,0,14240412148110209890,136205,0,1
15357,,,14,7,13,0,2024,4,15,6,3,6,4,0,,0,1,1,0,0,,"735103,358900000341237","5697039,226099999621511",12.378295755000067,51.37584324900007,9,,9,Nord,,,,9.0,,0,14240412148110208711,136206,0,1
15358,,,14,7,13,0,2024,4,14,6,3,3,6,0,,0,1,0,0,1,,"731411,843299999833107","5701193,375700000673532",12.328055408000068,51.41465012500004,8,,8,Nordwest,,,,8.0,,0,14240412144310208910,136209,0,1
15359,,,14,7,13,0,2024,5,10,2,3,1,6,0,,0,1,0,0,0,,"734299,272199999541044","5690087,002900000661612",12.362188209000067,51.313769249000075,4,,4,Süd,,,,4.0,,1,14240527144200345040,136215,1,1
15360,,,14,7,13,0,2024,4,20,5,3,5,7,2,,0,1,0,0,0,,"734765,720099999569356","5693524,329199999570847",12.371133593000025,51.344431952000036,0,,0,Mitte,,,,0.0,,1,14240411148320227910,136242,0,1
15361,,,14,7,13,0,2024,4,11,5,3,2,6,0,,0,1,0,0,0,,"736661,394299999810755","5695576,663499999791384",12.399668163000058,51.36206805200004,9,,9,Nord,,,,9.0,,0,14240411148110209900,136246,0,1
15362,,,14,7,13,0,2024,4,4,3,3,5,3,2,,1,1,0,0,0,,"727992,546199999749660","5701028,233699999749660",12.278861697000025,51.41455257100006,8,,8,Nordwest,,,,8.0,,0,14240409148110188810,136304,0,1
15363,,,14,7,13,0,2024,4,10,3,3,2,6,0,,0,1,0,0,0,,"732281,021300000138581","5701183,347799999639392",12.34052616100007,51.414204787000074,8,,8,Nordwest,,,,8.0,,0,14240409144310188790,136305,0,1
15364,,,14,7,13,0,2024,4,15,2,2,5,2,0,,1,1,0,0,0,,"737390,038300000131130","5690266,067600000649691",12.40657619600006,51.31409589200007,3,,3,Südost,,,,3.0,,0,14240408144200229100,136335,0,1
15365,,,14,7,13,0,2024,4,11,2,2,4,6,0,,0,1,0,0,0,,"729027,852400000207126","5691863,628699999302626",12.287820002000046,51.331864015000065,6,,6,West,,,,6.0,,0,14240408144200188750,136337,0,1
15366,,,14,7,13,0,2024,5,11,4,3,2,6,0,,0,1,0,0,0,,"739780,920599999837577","5688208,183900000527501",12.439437051000027,51.29462253400004,3,,3,Südost,,,,3.0,,0,14240501144200265390,136349,0,1
15367,,,14,7,13,0,2024,6,7,4,3,3,2,0,,1,1,0,0,0,,"736868,061499999836087","5694391,788899999111891",12.401842590000058,51.35134640100006,1,,1,Nordost,,,,1.0,,0,14240626148110435670,136364,0,1
15368,,,14,7,13,0,2024,5,18,1,3,5,3,0,,1,1,0,0,0,,"735059,873700000345707","5690234,702700000256300",12.37317988500007,51.31478145900007,4,,4,Süd,,,,4.0,,0,14240526148211331870,136372,0,1
15369,,,14,7,13,0,2024,4,14,1,2,0,6,0,,0,1,0,1,0,,"730095,245400000363588","5687550,022700000554323",12.300333418000037,51.292709657000046,5,,5,Südwest,,,,5.0,,0,14240407144200229470,136373,0,1
15370,,,14,7,13,0,2024,4,18,7,3,2,6,0,,0,1,0,0,1,,"742839,804499999620020","5695493,577700000256300",12.488190638000049,51.358715535000044,2,,2,Ost,,,,2.0,,0,14240406144310188010,136402,0,1
15371,,,14,7,13,0,2024,9,13,3,3,4,2,0,,0,1,0,0,0,,"736543,068599999882281","5690285,889699999243021",12.394458157000031,51.314626444000055,0,,0,Mitte,,,,0.0,,0,14240924148210682510,136428,1,1
15372,,,14,7,13,0,2024,4,20,6,3,2,6,2,,0,1,0,0,0,,"741880,738800000399351","5694650,627100000157952",12.473868757000048,51.35155873200006,2,,2,Ost,,,,2.0,,0,14240405148211227900,136435,0,1
15373,,,14,7,13,0,2024,4,14,6,2,5,3,0,,1,0,0,0,0,,"740759,288399999961257","5694463,531799999997020",12.45766760600003,51.350355550000074,2,,2,Ost,,,,2.0,,1,14240405148210199871,136437,0,1
15374,,,14,7,13,0,2024,5,17,4,3,0,1,0,,0,0,0,0,0,,"733239,747800000011921","5696876,859400000423193",12.351459625000075,51.375154198000075,8,,8,Nordwest,,,,8.0,,1,14240501148110281220,136448,0,1
15375,,,14,7,13,0,2024,9,15,7,3,2,6,0,,0,1,0,0,0,,"735098,755400000140071","5693536,129100000485778",12.375914720000026,51.34440026000004,0,,0,Mitte,,,,0.0,,0,14240928148410663870,136450,1,1
15376,,,14,7,13,0,2024,4,13,5,3,5,3,0,,0,1,0,0,0,,"729681,563299999572337","5687337,095100000500679",12.294273437000072,51.29096513300004,5,,5,Südwest,,,,5.0,,0,14240404148310188050,136466,0,1
15377,,,14,7,13,0,2024,4,11,5,2,5,3,0,,0,1,0,0,0,,"731292,432000000029802","5697264,752000000327826",12.323781548000056,51.379432629000064,8,,8,Nordwest,,,,8.0,,0,14240404144200188390,136467,0,1
15378,,,14,7,13,0,2024,4,14,4,3,2,6,0,,0,1,0,0,0,,"736203,030100000090897","5693821,475800000131130",12.391931151000051,51.34650390200005,0,,0,Mitte,,,,0.0,,0,14240403148410200460,136496,0,1
15379,,,14,7,13,0,2024,4,18,3,3,5,3,0,,1,1,0,0,0,,"734426,092199999839067","5693410,277400000020862",12.36619064200005,51.343548310000074,0,,0,Mitte,,,,0.0,,0,14240402148410199930,136518,1,1
15380,,,14,7,13,0,2024,4,16,3,3,0,6,0,,0,1,0,0,0,,"738995,113699999637902","5689001,982799999415874",12.428718440000068,51.30207788800004,3,,3,Südost,,,,3.0,,1,14240402144200200370,136519,0,1
15381,,,14,7,13,0,2024,3,11,1,3,1,7,0,,0,1,0,0,0,,"727781,686999999918044","5699037,869400000199676",12.27455679600007,51.39676945900004,8,,8,Nordwest,,,,8.0,,0,14240331148110186690,136578,0,1
15382,,,14,7,13,0,2024,3,10,4,3,5,3,0,,0,1,0,0,0,,"735173,124400000087917","5693550,996700000017881",12.376990454000065,51.34450296000006,0,,0,Mitte,,,,0.0,,0,14240327148410181150,136628,0,1
15383,,,14,7,13,0,2024,3,6,4,2,3,6,0,,0,1,0,1,0,,"734818,279000000096858","5693487,595899999141693",12.371862689000068,51.34408051500003,0,,0,Mitte,,,,0.0,,0,14240327148410168820,136630,0,1
15384,,,14,7,13,0,2024,3,11,4,3,5,3,0,,1,1,0,0,0,,"731168,027900000102818","5688476,203400000929832",12.316292754000074,51.30058958200004,5,,5,Südwest,,,,5.0,,0,14240327148310229180,136631,0,1
15385,,,14,7,13,0,2024,3,16,4,2,3,1,0,,1,0,0,0,0,,"730997,136900000274181","5696818,696399999782443",12.319255746000067,51.375548673000026,8,,8,Nordwest,,,,8.0,,1,14240327148110168750,136632,0,1
15386,,,14,7,13,0,2024,3,17,3,3,5,3,0,,1,0,0,0,0,,"736464,159799999557436","5696407,936300000175834",12.397392930000024,51.36961177000006,9,,9,Nord,,,,9.0,,1,14240326144200188720,136653,0,1
15387,,,14,7,13,0,2024,3,9,1,3,2,6,0,,0,1,0,0,0,,"734324,219899999909103","5700740,137000000104308",12.369563055000071,51.40938590500008,9,,9,Nord,,,,9.0,,0,14240324144320156630,136699,1,1
15388,,,14,7,13,0,2024,7,22,4,3,5,2,2,,1,1,0,0,0,,"736494,048000000417233","5694625,089999999850988",12.396636263000062,51.353596279000044,1,,1,Nordost,,,,1.0,,0,14240710148410451590,136708,0,1
15389,,,14,7,13,0,2024,3,12,7,3,2,6,0,,0,1,0,0,0,,"731183,218999999575317","5688474,998800000175834",12.31650951000006,51.300572601000056,5,,5,Südwest,,,,5.0,,0,14240323148310168800,136710,0,1
15390,,,14,7,30,300,2024,9,10,7,3,0,7,0,,0,1,0,0,0,,"741490,345200000330806","5696735,289200000464916",12.469688137000048,51.37043550000004,1,,1,Nordost,,,,1.0,,0,14240921144200694520,136712,0,1
15391,,,14,7,30,270,2024,7,16,1,2,9,1,0,,0,0,0,1,0,,"729997,936200000345707","5701220,029999999329448",12.307775075000052,51.415464573000065,8,,8,Nordwest,,,,8.0,,0,14240721144310527640,136727,1,1
15392,,,14,7,13,0,2024,3,17,5,3,2,6,1,,0,1,0,0,0,,"730593,612300000153482","5696921,204600000753999",12.31353432900005,51.376632864000044,8,,8,Nordwest,,,,8.0,,0,14240321148120155731,136751,0,1
15393,,,14,7,13,0,2024,3,7,5,3,3,2,0,,1,1,0,0,0,,"735609,529299999587238","5697095,824400000274181",12.385593019000055,51.37614152200007,9,,9,Nord,,,,9.0,,0,14240321148110157200,136752,0,1
15394,,,14,7,13,0,2024,3,12,5,2,2,6,0,,0,1,0,0,1,,"728031,841500000096858","5684153,546499999240041",12.268622381000057,51.263047897000035,5,,5,Südwest,,,,5.0,,0,14240321144320186780,136753,0,1
15395,,,14,7,13,0,2024,3,13,4,3,2,6,0,,0,1,0,0,0,,"736232,962100000120699","5693702,856200000271201",12.392281470000057,51.34542671300005,0,,0,Mitte,,,,0.0,,0,14240320148414155740,136774,0,1
15396,,,14,7,13,0,2024,3,8,2,3,5,3,0,,0,1,0,0,0,,"727751,382000000216067","5699061,994000000879169",12.274137377000045,51.39699819400005,8,,8,Nordwest,,,,8.0,,0,14240318148110168730,136828,0,1
15397,,,14,7,13,0,2024,3,11,2,3,2,6,0,,0,1,0,1,0,,"737000,199000000022352","5691379,565199999138713",12.401732597000034,51.32425327400006,3,,3,Südost,,,,3.0,,0,14240318144200188410,136831,0,1
15398,,,14,7,13,0,2024,4,10,1,2,3,6,0,,0,0,0,1,0,,"744235,097299999557436","5693951,166400000452995",12.50713429700005,51.344274305000056,2,,2,Ost,,,,2.0,,1,14240428144310247370,136843,0,1
15399,,,14,7,13,0,2024,3,23,7,3,3,6,2,,0,1,0,0,0,,"735642,191599999554455","5693490,016699999570847",12.383673115000022,51.343761372000074,0,,0,Mitte,,,,0.0,,0,14240316144200155720,136867,0,1
15400,,,14,7,13,0,2024,3,17,6,3,2,6,0,,0,1,0,0,0,,"735756,257299999706447","5693597,977499999105930",12.38537943700004,51.34468317100004,0,,0,Mitte,,,,0.0,,0,14240315144200142420,136889,0,1
15401,,,14,7,13,0,2024,9,6,3,3,5,3,0,,1,0,0,0,1,,"734340,727099999785423","5690139,080700000748038",12.362816200000054,51.31421966000005,4,,4,Süd,,,,4.0,,0,14240903144320620300,136899,0,1