UNFALL_ID,FID_left,OBJECTID,ULAND,UREGBEZ,UKREIS,UGEMEINDE,UJAHR,UMONAT,USTUNDE,UWOCHENTAG,UKATEGORIE,UART,UTYP1,ULICHTVERH,IstStrasse,IstRad,IstPKW,IstFuss,IstKrad,IstGkfz,IstSonstig,LINREFX,LINREFY,XGCSWGS84,YGCSWGS84,index_right,FID_right,SBZ,Name,UIDENTSTLA,LICHT,STRZUSTAND,FID,OBJECTID_1,IstSonstige,UIDENTSTLAE,OID_,IstStrassenzustand,PLST
15402,,,14,7,13,0,2024,3,19,5,3,0,3,1,,1,1,0,0,0,,"736495,053600000217557","5694625,118799999356270",12.396650697000041,51.35359611900003,1,,1,Nordost,,,,1.0,,0,14240314148224141280,136909,0,1
15403,,,14,7,13,0,2024,3,19,4,3,1,5,2,,1,1,0,0,0,,"736364,718399999663234","5692366,783399999141693",12.393283282000027,51.33337910800003,0,,0,Mitte,,,,0.0,,0,14240313148410141780,136940,0,1
15404,,,14,7,13,0,2024,3,7,4,3,5,2,0,,1,1,0,0,0,,"732387,900299999862909","5692412,073400000110269",12.336325892000048,51.335424439000064,7,,7,Alt-West,,,,7.0,,0,14240313148310135890,136942,0,1
15405,,,14,7,13,0,2024,3,7,4,3,4,2,0,,1,1,0,0,0,,"736076,382699999958277","5693843,602399999275804",12.390130555000042,51.34675511900008,0,,0,Mitte,,,,0.0,,0,14240313144200294481,136944,0,1
15406,,,14,7,13,0,2024,3,11,3,2,3,6,0,,1,0,0,0,1,,"732084,072999999858439","5692453,548599999397993",12.331998875000068,51.335920817000044,7,,7,Alt-West,,,,7.0,,0,14240312144200141250,136982,0,1
15407,,,14,7,13,0,2024,3,7,3,2,6,4,0,,0,1,1,0,0,,"743264,343899999745190","5692903,904999999329448",12.492507209000053,51.33529103300003,2,,2,Ost,,,,2.0,,0,14240312144200135830,136983,0,1
15408,,,14,7,13,0,2024,3,15,2,3,5,2,0,,0,1,0,0,0,,"735381,893199999816716","5693539,415200000628829",12.37997503500003,51.34431260900004,0,,0,Mitte,,,,0.0,,1,14240311148310188420,137005,0,1
15409,,,14,7,13,0,2024,3,17,2,3,2,6,0,,0,1,0,0,0,,"735486,163300000131130","5697076,505999999120831",12.383810832000052,51.37601928300006,9,,9,Nord,,,,9.0,,1,14240311144200124530,137008,0,1
15410,,,14,7,13,0,2024,8,19,2,3,3,2,0,,1,1,0,0,0,,"735465,868099999614060","5693489,389499999582767",12.38114554200007,51.34382879100008,0,,0,Mitte,,,,0.0,,0,14240819148410549160,137054,0,1
15411,,,14,7,13,0,2024,9,21,6,3,4,2,2,,0,1,0,0,0,,"740894,505499999970198","5696350,982699999585748",12.46088366400005,51.36723914800007,2,,2,Ost,,,,2.0,,0,14240913144200645680,137061,1,1
15412,,,14,7,13,0,2024,3,10,6,3,3,6,0,,1,1,0,0,0,,"734039,194600000046194","5693245,379200000315905",12.360536964000062,51.34222749200006,0,,0,Mitte,,,,0.0,,0,14240308148310135550,137070,0,1
15413,,,14,7,13,0,2024,3,11,6,3,2,5,0,,0,1,0,0,0,,"728593,094700000248849","5697450,601700000464916",12.285179249000066,51.38219412700005,8,,8,Nordwest,,,,8.0,,1,14240308148110135860,137074,0,1
15414,,,14,7,13,0,2024,3,20,6,3,6,4,2,,0,1,1,0,0,,"740384,609699999913573","5694431,637299999594688",12.452275610000072,51.35022784500006,2,,2,Ost,,,,2.0,,0,14240308144200188760,137075,0,1
15415,,,14,7,13,0,2024,3,14,5,3,3,2,0,,1,1,0,0,0,,"731914,664400000125170","5688240,140599999576807",12.32683115900005,51.29816688400007,5,,5,Südwest,,,,5.0,,0,14240307148323123760,137099,0,1
15416,,,14,7,13,0,2024,3,7,5,3,5,3,0,,1,1,0,0,0,,"732963,628899999894202","5692857,692199999466538",12.34486779100007,51.33918906400004,7,,7,Alt-West,,,,7.0,,0,14240307148320141770,137101,0,1
15417,,,14,7,13,0,2024,3,15,4,1,5,3,0,,1,1,0,0,0,,"741229,880300000309944","5694506,557600000873208",12.464441923000038,51.35054222200006,2,,2,Ost,,,,2.0,,0,14240306144200118741,137119,0,1
15418,,,14,7,13,0,2024,7,17,4,3,2,1,0,,0,1,0,1,0,,"736379,725200000219047","5692372,500700000673532",12.393502109000053,51.33342419100006,3,,3,Südost,,,,3.0,,0,14240724148410493220,137150,1,1
15419,,,14,7,13,0,2024,3,15,2,3,4,6,0,,1,0,0,0,0,,"732828,241000000387430","5692790,896999999880791",12.342883796000024,51.33864491500003,7,,7,Alt-West,,,,7.0,,0,14240304148310141290,137152,0,1
15420,,,14,7,13,0,2024,3,6,2,3,3,6,1,,0,1,0,0,1,,"730547,620600000023842","5701195,033099999651313",12.315650047000076,51.41501698500008,8,,8,Nordwest,,,,8.0,,1,14240304144310108380,137154,1,1
15421,,,14,7,13,0,2024,3,16,2,3,3,6,0,,0,1,0,0,0,,"737883,742200000211596","5690224,606599999591708",12.41361977500003,51.313517610000076,3,,3,Südost,,,,3.0,,0,14240304144200108370,137155,0,1
15422,,,14,7,13,0,2024,3,14,1,3,8,1,0,,0,1,0,0,0,,"735622,293499999679625","5700149,506400000303984",12.387802055000066,51.403546617000075,9,,9,Nord,,,,9.0,,0,14240303148110141510,137180,0,1
15423,,,14,7,13,0,2024,3,17,7,2,0,7,0,,1,0,0,0,0,,"736551,890800000168383","5690285,580000000074506",12.394584314000042,51.31461999800007,0,,0,Mitte,,,,0.0,,0,14240302148210107700,137196,0,1
15424,,,14,7,13,0,2024,12,17,7,3,1,7,2,,0,1,0,0,0,,"738590,035099999979138","5694534,757099999114871",12.426621683000064,51.351909499000044,1,,1,Nordost,,,,1.0,,1,14241228148110931540,137531,0,1
15425,,,14,7,13,0,2024,12,9,2,3,5,7,0,,0,1,0,0,0,,"736308,233199999667704","5692434,241000000387430",12.392518640000048,51.33400809200003,0,,0,Mitte,,,,0.0,,1,14241223144200906930,137563,1,1
15426,,,14,7,13,0,2024,12,15,6,3,2,6,0,,0,1,0,0,0,,"744883,727800000458956","5691834,015799999237061",12.514974463000044,51.32499379700005,2,,2,Ost,,,,2.0,,0,14241220144310918110,137606,0,1
15427,,,14,7,13,0,2024,12,22,4,2,4,6,2,,0,1,0,0,0,,"733807,556499999947846","5700718,657099999487400",12.362133079000046,51.40940629000005,8,,8,Nordwest,,,,8.0,,0,14241218144200930090,137645,0,1
15428,,,14,7,13,0,2024,12,12,6,3,2,6,0,,0,1,0,0,0,,"729933,092299999669194","5693109,401799999177456",12.301596236000023,51.34268215800006,7,,7,Alt-West,,,,7.0,,0,14241213148310906960,137719,0,1
15429,,,14,7,13,0,2024,12,15,4,3,3,6,0,,0,1,0,0,0,,"746193,169800000265241","5690711,933299999684095",12.53295679300004,51.31435814300005,2,,2,Ost,,,,2.0,,0,14241211144310872300,137752,0,1
15430,,,14,7,13,0,2024,12,8,3,3,5,3,0,,1,1,0,0,0,,"734764,546799999661744","5693524,091399999335408",12.371116620000066,51.344430302000035,0,,0,Mitte,,,,0.0,,0,14241210148410872350,137770,1,1
15431,,,14,7,13,0,2024,12,18,3,3,5,2,2,,0,1,0,0,0,,"727282,056400000117719","5690036,977600000798702",12.261637301000064,51.31616569600004,6,,6,West,,,,6.0,,0,14241210148310932280,137772,0,1
15432,,,14,7,13,0,2024,12,16,1,3,2,6,0,,0,1,0,0,0,,"736218,800999999977648","5694001,133400000631809",12.39227640200005,51.34810999000007,0,,0,Mitte,,,,0.0,,0,14241208148410872360,137815,0,1
15433,,,14,7,13,0,2024,12,17,7,3,2,6,2,,0,1,0,0,0,,"727279,700000000186265","5690016,911499999463558",12.261590756000032,51.31598649500006,6,,6,West,,,,6.0,,0,14241207148320858280,137825,1,1
15434,,,14,7,13,0,2024,12,14,6,3,2,6,0,,0,1,0,0,0,,"734418,715800000354648","5689898,876099999994040",12.363775424000039,51.312031346000026,4,,4,Süd,,,,4.0,,0,14241206148210898500,137838,1,1
15435,,,14,7,13,0,2024,12,13,6,3,3,6,0,,0,1,0,0,0,,"738742,991200000047684","5699298,643500000238419",12.432013573000063,51.39460494400004,1,,1,Nordost,,,,1.0,,0,14241206144310857930,137839,1,1
15436,,,14,7,13,0,2024,12,14,6,3,1,6,0,,0,1,0,0,0,,"744368,903599999845028","5693467,379599999636412",12.508719885000062,51.33987477800008,2,,2,Ost,,,,2.0,,0,14241206144200857610,137841,1,1
15437,,,14,7,13,0,2024,12,12,4,3,4,6,0,,0,1,0,0,0,,"741582,308400000445545","5687135,513699999079108",12.464500350000037,51.28423348700005,3,,3,Südost,,,,3.0,,0,14241204148211906720,137898,0,1
15438,,,14,7,13,0,2024,12,17,4,3,1,7,2,,0,1,0,0,0,,"732654,973000000230968","5698947,695599999278784",12.344428490000041,51.39398308600005,8,,8,Nordwest,,,,8.0,,0,14241204148110857950,137899,1,1
15439,,,14,7,13,0,2024,12,19,4,3,6,4,0,,0,0,1,0,0,,"734227,548000000417233","5693318,415999999269843",12.363284543000077,51.34280554600008,0,,0,Mitte,,,,0.0,,1,14241204144200918560,137900,1,1
15440,,,14,7,13,0,2024,12,17,3,3,4,6,2,,1,0,0,0,0,,"737743,488300000317395","5690338,738500000908971",12.411687039000071,51.31460066500006,3,,3,Südost,,,,3.0,,0,14241203148210906310,137923,1,1
15441,,,14,7,13,0,2024,12,7,3,3,5,2,1,,1,1,0,0,0,,"740562,909300000406802","5696138,647600000724196",12.455985370000064,51.36547383100003,2,,2,Ost,,,,2.0,,0,14241203144200931890,137927,1,1
15442,,,14,7,13,0,2024,12,8,3,2,5,3,0,,0,1,0,0,1,,"726966,268199999816716","5686125,300300000235438",12.254626526000038,51.28117460400006,5,,5,Südwest,,,,5.0,,0,14241203144200906680,137928,1,1
15443,,,14,7,13,0,2024,12,5,2,3,2,2,1,,0,1,0,0,0,,"738577,091000000014901","5694523,927999999374151",12.426428878000024,51.35181773100004,1,,1,Nordost,,,,1.0,,0,14241202148410858290,137954,0,1
15444,,,14,7,13,0,2024,12,13,4,3,9,1,0,,0,1,0,0,0,,"728453,998399999924004","5701201,982300000265241",12.285598266000022,51.415926626000044,8,,8,Nordwest,,,,8.0,,0,14241225144310918120,138021,0,1
15445,,,14,7,13,0,2024,11,21,5,3,7,7,2,,0,1,0,0,0,,"733566,929100000299513","5687967,630699999630451",12.350311410000074,51.29504540800008,5,,5,Südwest,,,,5.0,,0,14241128148210835670,138035,1,1
15446,,,14,7,13,0,2024,11,11,5,3,6,4,0,,0,0,1,0,0,,"731229,897499999962747","5696761,294700000435114",12.322556962000021,51.37493866800003,8,,8,Nordwest,,,,8.0,,1,14241128144200948400,138037,1,1
15447,,,14,7,13,0,2024,11,22,5,2,5,3,2,,0,1,0,1,0,,"736064,576100000180304","5700915,845100000500679",12.394659142000023,51.410241486000075,9,,9,Nord,,,,9.0,,0,14241128144200836440,138039,1,1
15448,,,14,7,13,0,2024,11,17,5,3,2,6,2,,0,1,0,0,0,,"739529,466300000436604","5694456,941400000825524",12.440035334000072,51.35081594800005,2,,2,Ost,,,,2.0,,0,14241128144100858700,138041,1,1
15449,,,14,7,13,0,2024,11,19,4,3,4,6,2,,1,0,0,0,0,,"738689,519500000402331","5694499,316700000315905",12.428023962000054,51.35154962400003,2,,2,Ost,,,,2.0,,0,14241127144310988000,138058,0,1
15450,,,14,7,13,0,2024,11,9,4,2,6,4,0,,0,1,1,0,0,,"739841,863199999555945","5688146,449799999594688",12.440268064000065,51.29404276100007,3,,3,Südost,,,,3.0,,0,14241127144200872630,138060,0,1
15451,,,14,7,13,0,2024,11,17,3,3,2,6,2,,0,1,0,0,0,,"739532,019500000402331","5698688,441400000825524",12.442922573000033,51.38879553100003,1,,1,Nordost,,,,1.0,,0,14241126144310817570,138076,0,1
15452,,,14,7,13,0,2024,11,14,7,3,1,3,0,,0,1,0,0,0,,"737048,576500000432134","5690266,853000000119209",12.40168597500002,51.31424525600005,3,,3,Südost,,,,3.0,,0,14241123148210919610,138127,0,1
15453,,,14,7,13,0,2024,11,16,6,2,6,2,1,,0,1,1,0,0,,"738584,122100000269711","5694529,810300000011921",12.426533607000067,51.35186757900004,1,,1,Nordost,,,,1.0,,0,14241122144200817550,138152,0,1
15454,,,14,7,13,0,2024,11,14,3,3,5,3,0,,1,1,0,0,0,,"736506,239099999889731","5692243,174300000071526",12.395229098000073,51.33221074100004,3,,3,Südost,,,,3.0,,0,14241119148410815570,138195,1,1
15455,,,14,7,13,0,2024,11,15,3,3,2,6,0,,0,1,0,0,0,,"727273,672799999825656","5689071,093200000002980",12.260901836000073,51.307497873000045,6,,6,West,,,,6.0,,0,14241119148310816060,138196,1,1
15456,,,14,7,13,0,2024,11,21,3,3,5,2,2,,0,1,0,0,1,,"728905,710599999874830","5698648,246099999174476",12.290435836000029,51.392819512000074,8,,8,Nordwest,,,,8.0,,0,14241119148110835660,138198,1,1
15457,,,14,7,13,0,2024,11,10,2,3,8,1,0,,0,1,0,0,0,,"736180,148099999874830","5696647,194099999964237",12.393479026000023,51.37187753900008,9,,9,Nord,,,,9.0,,0,14241118144200815120,138236,1,1
15458,,,14,7,13,0,2024,11,11,7,3,5,3,0,,0,1,0,0,0,,"740712,959800000302494","5686511,552600000053644",12.45163717400004,51.279000910000036,3,,3,Südost,,,,3.0,,0,14241130144200836200,138247,0,1
15459,,,14,7,13,0,2024,11,12,1,3,9,1,0,,0,0,0,1,0,,"740725,071000000461936","5686520,231000000610948",12.451816346000044,51.27907368900003,3,,3,Südost,,,,3.0,,0,14241117148210796390,138258,1,1
15460,,,14,7,13,0,2024,11,15,7,3,5,3,0,,1,1,0,0,0,,"736245,766800000332296","5693701,101099999621511",12.392463833000022,51.345405638000045,0,,0,Mitte,,,,0.0,,0,14241116148410795510,138266,0,1
15461,,,14,7,13,0,2024,11,6,6,3,0,1,2,,0,0,0,1,0,,"735422,066100000403821","5690270,875600000843406",12.378391639000029,51.314956461000065,4,,4,Süd,,,,4.0,,0,14241115148210814820,138273,1,1
15462,,,14,7,13,0,2024,11,13,6,3,1,6,0,,0,1,0,0,0,,"732802,136500000022352","5696859,268200000748038",12.34517151700004,51.37517584100004,8,,8,Nordwest,,,,8.0,,0,14241115144200817040,138275,0,1
15463,,,14,7,13,0,2024,11,5,6,1,4,1,2,,0,1,0,0,0,,"730784,978199999779463","5697493,454199999570847",12.31665087400006,51.38169212100007,8,,8,Nordwest,,,,8.0,,0,14241115144200795071,138277,1,1
15464,,,14,7,13,0,2024,11,7,4,3,2,6,2,,0,1,0,0,0,,"736144,921299999579787","5701500,564099999144673",12.396201650000023,51.41545651400003,9,,9,Nord,,,,9.0,,0,14241113144310987980,138332,0,1
15465,,,14,7,13,0,2024,11,6,4,2,4,3,2,,0,1,0,0,1,,"734963,932199999690056","5697039,319900000467896",12.376296075000027,51.375901793000025,9,,9,Nord,,,,9.0,,0,14241113144200795910,138333,1,1
15466,,,14,7,13,0,2024,11,8,4,2,9,7,0,,0,1,0,0,0,,"728037,320399999618530","5691231,646400000900030",12.273220949000063,51.32658849900008,6,,6,West,,,,6.0,,0,14241113144200785730,138334,1,1
15467,,,14,7,13,0,2024,11,22,3,3,6,2,2,,0,1,1,0,0,,"731287,371399999596179","5697267,283900000154972",12.323710604000041,51.37945741800007,8,,8,Nordwest,,,,8.0,,0,14241112148110785310,138352,1,1
15468,,,14,7,13,0,2024,11,19,6,3,5,3,0,,1,1,0,0,0,,"735577,314799999818206","5693453,648199999704957",12.382719209000072,51.343461802000036,0,,0,Mitte,,,,0.0,,0,14241108144200785291,138430,0,1
15469,,,14,7,13,0,2024,11,22,6,3,0,6,2,,0,1,0,0,0,,"739324,184899999760091","5695154,105799999088049",12.437561682000023,51.35715999300004,2,,2,Ost,,,,2.0,,0,14241108144200775830,138431,0,1
15470,,,14,7,13,0,2024,11,17,5,2,4,6,2,,0,1,0,0,0,,"727702,656999999657273","5685604,192999999970198",12.26483575900005,51.276202598000054,5,,5,Südwest,,,,5.0,,0,14241107144200775490,138448,0,1
15471,,,14,7,13,0,2024,11,21,3,3,0,7,2,,1,0,0,0,0,,"736348,915000000037253","5694741,313999999314547",12.394632913000066,51.35469989400008,1,,1,Nordost,,,,1.0,,0,14241105662222775280,138468,0,1
15472,,,14,7,13,0,2024,11,18,3,3,2,2,2,,0,1,0,0,0,,"731366,347299999557436","5688460,687000000849366",12.319122629000049,51.30036974800004,5,,5,Südwest,,,,5.0,,0,14241105148320767970,138474,0,1
15473,,,14,7,13,0,2024,11,18,3,3,5,2,2,,0,1,0,0,0,,"738282,223100000061095","5694492,842399999499321",12.422181310000042,51.35166239700004,1,,1,Nordost,,,,1.0,,0,14241105148110805880,138475,0,1
15474,,,14,7,13,0,2024,11,18,6,2,6,4,2,,0,1,1,0,0,,"736563,341400000266731","5695127,314200000837445",12.397963484000059,51.35807547100006,1,,1,Nordost,,,,1.0,,0,14241101148110753210,138540,0,1
15475,,,14,7,13,0,2024,10,16,4,3,5,3,2,,1,1,0,0,0,,"741225,324000000022352","5694505,856000000610948",12.46437614000007,51.35053785800005,2,,2,Ost,,,,2.0,,0,14241030662221754580,138568,1,1
15476,,,14,7,13,0,2024,10,20,4,3,3,6,0,,0,1,0,0,0,,"730575,844100000336766","5683103,838999999687076",12.304347191000033,51.25260147200004,5,,5,Südwest,,,,5.0,,0,14241030144310775850,138573,1,1
15477,,,14,7,13,0,2024,10,17,4,2,6,4,1,,0,1,1,0,0,,"735491,811700000427663","5693439,562500000000000",12.381484428000022,51.34337078500005,0,,0,Mitte,,,,0.0,,0,14241030144200751920,138575,1,1
15478,,,14,7,13,0,2024,10,18,3,2,4,6,2,,1,0,0,1,0,,"741471,320399999618530","5689426,019099999219179",12.464460622000047,51.30483919800008,3,,3,Südost,,,,3.0,,0,14241029144200753180,138613,0,1
15479,,,14,7,13,0,2024,10,13,3,3,2,6,0,,1,0,0,0,0,,"735063,106499999761581","5698942,260800000280142",12.378977612000028,51.39294205200008,9,,9,Nord,,,,9.0,,0,14241029143263752700,138614,0,1
15480,,,14,7,13,0,2024,10,19,1,3,5,3,2,,0,1,0,0,0,,"735031,996399999596179","5702115,901200000196695",12.380633627000066,51.42144222200005,9,,9,Nord,,,,9.0,,0,14241027144200739900,138666,1,1
15481,,,14,7,13,0,2024,10,12,7,3,5,3,0,,0,1,0,1,0,,"737294,122200000099838","5690245,386199999600649",12.405188639000073,51.31395024900007,4,,4,Süd,,,,4.0,,0,14241026148210738990,138687,0,1
15482,,,14,7,13,0,2024,10,14,7,3,1,7,0,,0,1,0,0,0,,"735940,847199999727309","5697333,319900000467896",12.390502612000034,51.378135772000064,9,,9,Nord,,,,9.0,,0,14241026148110776380,138688,0,1
15483,,,14,7,13,0,2024,10,14,7,3,2,6,0,,0,1,0,0,0,,"735943,025000000372529","5697328,383899999782443",12.390530571000056,51.37809056100008,9,,9,Nord,,,,9.0,,0,14241026148110753890,138690,0,1
15484,,,14,7,13,0,2024,10,15,7,3,0,6,0,,0,1,0,0,0,,"736617,082499999552965","5695799,070299999788404",12.399180772000022,51.36408285300007,9,,9,Nord,,,,9.0,,1,14241026148110738950,138691,0,1
15485,,,14,7,13,0,2024,11,6,5,3,2,2,2,,0,1,0,0,0,,"727599,833999999798834","5685586,835300000384450",12.263352982000072,51.27608784100005,5,,5,Südwest,,,,5.0,,0,14241114148310785780,138715,1,1
15486,,,14,7,13,0,2024,10,7,6,3,2,6,0,,0,1,0,0,0,,"735522,103099999949336","5690259,265900000929832",12.379816860000062,51.31481086000008,4,,4,Süd,,,,4.0,,0,14241025148210738580,138723,0,1
15487,,,14,7,13,0,2024,10,17,6,3,2,6,1,,0,1,0,0,0,,"736352,145399999804795","5694765,426300000399351",12.394695238000054,51.35491498600004,1,,1,Nordost,,,,1.0,,0,14241025148110739430,138724,0,1
15488,,,14,7,13,0,2024,10,17,3,3,3,2,0,,1,1,0,0,0,,"736156,427899999544024","5693921,501399999484420",12.391329540000072,51.34742111200006,0,,0,Mitte,,,,0.0,,0,14241022148410729440,138809,0,1
15489,,,14,7,13,0,2024,11,18,4,3,8,1,2,,0,1,0,0,0,,"735711,691599999554455","5686946,095100000500679",12.380344817000037,51.28499214400006,4,,4,Süd,,,,4.0,,0,14241127148210835900,138840,0,1
15490,,,14,7,13,0,2024,11,22,6,3,3,2,2,,0,1,0,0,1,,"736134,226999999955297","5701502,656999999657273",12.396049530000028,51.41547975300006,9,,9,Nord,,,,9.0,,0,14241122148110817080,138868,1,1
15491,,,14,7,13,0,2024,10,18,6,3,5,3,1,,0,1,0,1,0,,"726967,015999999828637","5686124,598999999463558",12.25463678500006,51.281168010000044,5,,5,Südwest,,,,5.0,,0,14241018144310739910,138881,0,1
15492,,,14,7,13,0,2024,10,16,6,3,2,6,0,,0,1,0,1,0,,"736471,026600000448525","5693224,391100000590086",12.395375883000042,51.34103296200004,2,,2,Ost,,,,2.0,,0,14241018144200718790,138882,0,1
15493,,,14,7,13,0,2024,10,17,3,3,2,6,1,,0,1,0,0,0,,"736300,984000000171363","5694363,336999999359250",12.393694828000037,51.35132703900007,1,,1,Nordost,,,,1.0,,0,14241015148410729460,138950,0,1
15494,,,14,7,13,0,2024,10,14,3,3,3,6,0,,0,1,0,0,0,,"736384,049800000153482","5694816,641300000250340",12.395186633000037,51.35536143100006,1,,1,Nordost,,,,1.0,,0,14241015144200712930,138953,0,1
15495,,,14,7,13,0,2024,3,7,6,3,5,3,0,,1,1,0,0,0,,"737349,774500000290573","5692914,739399999380112",12.407763148000072,51.33788739600004,3,,3,Südost,,,,3.0,,0,14240308148210123730,249431,0,1
15496,,,14,7,13,0,2024,3,14,6,3,3,6,0,,1,1,0,0,0,,"732535,872499999590218","5691967,571399999782443",12.338156315000049,51.33137379100003,5,,5,Südwest,,,,5.0,,0,14240308144200168470,249432,0,1
15497,,,14,7,13,0,2024,3,10,6,3,5,3,0,,1,1,0,0,0,,"731487,364500000141561","5688733,764599999412894",12.321032677000062,51.30277196000003,5,,5,Südwest,,,,5.0,,0,14240308144200155700,249433,0,1
15498,,,14,7,13,0,2024,3,10,6,3,2,6,0,,0,1,0,0,0,,"742273,502999999560416","5694339,152000000700355",12.479286451000064,51.34859586200008,2,,2,Ost,,,,2.0,,0,14240308144200135510,249434,0,1
15499,,,14,7,13,0,2024,3,16,6,3,2,6,0,,0,1,0,0,0,,"742252,433500000275671","5693587,315300000831485",12.478472956000076,51.34185682000003,2,,2,Ost,,,,2.0,,0,14240308144200123710,249435,0,1
15500,,,14,7,13,0,2024,3,19,5,3,3,2,2,,1,1,0,0,0,,"738658,080299999564886","5693770,286699999123812",12.427084573000059,51.34501915200008,2,,2,Ost,,,,2.0,,0,14240307148422135570,249450,0,1
15501,,,14,7,13,0,2024,3,18,5,3,2,6,2,,0,1,0,0,0,,"734137,285899999551475","5690672,029699999839067",12.360252069000069,51.31908742200005,4,,4,Süd,,,,4.0,,0,14240307148210123430,249451,0,1
15502,,,14,7,13,0,2024,3,7,5,3,5,3,0,,1,1,0,0,0,,"737350,467899999581277","5690245,263299999758601",12.405995590000032,51.31392565300007,3,,3,Südost,,,,3.0,,0,14240307144200123690,249452,0,1
15503,,,14,7,13,0,2024,3,13,4,3,3,6,0,,0,1,0,0,0,,"735782,095099999569356","5691799,260900000110269",12.384559248000073,51.328526683000064,0,,0,Mitte,,,,0.0,,0,14240306144200169320,249456,0,1
15504,,,14,7,13,0,2024,3,22,4,2,3,6,2,,0,1,0,1,0,,"737506,559000000357628","5697081,376000000163913",12.412791018000064,51.375221665000026,1,,1,Nordost,,,,1.0,,0,14240306144200157160,249457,0,1
15505,,,14,7,13,0,2024,3,15,4,2,0,4,0,,0,0,1,0,0,,"736343,009100000374019","5693602,879200000315905",12.393792397000027,51.344483565000075,0,,0,Mitte,,,,0.0,,1,14240306144200123410,249458,0,1
15506,,,14,7,13,0,2024,3,7,3,3,5,3,0,,1,1,0,0,0,,"736866,840699999593198","5690830,817800000309944",12.399457526000049,51.319383162000065,0,,0,Mitte,,,,0.0,,0,14240305148410188830,249467,1,1
15507,,,14,7,13,0,2024,3,12,3,3,0,1,0,,1,0,0,0,0,,"732323,512699999846518","5691714,450500000268221",12.334948323000049,51.32918836400006,5,,5,Südwest,,,,5.0,,0,14240305148310136250,249468,1,1
15508,,,14,7,13,0,2024,3,15,3,3,6,2,0,,0,1,1,0,0,,"738214,062900000251830","5691080,623500000685453",12.418922586000065,51.321063062000064,3,,3,Südost,,,,3.0,,0,14240305148211124550,249469,1,1
15509,,,14,7,13,0,2024,3,14,3,3,1,1,0,,1,1,0,0,0,,"738925,099999999627471","5693673,706299999728799",12.430846744000064,51.34404011400005,2,,2,Ost,,,,2.0,,0,14240305148210156670,249470,1,1
15510,,,14,7,13,0,2024,3,10,3,3,1,5,0,,1,1,0,0,0,,"737312,425999999977648","5697104,835000000894070",12.41002244300006,51.37551338500003,1,,1,Nordost,,,,1.0,,0,14240305148110181140,249471,1,1
15511,,,14,7,13,0,2024,3,14,3,3,1,7,0,,0,1,0,0,0,,"734889,983300000429153","5693391,273099999874830",12.37282687100003,51.34318626700008,0,,0,Mitte,,,,0.0,,0,14240305144200118760,249472,0,1
15512,,,14,7,13,0,2024,3,14,3,3,0,3,0,,0,1,0,0,0,,"735168,230999999679625","5693535,698000000789762",12.376910214000077,51.34436765700008,0,,0,Mitte,,,,0.0,,1,14240305144200108700,249473,1,1
15513,,,14,7,13,0,2024,3,18,2,3,1,5,2,,1,1,0,0,0,,"735011,181499999947846","5692095,134299999102950",12.373708829000066,51.33150155700008,0,,0,Mitte,,,,0.0,,0,14240304148410108730,249479,0,1
15514,,,14,7,13,0,2024,3,15,2,3,4,7,0,,0,1,0,0,0,,"736129,304999999701977","5697144,000700000673532",12.393079895000028,51.37635808500005,9,,9,Nord,,,,9.0,,0,14240304144200156620,249480,0,1
15515,,,14,7,13,0,2024,3,19,2,3,5,3,2,,1,1,0,0,0,,"736617,223899999633431","5687120,524100000038743",12.393422196000074,51.28618252800004,4,,4,Süd,,,,4.0,,0,14240304144200118780,249481,1,1
15516,,,14,7,13,0,2024,3,14,2,3,1,1,0,,0,1,0,1,0,,"736172,795300000347197","5697377,809299999848008",12.39385902600003,51.37843869800008,9,,9,Nord,,,,9.0,,0,14240304144200118750,249482,0,1
15517,,,14,7,13,0,2024,3,18,1,3,0,1,2,,1,0,0,0,0,,"735184,721599999815226","5688978,178600000217557",12.374139914000068,51.303450801000054,4,,4,Süd,,,,4.0,,0,14240303145400119110,249490,0,1
15518,,,14,7,13,0,2024,3,11,5,3,0,5,0,,1,0,0,0,1,,"734907,131400000303984","5695305,925100000575185",12.37433629900005,51.36036578200003,9,,9,Nord,,,,9.0,,0,14240307148110123420,249497,0,1
15519,,,14,7,13,0,2024,3,13,6,3,2,2,0,,0,1,0,0,0,,"734763,747499999590218","5693478,576999999582767",12.371075156000074,51.344022077000034,0,,0,Mitte,,,,0.0,,0,14240301148410107580,249504,0,1
15520,,,14,7,13,0,2024,3,16,6,3,3,2,0,,1,1,0,0,0,,"728018,821899999864399","5691015,922000000253320",12.272817891000045,51.32465928700003,6,,6,West,,,,6.0,,0,14240301148310124010,249505,0,1
15521,,,14,7,13,0,2024,3,13,6,3,3,2,0,,1,1,0,0,0,,"734947,155700000002980","5695754,369500000029802",12.37520635900006,51.364374619000046,9,,9,Nord,,,,9.0,,0,14240301148110107540,249506,0,1