UNFALL_ID,FID_left,OBJECTID,ULAND,UREGBEZ,UKREIS,UGEMEINDE,UJAHR,UMONAT,USTUNDE,UWOCHENTAG,UKATEGORIE,UART,UTYP1,ULICHTVERH,IstStrasse,IstRad,IstPKW,IstFuss,IstKrad,IstGkfz,IstSonstig,LINREFX,LINREFY,XGCSWGS84,YGCSWGS84,index_right,FID_right,SBZ,Name,UIDENTSTLA,LICHT,STRZUSTAND,FID,OBJECTID_1,IstSonstige,UIDENTSTLAE,OID_,IstStrassenzustand,PLST
15522,,,14,7,13,0,2024,2,15,5,3,2,6,0,,0,1,0,0,0,,"734810,782399999909103","5691709,504899999126792",12.370583254000053,51.328122747000066,0,,0,Mitte,,,,0.0,,0,14240229148410168830,249524,0,1
15523,,,14,7,13,0,2024,2,11,5,3,2,6,0,,0,1,0,0,0,,"734159,860999999567866","5692194,594000000506639",12.36157565800005,51.33274545200004,0,,0,Mitte,,,,0.0,,0,14240229148410108090,249525,0,1
15524,,,14,7,13,0,2024,2,8,5,3,4,6,0,,1,1,0,0,0,,"732249,345599999651313","5696926,196900000795722",12.337286597000059,51.376002965000055,8,,8,Nordwest,,,,8.0,,0,14240229148110142170,249526,0,1
15525,,,14,7,13,0,2024,2,16,5,3,4,6,0,,1,0,0,0,0,,"736288,214599999599159","5698024,557700000703335",12.39594458700003,51.38419596700004,1,,1,Nordost,,,,1.0,,0,14240229148110108060,249527,0,1
15526,,,14,7,13,0,2024,2,8,5,3,5,3,0,,0,1,0,1,0,,"731713,145999999716878","5692788,765000000596046",12.326901228000054,51.33908123900005,7,,7,Alt-West,,,,7.0,,0,14240229144200142140,249528,0,1
15527,,,14,7,13,0,2024,2,14,5,3,5,3,0,,0,1,0,0,0,,"729749,071700000204146","5692462,837400000542402",12.298541520000072,51.33695229800003,6,,6,West,,,,6.0,,0,14240229144200107520,249529,0,1
15528,,,14,7,13,0,2024,2,16,4,3,5,3,0,,0,1,0,0,0,,"736558,404000000096858","5699797,430999999865890",12.40100145200006,51.399996850000036,9,,9,Nord,,,,9.0,,0,14240228144200104270,249545,0,1
15529,,,14,7,13,0,2024,2,22,4,3,5,3,2,,1,0,0,0,0,,"735139,516300000250340","5689221,235200000926852",12.373652710000044,51.305651252000075,4,,4,Süd,,,,4.0,,1,14240228143263104250,249546,0,1
15530,,,14,7,13,0,2024,2,10,3,3,0,3,0,,0,1,0,0,0,,"733628,183000000193715","5692372,000000000000000",12.354073326000048,51.33455658300005,0,,0,Mitte,,,,0.0,,1,14240227148322180790,249557,0,1
15531,,,14,7,13,0,2024,2,12,3,3,5,2,0,,1,0,0,0,0,,"732153,062400000169873","5692467,831199999898672",12.332996855000033,51.33602087100007,7,,7,Alt-West,,,,7.0,,1,14240227148310101921,249558,0,1
15532,,,14,7,13,0,2024,2,19,3,3,2,6,2,,0,1,0,0,0,,"729975,492100000381470","5694366,243599999696016",12.303015910000056,51.353947695000045,7,,7,Alt-West,,,,7.0,,0,14240227144200104260,249559,1,1
15533,,,14,7,13,0,2024,2,16,2,3,3,6,0,,1,1,0,0,0,,"735709,615000000223517","5692656,713700000196695",12.384087983000029,51.33625346600007,0,,0,Mitte,,,,0.0,,0,14240226148410104330,249566,0,1
15534,,,14,7,13,0,2024,2,7,2,3,5,2,0,,1,1,0,0,0,,"732889,333700000308454","5690894,790899999439716",12.342520215000036,51.32159917700005,5,,5,Südwest,,,,5.0,,0,14240226148310118800,249567,0,1
15535,,,14,7,13,0,2024,2,9,2,3,1,7,0,,1,1,0,0,0,,"734718,382000000216067","5690351,819800000637770",12.368365545000074,51.31597368900003,4,,4,Süd,,,,4.0,,0,14240226148224001230,249568,0,1
15536,,,14,7,13,0,2024,2,7,2,3,9,1,1,,0,0,0,1,0,,"739108,682000000029802","5699421,345499999821186",12.437342986000033,51.39555233300007,1,,1,Nordost,,,,1.0,,0,14240226148110092191,249569,2,1
15537,,,14,7,13,0,2024,2,20,1,3,7,7,2,,1,0,0,0,0,,"730739,034099999815226","5695145,069199999794364",12.314467656000033,51.360629663000054,7,,7,Alt-West,,,,7.0,,0,14240225148310108410,249580,0,1
15538,,,14,7,13,0,2024,2,16,1,3,0,1,0,,1,0,0,0,0,,"737183,543999999761581","5694354,642300000414252",12.406340130000046,51.35088141800003,1,,1,Nordost,,,,1.0,,0,14240225148110009330,249581,0,1
15539,,,14,7,13,0,2024,2,19,7,3,6,2,2,,0,1,1,0,0,,"733389,029199999757111","5692139,505499999970198",12.350493935000031,51.332567761000064,5,,5,Südwest,,,,5.0,,0,14240224148410101940,249587,0,1
15540,,,14,7,13,0,2024,2,9,7,3,1,5,0,,0,1,0,0,0,,"734391,275999999605119","5693786,148000000044703",12.365939067000056,51.34693664400004,0,,0,Mitte,,,,0.0,,0,14240224148410007410,249588,0,1
15541,,,14,7,13,0,2024,2,13,6,3,3,6,0,,1,1,0,0,0,,"738201,388899999670684","5690643,153300000354648",12.41844880900004,51.317141640000045,3,,3,Südost,,,,3.0,,0,14240223148210001030,249595,0,1
15542,,,14,7,13,0,2024,2,9,6,3,5,2,0,,1,1,0,0,0,,"734810,983599999919534","5692782,399299999698997",12.371293183000034,51.33775340600005,0,,0,Mitte,,,,0.0,,0,14240223144200136210,249596,0,1
15543,,,14,7,13,0,2024,2,5,5,3,5,3,2,,1,1,0,0,0,,"733704,808100000023842","5697348,906300000846386",12.35844024100004,51.379200326000046,9,,9,Nord,,,,9.0,,0,14240222148110256770,249601,1,1
15544,,,14,7,13,0,2024,2,10,4,3,5,3,0,,0,1,0,0,0,,"735269,258999999612570","5691295,903400000184774",12.376879190000068,51.32422068600005,4,,4,Süd,,,,4.0,,0,14240221148210000910,249610,0,1
15545,,,14,7,13,0,2024,2,18,4,3,0,3,2,,1,0,0,0,0,,"738693,934200000017881","5697016,924300000071526",12.429776679000042,51.37414537600006,1,,1,Nordost,,,,1.0,,1,14240221144200187980,249611,0,1
15546,,,14,7,13,0,2024,2,14,3,3,6,2,0,,0,1,1,0,0,,"734974,854299999773502","5692070,370699999853969",12.373171974000059,51.33129427700004,0,,0,Mitte,,,,0.0,,0,14240220148410007430,249613,0,1
15547,,,14,7,13,0,2024,2,17,3,3,5,2,2,,1,1,0,0,0,,"737224,871000000275671","5696570,554999999701977",12.408410193000066,51.37075426600006,1,,1,Nordost,,,,1.0,,0,14240220148110009250,249614,0,1
15548,,,14,7,13,0,2024,2,10,2,3,0,1,0,,0,0,0,1,0,,"732621,630800000391901","5690986,173200000077486",12.338744666000025,51.32252899500003,5,,5,Südwest,,,,5.0,,0,14240219148310074471,249619,1,1
15549,,,14,7,13,0,2024,2,10,2,3,5,3,0,,1,1,0,0,0,,"734746,946999999694526","5690907,748700000345707",12.369140668000057,51.32095217700004,4,,4,Süd,,,,4.0,,0,14240219148210104300,249620,1,1
15550,,,14,7,13,0,2024,2,12,2,3,3,2,0,,1,1,0,0,0,,"735012,723500000312924","5692064,411399999633431",12.373710662000065,51.331225139000026,0,,0,Mitte,,,,0.0,,0,14240219148110007670,249621,0,1
15551,,,14,7,13,0,2024,2,21,1,3,5,3,2,,1,1,0,0,0,,"734819,275000000372529","5694103,107999999076128",12.37228293000004,51.34960517400003,0,,0,Mitte,,,,0.0,,0,14240218148410101930,249625,1,1
15552,,,14,7,13,0,2024,2,12,7,3,5,2,0,,1,1,0,0,0,,"732335,362499999813735","5696217,695800000801682",12.338057307000042,51.36960781500005,8,,8,Nordwest,,,,8.0,,0,14240217144200074200,249627,0,1
15553,,,14,7,13,0,2024,2,9,5,3,6,6,0,,1,0,1,0,0,,"731405,484699999913573","5692060,523499999195337",12.322018810000031,51.33266920300008,7,,7,Alt-West,,,,7.0,,0,14240215148310107570,249640,0,1
15554,,,14,7,13,0,2024,2,8,5,3,5,3,0,,1,1,0,0,0,,"733589,341400000266731","5696580,478099999949336",12.356278983000038,51.37235005700006,8,,8,Nordwest,,,,8.0,,0,14240215148110074700,249641,1,1
15555,,,14,7,13,0,2024,2,9,5,3,1,6,0,,0,1,0,0,0,,"738573,831500000320375","5694521,229900000616908",12.426380347000077,51.351794882000036,1,,1,Nordost,,,,1.0,,0,14240215144200073480,249642,1,1
15556,,,14,7,13,0,2024,2,22,4,3,6,4,2,,0,1,1,0,0,,"737095,748599999584258","5692703,592399999499321",12.403982338000048,51.33609808300008,3,,3,Südost,,,,3.0,,0,14240214145200068950,249651,1,1
15557,,,14,7,13,0,2024,2,16,4,3,3,5,0,,0,1,0,0,0,,"737128,715900000184774","5692940,896900000050664",12.404612718000067,51.33821440600008,2,,2,Ost,,,,2.0,,1,14240214144200074440,249652,0,1
15558,,,14,7,13,0,2024,2,16,3,3,1,5,1,,1,1,0,0,0,,"734656,738699999637902","5694703,932800000533462",12.37034918300003,51.35506553000005,0,,0,Mitte,,,,0.0,,0,14240213148410124580,249664,0,1
15559,,,14,7,13,0,2024,2,15,3,3,2,6,0,,0,1,0,0,0,,"734695,735399999655783","5691553,726099999621511",12.368832305000069,51.32677188300005,0,,0,Mitte,,,,0.0,,0,14240213148410073510,249665,0,1
15560,,,14,7,13,0,2024,2,9,3,3,0,7,0,,0,1,0,0,0,,"733143,159599999897182","5696000,232200000435114",12.349499413000046,51.367324772000075,8,,8,Nordwest,,,,8.0,,1,14240213148110057990,249666,0,1
15561,,,14,7,13,0,2024,2,18,2,3,6,7,2,,1,0,1,0,0,,"735304,755800000391901","5692237,224999999627471",12.378009215000077,51.332655644000056,0,,0,Mitte,,,,0.0,,0,14240212148410073750,249677,0,1
15562,,,14,7,13,0,2024,2,15,2,3,5,2,0,,1,1,0,0,0,,"739926,227900000289083","5693561,289300000295043",12.445118863000062,51.34260952200003,2,,2,Ost,,,,2.0,,0,14240212143263073120,249678,0,1
15563,,,14,7,13,0,2024,2,14,7,2,0,1,0,,1,0,0,0,0,,"733534,996399999596179","5694190,499399999156594",12.353930527000045,51.35091872000004,0,,0,Mitte,,,,0.0,,0,14240217144200209560,249686,1,1
15564,,,14,7,13,0,2024,2,19,1,3,6,4,2,,1,0,1,0,0,,"735022,880099999718368","5691666,052899999544024",12.37359348800004,51.327645121000046,0,,0,Mitte,,,,0.0,,0,14240211148410069130,249689,1,1
15565,,,14,7,13,0,2024,2,15,1,2,3,6,0,,0,1,0,0,0,,"736298,870500000193715","5691127,094000000506639",12.391517844000077,51.32227873700003,0,,0,Mitte,,,,0.0,,0,14240211144200086760,249690,1,1
15566,,,14,7,13,0,2024,2,22,7,3,1,5,2,,1,1,0,0,0,,"735854,523099999874830","5695423,734500000253320",12.387997768000048,51.361030827000036,9,,9,Nord,,,,9.0,,0,14240210148110057220,249692,0,1
15567,,,14,7,13,0,2024,2,14,6,3,3,6,0,,1,0,0,0,1,,"734405,964499999769032","5692961,866299999877810",12.365607015000023,51.33953147100004,0,,0,Mitte,,,,0.0,,0,14240209148423069150,249696,0,1
15568,,,14,7,13,0,2024,2,14,6,3,5,3,0,,1,1,0,0,0,,"734907,524100000038743","5692076,912900000810623",12.372211528000037,51.33138081200008,0,,0,Mitte,,,,0.0,,0,14240209148410073970,249697,0,1
15569,,,14,7,13,0,2024,2,9,5,3,6,4,0,,0,1,1,0,0,,"736681,469899999909103","5693059,504399999976158",12.398282263000056,51.339465361000066,2,,2,Ost,,,,2.0,,0,14240208148410058040,249707,0,1
15570,,,14,7,13,0,2024,2,6,5,3,5,3,0,,1,1,0,0,0,,"736071,560800000093877","5689665,482200000435114",12.387294044000043,51.30925325000004,4,,4,Süd,,,,4.0,,0,14240208148210046720,249708,0,1
15571,,,14,7,13,0,2024,2,17,5,3,5,2,2,,0,1,0,0,0,,"730962,876000000163913","5697338,221000000834465",12.319101966000062,51.38022628600004,8,,8,Nordwest,,,,8.0,,0,14240208144200068900,249709,1,1
15572,,,14,7,13,0,2024,2,14,6,3,5,2,0,,0,1,0,0,0,,"739098,941999999806285","5699445,123999999836087",12.437219252000034,51.395769865000034,1,,1,Nordost,,,,1.0,,0,14240223144200009690,249723,0,1
15573,,,14,7,13,0,2024,2,20,4,3,6,7,2,,0,1,1,0,0,,"737651,338100000284612","5694827,882500000298023",12.41336162400006,51.354933833000075,1,,1,Nordost,,,,1.0,,0,14240207148110046320,249725,0,1
15574,,,14,7,13,0,2024,2,17,4,3,3,6,2,,1,1,0,0,0,,"735015,512199999764562","5692057,724199999123812",12.373746210000036,51.331163960000026,0,,0,Mitte,,,,0.0,,0,14240207144200046710,249726,1,1
15575,,,14,7,13,0,2024,2,9,3,3,5,3,0,,1,1,0,0,0,,"734552,009399999864399","5693797,369200000539422",12.368250365000051,51.34697107800008,0,,0,Mitte,,,,0.0,,0,14240206148410046380,249733,0,1
15576,,,14,7,13,0,2024,2,16,3,3,1,5,0,,0,1,0,1,0,,"736711,375599999912083","5692450,416500000283122",12.398306112000057,51.333985648000066,3,,3,Südost,,,,3.0,,0,14240206144200007080,249734,0,1
15577,,,14,7,13,0,2024,2,8,2,3,0,7,0,,1,0,0,0,0,,"735001,645800000056624","5692240,283399999141693",12.373667921000049,51.33280841100003,0,,0,Mitte,,,,0.0,,0,14240205148410033670,249740,1,1
15578,,,14,7,13,0,2024,2,10,2,3,3,6,0,,1,1,0,0,0,,"733878,010700000450015","5694946,087099999189377",12.359344237000073,51.357560214000046,9,,9,Nord,,,,9.0,,0,14240205148110056970,249741,0,1
15579,,,14,7,13,0,2024,2,17,2,3,5,3,0,,1,1,0,0,0,,"735182,834400000050664","5696001,154999999329448",12.378748952000024,51.36649232900004,9,,9,Nord,,,,9.0,,0,14240205144200033630,249743,0,1
15580,,,14,7,13,0,2024,2,11,7,3,5,7,0,,1,1,0,0,0,,"734694,356700000353158","5693371,329600000753999",12.370009909000032,51.34308802900006,0,,0,Mitte,,,,0.0,,0,14240203148410057260,249757,0,1
15581,,,14,7,13,0,2024,2,18,7,3,0,5,2,,1,1,0,0,0,,"732760,440499999560416","5690665,163499999791384",12.340523765000057,51.31959061900005,5,,5,Südwest,,,,5.0,,0,14240203148323045990,249758,1,1
15582,,,14,7,13,0,2024,2,15,6,3,3,2,0,,1,1,0,0,0,,"735187,495600000023842","5695104,096899999305606",12.37822267100006,51.35843814000003,0,,0,Mitte,,,,0.0,,0,14240202148410033880,249766,0,1
15583,,,14,7,13,0,2024,2,7,4,3,0,6,0,,1,1,0,0,0,,"737102,262199999764562","5691688,732200000435114",12.403400410000074,51.32698587200008,3,,3,Südost,,,,3.0,,0,14240214148410074491,249767,0,1
15584,,,14,7,13,0,2024,2,14,6,3,3,2,0,,1,1,0,0,0,,"735757,033099999651313","5692893,506100000813603",12.38492420600005,51.338359326000045,0,,0,Mitte,,,,0.0,,0,14240202148410032660,249768,0,1
15585,,,14,7,13,0,2024,2,16,6,3,5,3,0,,1,1,0,0,0,,"731774,495000000111759","5691005,672100000083447",12.326620709000053,51.323049741000034,5,,5,Südwest,,,,5.0,,0,14240202148410032650,249769,0,1
15586,,,14,7,13,0,2024,2,14,6,3,2,2,0,,1,1,0,0,0,,"732586,132100000046194","5692129,203099999576807",12.338982002000023,51.33280416300005,7,,7,Alt-West,,,,7.0,,0,14240202148310032640,249770,0,1
15587,,,14,7,13,0,2024,2,9,6,3,5,3,0,,1,1,0,0,0,,"732401,392300000414252","5690884,577400000765920",12.335523180000052,51.32170699300008,5,,5,Südwest,,,,5.0,,0,14240202148310032630,249771,1,1
15588,,,14,7,13,0,2024,2,9,6,3,1,6,0,,0,1,0,0,0,,"731545,683000000193715","5692157,186000000685453",12.324090656000067,51.333479871000065,7,,7,Alt-West,,,,7.0,,0,14240202148310032610,249772,1,1
15589,,,14,7,13,0,2024,2,18,6,3,1,5,2,,1,1,0,0,0,,"734066,728799999691546","5696078,742799999192357",12.36279524400004,51.36764973700008,9,,9,Nord,,,,9.0,,0,14240202148110045970,249773,0,1
15590,,,14,7,13,0,2024,2,17,4,3,5,3,2,,1,1,0,0,0,,"731845,254999999888241","5691600,398000000044703",12.328021299000056,51.32835965800007,5,,5,Südwest,,,,5.0,,0,14240221148310104310,249774,0,1
15591,,,14,7,13,0,2024,2,6,6,3,5,3,2,,1,1,0,0,0,,"735544,401499999687076","5697396,770600000396371",12.384858373000043,51.378869896000026,9,,9,Nord,,,,9.0,,0,14240202148110032600,249775,0,1
15592,,,14,7,13,0,2024,2,18,6,3,3,1,2,,1,1,0,0,0,,"735044,219200000166893","5692574,399800000712276",12.374498386000027,51.33578997500007,0,,0,Mitte,,,,0.0,,0,14240202144200046290,249778,0,1
15593,,,14,7,13,0,2024,2,9,6,3,4,2,0,,0,1,0,0,0,,"738862,903199999593198","5698833,248500000685453",12.433420969000053,51.390377227000045,1,,1,Nordost,,,,1.0,,0,14240202144200033850,249779,1,1
15594,,,14,7,13,0,2024,3,13,2,3,6,7,0,,0,1,1,0,0,,"735206,955000000074506","5697889,093000000342727",12.380344109000077,51.38342897600006,9,,9,Nord,,,,9.0,,0,14240304144200108360,249780,0,1
15595,,,14,7,13,0,2024,2,9,5,3,6,4,0,,0,1,1,0,0,,"735093,292399999685585","5694829,466299999505281",12.376690610000026,51.35601194700007,0,,0,Mitte,,,,0.0,,0,14240201148410057250,249786,1,1
15596,,,14,7,13,0,2024,2,7,5,2,6,2,0,,0,1,1,0,0,,"738785,500000000000000","5690608,453999999910593",12.426792133000049,51.31658540500007,3,,3,Südost,,,,3.0,,0,14240201148210032210,249787,1,1
15597,,,14,7,13,0,2024,2,12,5,3,6,2,0,,0,1,1,0,0,,"733770,292399999685585","5695555,294299999251962",12.358200186000033,51.36307307700008,9,,9,Nord,,,,9.0,,0,14240201148110056960,249788,0,1
15598,,,14,7,13,0,2024,2,18,5,2,2,2,2,,1,0,0,0,0,,"734850,692099999636412","5691918,784299999475479",12.371292982000057,51.32998485200005,0,,0,Mitte,,,,0.0,,1,14240201144200086730,249789,0,1
15599,,,14,7,13,0,2024,2,10,5,3,2,6,0,,0,1,0,0,0,,"734122,569299999624491","5690620,461100000888109",12.360007395000025,51.31863057000004,4,,4,Süd,,,,4.0,,0,14240201144200033610,249790,0,1
15600,,,14,7,13,0,2024,1,10,4,3,5,2,0,,1,1,0,0,0,,"736922,877500000409782","5691347,455399999395013",12.400603538000041,51.32399725400006,3,,3,Südost,,,,3.0,,0,14240131148410033180,249802,0,1
15601,,,14,7,13,0,2024,1,14,4,3,6,4,0,,0,1,1,0,0,,"732943,156999999657273","5691078,833900000900030",12.343411546000027,51.323229241000035,5,,5,Südwest,,,,5.0,,0,14240131148310142200,249803,0,1
15602,,,14,7,13,0,2024,1,16,4,3,2,2,0,,0,1,0,0,0,,"728684,002000000327826","5689587,812999999150634",12.28143280300003,51.311571824000055,6,,6,West,,,,6.0,,0,14240131148310033170,249804,0,1
15603,,,14,7,13,0,2024,1,5,4,3,5,3,2,,1,1,0,0,0,,"727245,175800000317395","5693205,937500000000000",12.263129804000073,51.34462945800004,7,,7,Alt-West,,,,7.0,,0,14240131148310025350,249805,1,1
15604,,,14,7,13,0,2024,1,14,4,3,0,2,0,,0,1,0,0,0,,"736542,053000000305474","5690275,415999999269843",12.394436664000068,51.31453285200007,0,,0,Mitte,,,,0.0,,1,14240131148224025320,249806,0,1
15605,,,14,7,13,0,2024,1,11,4,2,5,3,0,,1,1,0,0,0,,"742154,712299999780953","5693356,183700000867248",12.476915416000054,51.339823944000045,2,,2,Ost,,,,2.0,,0,14240131144200032580,249808,0,1
15606,,,14,7,13,0,2024,1,7,3,3,5,2,0,,1,1,0,0,0,,"735774,165799999609590","5692869,907400000840425",12.385154111000077,51.33814039500004,0,,0,Mitte,,,,0.0,,0,14240130148410032230,249819,0,1
15607,,,14,7,13,0,2024,1,8,3,3,6,7,0,,0,1,1,0,0,,"730776,644000000320375","5693042,765499999746680",12.313643855000066,51.34174221500007,7,,7,Alt-West,,,,7.0,,0,14240130148310025050,249820,0,1
15608,,,14,7,13,0,2024,1,15,3,3,1,5,0,,1,1,0,0,0,,"734605,169099999591708","5695583,120999999344349",12.370189624000034,51.362978748000046,9,,9,Nord,,,,9.0,,0,14240130148110073950,249821,0,1
15609,,,14,7,13,0,2024,1,15,3,2,5,3,0,,0,1,0,0,0,,"731774,756199999712408","5691005,634600000455976",12.32662442700007,51.32304929700007,5,,5,Südwest,,,,5.0,,1,14240130144200025280,249823,0,1
15610,,,14,7,13,0,2024,2,12,5,3,5,2,0,,1,0,0,0,0,,"737427,079199999570847","5693235,434000000357628",12.409084717000042,51.340733697000076,2,,2,Ost,,,,2.0,,1,14240201148410074480,249830,0,1
15611,,,14,7,13,0,2024,1,8,2,3,6,2,0,,0,0,1,0,1,,"732356,980999999679625","5691707,198400000110269",12.335423151000043,51.329109595000034,5,,5,Südwest,,,,5.0,,0,14240129148310033000,249842,0,1
15612,,,14,7,13,0,2024,1,15,2,3,5,2,0,,1,1,0,0,0,,"738865,139000000432134","5698831,035000000149012",12.433451556000023,51.39035641900006,1,,1,Nordost,,,,1.0,,0,14240129148110014230,249843,0,1
15613,,,14,7,13,0,2024,1,16,2,2,6,4,1,,0,1,1,0,0,,"738814,520100000314415","5694796,800499999895692",12.430015361000073,51.354167285000074,1,,1,Nordost,,,,1.0,,0,14240129144200142150,249844,0,1
15614,,,14,7,13,0,2024,1,15,2,3,4,2,0,,0,1,0,0,0,,"733224,839999999850988","5693907,313999999314547",12.349298829000077,51.34850402600006,0,,0,Mitte,,,,0.0,,0,14240129144200014000,249845,0,1
15615,,,14,7,13,0,2024,1,13,7,3,1,7,0,,0,1,0,1,0,,"737204,854899999685585","5693368,735099999234080",12.40598876000007,51.342022961000055,2,,2,Ost,,,,2.0,,0,14240127148410046390,249866,0,1
15616,,,14,7,13,0,2024,1,13,7,3,5,3,0,,0,1,0,0,0,,"740610,038499999791384","5699669,713500000536442",12.459052171000053,51.39714704000005,1,,1,Nordost,,,,1.0,,0,14240127148110013510,249867,0,1
15617,,,14,7,13,0,2024,1,16,7,3,2,6,0,,0,1,0,0,0,,"734794,840800000354648","5692479,342399999499321",12.370862101000057,51.33503970900006,0,,0,Mitte,,,,0.0,,0,14240127148110013500,249868,0,1
15618,,,14,7,13,0,2024,1,12,7,3,6,4,0,,0,1,1,0,0,,"738842,005300000309944","5689258,547499999403954",12.426697789000059,51.30444503900003,3,,3,Südost,,,,3.0,,0,14240127144200025290,249869,0,1
15619,,,14,7,13,0,2024,1,13,6,3,3,6,0,,0,1,0,0,0,,"735093,112499999813735","5694883,349400000646710",12.376723630000072,51.356495694000046,0,,0,Mitte,,,,0.0,,0,14240126148410058050,249877,0,1
15620,,,14,7,13,0,2024,1,19,6,3,6,3,2,,0,1,1,0,0,,"739488,767400000244379","5691863,656099999323487",12.437708326000063,51.32755636200005,2,,2,Ost,,,,2.0,,0,14240126148210056780,249879,1,1
15621,,,14,7,13,0,2024,1,7,6,3,4,2,0,,1,0,0,0,0,,"736303,985500000417233","5687728,998999999836087",12.389340877000052,51.291774393000026,4,,4,Süd,,,,4.0,,1,14240126148210013360,249881,1,1
15622,,,14,7,13,0,2024,1,11,5,3,1,3,0,,1,1,0,0,0,,"732838,059000000357628","5694179,262000000104308",12.343932387000052,51.35110375600004,0,,0,Mitte,,,,0.0,,0,14240125148410013740,249898,0,1
15623,,,14,7,13,0,2024,2,18,7,2,4,2,1,,0,1,0,0,0,,"732741,672299999743700","5692083,866100000217557",12.341181232000054,51.33233356300008,7,,7,Alt-West,,,,7.0,,0,14240210148310057240,249899,0,1
15624,,,14,7,13,0,2024,1,17,5,3,0,1,2,,1,0,0,0,0,,"742229,938900000415742","5693536,110400000587106",12.478115771000034,51.34140681900004,2,,2,Ost,,,,2.0,,0,14240125148210032980,249900,0,1
15625,,,14,7,13,0,2024,1,21,5,3,5,3,2,,1,0,0,0,0,,"737051,953099999576807","5697649,862900000065565",12.406650272000036,51.380514342000026,1,,1,Nordost,,,,1.0,,1,14240125148110033650,249901,0,1
15626,,,14,7,13,0,2024,1,17,5,3,5,3,1,,1,1,0,0,0,,"735241,802000000141561","5692292,209000000730157",12.377143444000069,51.33317524000006,0,,0,Mitte,,,,0.0,,0,14240125143263013320,249902,0,1
15627,,,14,7,13,0,2024,1,5,4,3,5,3,2,,1,1,0,0,0,,"740210,192300000227988","5693906,061000000685453",12.449420976000056,51.345584185000064,2,,2,Ost,,,,2.0,,0,14240124148211033150,249907,1,1
15628,,,14,7,13,0,2024,1,18,4,2,6,4,2,,0,1,1,0,0,,"728526,406999999657273","5693842,860200000926852",12.281904195000038,51.34983369300005,7,,7,Alt-West,,,,7.0,,0,14240124144200000100,249908,0,1
15629,,,14,7,13,0,2024,1,17,3,3,5,3,2,,1,1,0,0,0,,"735172,942200000397861","5693461,220399999991059",12.37692855000006,51.343697173000066,0,,0,Mitte,,,,0.0,,0,14240123148410013730,249914,0,1
15630,,,14,7,13,0,2024,1,20,3,3,4,2,2,,0,1,0,0,0,,"734633,781999999657273","5690901,432099999859929",12.367515354000034,51.320942150000064,4,,4,Süd,,,,4.0,,0,14240123148210999760,249915,1,1
15631,,,14,7,13,0,2024,1,14,3,2,6,3,0,,0,1,1,0,0,,"730169,874200000427663","5689977,436300000175834",12.30296738800007,51.314470604000064,5,,5,Südwest,,,,5.0,,0,14240123144200999720,249916,0,1
15632,,,14,7,13,0,2024,1,17,2,3,2,7,1,,0,1,0,0,0,,"731732,876000000163913","5690705,097999999299645",12.325829079000073,51.32036848600006,5,,5,Südwest,,,,5.0,,0,14240122148310014250,249924,1,1
15633,,,14,7,13,0,2024,1,17,1,3,1,1,1,,1,1,0,0,0,,"733817,047199999913573","5693538,338800000026822",12.357545426000058,51.344948644000056,0,,0,Mitte,,,,0.0,,0,14240121148410046400,249930,2,1
15634,,,14,7,13,0,2024,1,13,7,3,1,6,0,,0,1,0,0,0,,"727287,999900000169873","5692451,903200000524521",12.263262430000054,51.337843090000035,7,,7,Alt-West,,,,7.0,,0,14240120148320032620,249935,2,1
15635,,,14,7,13,0,2024,1,21,6,3,5,3,2,,1,1,0,0,0,,"735882,682300000451505","5694518,879599999636412",12.387801656000022,51.35289696600006,9,,9,Nord,,,,9.0,,0,14240119148110985470,249937,2,1
15636,,,14,7,13,0,2024,1,12,6,3,6,4,0,,0,1,1,0,0,,"735673,819699999876320","5696187,527899999171495",12.385912983000026,51.36796178700007,9,,9,Nord,,,,9.0,,0,14240119144200985391,249938,1,1
15637,,,14,7,13,0,2024,1,10,5,3,0,1,0,,1,0,0,0,0,,"728763,195299999788404","5691161,835100000724196",12.283576929000048,51.32567036800003,6,,6,West,,,,6.0,,0,14240118148310985490,249946,2,1
15638,,,14,7,13,0,2024,1,11,5,3,2,6,0,,1,1,0,0,0,,"736037,209300000220537","5695525,205399999395013",12.390684411000052,51.36186579100007,9,,9,Nord,,,,9.0,,0,14240118148110986120,249947,2,1
15639,,,14,7,13,0,2024,1,13,5,3,8,1,0,,0,0,0,0,0,,"734830,171900000423193","5694159,295199999585748",12.372476198000072,51.350105030000066,0,,0,Mitte,,,,0.0,,1,14240118144200985000,249948,2,1
15640,,,14,7,13,0,2024,1,17,5,3,5,3,2,,1,1,0,0,0,,"733066,207999999634922","5691841,347999999299645",12.34567304500007,51.33002367700004,5,,5,Südwest,,,,5.0,,0,14240118144200984990,249949,2,1
15641,,,14,7,13,0,2024,1,8,4,3,2,6,0,,0,1,0,0,0,,"734786,745099999941885","5692524,216900000348687",12.370775663000074,51.335445863000075,0,,0,Mitte,,,,0.0,,0,14240117148410985080,249958,0,1
15642,,,14,7,13,0,2024,1,10,4,2,4,1,0,,0,1,0,0,1,,"739252,726999999955297","5691532,503499999642372",12.434104384000022,51.32468330700004,2,,2,Ost,,,,2.0,,0,14240117144200976620,249960,0,1