UNFALL_ID,FID_left,OBJECTID,ULAND,UREGBEZ,UKREIS,UGEMEINDE,UJAHR,UMONAT,USTUNDE,UWOCHENTAG,UKATEGORIE,UART,UTYP1,ULICHTVERH,IstStrasse,IstRad,IstPKW,IstFuss,IstKrad,IstGkfz,IstSonstig,LINREFX,LINREFY,XGCSWGS84,YGCSWGS84,index_right,FID_right,SBZ,Name,UIDENTSTLA,LICHT,STRZUSTAND,FID,OBJECTID_1,IstSonstige,UIDENTSTLAE,OID_,IstStrassenzustand,PLST
15643,,,14,7,13,0,2024,1,7,4,3,6,4,1,,0,1,1,0,0,,"731216,198400000110269","5693393,016499999910593",12.320171324000057,51.34470780000004,7,,7,Alt-West,,,,7.0,,0,14240117143263984980,249961,0,1
15644,,,14,7,13,0,2024,1,10,3,3,4,2,0,,1,1,0,0,0,,"737084,806900000199676","5693762,245500000193715",12.40453027600006,51.34560521100008,2,,2,Ost,,,,2.0,,0,14240116148410985770,249970,2,1
15645,,,14,7,13,0,2024,1,15,3,2,1,6,0,,1,0,0,0,0,,"734992,255300000309944","5693917,216399999335408",12.374639797000043,51.347865064000075,0,,0,Mitte,,,,0.0,,1,14240116148410000160,249971,0,1
15646,,,14,7,13,0,2024,1,7,3,3,5,3,2,,1,1,0,0,0,,"732687,487499999813735","5691861,684399999678135",12.34025970500005,51.33036127400004,5,,5,Südwest,,,,5.0,,0,14240116148310985070,249972,1,1
15647,,,14,7,13,0,2024,1,9,3,2,0,1,0,,1,0,0,0,0,,"733573,803000000305474","5695312,372899999842048",12.355223229000046,51.36097330000007,9,,9,Nord,,,,9.0,,0,14240116148110985060,249973,2,1
15648,,,14,7,13,0,2024,1,5,3,3,5,3,2,,1,0,0,0,0,,"730702,165799999609590","5697296,012800000607967",12.315334710000059,51.379953373000035,8,,8,Nordwest,,,,8.0,,1,14240116148110976290,249974,1,1
15649,,,14,7,13,0,2024,1,18,3,3,5,3,2,,0,1,0,0,0,,"728905,012000000104308","5694685,785000000149012",12.287873974000036,51.35724841100006,7,,7,Alt-West,,,,7.0,,0,14240116144200976610,249975,0,1
15650,,,14,7,13,0,2024,1,10,3,2,5,2,0,,0,1,0,0,0,,"734945,419200000353158","5698634,753499999642372",12.377085591000025,51.39023051400005,9,,9,Nord,,,,9.0,,0,14240116144200976600,249976,1,1
15651,,,14,7,13,0,2024,1,7,2,3,6,4,1,,0,1,1,0,0,,"735208,405799999833107","5689766,640300000086427",12.374998779000066,51.310518579000075,4,,4,Süd,,,,4.0,,0,14240115148210000470,249988,0,1
15652,,,14,7,13,0,2024,1,16,2,3,2,6,2,,0,1,0,0,0,,"733213,769000000320375","5697953,458399999886751",12.351793591000046,51.38482897800003,8,,8,Nordwest,,,,8.0,,0,14240115148110985460,249989,0,1
15653,,,14,7,13,0,2024,1,17,7,3,5,3,2,,0,1,0,0,0,,"740972,442599999718368","5698146,489900000393391",12.463218407000056,51.38332164900004,1,,1,Nordost,,,,1.0,,0,14240113148110986420,250005,0,1
15654,,,14,7,13,0,2024,1,15,6,3,0,1,0,,1,0,0,0,0,,"731776,577800000086427","5690189,132300000637770",12.32611980400003,51.31571894400008,5,,5,Südwest,,,,5.0,,0,14240112148310962990,250011,2,1
15655,,,14,7,13,0,2024,1,10,6,3,0,1,0,,1,0,0,0,0,,"737337,114000000059605","5698631,228000000119209",12.411396128000035,51.38920391700003,1,,1,Nordost,,,,1.0,,0,14240112148110986410,250012,2,1
15656,,,14,7,13,0,2024,1,8,5,3,4,2,0,,1,1,0,0,0,,"733730,274100000038743","5693755,278100000694394",12.356444099000043,51.34693168500007,0,,0,Mitte,,,,0.0,,0,14240111148410985760,250023,0,1
15657,,,14,7,13,0,2024,1,17,5,3,5,2,2,,1,1,0,0,0,,"732153,356300000101328","5692467,158999999985099",12.333000629000026,51.33601471700007,7,,7,Alt-West,,,,7.0,,0,14240111148310986440,250024,0,1
15658,,,14,7,13,0,2024,1,20,5,3,0,1,2,,1,0,0,0,0,,"731759,027599999681115","5689903,972400000318885",12.325683120000065,51.31316625200003,5,,5,Südwest,,,,5.0,,0,14240111148310955710,250025,1,1
15659,,,14,7,13,0,2024,1,6,5,3,6,4,2,,0,1,1,0,0,,"736921,309999999590218","5697128,725999999791384",12.404428954000025,51.375891126000056,1,,1,Nordost,,,,1.0,,0,14240111148110962980,250026,0,1
15660,,,14,7,13,0,2024,1,19,5,3,1,7,2,,0,1,0,0,0,,"740874,472699999809265","5696396,581900000572205",12.460627307000038,51.36765691900007,2,,2,Ost,,,,2.0,,0,14240111144200955671,250027,2,1
15661,,,14,7,13,0,2024,1,6,4,3,2,6,2,,0,1,0,0,0,,"730520,500599999912083","5690700,589800000190735",12.308457378000071,51.320820456000035,5,,5,Südwest,,,,5.0,,0,14240110148310955420,250036,2,1
15662,,,14,7,13,0,2024,1,12,4,3,5,3,0,,0,1,0,0,0,,"735441,224299999885261","5691683,689999999478459",12.379598981000072,51.327630457000055,0,,0,Mitte,,,,0.0,,1,14240110144200962940,250038,0,1
15663,,,14,7,13,0,2024,1,16,4,3,6,1,1,,1,0,1,0,0,,"734791,620799999684095","5692657,069099999964237",12.37093309100004,51.336636386000066,0,,0,Mitte,,,,0.0,,0,14240110144200046370,250039,0,1
15664,,,14,7,13,0,2024,1,10,1,3,1,5,0,,1,1,0,0,0,,"735072,995799999684095","5690368,744799999520183",12.373456184000077,51.31597925700004,4,,4,Süd,,,,4.0,,0,14240107148210976310,250074,0,1
15665,,,14,7,13,0,2024,1,18,1,3,2,2,2,,0,1,0,0,0,,"737630,694500000216067","5695343,720399999991059",12.413410188000057,51.35957261600004,1,,1,Nordost,,,,1.0,,0,14240107148210943690,250075,1,1
15666,,,14,7,13,0,2024,1,12,1,2,9,1,0,,0,1,0,0,0,,"739136,736399999819696","5698053,640699999406934",12.436824604000037,51.38326439700006,1,,1,Nordost,,,,1.0,,0,14240107148110943440,250076,0,1
15667,,,14,7,13,0,2024,1,9,7,3,6,4,0,,0,0,1,0,0,,"737058,481100000441074","5691561,764200000092387",12.402688718000036,51.325864436000074,3,,3,Südost,,,,3.0,,1,14240106148410962671,250080,0,1
15668,,,14,7,13,0,2024,1,22,6,3,3,2,2,,0,1,0,0,0,,"734891,522900000214577","5694336,736199999228120",12.373472737000043,51.351672456000074,0,,0,Mitte,,,,0.0,,1,14240105148410963000,250085,0,1
15669,,,14,7,13,0,2024,1,4,5,3,0,1,2,,1,0,0,0,0,,"735242,573499999940395","5692294,722200000658631",12.377156158000048,51.33319748100007,0,,0,Mitte,,,,0.0,,0,14240104148421976660,250103,1,1
15670,,,14,7,13,0,2024,1,10,5,3,0,1,0,,1,0,0,0,0,,"735444,168399999849498","5691678,813699999824166",12.379637941000055,51.32758546800005,0,,0,Mitte,,,,0.0,,0,14240104148410942790,250104,1,1
15671,,,14,7,13,0,2024,1,7,5,3,6,2,1,,0,1,1,0,0,,"736527,657999999821186","5690275,051000000908971",12.394230239000024,51.314535558000046,0,,0,Mitte,,,,0.0,,0,14240104148210955220,250105,1,1
15672,,,14,7,13,0,2024,1,10,5,3,1,5,0,,1,1,0,0,0,,"734243,050900000147521","5692287,588600000366569",12.362828853000053,51.33354596300006,0,,0,Mitte,,,,0.0,,0,14240104148110942750,250106,1,1
15673,,,14,7,13,0,2024,1,13,5,3,2,6,0,,1,1,0,0,0,,"733706,187400000169873","5698240,384400000795722",12.359046447000026,51.387202064000064,9,,9,Nord,,,,9.0,,0,14240104144200943010,250107,0,1
15674,,,14,7,13,0,2024,1,18,4,2,5,2,2,,1,1,0,0,0,,"736258,587700000032783","5692969,643200000748038",12.392162332000055,51.33883459900005,0,,0,Mitte,,,,0.0,,0,14240103148410932930,250120,0,1
15675,,,14,7,13,0,2024,1,17,4,3,1,6,2,,1,1,0,0,0,,"735053,543600000441074","5691285,396600000560284",12.373781809000036,51.32421553100005,4,,4,Süd,,,,4.0,,0,14240103148210943250,250122,0,1
15676,,,14,7,13,0,2024,1,18,4,2,6,2,2,,0,1,1,0,0,,"737086,156200000084937","5691691,416400000452995",12.403171445000055,51.327016678000064,3,,3,Südost,,,,3.0,,0,14240103144200942990,250123,0,1
15677,,,14,7,13,0,2024,1,7,3,3,6,2,2,,0,1,1,0,0,,"737506,559000000357628","5697081,376000000163913",12.412791018000064,51.375221665000026,1,,1,Nordost,,,,1.0,,0,14240102148110932590,250128,1,1
15678,,,14,7,13,0,2024,1,18,3,3,5,3,2,,1,1,0,0,0,,"737350,266999999992549","5690244,028000000864267",12.405991890000053,51.313914648000036,3,,3,Südost,,,,3.0,,0,14240102144200933200,250129,1,1
15679,,,14,7,13,0,2024,1,14,3,3,5,3,0,,0,1,0,0,0,,"731890,003600000403821","5692885,414400000125170",12.329498846000035,51.33987674700006,7,,7,Alt-West,,,,7.0,,0,14240102144200933190,250130,1,1
15680,,,14,7,13,0,2024,1,8,3,3,1,5,1,,1,1,0,0,0,,"734563,533699999563396","5694883,130100000649691",12.369131100000061,51.356712550000054,9,,9,Nord,,,,9.0,,0,14240102144200046300,250131,1,1
15681,,,14,7,13,0,2024,1,0,2,3,0,1,2,,1,0,0,0,0,,"730759,992200000211596","5696291,276699999347329",12.315511910000055,51.370910510000044,8,,8,Nordwest,,,,8.0,,0,14240101148110942761,250142,0,1
15682,,,14,7,13,0,2024,2,8,5,2,1,7,0,,0,1,0,0,0,,"739468,427000000141561","5695622,894600000232458",12.439945047000037,51.36130695300005,1,,1,Nordost,,,,1.0,,1,14240215144200086741,250153,0,1
15683,,,14,7,13,0,2024,2,15,5,3,2,2,0,,0,1,0,0,0,,"745161,316999999806285","5690111,847200000658631",12.517766992000077,51.30941771600004,2,,2,Ost,,,,2.0,,0,14240208144200056920,250163,1,1
15684,,,14,7,13,0,2024,2,11,4,3,5,3,0,,0,1,0,0,0,,"737374,428500000387430","5692667,985700000077486",12.407952025000043,51.335662229000036,3,,3,Südost,,,,3.0,,0,14240228144200123700,250165,0,1
15685,,,14,7,13,0,2024,3,0,1,3,0,6,2,,1,1,0,0,0,,"735056,403400000184774","5690971,958799999207258",12.373616127000048,51.32140080600004,4,,4,Süd,,,,4.0,,0,14240303148210119130,250183,0,1
15686,,,14,7,13,0,2024,2,12,5,3,3,6,0,,0,1,0,0,0,,"735107,997800000011921","5694520,352499999105930",12.376697212000067,51.353231159000075,0,,0,Mitte,,,,0.0,,0,14240215144200073730,250199,0,1
15687,,,14,7,13,0,2024,1,16,6,3,0,1,1,,1,0,0,0,0,,"734697,040300000458956","5695787,707599999383092",12.371641933000035,51.36477724900004,9,,9,Nord,,,,9.0,,0,14240119148110013690,250268,2,1
15688,,,14,7,13,0,2024,1,12,6,3,6,4,0,,0,1,1,0,0,,"731236,280399999581277","5696743,054099999368191",12.322636646000035,51.37477232800006,8,,8,Nordwest,,,,8.0,,0,14240119148110999750,250333,2,1
15689,,,14,7,13,0,2024,1,16,2,3,5,2,1,,1,1,0,0,0,,"735778,461299999617040","5693127,118699999526143",12.385385932000077,51.34044741100007,0,,0,Mitte,,,,0.0,,0,14240122148410000490,250340,1,1
15690,,,14,7,13,0,2024,3,16,7,3,0,6,0,,1,1,0,0,0,,"734790,929999999701977","5696052,542899999767542",12.37316308100003,51.36711570700004,9,,9,Nord,,,,9.0,,0,14240302144200227430,250380,0,1
15691,,,14,7,13,0,2024,3,18,3,3,2,6,2,,0,1,0,0,0,,"734949,231300000101328","5698658,820900000631809",12.377156206000052,51.39044497200007,9,,9,Nord,,,,9.0,,0,14240305148110108710,250384,1,1
15692,,,14,7,13,0,2024,3,8,6,3,3,6,0,,1,0,0,0,0,,"738104,099600000306964","5694075,271999999880791",12.419348705000061,51.34798895500006,1,,1,Nordost,,,,1.0,,0,14240308148210123740,250394,0,1
15693,,,14,7,13,0,2024,2,13,5,3,5,3,0,,1,1,0,0,0,,"730161,057500000111759","5694135,922000000253320",12.305527376000043,51.35180498600005,7,,7,Alt-West,,,,7.0,,0,14240201148310108070,250523,0,1
15694,,,14,7,13,0,2024,5,15,3,3,1,5,0,,1,1,0,0,0,,"735958,698900000192225","5691779,087300000712276",12.387076216000025,51.32827237500004,0,,0,Mitte,,,,0.0,,0,14240514148224294530,250600,0,1
15695,,,14,7,13,0,2024,5,15,3,3,5,3,0,,1,1,0,0,0,,"737350,543700000271201","5690245,729100000113249",12.405996985000058,51.313929802000075,3,,3,Südost,,,,3.0,,0,14240514148210343200,250601,0,1
15696,,,14,7,13,0,2024,5,13,3,3,6,4,0,,0,1,1,0,0,,"737461,703900000080466","5693748,084699999541044",12.409922778000066,51.34532081000003,2,,2,Ost,,,,2.0,,0,14240514148210300530,250602,0,1
15697,,,14,7,13,0,2024,5,15,3,2,6,4,0,,0,1,1,0,0,,"735817,500799999572337","5691765,670600000768900",12.385044305000065,51.32821049100005,0,,0,Mitte,,,,0.0,,0,14240514144200425870,250603,0,1
15698,,,14,7,13,0,2024,5,14,3,3,4,1,0,,0,1,0,0,0,,"736584,469800000078976","5693545,077099999412894",12.397214732000066,51.34386430100005,2,,2,Ost,,,,2.0,,1,14240514144200379660,250604,0,1
15699,,,14,7,13,0,2024,5,10,2,3,4,6,0,,1,1,0,0,0,,"737062,515599999576807","5691325,786299999803305",12.402589591000037,51.32374458700008,3,,3,Südost,,,,3.0,,0,14240513148410319320,250621,0,1
15700,,,14,7,13,0,2024,5,6,2,3,1,6,0,,1,0,0,0,0,,"735429,654400000348687","5691561,011900000274181",12.379352181000058,51.32653404500007,0,,0,Mitte,,,,0.0,,0,14240513148410300870,250622,0,1
15701,,,14,7,13,0,2024,5,11,2,3,1,5,0,,1,1,0,0,0,,"734920,325299999676645","5692383,317900000140071",12.372596969000028,51.33412593800006,0,,0,Mitte,,,,0.0,,0,14240513148410282440,250623,0,1
15702,,,14,7,13,0,2024,5,18,2,3,0,2,0,,1,1,0,0,0,,"730264,220399999991059","5691360,193800000473857",12.305211838000048,51.32684550500005,6,,6,West,,,,6.0,,0,14240513148320311640,250624,0,1
15703,,,14,7,13,0,2024,5,14,2,3,6,6,0,,0,1,1,0,0,,"739994,589900000020862","5689073,120300000533462",12.443077424000023,51.30229603400005,3,,3,Südost,,,,3.0,,0,14240513148210311620,250625,0,1
15704,,,14,7,13,0,2024,5,19,2,3,5,3,0,,0,1,0,0,0,,"735739,156700000166893","5695364,829600000753999",12.386304629000051,51.360549958000036,9,,9,Nord,,,,9.0,,0,14240513148110300480,250626,0,1
15705,,,14,7,13,0,2024,5,18,2,3,5,2,0,,0,1,0,0,0,,"738795,868800000287592","5696080,111800000071526",12.430609381000068,51.365693890000045,1,,1,Nordost,,,,1.0,,0,14240513148110282380,250627,0,1
15706,,,14,7,13,0,2024,5,6,2,3,5,3,0,,0,1,0,0,0,,"739492,433100000023842","5691861,333100000396371",12.437759282000059,51.32753396800007,2,,2,Ost,,,,2.0,,0,14240513144200331780,250628,0,1
15707,,,14,7,13,0,2024,5,17,2,3,5,2,0,,1,1,0,0,0,,"735089,996000000275671","5689884,917700000107288",12.373380821000069,51.31162920100007,4,,4,Süd,,,,4.0,,0,14240513144200294510,250629,0,1
15708,,,14,7,13,0,2024,5,17,2,3,5,3,0,,1,1,0,0,0,,"734127,327999999746680","5692836,967599999159575",12.361531643000035,51.338525108000056,0,,0,Mitte,,,,0.0,,0,14240513144200294500,250630,0,1
15709,,,14,7,13,0,2024,5,19,1,3,2,6,0,,1,1,0,0,0,,"732752,971199999563396","5692745,232599999755621",12.341775228000074,51.33826581400007,7,,7,Alt-West,,,,7.0,,0,14240512144200301790,250648,0,1
15710,,,14,7,13,0,2024,5,18,7,3,0,1,0,,1,0,0,0,0,,"733333,942599999718368","5693657,001299999654293",12.35069869800003,51.34621230300007,0,,0,Mitte,,,,0.0,,0,14240511148410294560,250660,0,1
15711,,,14,7,13,0,2024,5,19,7,3,6,4,0,,1,0,1,0,0,,"733796,256099999882281","5695758,373299999162555",12.358705967000049,51.36488532800007,9,,9,Nord,,,,9.0,,0,14240511144200331820,250661,0,1
15712,,,14,7,13,0,2024,5,12,7,3,8,7,0,,0,1,0,0,0,,"728498,712700000032783","5694578,385299999266863",12.281979418000049,51.35644777700003,7,,7,Alt-West,,,,7.0,,0,14240511144200294930,250662,0,1
15713,,,14,7,13,0,2024,5,10,6,3,0,6,0,,1,1,0,0,0,,"735635,222000000067055","5690538,970399999991059",12.38162191300006,51.31727476200007,4,,4,Süd,,,,4.0,,0,14240510144200294490,250671,0,1
15714,,,14,7,13,0,2024,5,18,5,3,0,2,0,,1,0,0,0,0,,"731242,668899999931455","5691951,676400000229478",12.319615028000044,51.331758312000034,7,,7,Alt-West,,,,7.0,,1,14240509148310493210,250681,0,1
15715,,,14,7,13,0,2024,5,14,5,3,5,2,0,,0,1,0,0,0,,"739953,793800000101328","5689052,568900000303984",12.442479462000051,51.30212876200005,3,,3,Südost,,,,3.0,,1,14240509148224310980,250682,0,1
15716,,,14,7,13,0,2024,5,14,5,3,5,7,0,,1,1,0,0,0,,"736740,060999999754131","5688798,278999999165535",12.396292750000043,51.30119143400003,4,,4,Süd,,,,4.0,,0,14240509148210282400,250683,0,1
15717,,,14,7,13,0,2024,5,9,5,3,5,3,0,,0,1,0,0,0,,"734747,522300000302494","5691051,051100000739098",12.369243260000076,51.32223828600007,4,,4,Süd,,,,4.0,,0,14240509145200294520,250685,0,1
15718,,,14,7,13,0,2024,5,14,5,3,5,3,0,,1,1,0,0,0,,"734732,119500000029802","5696418,720399999991059",12.372561473000076,51.37042694500008,9,,9,Nord,,,,9.0,,0,14240509144200281450,250686,0,1
15719,,,14,7,13,0,2024,5,19,4,3,0,1,0,,1,0,0,0,0,,"735478,838999999687076","5692942,758400000631809",12.38097001500006,51.338916693000044,0,,0,Mitte,,,,0.0,,0,14240508148410295060,250696,0,1
15720,,,14,7,13,0,2024,5,10,4,3,5,3,0,,0,1,0,0,0,,"731732,892699999734759","5690702,317900000140071",12.325827511000057,51.320343523000076,5,,5,Südwest,,,,5.0,,0,14240508144200379670,250697,0,1
15721,,,14,7,13,0,2024,5,16,4,3,5,3,0,,0,1,0,0,0,,"734477,709099999628961","5693080,183299999684095",12.366713110000035,51.340563958000075,0,,0,Mitte,,,,0.0,,0,14240508144200343000,250698,0,1
15722,,,14,7,13,0,2024,5,16,4,3,5,3,0,,0,1,0,0,0,,"735135,369500000029802","5693717,005300000309944",12.37655894900007,51.34600872500005,0,,0,Mitte,,,,0.0,,0,14240508144200280900,250699,0,1
15723,,,14,7,13,0,2024,5,16,3,3,5,3,0,,1,0,0,0,0,,"734783,896099999547005","5692740,369999999180436",12.37087729500007,51.337387318000026,0,,0,Mitte,,,,0.0,,1,14240507148410318330,250713,0,1
15724,,,14,7,13,0,2024,5,7,3,3,1,2,0,,1,1,0,0,0,,"735883,213899999856949","5692602,278000000864267",12.386539631000062,51.33569286200003,0,,0,Mitte,,,,0.0,,0,14240507148410276920,250714,1,1
15725,,,14,7,13,0,2024,5,10,3,3,1,7,0,,0,1,0,0,0,,"729851,469899999909103","5689826,720699999481440",12.298309257000028,51.31324629100004,6,,6,West,,,,6.0,,0,14240507148310281490,250715,1,1
15726,,,14,7,13,0,2024,5,9,3,3,6,4,0,,1,0,1,0,0,,"737721,689500000327826","5693460,124800000339746",12.413456791000044,51.342627435000054,2,,2,Ost,,,,2.0,,0,14240507148210300520,250716,0,1
15727,,,14,7,13,0,2024,5,13,3,3,6,6,0,,1,0,1,0,0,,"733967,801900000311434","5692862,693099999800324",12.359262340000043,51.33882169000003,0,,0,Mitte,,,,0.0,,0,14240507148110588200,250717,0,1
15728,,,14,7,13,0,2024,5,8,2,3,5,2,0,,1,1,0,0,0,,"732957,685300000011921","5691129,754100000485778",12.343652962000021,51.32368038700008,5,,5,Südwest,,,,5.0,,0,14240506148310265210,250723,0,1
15729,,,14,7,13,0,2024,5,7,2,3,5,3,0,,1,0,0,0,0,,"735051,901999999769032","5691167,551999999210238",12.373680592000028,51.32315838900007,4,,4,Süd,,,,4.0,,0,14240506148211281470,250724,0,1
15730,,,14,7,13,0,2024,5,14,2,3,1,5,0,,0,1,0,0,0,,"735001,633500000461936","5695154,427200000733137",12.375591177000047,51.35896681300005,9,,9,Nord,,,,9.0,,0,14240506144200311580,250725,0,1
15731,,,14,7,13,0,2024,5,9,3,3,6,2,0,,0,1,1,0,0,,"738653,253600000403821","5695291,416200000792742",12.428035327000032,51.35867461600003,1,,1,Nordost,,,,1.0,,0,14240514144200282360,250726,0,1
15732,,,14,7,13,0,2024,5,17,1,3,6,4,0,,0,1,1,0,0,,"735551,904400000348687","5692909,594299999997020",12.381995183000072,51.33858874100008,0,,0,Mitte,,,,0.0,,0,14240505148410381021,250742,0,1
15733,,,14,7,13,0,2024,5,12,1,3,0,1,0,,1,0,0,0,0,,"732589,860299999825656","5692080,192500000819564",12.339003433000073,51.33236268500008,5,,5,Südwest,,,,5.0,,0,14240505148310282430,250743,0,1
15734,,,14,7,13,0,2024,5,17,7,3,1,5,0,,1,1,0,0,0,,"735169,716000000014901","5693435,223899999633431",12.376865142000042,51.34346515400006,0,,0,Mitte,,,,0.0,,0,14240504148410281510,250755,0,1
15735,,,14,7,13,0,2024,5,15,7,3,5,3,0,,1,1,0,0,0,,"734185,434999999590218","5692120,416999999433756",12.36189336600006,51.33206907400006,0,,0,Mitte,,,,0.0,,0,14240504148410276910,250756,0,1
15736,,,14,7,13,0,2024,5,13,7,3,5,2,0,,1,1,0,0,0,,"736338,259499999694526","5692058,645999999716878",12.392699776000029,51.33062419600003,0,,0,Mitte,,,,0.0,,0,14240504148410265460,250757,0,1
15737,,,14,7,13,0,2024,5,14,7,3,5,3,0,,0,1,0,0,0,,"729286,054800000041723","5691021,363399999216199",12.290978220000056,51.32419885100006,6,,6,West,,,,6.0,,0,14240504148310281480,250758,0,1
15738,,,14,7,13,0,2024,5,15,7,3,0,3,0,,0,0,0,0,0,,"737157,873399999924004","5694781,743400000035763",12.406256756000062,51.35472581200003,1,,1,Nordost,,,,1.0,,1,14240504148113264350,250760,0,1
15739,,,14,7,13,0,2024,5,12,6,3,2,6,0,,0,1,0,0,0,,"728208,577399999834597","5689389,143999999389052",12.274495726000055,51.30997911700007,6,,6,West,,,,6.0,,0,14240503148310300850,250771,0,1
15740,,,14,7,13,0,2024,5,22,6,3,0,1,2,,1,0,0,0,0,,"732776,926699999719858","5693327,225899999961257",12.342498935000037,51.34348036600005,7,,7,Alt-West,,,,7.0,,0,14240503148310300830,250772,1,1
15741,,,14,7,13,0,2024,5,10,6,3,1,5,0,,1,1,0,0,0,,"729765,352199999615550","5693890,575200000777841",12.29969608700003,51.34976259600006,7,,7,Alt-West,,,,7.0,,0,14240503148310265430,250773,0,1
15742,,,14,7,13,0,2024,5,18,6,3,4,2,0,,0,1,0,0,0,,"734749,199000000022352","5691051,027000000700355",12.36926726400003,51.32223737800007,4,,4,Süd,,,,4.0,,0,14240503148210343190,250774,0,1
15743,,,14,7,13,0,2024,5,18,6,3,0,1,0,,1,0,0,0,0,,"728711,341500000096858","5698094,092199999839067",12.287289904000033,51.387923183000055,8,,8,Nordwest,,,,8.0,,0,14240503148110264340,250775,0,1
15744,,,14,7,13,0,2024,5,15,6,2,4,6,0,,1,1,0,0,0,,"735372,658499999903142","5693417,258199999108911",12.379761932000065,51.34321991200005,0,,0,Mitte,,,,0.0,,0,14240503144200263990,250777,0,1
15745,,,14,7,13,0,2024,5,15,5,3,4,6,0,,1,0,0,0,0,,"735098,519399999640882","5694314,584100000560284",12.376425414000039,51.35138803400008,0,,0,Mitte,,,,0.0,,0,14240502148410331370,250787,0,1
15746,,,14,7,13,0,2024,5,13,5,3,3,2,0,,1,1,0,0,0,,"736054,447599999606609","5691712,229199999943376",12.388403784000047,51.32763251700004,0,,0,Mitte,,,,0.0,,0,14240502148410318000,250788,0,1
15747,,,14,7,13,0,2024,5,13,5,3,2,3,0,,0,1,0,1,0,,"735974,953399999998510","5691617,317600000649691",12.387202002000038,51.32681354500005,0,,0,Mitte,,,,0.0,,1,14240502148410264740,250789,0,1
15748,,,14,7,13,0,2024,5,21,5,3,0,1,2,,0,1,0,0,0,,"727486,102900000289083","5690385,813999999314547",12.264782919000027,51.319215815000064,6,,6,West,,,,6.0,,0,14240502148320257260,250790,0,1
15749,,,14,7,13,0,2024,5,16,5,3,3,2,0,,1,1,0,0,0,,"732553,957000000402331","5691503,978000000119209",12.338112939000041,51.32720485100003,5,,5,Südwest,,,,5.0,,0,14240502148310276870,250791,0,1
15750,,,14,7,13,0,2024,5,15,5,3,5,3,0,,1,1,0,0,0,,"740617,769100000150502","5689297,825300000607967",12.452151940000022,51.30404992600006,3,,3,Südost,,,,3.0,,0,14240502148210301460,250792,0,1
15751,,,14,7,13,0,2024,5,18,5,3,6,4,1,,1,0,1,0,0,,"734226,186499999836087","5695745,508899999782443",12.364862427000048,51.36459276800008,9,,9,Nord,,,,9.0,,0,14240502148110264690,250793,0,1
15752,,,14,7,13,0,2024,5,17,5,3,4,2,0,,1,1,0,0,0,,"738334,886300000362098","5690886,278500000014901",12.42052346500003,51.31926803500005,3,,3,Südost,,,,3.0,,0,14240502144200318710,250794,0,1
15753,,,14,7,13,0,2024,5,10,5,3,5,3,0,,1,1,0,0,0,,"734504,596699999645352","5690906,020999999716878",12.365667711000071,51.321036596000056,4,,4,Süd,,,,4.0,,0,14240502144200264000,250795,0,1
15754,,,14,7,13,0,2024,5,12,4,3,0,7,0,,1,0,0,0,0,,"738322,263199999928474","5689924,608899999409914",12.419700096000042,51.310641392000036,3,,3,Südost,,,,3.0,,0,14240501148423257280,250806,0,1
15755,,,14,7,13,0,2024,5,21,4,3,0,1,2,,0,0,0,0,0,,"732202,622200000099838","5692626,679800000041723",12.333810630000073,51.337426582000035,7,,7,Alt-West,,,,7.0,,1,14240501148310265220,250807,0,1
15756,,,14,7,13,0,2024,5,19,4,3,3,6,0,,1,1,0,0,0,,"738931,359199999831617","5692290,062300000339746",12.430008372000032,51.33161810400003,2,,2,Ost,,,,2.0,,0,14240501148210301450,250808,0,1
15757,,,14,7,13,0,2024,5,19,4,3,5,3,1,,0,1,0,0,0,,"737508,580000000074506","5694761,775900000706315",12.41127098800007,51.35440013500005,1,,1,Nordost,,,,1.0,,0,14240501148110257250,250809,0,1
15758,,,14,7,13,0,2024,4,20,3,3,1,5,1,,1,1,0,0,0,,"735000,870900000445545","5692314,155500000342727",12.37370554000006,51.33347183600006,0,,0,Mitte,,,,0.0,,0,14240430148410264380,250822,0,1
15759,,,14,7,13,0,2024,4,20,3,3,1,1,1,,1,1,0,0,0,,"733832,383999999612570","5693500,011399999260902",12.357740082000078,51.34459829000008,0,,0,Mitte,,,,0.0,,0,14240430148410257090,250823,0,1
15760,,,14,7,13,0,2024,4,8,3,3,0,7,0,,0,1,0,0,0,,"733404,797000000253320","5693720,879000000655651",12.351756182000031,51.346756621000054,0,,0,Mitte,,,,0.0,,1,14240430148410256800,250824,0,1
15761,,,14,7,13,0,2024,4,16,3,2,5,2,0,,0,1,0,1,0,,"730304,113800000399351","5691271,810699999332428",12.305726338000056,51.326035940000054,7,,7,Alt-West,,,,7.0,,0,14240430148310276880,250825,0,1
15762,,,14,7,13,0,2024,4,14,3,3,2,6,0,,0,1,0,0,0,,"737349,692200000397861","5690242,765499999746680",12.405982817000051,51.31390355500008,3,,3,Südost,,,,3.0,,0,14240430148210311630,250827,0,1
15763,,,14,7,13,0,2024,4,11,3,2,6,2,0,,0,1,1,0,0,,"735435,276100000366569","5695944,149800000712276",12.382331128000033,51.365876075000074,9,,9,Nord,,,,9.0,,0,14240430148110379310,250828,0,1