UNFALL_ID,FID_left,OBJECTID,ULAND,UREGBEZ,UKREIS,UGEMEINDE,UJAHR,UMONAT,USTUNDE,UWOCHENTAG,UKATEGORIE,UART,UTYP1,ULICHTVERH,IstStrasse,IstRad,IstPKW,IstFuss,IstKrad,IstGkfz,IstSonstig,LINREFX,LINREFY,XGCSWGS84,YGCSWGS84,index_right,FID_right,SBZ,Name,UIDENTSTLA,LICHT,STRZUSTAND,FID,OBJECTID_1,IstSonstige,UIDENTSTLAE,OID_,IstStrassenzustand,PLST
15885,,,14,7,13,0,2024,3,22,6,3,0,1,2,,0,0,0,0,0,,"737925,930100000463426","5695255,161399999633431",12.41758373500005,51.35865417900004,1,,1,Nordost,,,,1.0,,1,14240329148110169500,251318,0,1
15886,,,14,7,13,0,2024,4,18,7,3,5,3,0,,0,1,0,0,0,,"727783,789200000464916","5689139,656700000166893",12.268251944000042,51.30790951500006,6,,6,West,,,,6.0,,0,14240427144200300460,251320,0,1
15887,,,14,7,13,0,2024,3,19,5,3,5,2,2,,1,1,0,0,0,,"734529,236499999649823","5691867,651900000870228",12.366653378000024,51.329658488000064,0,,0,Mitte,,,,0.0,,0,14240328148410200440,251325,0,1
15888,,,14,7,13,0,2024,3,6,5,3,8,7,0,,0,0,0,1,0,,"741415,180800000205636","5695889,229399999603629",12.468035975000078,51.36287368500007,2,,2,Ost,,,,2.0,,0,14240328148210169340,251326,1,1
15889,,,14,7,13,0,2024,3,13,5,2,5,3,0,,1,1,0,0,0,,"733574,440000000409782","5692171,127800000831485",12.35317150000003,51.33277551200007,0,,0,Mitte,,,,0.0,,0,14240328144200180850,251328,0,1
15890,,,14,7,13,0,2024,3,17,4,3,3,7,0,,0,1,0,0,0,,"734422,116899999789894","5692995,427999999374151",12.365860592000047,51.339826077000055,0,,0,Mitte,,,,0.0,,1,14240327148414168850,251339,0,1
15891,,,14,7,13,0,2024,3,14,4,3,2,2,0,,0,1,0,0,0,,"734444,974499999545515","5693782,114099999889731",12.366706110000052,51.34687829200004,0,,0,Mitte,,,,0.0,,1,14240327148410180920,251340,0,1
15892,,,14,7,13,0,2024,3,10,4,3,0,2,0,,0,1,0,0,0,,"736720,682300000451505","5689352,724899999797344",12.396383000000071,51.30617632000008,4,,4,Süd,,,,4.0,,1,14240327148210209941,251341,0,1
15893,,,14,7,13,0,2024,3,4,4,3,5,2,1,,0,1,0,0,0,,"735905,093200000002980","5694587,053400000557303",12.388168111000027,51.35349960800005,9,,9,Nord,,,,9.0,,0,14240327148110169150,251342,0,1
15894,,,14,7,13,0,2024,3,8,3,3,2,6,0,,1,1,0,0,0,,"734162,486200000159442","5692193,405300000682473",12.361612494000042,51.33273370100005,0,,0,Mitte,,,,0.0,,0,14240326148410186920,251355,0,1
15895,,,14,7,13,0,2024,3,12,3,3,0,1,0,,1,0,0,0,0,,"732576,561599999666214","5692086,709000000730157",12.338817122000023,51.332426619000046,7,,7,Alt-West,,,,7.0,,0,14240326148310169530,251356,0,1
15896,,,14,7,13,0,2024,3,17,3,3,5,3,0,,0,1,0,0,0,,"730331,086000000126660","5693505,892000000923872",12.307557269000029,51.34608035400004,7,,7,Alt-West,,,,7.0,,0,14240326148310168790,251357,0,1
15897,,,14,7,13,0,2024,5,12,4,3,5,3,0,,1,1,0,0,0,,"735310,822300000116229","5693742,917799999937415",12.379090886000029,51.346168731000034,0,,0,Mitte,,,,0.0,,0,14240501148410265230,251359,0,1
15898,,,14,7,13,0,2024,3,10,3,3,2,6,0,,0,1,0,0,0,,"731243,924300000071526","5696757,096799999475479",12.322755419000032,51.37489527400004,8,,8,Nordwest,,,,8.0,,1,14240326148110169490,251361,0,1
15899,,,14,7,13,0,2024,3,8,3,3,5,3,0,,1,0,0,0,1,,"733489,074400000274181","5693851,905799999833107",12.353050136000036,51.34789818300004,0,,0,Mitte,,,,0.0,,0,14240326144200188740,251362,0,1
15900,,,14,7,13,0,2024,3,20,3,2,6,4,2,,0,1,1,0,0,,"735003,207999999634922","5692225,557000000029802",12.373680594000064,51.33267557600004,0,,0,Mitte,,,,0.0,,0,14240326144200180770,251364,0,1
15901,,,14,7,13,0,2024,3,7,3,3,5,2,0,,1,1,0,0,0,,"735096,033400000073016","5694514,864199999719858",12.376522071000068,51.35318684300006,0,,0,Mitte,,,,0.0,,0,14240326144100188710,251366,0,1
15902,,,14,7,13,0,2024,3,16,2,3,5,7,0,,1,1,0,0,0,,"732005,485600000247359","5692359,241900000721216",12.330811238000024,51.33510631200005,7,,7,Alt-West,,,,7.0,,0,14240325148310188060,251378,0,1
15903,,,14,7,13,0,2024,3,14,2,3,5,3,0,,0,1,0,0,0,,"730993,430200000293553","5698541,650499999523163",12.320322813000075,51.391016800000045,8,,8,Nordwest,,,,8.0,,0,14240325148110219530,251379,0,1
15904,,,14,7,13,0,2024,3,10,2,3,0,1,0,,1,0,0,0,0,,"735693,616700000129640","5695782,329199999570847",12.385928328000034,51.36431642100007,9,,9,Nord,,,,9.0,,0,14240325148110156870,251380,1,1
15905,,,14,7,13,0,2024,3,16,2,3,0,6,0,,1,0,0,0,0,,"741822,045800000429153","5691315,604900000616908",12.470763631000068,51.32165034800005,2,,2,Ost,,,,2.0,,1,14240325143263169140,251381,0,1
15906,,,14,7,13,0,2024,3,20,1,3,5,3,2,,1,1,0,0,0,,"735013,500300000421703","5691985,007999999448657",12.373669426000049,51.33051206200008,0,,0,Mitte,,,,0.0,,0,14240324148410180860,251393,1,1
15907,,,14,7,30,270,2024,3,18,1,3,5,2,2,,0,1,0,0,0,,"729051,425999999977648","5697311,418999999761581",12.29166467500005,51.38075996300006,8,,8,Nordwest,,,,8.0,,0,14240324148110168740,251394,1,1
15908,,,14,7,13,0,2024,3,18,7,3,2,6,2,,0,1,0,0,0,,"735772,508700000122190","5692889,944199999794364",12.385143626000058,51.33832093700005,0,,0,Mitte,,,,0.0,,0,14240323148410156410,251399,1,1
15909,,,14,7,13,0,2024,3,17,7,3,2,6,0,,0,1,0,0,0,,"736662,881500000134110","5691317,708200000226498",12.396859057000029,51.32383844200007,0,,0,Mitte,,,,0.0,,0,14240323148210209600,251400,1,1
15910,,,14,7,13,0,2024,3,20,7,3,6,4,2,,0,0,1,0,0,,"742263,475999999791384","5694675,281999999657273",12.47937150000007,51.35161702500005,2,,2,Ost,,,,2.0,,1,14240323144200188730,251401,1,1
15911,,,14,7,13,0,2024,3,15,7,2,1,5,0,,1,1,0,0,0,,"737302,953300000168383","5692996,010600000619888",12.407146329000057,51.338636431000054,2,,2,Ost,,,,2.0,,0,14240323144200156600,251402,1,1
15912,,,14,7,13,0,2024,3,18,6,3,0,5,1,,1,1,0,0,0,,"735052,297799999825656","5693230,301500000059605",12.37504698500004,51.34167425000004,0,,0,Mitte,,,,0.0,,0,14240322148410186700,251411,1,1
15913,,,14,7,13,0,2024,3,7,6,3,0,1,0,,0,0,0,1,0,,"733233,547600000165403","5694153,839500000700355",12.349585174000026,51.350713410000026,0,,0,Mitte,,,,0.0,,0,14240322148410168840,251412,0,1
15914,,,14,7,13,0,2024,3,14,6,3,2,6,0,,0,1,0,0,0,,"734746,939000000245869","5690907,238700000569224",12.369140218000041,51.32094760200005,4,,4,Süd,,,,4.0,,0,14240322148210169160,251414,0,1
15915,,,14,7,13,0,2024,3,16,6,3,1,5,0,,1,1,0,0,0,,"735211,991499999538064","5689625,119300000369549",12.374956835000035,51.30924674700003,4,,4,Süd,,,,4.0,,0,14240322148210157220,251416,1,1
15916,,,14,7,13,0,2024,3,14,6,3,5,3,0,,0,1,0,0,0,,"737235,474600000306964","5691252,085599999874830",12.405018347000066,51.32301095200006,3,,3,Südost,,,,3.0,,1,14240322144200156220,251418,0,1
15917,,,14,7,13,0,2024,4,7,5,3,5,2,0,,1,0,0,0,0,,"734999,051099999807775","5692265,219900000840425",12.373647188000064,51.33303332300005,0,,0,Mitte,,,,0.0,,1,14240411144200277040,251424,0,1
15918,,,14,7,13,0,2024,3,13,5,3,0,7,0,,0,1,0,0,0,,"727619,882500000298023","5689725,652699999511242",12.266278184000043,51.313235795000026,6,,6,West,,,,6.0,,0,14240321148320169381,251437,0,1
15919,,,14,7,13,0,2024,3,8,5,3,5,3,0,,1,1,0,0,0,,"732056,480999999679625","5692938,801000000908971",12.331919590000041,51.34028807200008,7,,7,Alt-West,,,,7.0,,0,14240321148310169170,251438,0,1
15920,,,14,7,13,0,2024,3,5,5,3,2,6,2,,0,1,0,0,0,,"740374,513000000268221","5699642,342499999329448",12.455654301000038,51.397001180000075,1,,1,Nordost,,,,1.0,,0,14240321148110157210,251439,0,1
15921,,,14,7,13,0,2024,3,16,5,2,8,1,0,,0,1,0,0,0,,"737397,661999999545515","5692846,919999999925494",12.408404192000035,51.33725865700006,3,,3,Südost,,,,3.0,,0,14240321144200155710,251441,0,1
15922,,,14,7,13,0,2024,3,7,4,3,5,2,0,,1,1,0,0,0,,"736790,744300000369549","5693680,244799999520183",12.400261002000036,51.34499171400006,2,,2,Ost,,,,2.0,,0,14240320148410150820,251457,0,1
15923,,,14,7,13,0,2024,3,13,4,3,5,2,0,,1,0,0,0,0,,"733261,238099999725819","5692086,861300000920892",12.348628289000033,51.33214761600004,5,,5,Südwest,,,,5.0,,0,14240320148320209230,251458,0,1
15924,,,14,7,13,0,2024,3,14,4,3,5,3,0,,0,1,0,0,0,,"733063,132000000216067","5691844,608899999409914",12.345631103000073,51.33005420900008,5,,5,Südwest,,,,5.0,,0,14240320148310169370,251460,0,1
15925,,,14,7,13,0,2024,3,16,3,3,1,7,0,,1,1,0,0,0,,"734906,376000000163913","5692040,520300000905991",12.372171087000027,51.33105461100007,0,,0,Mitte,,,,0.0,,0,14240319148410150810,251467,0,1
15926,,,14,7,13,0,2024,3,13,3,3,4,2,0,,1,0,0,1,0,,"737070,753999999724329","5696295,547800000756979",12.406016708000038,51.36835013600006,1,,1,Nordost,,,,1.0,,0,14240319148110150400,251468,0,1
15927,,,14,7,13,0,2024,3,11,3,3,5,3,0,,1,1,0,0,0,,"736687,365699999965727","5693032,265499999746680",12.398348654000074,51.33921840600004,3,,3,Südost,,,,3.0,,0,14240319144200187550,251469,0,1
15928,,,14,7,29,260,2024,3,14,2,2,8,1,0,,0,0,0,0,1,,"740558,916600000113249","5685794,394899999722838",12.448950025000045,51.27262891300006,3,,3,Südost,,,,3.0,,0,14240318144200150770,251488,0,1
15929,,,14,7,13,0,2024,3,17,1,3,1,5,0,,1,1,0,0,0,,"728173,644999999552965","5697962,758600000292063",12.279490787000043,51.38696056500004,8,,8,Nordwest,,,,8.0,,0,14240317148110150800,251499,0,1
15930,,,14,7,13,0,2024,3,3,7,3,5,3,2,,1,1,0,0,0,,"735039,168800000101328","5692577,358400000259280",12.374427965000052,51.335818620000055,0,,0,Mitte,,,,0.0,,0,14240316148410142440,251507,0,1
15931,,,14,7,13,0,2024,3,19,7,3,5,3,2,,1,0,0,1,0,,"734489,537800000049174","5690898,577999999746680",12.365447087000064,51.32097599000008,4,,4,Süd,,,,4.0,,0,14240316144200168270,251508,0,1
15932,,,14,7,13,0,2024,5,14,2,3,6,4,0,,0,1,1,0,0,,"736892,747100000269711","5693769,825300000607967",12.401782568000044,51.34575330600006,2,,2,Ost,,,,2.0,,0,14240513148410295040,251516,0,1
15933,,,14,7,13,0,2024,3,13,6,3,5,3,0,,1,1,0,0,0,,"735528,639000000432134","5692695,961999999359250",12.381520516000023,51.33668074900004,0,,0,Mitte,,,,0.0,,0,14240315148410156680,251520,0,1
15934,,,14,7,13,0,2024,3,9,6,3,5,3,0,,0,1,0,0,0,,"731005,790099999867380","5693542,798000000417233",12.317252564000057,51.346137902000066,7,,7,Alt-West,,,,7.0,,0,14240315148310187810,251521,0,1
15935,,,14,7,13,0,2024,3,15,6,3,2,6,0,,1,1,0,0,0,,"732185,562699999660254","5692658,194099999964237",12.333586688000025,51.33771644400008,7,,7,Alt-West,,,,7.0,,0,14240315144200150760,251522,0,1
15936,,,14,7,13,0,2024,3,15,6,3,5,3,0,,1,1,0,0,0,,"735064,428999999538064","5699078,755599999800324",12.379086950000044,51.39416671500004,9,,9,Nord,,,,9.0,,0,14240315144200141270,251523,0,1
15937,,,14,7,13,0,2024,4,9,4,3,2,7,0,,1,1,0,0,0,,"732317,940000000409782","5690908,131899999454618",12.33434296300004,51.32195251400003,5,,5,Südwest,,,,5.0,,0,14240417148310228280,251540,0,1
15938,,,14,7,13,0,2024,3,15,5,3,5,7,0,,0,1,0,0,0,,"735463,258799999952316","5691890,548299999907613",12.380051345000027,51.32947816700005,0,,0,Mitte,,,,0.0,,1,14240314148410156400,251541,0,1
15939,,,14,7,13,0,2024,3,8,5,3,5,3,0,,1,1,0,0,0,,"735330,552199999801815","5692191,364800000563264",12.378348566000057,51.33223331500005,0,,0,Mitte,,,,0.0,,0,14240314148410142450,251542,1,1
15940,,,14,7,13,0,2024,3,11,5,3,5,3,0,,1,1,0,0,0,,"735598,464200000278652","5689730,889900000765920",12.380561660000069,51.310036367000066,4,,4,Süd,,,,4.0,,0,14240314148210142190,251543,0,1
15941,,,14,7,13,0,2024,3,9,5,3,5,3,0,,0,1,0,1,0,,"737267,447100000455976","5694404,814899999648333",12.407576271000039,51.35129675400003,1,,1,Nordost,,,,1.0,,0,14240314148110136230,251545,1,1
15942,,,14,7,13,0,2024,3,13,5,3,1,5,0,,1,1,0,0,0,,"735776,420300000347197","5693098,926100000739098",12.385338019000073,51.340195193000056,0,,0,Mitte,,,,0.0,,0,14240314144200156390,251546,0,1
15943,,,14,7,13,0,2024,4,12,1,2,5,3,0,,0,1,0,1,0,,"740838,722599999979138","5688373,132899999618530",12.454691965000052,51.29565677000005,3,,3,Südost,,,,3.0,,0,14240407148210228260,251548,0,1
15944,,,14,7,13,0,2024,3,15,4,3,1,5,0,,1,1,0,0,0,,"735442,467600000090897","5693192,357599999755621",12.38061377300005,51.341172233000066,0,,0,Mitte,,,,0.0,,0,14240313148415142460,251558,0,1
15945,,,14,7,13,0,2024,3,7,4,3,0,7,0,,1,0,0,0,0,,"733698,314899999648333","5692438,010999999940395",12.355121619000045,51.33512032200008,0,,0,Mitte,,,,0.0,,0,14240313148410136270,251559,0,1
15946,,,14,7,13,0,2024,3,15,4,3,3,2,0,,1,1,0,0,0,,"736675,507899999618530","5689792,154699999839067",12.396027545000038,51.310139519000074,4,,4,Süd,,,,4.0,,0,14240313144200187541,251560,0,1
15947,,,14,7,13,0,2024,3,15,4,3,0,3,0,,0,1,0,0,0,,"728559,534300000406802","5690486,835599999874830",12.280226063000043,51.31969258300006,6,,6,West,,,,6.0,,1,14240313144200141730,251561,0,1
15948,,,14,7,13,0,2024,3,8,4,2,6,7,0,,1,0,1,0,0,,"736459,393500000238419","5694666,553899999707937",12.396167027000047,51.35398288300007,1,,1,Nordost,,,,1.0,,0,14240313144200141720,251562,0,1
15949,,,14,7,13,0,2024,3,16,4,2,6,4,0,,1,0,1,0,0,,"734846,100300000049174","5689561,600400000810623",12.369674762000045,51.30882763500006,4,,4,Süd,,,,4.0,,0,14240313144200136200,251563,0,1
15950,,,14,7,13,0,2024,3,15,4,3,3,2,0,,1,1,0,0,0,,"736080,459599999710917","5692628,957000000402331",12.389383820000035,51.33585049700008,0,,0,Mitte,,,,0.0,,0,14240313144200136000,251564,0,1
15951,,,14,7,13,0,2024,3,9,3,3,5,3,0,,1,0,0,0,0,,"734821,009600000455976","5694102,497199999168515",12.372307392000039,51.34959897500005,0,,0,Mitte,,,,0.0,,1,14240312148410141790,251581,0,1
15952,,,14,7,13,0,2024,3,7,3,3,6,4,0,,0,1,1,0,0,,"735058,245600000023842","5690911,830800000578165",12.373602878000042,51.320860312000036,4,,4,Süd,,,,4.0,,0,14240312148211141750,251583,0,1
15953,,,14,7,13,0,2024,3,11,3,3,2,6,0,,0,1,0,0,0,,"730266,218000000342727","5694055,961699999868870",12.306983239000033,51.35104459300004,7,,7,Alt-West,,,,7.0,,0,14240312144200168480,251587,0,1
15954,,,14,7,13,0,2024,3,9,3,3,8,1,0,,1,1,0,0,0,,"734643,452700000256300","5693232,190500000491738",12.369188649000023,51.341860068000074,0,,0,Mitte,,,,0.0,,0,14240312144200156240,251588,0,1
15955,,,14,7,13,0,2024,3,7,3,2,5,3,0,,1,0,0,0,1,,"734735,388799999840558","5690350,893999999389052",12.36860854200006,51.31595836500003,4,,4,Süd,,,,4.0,,0,14240312144200135850,251589,0,1
15956,,,14,7,13,0,2024,5,14,5,3,0,4,0,,1,0,1,0,0,,"737757,093000000342727","5691460,834300000220537",12.412630066000077,51.32466696800003,3,,3,Südost,,,,3.0,,0,14240502144200282350,251590,0,1
15957,,,14,7,13,0,2024,4,16,3,3,6,4,0,,0,1,1,0,0,,"734987,068199999630451","5693900,769500000402331",12.37455459000006,51.34771957500004,0,,0,Mitte,,,,0.0,,0,14240402148410187580,251599,0,1
15958,,,14,7,13,0,2024,3,5,2,3,3,2,2,,1,1,0,0,0,,"735183,766999999992549","5688966,152000000700355",12.374118320000036,51.30334324000006,4,,4,Süd,,,,4.0,,0,14240311148224135880,251603,1,1
15959,,,14,7,13,0,2024,3,16,2,3,4,2,0,,0,1,0,0,0,,"735008,926599999889731","5691285,349500000476837",12.373142571000074,51.32423353900003,4,,4,Süd,,,,4.0,,1,14240311148210156660,251604,0,1
15960,,,14,7,13,0,2024,3,9,2,3,5,2,0,,1,1,0,0,0,,"734743,756099999882281","5690558,415200000628829",12.368864988000041,51.31781771800007,4,,4,Süd,,,,4.0,,0,14240311144200200380,251605,0,1
15961,,,14,7,13,0,2024,3,7,2,3,6,4,0,,0,1,1,0,0,,"738717,457200000062585","5690966,119400000199676",12.426056950000032,51.31982432600006,3,,3,Südost,,,,3.0,,0,14240311144200124540,251606,0,1
15962,,,14,7,13,0,2024,3,9,7,3,5,3,0,,1,1,0,0,0,,"728492,096400000154972","5694741,283700000494719",12.281989165000027,51.35791280700005,7,,7,Alt-West,,,,7.0,,0,14240323148310169990,251607,1,1
15963,,,14,7,13,0,2024,3,4,1,3,0,1,2,,0,0,0,0,0,,"732638,696399999782443","5696063,635700000450015",12.342306675000032,51.36810072900005,8,,8,Nordwest,,,,8.0,,1,14240310148120135870,251618,0,1
15964,,,14,7,13,0,2024,3,11,7,3,0,2,0,,1,1,0,0,0,,"737278,643299999646842","5693754,562200000509620",12.407303358000036,51.34545538100008,2,,2,Ost,,,,2.0,,0,14240309148410135900,251622,0,1
15965,,,14,7,13,0,2024,3,15,7,3,2,6,0,,1,1,0,0,0,,"734083,730399999767542","5695236,003499999642372",12.362484413000061,51.36007793400006,9,,9,Nord,,,,9.0,,0,14240309148110135530,251623,0,1
15966,,,14,7,13,0,2024,3,12,7,3,5,2,0,,0,1,0,0,0,,"735507,158699999563396","5689738,654999999329448",12.379259105000074,51.31014385100008,4,,4,Süd,,,,4.0,,0,14240309144200124280,251624,0,1
15967,,,14,7,13,0,2024,3,7,6,3,6,4,0,,1,1,1,0,0,,"734806,547799999825656","5691638,168099999427795",12.370475585000065,51.327484146000074,0,,0,Mitte,,,,0.0,,0,14240308148410135560,251635,0,1
15968,,,14,7,13,0,2024,7,17,7,3,8,1,0,,0,1,0,0,0,,"737171,425599999725819","5690776,861999999731779",12.403784697000049,51.31877198700005,0,,0,Mitte,,,,0.0,,0,14240720148410475130,251641,0,1
15969,,,14,7,13,0,2024,7,11,7,2,3,2,0,,1,1,0,0,0,,"731858,180499999783933","5689283,177799999713898",12.326699921000056,51.307553090000056,5,,5,Südwest,,,,5.0,,0,14240720148310475460,251642,0,1
15970,,,14,7,13,0,2024,7,18,6,3,1,5,0,,0,1,0,0,0,,"728831,070799999870360","5689913,225999999791384",12.283748158000037,51.31443402900004,6,,6,West,,,,6.0,,0,14240719148310521000,251647,0,1
15971,,,14,7,13,0,2024,7,12,6,3,5,3,0,,1,1,0,0,0,,"728492,086099999956787","5694741,640300000086427",12.281989246000023,51.35791601200003,7,,7,Alt-West,,,,7.0,,0,14240719148310475450,251648,0,1
15972,,,14,7,13,0,2024,7,22,6,3,6,4,2,,0,1,1,0,0,,"731364,257199999876320","5696702,586300000548363",12.324445882000077,51.37435693700007,8,,8,Nordwest,,,,8.0,,0,14240719144200475780,251649,0,1
15973,,,14,7,13,0,2024,7,15,7,3,2,1,0,,0,1,0,0,0,,"734734,227800000458956","5691605,469000000506639",12.369417877000046,51.32722046900005,0,,0,Mitte,,,,0.0,,0,14240720144200474981,251657,0,1
15974,,,14,7,13,0,2024,7,13,5,3,3,2,0,,1,1,0,0,0,,"736676,584400000050664","5689792,778899999335408",12.396043377000069,51.31014467400007,4,,4,Süd,,,,4.0,,0,14240718148210475440,251659,0,1
15975,,,14,7,13,0,2024,7,13,5,3,0,6,0,,1,1,0,0,0,,"734691,722299999557436","5695457,504000000655651",12.37134780100007,51.36181541900004,9,,9,Nord,,,,9.0,,0,14240718148110470510,251660,0,1
15976,,,14,7,13,0,2024,7,13,5,1,6,4,0,,0,0,1,0,0,,"731982,984600000083447","5690713,312799999490380",12.329417479000028,51.32034032100006,5,,5,Südwest,,,,5.0,,1,14240718144200494000,251661,0,1
15977,,,14,7,13,0,2024,7,11,5,3,6,2,0,,0,1,1,0,0,,"735618,336199999786913","5689339,974400000646710",12.38058813200007,51.30651914400005,4,,4,Süd,,,,4.0,,0,14240718144200474360,251662,0,1
15978,,,14,7,13,0,2024,7,22,4,3,1,1,2,,0,1,0,0,0,,"734037,620299999602139","5695111,276499999687076",12.361741240000072,51.358977321000054,9,,9,Nord,,,,9.0,,0,14240717148410475140,251675,0,1
15979,,,14,7,13,0,2024,7,8,4,3,1,5,0,,1,1,0,0,0,,"736257,086199999786913","5691520,433499999344349",12.391179932000057,51.32582679700005,0,,0,Mitte,,,,0.0,,0,14240717148410470290,251676,0,1
15980,,,14,7,13,0,2024,7,16,4,3,5,3,0,,1,1,0,0,0,,"735143,337000000290573","5689221,822000000625849",12.373707812000077,51.30565494200005,4,,4,Süd,,,,4.0,,0,14240717148210590030,251677,0,1
15981,,,14,7,13,0,2024,7,17,4,3,3,6,0,,1,1,0,0,0,,"732365,122800000011921","5688136,520800000056624",12.333213852000029,51.29705308900003,5,,5,Südwest,,,,5.0,,0,14240717148210568890,251678,0,1
15982,,,14,7,13,0,2024,7,20,4,3,6,7,1,,0,1,1,0,0,,"733398,200799999758601","5693483,412799999117851",12.351505967000037,51.34462769700008,0,,0,Mitte,,,,0.0,,0,14240717144200547850,251680,0,1
15983,,,14,7,13,0,2024,7,23,4,3,5,3,2,,0,1,0,0,0,,"732740,805700000375509","5692081,406799999997020",12.341167208000059,51.332311841000035,5,,5,Südwest,,,,5.0,,0,14240717144200528880,251681,0,1
15984,,,14,7,13,0,2024,7,16,4,2,5,3,0,,1,1,0,0,0,,"735271,439299999736249","5691395,443399999290705",12.376976121000041,51.325113292000026,4,,4,Süd,,,,4.0,,0,14240717144200474340,251682,0,1
15985,,,14,7,13,0,2024,7,18,3,3,5,4,0,,1,0,1,0,0,,"735088,957999999634922","5689798,683000000193715",12.373309129000063,51.31085555000004,4,,4,Süd,,,,4.0,,0,14240716148310474690,251693,0,1
15986,,,14,7,13,0,2024,7,14,3,3,5,2,0,,0,1,0,0,0,,"740595,053600000217557","5700205,562300000339746",12.459200375000023,51.40196289600004,1,,1,Nordost,,,,1.0,,0,14240716144200470261,251694,0,1
15987,,,14,7,13,0,2024,7,14,3,3,3,2,0,,0,1,0,0,0,,"733212,084499999880791","5693901,709599999710917",12.349112314000024,51.348458950000065,0,,0,Mitte,,,,0.0,,0,14240716144200458530,251695,0,1
15988,,,14,7,13,0,2024,7,8,2,3,6,4,0,,0,0,1,0,0,,"735906,099600000306964","5692687,849400000646710",12.386924246000035,51.33645148100004,0,,0,Mitte,,,,0.0,,1,14240715148410487590,251711,0,1
15989,,,14,7,13,0,2024,7,15,2,3,2,6,0,,0,1,0,0,0,,"734807,346499999985099","5692630,681800000369549",12.371141055000066,51.33639303000007,0,,0,Mitte,,,,0.0,,0,14240715148410487130,251712,0,1
15990,,,14,7,13,0,2024,7,18,2,3,3,6,0,,1,1,0,0,0,,"734076,943099999800324","5695155,534900000318885",12.362334152000074,51.35935840700006,9,,9,Nord,,,,9.0,,0,14240715148110474380,251714,0,1
15991,,,14,7,13,0,2024,7,7,2,3,2,2,0,,1,0,0,1,0,,"738697,950600000098348","5695294,796000000089407",12.428678392000052,51.35868618000006,1,,1,Nordost,,,,1.0,,0,14240715148110458070,251715,0,1
15992,,,14,7,13,0,2024,7,16,2,3,5,3,0,,0,1,0,0,0,,"728613,359600000083447","5691285,251499999314547",12.281509191000055,51.32683853600008,6,,6,West,,,,6.0,,1,14240715144200458000,251717,0,1
15993,,,14,7,13,0,2024,7,16,1,3,1,6,0,,0,1,0,0,0,,"734066,064500000327826","5692784,257500000298023",12.36061902800003,51.33807717600007,0,,0,Mitte,,,,0.0,,0,14240714148410458600,251733,0,1
15994,,,14,7,13,0,2024,7,11,7,3,0,3,0,,0,1,0,0,0,,"736394,914099999703467","5691425,192900000140071",12.39309139900007,51.324914645000035,0,,0,Mitte,,,,0.0,,1,14240713148410475120,251748,0,1
15995,,,14,7,13,0,2024,7,13,7,2,9,1,0,,0,1,0,0,0,,"733195,515700000338256","5693954,720899999141693",12.348909535000075,51.348941608000075,0,,0,Mitte,,,,0.0,,0,14240713148410458590,251749,0,1
15996,,,14,7,13,0,2024,7,5,7,3,0,1,2,,1,0,0,0,0,,"733699,073300000280142","5690728,553899999707937",12.354011625000055,51.31977494700004,4,,4,Süd,,,,4.0,,0,14240713148211528970,251750,1,1
15997,,,14,7,13,0,2024,7,0,7,3,2,6,2,,0,1,0,0,0,,"740603,603000000119209","5700102,586600000038743",12.45925324600006,51.40103501400006,1,,1,Nordost,,,,1.0,,0,14240713148110509201,251751,0,1
15998,,,14,7,13,0,2024,7,16,6,3,0,7,0,,1,1,0,0,0,,"733632,114599999971688","5692378,228499999269843",12.354133750000074,51.334610878000035,0,,0,Mitte,,,,0.0,,0,14240712148410457370,251756,0,1
15999,,,14,7,13,0,2024,7,14,6,3,5,3,0,,0,1,0,1,0,,"740846,778099999763072","5696477,894500000402331",12.460285273000068,51.36839848400007,2,,2,Ost,,,,2.0,,0,14240712148211475031,251757,0,1
16000,,,14,7,13,0,2024,7,11,6,2,4,6,0,,1,0,0,0,0,,"735543,919599999673665","5695781,337099999189377",12.383781181000074,51.364369596000074,9,,9,Nord,,,,9.0,,0,14240712148110470500,251758,0,1
16001,,,14,7,13,0,2024,7,15,6,3,5,2,0,,0,1,0,0,0,,"735481,593299999833107","5697589,933299999684095",12.384085491000064,51.38062981500008,9,,9,Nord,,,,9.0,,0,14240712144200458540,251759,0,1
16002,,,14,7,13,0,2024,7,15,5,3,2,2,0,,0,1,0,0,0,,"735756,202999999746680","5692867,493000000715256",12.384895093000068,51.33812616900008,0,,0,Mitte,,,,0.0,,0,14240711148410474420,251774,0,1
16003,,,14,7,13,0,2024,7,12,5,3,5,3,0,,1,1,0,0,0,,"730882,984100000001490","5689418,017200000584126",12.312820214000055,51.30915988000004,5,,5,Südwest,,,,5.0,,0,14240711148320458120,251775,0,1
16004,,,14,7,13,0,2024,7,16,4,3,5,3,0,,0,1,0,0,0,,"737521,796500000171363","5693457,439200000837445",12.410590189000061,51.342686866000065,2,,2,Ost,,,,2.0,,1,14240710148410474440,251787,0,1
16005,,,14,7,13,0,2024,7,20,4,3,2,6,1,,1,1,0,0,0,,"731928,093299999833107","5688921,155300000682473",12.327465930000074,51.30427479000008,5,,5,Südwest,,,,5.0,,0,14240710148320527730,251788,1,1