UNFALL_ID,FID_left,OBJECTID,ULAND,UREGBEZ,UKREIS,UGEMEINDE,UJAHR,UMONAT,USTUNDE,UWOCHENTAG,UKATEGORIE,UART,UTYP1,ULICHTVERH,IstStrasse,IstRad,IstPKW,IstFuss,IstKrad,IstGkfz,IstSonstig,LINREFX,LINREFY,XGCSWGS84,YGCSWGS84,index_right,FID_right,SBZ,Name,UIDENTSTLA,LICHT,STRZUSTAND,FID,OBJECTID_1,IstSonstige,UIDENTSTLAE,OID_,IstStrassenzustand,PLST
16006,,,14,7,13,0,2024,7,3,4,3,8,7,1,,0,1,0,0,0,,"741396,550099999643862","5693989,706900000572205",12.466480402000059,51.34583247900008,2,,2,Ost,,,,2.0,,0,14240710148220451560,251789,0,1
16007,,,14,7,13,0,2024,7,8,4,3,2,6,0,,0,1,0,0,0,,"738675,421600000001490","5693608,505799999460578",12.427224674000058,51.343559748000075,2,,2,Ost,,,,2.0,,1,14240710148211458090,251790,0,1
16008,,,14,7,13,0,2024,7,14,4,3,5,3,0,,0,1,0,0,0,,"730420,625599999912083","5690953,459499999880791",12.307189951000055,51.323130922000075,7,,7,Alt-West,,,,7.0,,0,14240710144200458020,251791,0,1
16009,,,14,7,13,0,2024,7,19,4,3,0,2,0,,1,0,0,1,0,,"737962,889600000344217","5698052,387499999254942",12.41998583700007,51.38374633900003,1,,1,Nordost,,,,1.0,,0,14240710144200457070,251792,1,1
16010,,,14,7,13,0,2024,7,11,3,3,5,3,0,,1,1,0,0,0,,"732560,455000000074506","5691509,437999999150634",12.338209604000042,51.327251208000064,5,,5,Südwest,,,,5.0,,0,14240709148415451600,251798,0,1
16011,,,14,7,13,0,2024,7,18,3,3,0,2,0,,1,1,0,0,0,,"736987,002000000327826","5692281,095000000670552",12.402142991000062,51.33235102100008,3,,3,Südost,,,,3.0,,0,14240709148410470570,251799,0,1
16012,,,14,7,13,0,2024,7,10,3,3,1,5,0,,1,1,0,0,0,,"730549,867200000211596","5689781,332599999383092",12.308283838000023,51.312556380000046,5,,5,Südwest,,,,5.0,,0,14240709148320475070,251800,0,1
16013,,,14,7,13,0,2024,7,14,3,3,5,3,0,,1,1,0,0,0,,"732569,534900000318885","5691514,707100000232458",12.338343139000074,51.32729479500006,5,,5,Südwest,,,,5.0,,0,14240709148310528500,251801,0,1
16014,,,14,7,13,0,2024,7,8,4,3,5,3,0,,0,1,0,0,0,,"736836,064500000327826","5689879,182399999350309",12.398384776000057,51.310853920000056,4,,4,Süd,,,,4.0,,0,14240710148211475020,251802,0,1
16015,,,14,7,13,0,2024,7,14,3,3,0,2,0,,0,1,0,0,0,,"737154,046000000089407","5692933,167999999597669",12.404970564000052,51.33813446800008,2,,2,Ost,,,,2.0,,1,14240709148210547370,251803,0,1
16016,,,14,7,13,0,2024,7,13,3,3,2,6,0,,0,1,0,0,0,,"735394,369800000451505","5690886,014399999752641",12.378400961000068,51.320489628000075,4,,4,Süd,,,,4.0,,0,14240709144200700020,251804,0,1
16017,,,14,7,13,0,2024,7,16,2,3,1,5,0,,1,1,0,0,0,,"734655,123200000263751","5694757,491499999538064",12.370361341000034,51.35554696000003,0,,0,Mitte,,,,0.0,,0,14240708148410457090,251816,0,1
16018,,,14,7,13,0,2024,7,11,2,3,0,1,0,,1,0,0,0,0,,"735053,138799999840558","5693224,910299999639392",12.375055480000071,51.34162550900004,0,,0,Mitte,,,,0.0,,0,14240708148410443040,251817,0,1
16019,,,14,7,13,0,2024,7,16,2,3,1,5,0,,1,1,0,0,0,,"731974,704900000244379","5692896,550200000405312",12.330720042000053,51.339942163000046,7,,7,Alt-West,,,,7.0,,0,14240708148310470280,251818,0,1
16020,,,14,7,13,0,2024,7,19,2,3,1,5,0,,1,1,0,0,0,,"735072,094999999739230","5690381,015000000596046",12.373451369000065,51.316089771000065,4,,4,Süd,,,,4.0,,0,14240708148210443151,251819,0,1
16021,,,14,7,13,0,2024,7,9,1,3,0,1,0,,0,0,0,1,0,,"741120,390999999828637","5692480,822100000455976",12.461501081000051,51.332406597000045,2,,2,Ost,,,,2.0,,0,14240707148210442590,251835,0,1
16022,,,14,7,13,0,2024,7,16,7,2,0,7,0,,1,0,0,0,0,,"737104,349299999885261","5691756,581000000238419",12.403475446000073,51.32759402100004,3,,3,Südost,,,,3.0,,0,14240706148410442630,251840,1,1
16023,,,14,7,13,0,2024,7,3,6,3,0,1,2,,1,0,0,0,0,,"735099,427899999544024","5694210,306600000709295",12.376369562000036,51.35045162900008,0,,0,Mitte,,,,0.0,,0,14240705148410451580,251852,0,1
16024,,,14,7,13,0,2024,7,19,6,3,0,7,0,,0,0,0,1,0,,"731831,947100000455976","5689801,937000000849366",12.32666129100005,51.312220600000046,5,,5,Südwest,,,,5.0,,1,14240705148310474680,251853,1,1
16025,,,14,7,13,0,2024,7,13,6,3,5,3,0,,0,1,0,0,0,,"734633,769000000320375","5690884,801000000908971",12.367504223000026,51.32079286700008,4,,4,Süd,,,,4.0,,0,14240705148211492550,251854,0,1
16026,,,14,7,13,0,2024,7,7,6,3,5,3,0,,1,1,0,0,0,,"737350,468200000002980","5690245,264900000765920",12.405995595000036,51.313925667000035,3,,3,Südost,,,,3.0,,0,14240705148210457080,251855,0,1
16027,,,14,7,13,0,2024,7,18,6,2,3,2,0,,1,1,0,0,0,,"733496,317999999970198","5695761,516000000759959",12.354407069000047,51.36503688800008,9,,9,Nord,,,,9.0,,0,14240705144200442250,251856,0,1
16028,,,14,7,13,0,2024,7,17,5,3,5,3,0,,1,1,0,0,0,,"734474,421000000089407","5693080,178899999707937",12.366665983000075,51.34056527400003,0,,0,Mitte,,,,0.0,,0,14240704148410436140,251869,0,1
16029,,,14,7,13,0,2024,7,17,5,3,0,1,0,,1,0,0,0,0,,"735032,264499999582767","5691331,578199999406934",12.37350740100004,51.32463886600004,4,,4,Süd,,,,4.0,,0,14240704148210436130,251870,1,1
16030,,,14,7,13,0,2024,7,10,5,1,3,6,0,,1,0,0,0,1,,"735031,895800000056624","5692447,510800000280142",12.374238079000065,51.33465606400006,0,,0,Mitte,,,,0.0,,0,14240704144200451530,251872,0,1
16031,,,14,7,13,0,2024,7,21,5,2,5,3,2,,0,1,0,1,0,,"738441,887500000186265","5690927,394600000232458",12.422083673000031,51.319592268000065,3,,3,Südost,,,,3.0,,0,14240704144200441960,251873,0,1
16032,,,14,7,13,0,2024,7,18,4,3,5,3,0,,1,1,0,0,0,,"735058,902400000020862","5690888,369999999180436",12.373596821000035,51.32064944700005,4,,4,Süd,,,,4.0,,0,14240703148210443000,251885,0,1
16033,,,14,7,13,0,2024,7,18,4,3,3,7,0,,0,1,0,0,0,,"734965,823300000280142","5695940,560900000855327",12.375597045000063,51.36603821300008,9,,9,Nord,,,,9.0,,1,14240703148110442280,251886,0,1
16034,,,14,7,13,0,2024,7,2,4,2,1,7,2,,0,1,0,0,0,,"730281,781799999997020","5690127,432499999180436",12.304667254000037,51.31577185900005,6,,6,West,,,,6.0,,0,14240703144200474320,251887,1,1
16035,,,14,7,13,0,2024,7,11,4,3,2,6,0,,0,1,0,0,0,,"739889,061200000345707","5693963,751599999144673",12.444857354000021,51.34623758600003,2,,2,Ost,,,,2.0,,0,14240703144200436080,251888,0,1
16036,,,14,7,13,0,2024,7,21,3,3,0,1,2,,1,0,0,0,0,,"734814,942499999888241","5692550,616599999368191",12.371197135000045,51.33567119600008,0,,0,Mitte,,,,0.0,,0,14240702148410435200,251895,1,1
16037,,,14,7,13,0,2024,7,22,3,3,1,6,2,,0,1,0,0,0,,"733828,832100000232458","5692560,025100000202656",12.357072039000059,51.33616194000007,0,,0,Mitte,,,,0.0,,1,14240702148320435720,251896,1,1
16038,,,14,7,13,0,2024,7,9,3,3,6,4,0,,1,0,1,0,0,,"734835,523299999535084","5692208,790699999779463",12.371266756000068,51.33259433100005,0,,0,Mitte,,,,0.0,,0,14240702144200450820,251897,0,1
16039,,,14,7,13,0,2024,7,9,3,2,0,7,0,,0,1,0,0,0,,"736855,535500000230968","5697028,509099999442697",12.40341882100006,51.375019010000074,1,,1,Nordost,,,,1.0,,0,14240702144200441710,251898,0,1
16040,,,14,7,13,0,2024,7,20,3,3,9,7,1,,0,1,0,0,0,,"730680,527599999681115","5695464,703999999910593",12.31383603100005,51.36352274400008,7,,7,Alt-West,,,,7.0,,0,14240702144200441701,251900,0,1
16041,,,14,7,13,0,2024,7,22,3,3,0,1,2,,0,0,0,0,0,,"735422,163800000213087","5693078,111700000241399",12.380247266000026,51.34015513200006,0,,0,Mitte,,,,0.0,,1,14240702144200435140,251901,1,1
16042,,,14,7,13,0,2024,7,12,2,3,5,3,0,,0,1,0,0,0,,"735719,074900000356138","5697673,130799999460578",12.387547107000046,51.38127807600006,9,,9,Nord,,,,9.0,,0,14240701144200435620,251916,0,1
16043,,,14,7,13,0,2024,7,16,2,3,1,6,0,,0,1,0,0,1,,"736426,393699999898672","5691205,045800000429153",12.39339639000002,51.32292547700007,0,,0,Mitte,,,,0.0,,0,14240701144200425450,251917,1,1
16044,,,14,7,13,0,2024,6,17,1,3,0,3,0,,1,1,0,0,0,,"734264,337700000032783","5695374,735500000417233",12.365165293000075,51.36124882200005,9,,9,Nord,,,,9.0,,0,14240630148410425540,251930,1,1
16045,,,14,7,13,0,2024,6,17,1,3,5,3,0,,1,1,0,0,0,,"730663,929899999871850","5691594,998199999332428",12.311090955000054,51.32879141400008,7,,7,Alt-West,,,,7.0,,0,14240630148310457600,251931,0,1
16046,,,14,7,13,0,2024,6,15,1,3,6,4,0,,0,1,1,0,0,,"737337,819500000216067","5694688,085000000894070",12.408773919000055,51.35381001600007,1,,1,Nordost,,,,1.0,,0,14240630148110492540,251932,0,1
16047,,,14,7,13,0,2024,6,16,1,3,0,1,0,,1,0,0,0,0,,"739837,769000000320375","5689325,676000000908971",12.44100166000004,51.304628999000045,3,,3,Südost,,,,3.0,,0,14240630148110425490,251933,1,1
16048,,,14,7,13,0,2024,6,12,7,3,2,6,0,,0,1,0,0,0,,"734835,339599999599159","5692209,965299999341369",12.37126489800005,51.332604950000075,0,,0,Mitte,,,,0.0,,0,14240629144200458030,251943,0,1
16049,,,14,7,13,0,2024,6,18,7,3,2,2,0,,0,1,0,1,0,,"734001,866700000129640","5695594,216900000348687",12.361546301000033,51.363327138000045,9,,9,Nord,,,,9.0,,0,14240629144200435160,251944,0,1
16050,,,14,7,13,0,2024,6,7,6,3,0,1,0,,1,0,0,0,0,,"734160,182199999690056","5692131,418700000271201",12.361538744000029,51.33217822700004,0,,0,Mitte,,,,0.0,,0,14240628148410424230,251960,0,1
16051,,,14,7,13,0,2024,6,18,6,3,2,6,0,,0,1,0,0,0,,"729770,995500000193715","5691143,389100000262260",12.298004938000076,51.325098652000065,6,,6,West,,,,6.0,,0,14240628148310424571,251961,0,1
16052,,,14,7,13,0,2024,6,15,6,3,0,1,0,,1,0,0,0,0,,"727267,110500000417233","5688203,385900000110269",12.260255307000023,51.299710686000026,6,,6,West,,,,6.0,,0,14240628148310424560,251962,0,1
16053,,,14,7,13,0,2024,6,18,6,3,1,5,0,,1,1,0,0,0,,"735629,713499999605119","5689347,400399999693036",12.380755969000063,51.30658109400008,4,,4,Süd,,,,4.0,,0,14240628148220495400,251963,0,1
16054,,,14,7,13,0,2024,6,21,6,3,0,1,1,,1,0,0,0,0,,"730906,303999999538064","5698049,787100000306964",12.318752928000038,51.386636890000034,8,,8,Nordwest,,,,8.0,,0,14240628148110457590,251965,0,1
16055,,,14,7,13,0,2024,6,19,6,3,3,6,0,,0,1,0,0,0,,"736590,946000000461936","5691287,843000000342727",12.395808683000041,51.323600283000076,0,,0,Mitte,,,,0.0,,0,14240628145200451070,251966,0,1
16056,,,14,7,13,0,2024,7,9,4,3,1,7,0,,0,1,0,0,0,,"741011,500400000251830","5694722,227399999275804",12.461457824000036,51.35257060500004,2,,2,Ost,,,,2.0,,0,14240717148110589050,251981,0,1
16057,,,14,7,13,0,2024,6,20,5,3,1,6,0,,1,1,0,0,0,,"735053,526100000366569","5691079,643100000917912",12.373645901000032,51.32236861200005,4,,4,Süd,,,,4.0,,0,14240627148210425530,251985,1,1
16058,,,14,7,13,0,2024,6,0,5,3,9,1,2,,0,1,0,0,0,,"735917,416100000031292","5700127,203999999910593",12.392022548000057,51.40322379000003,9,,9,Nord,,,,9.0,,0,14240627148110458580,251986,0,1
16059,,,14,7,13,0,2024,6,17,5,3,5,3,0,,1,1,0,0,0,,"735320,335199999623001","5697891,114099999889731",12.381971875000033,51.38340013700008,9,,9,Nord,,,,9.0,,0,14240627148110442570,251987,0,1
16060,,,14,7,13,0,2024,6,10,5,3,5,3,0,,0,1,0,0,0,,"736729,416199999861419","5691324,540200000628829",12.397816775000024,51.323872089000076,3,,3,Südost,,,,3.0,,0,14240627144200424170,251989,0,1
16061,,,14,7,13,0,2024,6,12,4,3,1,5,0,,1,0,0,0,0,,"735170,591099999845028","5688919,429899999871850",12.37389885600004,51.30292928400007,4,,4,Süd,,,,4.0,,1,14240626148210424860,251994,0,1
16062,,,14,7,13,0,2024,6,13,4,3,5,3,0,,0,1,0,0,0,,"734734,660600000061095","5691173,157700000330806",12.369139399000062,51.32333967500006,4,,4,Süd,,,,4.0,,0,14240626148210417890,251995,0,1
16063,,,14,7,13,0,2024,6,17,4,2,5,3,0,,1,0,0,0,0,,"731439,635099999606609","5690431,362700000405312",12.321450417000051,51.31803054000005,5,,5,Südwest,,,,5.0,,0,14240626144200424840,251996,0,1
16064,,,14,7,13,0,2024,6,16,3,2,6,4,0,,1,0,1,0,0,,"735008,892300000414252","5692134,497700000181794",12.37370198800005,51.331855844000074,0,,0,Mitte,,,,0.0,,0,14240625148422567660,252012,0,1
16065,,,14,7,13,0,2024,6,13,3,3,5,3,0,,1,1,0,0,0,,"730661,690299999900162","5690360,883500000461936",12.31026037600003,51.31771370100006,6,,6,West,,,,6.0,,0,14240625148310457350,252013,0,1
16066,,,14,7,13,0,2024,6,22,3,3,5,3,2,,1,1,0,0,0,,"731708,520700000226498","5693083,758199999108911",12.327026858000067,51.34173121900005,7,,7,Alt-West,,,,7.0,,0,14240625148310424890,252014,0,1
16067,,,14,7,13,0,2024,6,6,3,2,1,5,0,,1,1,0,0,0,,"737336,143799999728799","5692471,949699999764562",12.407272829000021,51.33391857400005,2,,2,Ost,,,,2.0,,0,14240625148210442581,252016,0,1
16068,,,14,7,13,0,2024,6,17,3,3,1,7,0,,1,1,0,0,0,,"735410,122200000099838","5695526,293600000441074",12.38169387000005,51.362135712000054,9,,9,Nord,,,,9.0,,0,14240625148110436120,252017,0,1
16069,,,14,7,13,0,2024,6,11,3,3,2,6,0,,1,1,0,0,0,,"732342,369500000029802","5696214,075600000098348",12.338155430000029,51.36957245200006,8,,8,Nordwest,,,,8.0,,0,14240625148110416860,252019,0,1
16070,,,14,7,13,0,2024,6,11,3,3,5,2,0,,1,1,0,0,0,,"740031,459999999962747","5694417,543999999761581",12.447204222000039,51.35025057800004,2,,2,Ost,,,,2.0,,0,14240625144200542130,252020,0,1
16071,,,14,7,13,0,2024,7,15,4,3,5,3,0,,1,1,0,0,0,,"731973,565499999560416","5693978,727600000798702",12.331408746000022,51.34965707400005,7,,7,Alt-West,,,,7.0,,0,14240703148310442290,252023,0,1
16072,,,14,7,13,0,2024,6,10,2,3,1,2,0,,0,1,0,0,0,,"735021,678199999965727","5692404,772700000554323",12.374063471000056,51.334276653000074,0,,0,Mitte,,,,0.0,,0,14240624148410403490,252034,0,1
16073,,,14,7,13,0,2024,6,14,2,3,0,1,0,,1,0,0,0,0,,"729226,733699999749660","5694938,406500000506639",12.292649592000032,51.359386536000045,7,,7,Alt-West,,,,7.0,,0,14240624148313403480,252035,0,1
16074,,,14,7,13,0,2024,6,12,2,3,3,2,0,,1,1,0,0,0,,"735461,422299999743700","5691816,605499999597669",12.379976179000039,51.328815192000036,0,,0,Mitte,,,,0.0,,0,14240624144200441690,252037,0,1
16075,,,14,7,13,0,2024,6,9,2,3,5,2,0,,1,1,0,0,0,,"735559,162499999627471","5692147,249700000509620",12.381595144000073,51.33174269600005,0,,0,Mitte,,,,0.0,,0,14240624144200416840,252039,0,1
16076,,,14,7,13,0,2024,6,15,2,3,5,7,0,,0,1,0,0,0,,"734820,132000000216067","5689308,986300000920892",12.369136609000066,51.30657076500006,4,,4,Süd,,,,4.0,,0,14240624144200402770,252040,0,1
16077,,,14,7,13,0,2024,6,14,1,3,1,7,0,,0,1,0,0,0,,"727743,273400000296533","5690590,146500000730157",12.268597787000033,51.32094731600006,6,,6,West,,,,6.0,,0,14240623148310417110,252047,0,1
16078,,,14,7,13,0,2024,6,10,7,3,3,6,0,,0,1,0,0,0,,"737249,053600000217557","5692227,836899999529123",12.405862366000065,51.331763730000034,3,,3,Südost,,,,3.0,,1,14240622148410402470,252056,1,1
16079,,,14,7,13,0,2024,6,8,7,2,8,1,0,,0,1,0,0,0,,"737391,841400000266731","5692865,528400000184774",12.408333183000025,51.33742811600007,3,,3,Südost,,,,3.0,,0,14240622148410401950,252058,1,1
16080,,,14,7,13,0,2024,6,2,7,2,0,1,2,,0,0,0,0,0,,"732051,513899999670684","5690732,547399999573827",12.330411745000049,51.320485044000065,5,,5,Südwest,,,,5.0,,1,14240622148310424900,252059,0,1
16081,,,14,7,13,0,2024,6,18,7,3,5,3,0,,0,1,0,1,0,,"738404,405500000342727","5690913,979599999263883",12.421537798000031,51.31948755900004,3,,3,Südost,,,,3.0,,0,14240622148210494460,252061,0,1
16082,,,14,7,13,0,2024,6,14,7,3,4,2,0,,0,1,0,0,0,,"734783,292999999597669","5691408,055999999865890",12.369990828000027,51.32542815800008,0,,0,Mitte,,,,0.0,,0,14240622148210417100,252062,0,1
16083,,,14,7,13,0,2024,6,20,6,3,0,7,0,,1,1,0,0,0,,"736039,846400000154972","5692571,922399999573827",12.388764046000063,51.33535539800005,0,,0,Mitte,,,,0.0,,0,14240621148410416880,252078,0,1
16084,,,14,7,13,0,2024,6,22,6,3,0,7,2,,0,0,0,0,0,,"739143,179999999701977","5699356,621799999848008",12.437794363000023,51.39495685800006,1,,1,Nordost,,,,1.0,,1,14240621148110403440,252080,1,1
16085,,,14,7,13,0,2024,6,15,6,3,5,3,0,,1,1,0,0,0,,"735404,445199999958277","5691392,581199999898672",12.378879773000051,51.32503258400004,0,,0,Mitte,,,,0.0,,0,14240621144200458050,252081,1,1
16086,,,14,7,13,0,2024,6,16,6,3,6,4,0,,1,0,1,0,0,,"735011,271599999628961","5695131,446599999442697",12.375714182000024,51.35875654500006,9,,9,Nord,,,,9.0,,0,14240621144200417050,252082,1,1
16087,,,14,7,13,0,2024,6,8,6,3,2,6,0,,0,1,0,0,0,,"734185,413499999791384","5692885,857200000435114",12.36239622000005,51.33894004800004,0,,0,Mitte,,,,0.0,,1,14240621144200416850,252083,0,1
16088,,,14,7,13,0,2024,6,16,6,3,6,4,0,,0,1,1,0,0,,"735333,906799999997020","5692188,367100000381470",12.378394654000033,51.33220501900007,0,,0,Mitte,,,,0.0,,0,14240621144200401890,252085,1,1
16089,,,14,7,13,0,2024,6,8,5,3,6,6,0,,0,1,1,0,0,,"738320,861600000411272","5691478,109300000593066",12.420718166000029,51.32458616200006,3,,3,Südost,,,,3.0,,0,14240620148220401590,252097,0,1
16090,,,14,7,13,0,2024,6,15,5,2,4,2,0,,1,1,0,0,0,,"737234,976999999955297","5691250,979000000283122",12.405010482000023,51.32300122700008,3,,3,Südost,,,,3.0,,0,14240620144200436100,252098,0,1
16091,,,14,7,13,0,2024,6,14,4,3,5,2,0,,0,1,0,0,0,,"731152,135599999688566","5690257,978399999439716",12.317219482000041,51.316590932000054,5,,5,Südwest,,,,5.0,,1,14240619148310417900,252112,1,1
16092,,,14,7,13,0,2024,6,7,4,3,5,3,0,,1,1,0,0,0,,"738995,369900000281632","5697612,358400000259280",12.434500025000034,51.379363083000044,1,,1,Nordost,,,,1.0,,0,14240619148110394810,252113,0,1
16093,,,14,7,13,0,2024,6,10,4,3,5,7,0,,1,1,0,0,0,,"738663,172899999655783","5689240,166400000452995",12.424124684000049,51.304355040000075,3,,3,Südost,,,,3.0,,0,14240619144200402380,252114,0,1
16094,,,14,7,13,0,2024,6,16,4,3,4,2,0,,1,0,0,0,0,,"737092,197200000286102","5691692,105799999088049",12.403258453000035,51.327020348000076,3,,3,Südost,,,,3.0,,1,14240619144200394780,252115,1,1
16095,,,14,7,13,0,2024,6,8,3,3,4,2,0,,1,1,0,0,0,,"736168,494199999608099","5692948,079900000244379",12.390856920000033,51.338678465000044,0,,0,Mitte,,,,0.0,,0,14240618148410424250,252132,0,1
16096,,,14,7,13,0,2024,6,15,3,3,5,3,0,,1,1,0,0,0,,"735882,598399999551475","5694517,807600000873208",12.387799743000073,51.35288737800005,9,,9,Nord,,,,9.0,,0,14240618148410424210,252133,0,1
16097,,,14,7,13,0,2024,6,14,3,3,4,2,0,,0,0,0,1,0,,"733821,226200000382960","5692556,557600000873208",12.356960767000032,51.33613394100007,0,,0,Mitte,,,,0.0,,1,14240618148410417920,252134,0,1
16098,,,14,7,13,0,2024,6,9,3,3,5,3,0,,1,1,0,0,0,,"732053,408999999985099","5692045,182000000029802",12.331293459000051,51.33226751600006,7,,7,Alt-West,,,,7.0,,0,14240618148310451570,252135,0,1
16099,,,14,7,13,0,2024,6,17,3,3,5,3,0,,0,1,0,0,0,,"738857,714999999850988","5694361,700099999085069",12.430342567000025,51.35024374800008,2,,2,Ost,,,,2.0,,0,14240618148210402860,252136,1,1
16100,,,14,7,13,0,2024,6,15,3,3,1,3,0,,1,1,0,0,0,,"736169,947100000455976","5691064,780300000682473",12.389629650000074,51.32177291900007,0,,0,Mitte,,,,0.0,,0,14240618148210402430,252137,0,1
16101,,,14,7,13,0,2024,6,15,3,3,6,3,0,,1,0,1,0,0,,"733601,549300000071526","5696692,673800000920892",12.356527793000055,51.373352159000035,9,,9,Nord,,,,9.0,,0,14240618148120401930,252138,1,1
16102,,,14,7,13,0,2024,6,15,3,3,6,4,0,,1,0,1,0,0,,"736726,748499999754131","5694666,809000000357628",12.39999984900004,51.35387388200007,1,,1,Nordost,,,,1.0,,0,14240618144200395300,252140,0,1
16103,,,14,7,13,0,2024,6,23,3,2,0,1,2,,1,0,0,0,0,,"734499,656200000084937","5695126,771800000220537",12.368375882000066,51.35892593600005,9,,9,Nord,,,,9.0,,0,14240618144200394800,252141,1,1
16104,,,14,7,13,0,2024,6,16,3,3,6,4,0,,0,1,1,0,0,,"735096,002500000409782","5694518,513199999928474",12.37652403800007,51.35321961000005,0,,0,Mitte,,,,0.0,,0,14240618144200394770,252142,0,1
16105,,,14,7,13,0,2024,6,18,2,3,6,4,0,,0,0,1,0,0,,"730206,515300000086427","5694101,302899999544024",12.306156673000032,51.35147580200004,7,,7,Alt-West,,,,7.0,,1,14240617148310458100,252163,0,1
16106,,,14,7,13,0,2024,6,15,2,3,5,3,0,,1,1,0,0,0,,"735670,013000000268221","5689236,347999999299645",12.381259757000066,51.305567567000026,4,,4,Süd,,,,4.0,,0,14240617148210395310,252164,0,1
16107,,,14,7,13,0,2024,6,16,2,2,5,7,0,,1,1,0,0,0,,"736908,768299999646842","5697130,085599999874830",12.404249985000035,51.37590856200006,1,,1,Nordost,,,,1.0,,0,14240617144200402780,252165,0,1
16108,,,14,7,13,0,2024,6,19,2,3,9,1,1,,0,0,0,0,0,,"739519,050699999555945","5688262,546099999919534",12.435724482000069,51.295220665000045,3,,3,Südost,,,,3.0,,1,14240617144200394790,252166,0,1
16109,,,14,7,13,0,2024,6,15,6,3,2,6,0,,0,1,0,0,0,,"731176,383500000461936","5696496,273000000044703",12.321617049000054,51.37258140700004,8,,8,Nordwest,,,,8.0,,0,14240621148110402820,252177,0,1
16110,,,14,7,13,0,2024,6,18,1,3,5,2,0,,1,1,0,0,0,,"735173,187800000421703","5693565,280700000002980",12.37700079700005,51.344631151000044,0,,0,Mitte,,,,0.0,,0,14240616148410380490,252181,1,1
16111,,,14,7,13,0,2024,6,18,1,2,5,2,0,,1,1,0,0,0,,"729301,601700000464916","5691013,360500000417233",12.291195824000056,51.32412074200005,6,,6,West,,,,6.0,,0,14240616148310394820,252182,0,1
16112,,,14,7,13,0,2024,6,7,7,3,5,3,0,,0,1,0,0,0,,"739635,100800000131130","5692344,103800000622869",12.440127843000027,51.33180713100006,2,,2,Ost,,,,2.0,,0,14240615148210401580,252196,1,1
16113,,,14,7,13,0,2024,6,10,7,3,0,7,0,,1,0,0,0,0,,"731920,733099999837577","5688959,393400000408292",12.327385373000027,51.30462104600008,5,,5,Südwest,,,,5.0,,0,14240615144200424130,252198,0,1
16114,,,14,7,13,0,2024,6,17,6,3,1,5,0,,0,1,0,0,0,,"738205,474399999715388","5692456,875499999150634",12.419719315000066,51.333419855000045,2,,2,Ost,,,,2.0,,0,14240614148210380981,252214,0,1
16115,,,14,7,13,0,2024,6,10,6,3,0,6,0,,0,1,0,0,0,,"736232,942699999548495","5697156,537399999797344",12.394574652000074,51.376427516000035,9,,9,Nord,,,,9.0,,1,14240614148110402410,252215,0,1
16116,,,14,7,13,0,2024,6,16,6,3,2,6,0,,0,1,0,0,0,,"742363,127799999900162","5694042,789499999955297",12.480369255000028,51.345897699000034,2,,2,Ost,,,,2.0,,0,14240614144310380960,252216,0,1
16117,,,14,7,13,0,2024,6,14,6,2,8,1,0,,0,1,0,1,0,,"729301,855000000447035","5688062,628299999982119",12.289302888000066,51.29763138100003,5,,5,Südwest,,,,5.0,,0,14240614144200403430,252217,0,1
16118,,,14,7,13,0,2024,7,10,4,3,5,7,0,,0,1,1,0,0,,"732918,266599999740720","5691018,945299999788404",12.34301582200004,51.32270183000003,5,,5,Südwest,,,,5.0,,0,14240703148210456510,252228,0,1
16119,,,14,7,13,0,2024,6,16,5,3,3,2,0,,1,1,0,0,0,,"737183,832000000402331","5694051,299699999392033",12.406142142000022,51.34815847700003,2,,2,Ost,,,,2.0,,0,14240613148410401940,252231,0,1
16120,,,14,7,13,0,2024,6,0,5,3,5,3,2,,1,1,0,0,0,,"730419,760999999940395","5690955,813799999654293",12.30717908500003,51.323152407000066,7,,7,Alt-West,,,,7.0,,0,14240613148310442620,252232,0,1
16121,,,14,7,13,0,2024,6,18,5,3,5,3,0,,0,1,0,0,0,,"737886,307799999602139","5690614,649299999698997",12.413916662000076,51.31701757700006,3,,3,Südost,,,,3.0,,0,14240613148210380470,252233,0,1
16122,,,14,7,13,0,2024,6,7,5,3,2,1,0,,0,1,0,1,0,,"732643,403400000184774","5696542,434699999168515",12.342687470000044,51.37239679600003,8,,8,Nordwest,,,,8.0,,0,14240613148110379280,252235,0,1
16123,,,14,7,13,0,2024,6,15,5,3,6,4,0,,1,0,1,0,0,,"736735,150399999693036","5692343,539899999275804",12.39857577500004,51.33301641300005,3,,3,Südost,,,,3.0,,0,14240613144200395270,252236,0,1
16124,,,14,7,13,0,2024,6,15,5,3,2,6,0,,0,1,0,0,0,,"730301,039400000125170","5689872,380799999460578",12.30477843600005,51.31347445700004,5,,5,Südwest,,,,5.0,,0,14240613144200380430,252237,0,1
16125,,,14,7,13,0,2024,6,21,5,2,0,7,1,,0,0,1,0,0,,"735081,663800000213087","5689779,885099999606609",12.37319227200004,51.310689825000054,4,,4,Süd,,,,4.0,,1,14240620148211442610,252238,0,1
16126,,,14,7,13,0,2024,6,16,5,3,1,5,0,,1,1,0,0,0,,"736738,756199999712408","5692256,796299999579787",12.398569809000037,51.33223628800005,3,,3,Südost,,,,3.0,,0,14240613143263380911,252239,0,1