UNFALL_ID,FID_left,OBJECTID,ULAND,UREGBEZ,UKREIS,UGEMEINDE,UJAHR,UMONAT,USTUNDE,UWOCHENTAG,UKATEGORIE,UART,UTYP1,ULICHTVERH,IstStrasse,IstRad,IstPKW,IstFuss,IstKrad,IstGkfz,IstSonstig,LINREFX,LINREFY,XGCSWGS84,YGCSWGS84,index_right,FID_right,SBZ,Name,UIDENTSTLA,LICHT,STRZUSTAND,FID,OBJECTID_1,IstSonstige,UIDENTSTLAE,OID_,IstStrassenzustand,PLST
16490,,,14,7,13,0,2024,8,18,3,3,0,1,0,,1,0,0,0,0,,"734070,246399999596179","5695401,688799999654293",12.36240009900007,51.36157075400007,9,,9,Nord,,,,9.0,,0,14240806144200509160,253748,0,1
16491,,,14,7,13,0,2024,8,16,3,2,0,1,2,,1,0,0,0,0,,"740161,762600000016391","5696218,819000000134110",12.450287768000067,51.36636313200006,1,,1,Nordost,,,,1.0,,0,14240806144200509150,253749,0,1
16492,,,14,7,13,0,2024,8,7,2,3,2,6,0,,0,1,0,1,0,,"735194,305300000123680","5694032,464400000870228",12.377612095000075,51.34881601100005,0,,0,Mitte,,,,0.0,,0,14240812148410529000,253765,0,1
16493,,,14,7,13,0,2024,9,7,4,3,3,2,0,,1,1,0,0,0,,"732057,707700000144541","5692939,346100000664592",12.331937527000036,51.34029246500006,7,,7,Alt-West,,,,7.0,,0,14240904148410600890,253777,0,1
16494,,,14,7,13,0,2024,8,7,2,3,6,4,0,,0,1,1,0,0,,"729913,007399999536574","5693414,721599999815226",12.301505493000036,51.34543114500008,7,,7,Alt-West,,,,7.0,,0,14240805148310528110,253778,0,1
16495,,,14,7,13,0,2024,8,16,2,3,5,3,0,,0,1,0,0,0,,"728678,678000000305474","5695028,540899999439716",12.284849081000061,51.36041650800007,7,,7,Alt-West,,,,7.0,,1,14240805148310508910,253780,0,1
16496,,,14,7,13,0,2024,9,8,5,3,5,3,0,,0,1,0,0,0,,"740536,443900000303984","5689129,269600000232458",12.450873844000057,51.302571381000064,3,,3,Südost,,,,3.0,,1,14240905144200646630,253781,0,1
16497,,,14,7,13,0,2024,8,19,2,3,2,6,0,,0,1,0,0,0,,"735821,413599999621511","5691761,958399999886751",12.38509791000007,51.32817554700006,0,,0,Mitte,,,,0.0,,0,14240805144200528890,253783,0,1
16498,,,14,7,13,0,2024,8,7,2,3,5,2,0,,1,1,0,0,0,,"734578,886900000274181","5691403,011299999430776",12.36705898100007,51.32546719000004,0,,0,Mitte,,,,0.0,,0,14240805144200520940,253785,0,1
16499,,,14,7,13,0,2024,8,10,2,2,5,2,0,,1,1,0,0,0,,"735621,577499999664724","5689344,527499999850988",12.380637557000057,51.30655867300004,4,,4,Süd,,,,4.0,,0,14240805144200520540,253786,0,1
16500,,,14,7,13,0,2024,8,15,2,3,2,6,0,,0,1,0,0,0,,"742281,162499999627471","5694062,023000000044703",12.479207640000027,51.34610526100005,2,,2,Ost,,,,2.0,,0,14240805144200509170,253787,0,1
16501,,,14,7,13,0,2024,9,6,5,3,5,2,0,,1,1,0,0,0,,"734764,821000000461936","5691302,981000000610948",12.369656980000059,51.32449258200006,4,,4,Süd,,,,4.0,,0,14240905148210600820,253797,0,1
16502,,,14,7,13,0,2024,8,19,1,2,0,1,0,,1,0,0,0,0,,"735095,871199999935925","5694536,039400000125170",12.37653373300003,51.35337698500007,0,,0,Mitte,,,,0.0,,0,14240804148410521050,253806,0,1
16503,,,14,7,13,0,2024,8,15,1,3,8,1,0,,0,1,0,0,0,,"732512,184299999848008","5691922,471599999815226",12.337787452000043,51.330978627000036,5,,5,Südwest,,,,5.0,,0,14240804148310508500,253807,1,1
16504,,,14,7,13,0,2024,8,18,2,2,8,1,0,,0,0,0,1,0,,"730282,141599999740720","5693528,291200000792742",12.306870171000071,51.34630125900003,7,,7,Alt-West,,,,7.0,,0,14240812148310549690,253816,0,1
16505,,,14,7,13,0,2024,8,13,7,3,3,2,0,,0,1,0,0,0,,"727481,290900000371039","5689017,161599999293685",12.263841155000023,51.30693078200005,6,,6,West,,,,6.0,,1,14240803148310562100,253818,0,1
16506,,,14,7,13,0,2024,8,21,7,3,0,1,2,,1,0,0,0,0,,"740037,775299999862909","5692432,403999999165535",12.445956782000053,51.33242990700006,2,,2,Ost,,,,2.0,,0,14240803148220529530,253819,0,1
16507,,,14,7,13,0,2024,8,19,6,3,8,1,0,,0,1,0,0,0,,"730439,917799999937415","5693658,439500000327826",12.309216035000077,51.347405663000075,7,,7,Alt-West,,,,7.0,,0,14240802148310528100,253831,0,1
16508,,,14,7,13,0,2024,8,14,6,3,1,2,0,,0,1,0,0,0,,"736493,417799999937415","5694627,353900000452995",12.396628733000057,51.35361686200008,1,,1,Nordost,,,,1.0,,0,14240802148110507990,253832,0,1
16509,,,14,7,13,0,2024,8,11,6,3,4,2,0,,0,1,0,0,0,,"727783,699400000274181","5689139,600400000810623",12.26825062100005,51.30790904500003,6,,6,West,,,,6.0,,0,14240802144200508840,253833,1,1
16510,,,14,7,13,0,2024,8,2,5,3,0,1,2,,1,0,0,0,0,,"730789,388399999588728","5691293,819000000134110",12.312693611000043,51.32603685700008,7,,7,Alt-West,,,,7.0,,0,14240801148320547921,253848,0,1
16511,,,14,7,13,0,2024,8,6,5,3,5,3,0,,1,1,0,0,0,,"730889,557300000451505","5689403,414899999275804",12.312904911000032,51.309026129000074,5,,5,Südwest,,,,5.0,,0,14240801148310628680,253849,0,1
16512,,,14,7,13,0,2024,8,7,5,3,5,3,0,,1,1,0,0,0,,"735600,508500000461936","5697092,945299999788404",12.385461729000042,51.376119421000055,9,,9,Nord,,,,9.0,,0,14240801148110495310,253850,0,1
16513,,,14,7,13,0,2024,8,16,5,3,5,3,0,,1,1,0,0,0,,"738864,275799999944866","5698831,889499999582767",12.433439747000023,51.39036445200003,1,,1,Nordost,,,,1.0,,0,14240801144200528900,253851,0,1
16514,,,14,7,13,0,2024,8,17,5,3,5,3,0,,1,1,0,0,0,,"735114,017900000326335","5688742,474600000306964",12.37297217300005,51.30136421900005,4,,4,Süd,,,,4.0,,0,14240801144200508850,253853,0,1
16515,,,14,7,13,0,2024,8,15,5,2,4,2,0,,0,1,0,1,0,,"731274,679399999789894","5691792,588899999856949",12.319970477000027,51.33031718800004,7,,7,Alt-West,,,,7.0,,0,14240801144200507970,253856,0,1
16516,,,14,7,13,0,2024,8,12,5,3,5,3,0,,0,1,0,0,0,,"742268,622800000011921","5694501,904500000178814",12.47932726700003,51.35005870500004,2,,2,Ost,,,,2.0,,0,14240801144200507960,253857,0,1
16517,,,14,7,13,0,2024,7,10,4,2,0,5,0,,1,1,0,0,0,,"727414,625300000421703","5688431,443299999460578",12.262513089000038,51.30169916600005,6,,6,West,,,,6.0,,0,14240731148310508271,253870,0,1
16518,,,14,7,13,0,2024,7,20,4,3,5,2,0,,0,1,0,0,0,,"741078,646999999880791","5694604,142000000923872",12.46234032500007,51.35148225200004,2,,2,Ost,,,,2.0,,0,14240731148210508490,253871,0,1
16519,,,14,7,13,0,2024,7,17,4,3,2,6,0,,0,1,0,0,0,,"742457,099000000394881","5692817,861999999731779",12.480882167000061,51.334863462000044,2,,2,Ost,,,,2.0,,0,14240731148210495020,253872,0,1
16520,,,14,7,13,0,2024,7,5,4,3,0,3,0,,0,1,0,1,0,,"732224,350200000219047","5696274,366499999538064",12.336502267000071,51.37016192400006,8,,8,Nordwest,,,,8.0,,0,14240731148110528070,253873,0,1
16521,,,14,7,13,0,2024,7,11,4,3,0,1,0,,1,0,0,0,0,,"727219,983900000341237","5693209,197699999436736",12.26277077100002,51.344668795000075,7,,7,Alt-West,,,,7.0,,0,14240731144200566760,253874,0,1
16522,,,14,7,13,0,2024,7,16,4,3,5,2,0,,1,1,0,0,0,,"732722,040799999609590","5696019,450600000098348",12.34347297200003,51.36766995900007,8,,8,Nordwest,,,,8.0,,0,14240731144200528920,253875,0,1
16523,,,14,7,13,0,2024,7,7,4,2,4,2,0,,1,1,0,0,0,,"737557,046900000423193","5692171,910599999129772",12.410238122000067,51.33113318900007,3,,3,Südost,,,,3.0,,0,14240731144200494960,253876,0,1
16524,,,14,7,13,0,2024,7,16,3,3,0,1,0,,1,0,0,0,0,,"737311,726300000213087","5695370,608599999919534",12.408855067000047,51.35994726000007,1,,1,Nordost,,,,1.0,,0,14240730148421527750,253889,0,1
16525,,,14,7,13,0,2024,7,14,3,3,0,7,0,,0,0,0,0,0,,"728402,183000000193715","5690406,310000000521541",12.277920187000063,51.31903286200003,6,,6,West,,,,6.0,,1,14240730148310520990,253890,0,1
16526,,,14,7,13,0,2024,7,22,3,3,5,7,2,,0,1,0,0,0,,"730844,233400000259280","5686049,730399999767542",12.31008780600007,51.27893842200007,5,,5,Südwest,,,,5.0,,0,14240730148310508510,253891,0,1
16527,,,14,7,13,0,2024,7,18,3,3,5,3,0,,1,1,0,0,0,,"733986,152400000020862","5695412,775299999862909",12.361201621000077,51.361704907000046,9,,9,Nord,,,,9.0,,0,14240730148110508900,253893,0,1
16528,,,14,7,13,0,2024,8,13,5,3,4,6,0,,1,0,0,0,0,,"739114,696700000204146","5693693,740700000897050",12.433577466000031,51.344140235000054,2,,2,Ost,,,,2.0,,0,14240815144200547320,253894,0,1
16529,,,14,7,13,0,2024,7,17,3,2,6,4,0,,0,0,1,0,0,,"738235,355999999679625","5694590,019600000232458",12.421574544000066,51.35255429600005,1,,1,Nordost,,,,1.0,,1,14240730144200494970,253896,0,1
16530,,,14,7,13,0,2024,7,3,3,1,6,7,1,,0,0,1,0,1,,"735076,839300000108778","5689801,455800000578165",12.373137387000043,51.31088544500005,4,,4,Süd,,,,4.0,,0,14240730144200494020,253897,0,1
16531,,,14,7,13,0,2024,8,11,2,3,6,4,0,,0,0,1,0,0,,"734642,172899999655783","5695407,372899999842048",12.37060427800003,51.36138588700004,9,,9,Nord,,,,9.0,,1,14240812148110528950,253909,0,1
16532,,,14,7,13,0,2024,7,9,2,3,3,2,0,,1,1,0,0,0,,"734808,001199999824166","5692516,732899999246001",12.371075332000032,51.335369908000075,0,,0,Mitte,,,,0.0,,0,14240729148410548580,253922,0,1
16533,,,14,7,13,0,2024,7,6,2,3,0,1,0,,1,0,0,0,0,,"735277,175999999977648","5693759,316999999806285",12.378619460000039,51.34632986100007,0,,0,Mitte,,,,0.0,,0,14240729148410508020,253923,0,1
16534,,,14,7,13,0,2024,7,17,2,3,1,5,0,,1,1,0,0,0,,"735876,458399999886751","5688690,978599999099970",12.383855764000032,51.300586656000064,4,,4,Süd,,,,4.0,,0,14240729148410493671,253924,0,1
16535,,,14,7,13,0,2024,7,20,2,3,6,7,0,,0,0,1,0,0,,"735087,781299999915063","5689830,663000000640750",12.373313349000057,51.311143102000074,4,,4,Süd,,,,4.0,,1,14240729148211509220,253925,0,1
16536,,,14,7,13,0,2024,7,15,2,3,4,6,0,,0,1,0,0,0,,"738825,673799999989569","5698806,096300000324845",12.432868606000056,51.39014918100003,1,,1,Nordost,,,,1.0,,0,14240729148110508250,253926,0,1
16537,,,14,7,13,0,2024,7,13,2,3,0,1,0,,1,0,0,0,0,,"737157,043999999761581","5695587,055999999865890",12.406781654000042,51.36195467700003,1,,1,Nordost,,,,1.0,,0,14240729148110493620,253927,0,1
16538,,,14,7,13,0,2024,7,12,2,3,0,1,0,,1,0,0,0,0,,"738865,651899999938905","5697592,586899999529123",12.432626208000045,51.37924019900004,1,,1,Nordost,,,,1.0,,0,14240729148110493610,253928,0,1
16539,,,14,7,13,0,2024,7,14,2,3,5,3,0,,1,1,0,0,0,,"740587,382799999788404","5700202,810100000351667",12.459088437000048,51.40194144600008,1,,1,Nordost,,,,1.0,,0,14240729144200495272,253929,0,1
16540,,,14,7,13,0,2024,7,16,2,3,5,2,0,,0,1,0,1,0,,"732961,111899999901652","5690692,381500000134110",12.343416276000028,51.31975283000003,5,,5,Südwest,,,,5.0,,0,14240729144200495240,253930,0,1
16541,,,14,7,13,0,2024,8,7,2,3,4,2,0,,1,1,0,0,0,,"736581,518899999558926","5691294,443399999290705",12.39567801000004,51.32366344900004,0,,0,Mitte,,,,0.0,,0,14240819148410568000,253931,0,1
16542,,,14,7,13,0,2024,7,8,2,3,5,2,0,,1,1,0,0,0,,"736070,224899999797344","5691526,301200000569224",12.388506690000042,51.325957033000066,0,,0,Mitte,,,,0.0,,0,14240729144200494010,253932,0,1
16543,,,14,7,13,0,2024,8,18,2,3,3,6,0,,1,0,0,0,0,,"734305,588899999856949","5695511,634500000625849",12.365846934000047,51.36246067500008,9,,9,Nord,,,,9.0,,1,14240819143263561980,253938,0,1
16544,,,14,7,13,0,2024,7,18,1,3,5,3,0,,0,1,0,0,0,,"731945,527900000102818","5693133,984799999743700",12.330456510000033,51.34208546100007,7,,7,Alt-West,,,,7.0,,0,14240728148310627770,253948,0,1
16545,,,14,7,13,0,2024,7,12,1,3,1,5,0,,1,1,0,0,0,,"734721,140399999916553","5690487,444000000134110",12.36849431500002,51.317189977000055,4,,4,Süd,,,,4.0,,0,14240728148210495320,253949,0,1
16546,,,14,7,13,0,2024,7,18,1,2,4,2,0,,0,1,0,1,0,,"731773,587899999693036","5692342,461300000548363",12.327477087000034,51.33505022700007,7,,7,Alt-West,,,,7.0,,0,14240728144200493640,253950,0,1
16547,,,14,7,13,0,2024,9,11,6,3,2,6,0,,0,1,0,0,0,,"730392,640999999828637","5690029,812000000849366",12.306192242000066,51.31485065000004,5,,5,Südwest,,,,5.0,,0,14240906144200627050,253951,0,1
16548,,,14,7,13,0,2024,7,16,7,2,5,3,0,,0,1,0,1,0,,"736068,318500000052154","5693599,316700000315905",12.389853003000042,51.34456570700007,0,,0,Mitte,,,,0.0,,0,14240727148410508520,253956,0,1
16549,,,14,7,13,0,2024,7,0,7,3,3,6,2,,1,1,0,0,0,,"732297,802099999971688","5690627,884999999776483",12.333871878000025,51.31944502400006,5,,5,Südwest,,,,5.0,,0,14240727148410492570,253957,0,1
16550,,,14,7,13,0,2024,7,10,7,3,6,4,0,,0,0,1,0,0,,"734200,706399999558926","5692891,978199999779463",12.362619412000072,51.33898869500007,0,,0,Mitte,,,,0.0,,1,14240727144200494030,253960,0,1
16551,,,14,7,13,0,2024,7,11,6,3,3,2,0,,1,1,0,0,0,,"732965,462500000372529","5692079,614900000393391",12.344385256000066,51.332203786000036,5,,5,Südwest,,,,5.0,,0,14240726148422520620,253975,0,1
16552,,,14,7,13,0,2024,8,7,5,3,1,5,0,,1,1,0,0,0,,"735115,314000000245869","5697178,405899999663234",12.378559292000034,51.37708761600004,9,,9,Nord,,,,9.0,,0,14240808148110527700,253979,0,1
16553,,,14,7,13,0,2024,7,12,5,3,6,4,0,,1,0,1,0,0,,"733215,898900000378489","5691981,787699999287724",12.347909837000032,51.33122300100007,5,,5,Südwest,,,,5.0,,0,14240725148310487570,253991,0,1
16554,,,14,7,13,0,2024,7,17,5,3,5,2,0,,1,1,0,0,0,,"737090,076000000350177","5696330,165999999269843",12.406316864000075,51.36865280600006,1,,1,Nordost,,,,1.0,,0,14240725148110493200,253993,0,1
16555,,,14,7,13,0,2024,7,18,5,3,4,6,0,,1,1,0,0,0,,"738640,554700000211596","5695332,942199999466538",12.427881123000077,51.35905268000005,1,,1,Nordost,,,,1.0,,0,14240725144200494060,253995,0,1
16556,,,14,7,13,0,2024,7,17,5,2,3,2,0,,0,1,0,0,0,,"735042,763000000268221","5696506,391799999400973",12.37707434500004,51.37108545500007,9,,9,Nord,,,,9.0,,1,14240725144200493590,253996,0,1
16557,,,14,7,13,0,2024,8,9,5,2,5,3,0,,1,1,0,0,0,,"728551,163300000131130","5693246,283500000834465",12.281876108000063,51.34446815100006,7,,7,Alt-West,,,,7.0,,0,14240801148310509231,254010,0,1
16558,,,14,7,13,0,2024,7,6,4,3,5,3,0,,1,1,0,0,0,,"735023,586199999786913","5693531,839600000530481",12.374834502000056,51.34439283300003,0,,0,Mitte,,,,0.0,,0,14240724148410493660,254012,0,1
16559,,,14,7,13,0,2024,7,18,4,2,9,1,0,,0,0,0,1,0,,"733795,328099999576807","5694155,870100000873208",12.357639665000022,51.350500854000074,0,,0,Mitte,,,,0.0,,0,14240724148410493650,254013,1,1
16560,,,14,7,13,0,2024,7,11,4,3,5,2,0,,1,1,0,0,0,,"735588,621299999766052","5692241,262599999085069",12.382079409000028,51.332574384000054,0,,0,Mitte,,,,0.0,,0,14240724148410487140,254014,1,1
16561,,,14,7,13,0,2024,7,11,4,3,0,6,0,,1,0,0,0,0,,"737779,067599999718368","5693736,394400000572205",12.41446359400004,51.34508323700004,2,,2,Ost,,,,2.0,,1,14240724143263492500,254016,1,1
16562,,,14,7,13,0,2024,7,12,3,3,6,7,0,,0,1,1,0,0,,"735274,402300000190735","5691572,011800000444055",12.377135114000055,51.32669700900004,0,,0,Mitte,,,,0.0,,0,14240723148410493230,254029,0,1
16563,,,14,7,13,0,2024,7,12,3,3,3,6,0,,1,0,0,0,0,,"733470,022800000384450","5691797,137700000777841",12.351430220000054,51.329461225000045,5,,5,Südwest,,,,5.0,,0,14240723148310492560,254030,0,1
16564,,,14,7,13,0,2024,7,8,3,3,5,3,0,,1,1,0,0,0,,"737349,111200000159442","5690241,489199999719858",12.405973646000064,51.31389234200003,3,,3,Südost,,,,3.0,,0,14240723148210487530,254031,0,1
16565,,,14,7,13,0,2024,8,15,4,3,3,6,0,,0,1,0,0,0,,"735517,784199999645352","5691802,036800000816584",12.380774097000028,51.32866108700006,0,,0,Mitte,,,,0.0,,1,14240828144200581600,254032,0,1
16566,,,14,7,13,0,2024,7,12,3,3,6,4,0,,1,0,1,0,0,,"735005,621799999848008","5691913,461699999868870",12.373509358000035,51.329873090000035,0,,0,Mitte,,,,0.0,,0,14240723148210475830,254033,0,1
16567,,,14,7,13,0,2024,7,10,3,3,0,1,0,,0,0,0,1,0,,"733804,870299999602139","5695795,273700000718236",12.358853748000058,51.36521301800008,9,,9,Nord,,,,9.0,,0,14240723148110475810,254035,0,1
16568,,,14,7,13,0,2024,8,20,3,2,4,6,0,,1,0,0,0,0,,"736616,520399999804795","5690012,323300000280142",12.39532876100003,51.31214032200006,0,,0,Mitte,,,,0.0,,0,14240806144200549081,254042,0,1
16569,,,14,7,13,0,2024,9,20,5,3,5,2,2,,0,1,0,1,0,,"741973,450299999676645","5686408,571000000461936",12.469606451000061,51.277542793000066,3,,3,Südost,,,,3.0,,0,14240919144200785280,254049,0,1
16570,,,14,7,13,0,2024,8,19,6,3,6,4,0,,1,0,1,0,0,,"737280,377600000239909","5692936,530700000002980",12.406783185000052,51.338111955000045,3,,3,Südost,,,,3.0,,0,14240830148410606550,254050,0,1
16571,,,14,7,13,0,2024,7,4,7,3,5,3,2,,0,1,0,0,0,,"731310,309600000269711","5693991,246300000697374",12.321908973000063,51.35003973200003,7,,7,Alt-West,,,,7.0,,0,14240727144200495280,254051,1,1
16572,,,14,7,13,0,2024,7,18,2,3,0,1,0,,1,0,0,0,0,,"732680,062599999830127","5692080,969100000336766",12.340296501000068,51.33233276400006,5,,5,Südwest,,,,5.0,,0,14240722662221487230,254057,0,1
16573,,,14,7,13,0,2024,7,13,2,3,2,6,0,,0,1,0,0,0,,"732327,166299999691546","5696221,802899999544024",12.337942447000046,51.36964803600006,8,,8,Nordwest,,,,8.0,,0,14240722148410492870,254058,0,1
16574,,,14,7,13,0,2024,7,18,2,3,2,6,0,,0,1,0,0,0,,"732341,241200000047684","5696214,658600000664592",12.338139630000057,51.36957814700003,8,,8,Nordwest,,,,8.0,,0,14240722148110487520,254059,0,1
16575,,,14,7,13,0,2024,7,13,2,3,4,2,0,,0,1,0,0,0,,"727208,417100000195205","5693565,132999999448657",12.262832117000073,51.347868782000035,7,,7,Alt-West,,,,7.0,,0,14240722144200547830,254061,0,1
16576,,,14,7,13,0,2024,7,10,2,3,0,3,0,,1,0,0,0,0,,"735681,867300000041723","5695854,170499999076128",12.38580746100007,51.36496615800007,9,,9,Nord,,,,9.0,,1,14240722144200475790,254062,0,1
16577,,,14,7,13,0,2024,7,19,1,3,1,5,0,,0,1,0,0,0,,"740957,292999999597669","5694990,744100000709295",12.460862611000039,51.35500366900004,2,,2,Ost,,,,2.0,,0,14240721148220475040,254073,0,1
16578,,,14,7,13,0,2024,7,22,1,3,0,1,2,,1,0,0,0,0,,"734936,724000000394881","5698635,080000000074506",12.376961056000027,51.39023704400006,9,,9,Nord,,,,9.0,,0,14240721148110529510,254074,0,1
16579,,,14,7,13,0,2024,7,20,1,3,0,1,1,,1,0,0,0,0,,"732474,271800000220537","5692748,052500000223517",12.33778290600003,51.33840512800003,7,,7,Alt-West,,,,7.0,,0,14240721145200508890,254075,0,1
16580,,,14,7,13,0,2024,7,0,1,2,6,4,2,,0,1,1,0,0,,"737242,096900000236928","5694388,296199999749660",12.40720187900007,51.35115906200008,1,,1,Nordost,,,,1.0,,0,14240721144200493580,254076,0,1
16581,,,14,7,13,0,2024,11,7,6,3,0,7,1,,1,1,0,0,0,,"737129,764999999664724","5691842,397500000894070",12.403896676000045,51.328353726000046,3,,3,Südost,,,,3.0,,0,14241129148410871870,254085,1,1
16582,,,14,7,13,0,2024,11,15,6,3,0,1,0,,0,0,0,1,0,,"728900,507199999876320","5690971,869100000709295",12.285422389000075,51.32390977500006,6,,6,West,,,,6.0,,0,14241129148310844690,254086,1,1
16583,,,14,7,13,0,2024,11,20,5,3,6,4,2,,0,1,1,0,0,,"735406,835500000044703","5690610,455299999564886",12.378397623000069,51.318010953000055,4,,4,Süd,,,,4.0,,0,14241128148210836220,254093,1,1
16584,,,14,7,13,0,2024,11,17,5,2,6,2,2,,0,1,1,0,0,,"735995,529099999926984","5699802,312599999830127",12.392927504000056,51.40027504600005,9,,9,Nord,,,,9.0,,0,14241128148110836510,254094,1,1
16585,,,14,7,13,0,2024,11,14,5,3,6,7,0,,0,1,1,0,0,,"732509,000500000081956","5696240,908500000834465",12.340562663000071,51.36974514100007,8,,8,Nordwest,,,,8.0,,0,14241128148110836500,254095,1,1
16586,,,14,7,13,0,2024,11,14,4,3,1,5,0,,0,1,0,0,0,,"732943,544700000435114","5690826,122999999672174",12.343251988000077,51.32096057700005,5,,5,Südwest,,,,5.0,,0,14241127148321872680,254109,0,1
16587,,,14,7,13,0,2024,11,9,4,3,1,7,0,,1,1,0,0,0,,"731447,463499999605119","5693311,671099999919534",12.323433328000021,51.343883478000066,7,,7,Alt-West,,,,7.0,,0,14241127148310857960,254110,0,1
16588,,,14,7,13,0,2024,11,5,4,3,3,2,2,,1,0,0,0,0,,"737383,862399999983609","5699080,115000000223517",12.412366854000027,51.39321355200008,9,,9,Nord,,,,9.0,,0,14241127148110817590,254111,0,1
16589,,,14,7,13,0,2024,11,6,4,2,5,3,0,,1,1,0,0,0,,"735266,730399999767542","5691292,568099999800324",12.376840763000075,51.32419179300007,4,,4,Süd,,,,4.0,,0,14241127144200871830,254112,0,1
16590,,,14,7,13,0,2024,11,16,4,3,4,2,1,,1,0,0,0,0,,"732755,616899999789894","5694143,746600000187755",12.342727325000055,51.350818712000034,0,,0,Mitte,,,,0.0,,0,14241127144000817660,254113,1,1
16591,,,14,7,13,0,2024,11,14,4,3,5,3,0,,1,0,0,0,0,,"731893,359799999743700","5692405,760900000110269",12.329234690000021,51.335569632000045,7,,7,Alt-West,,,,7.0,,0,14241127143263844040,254114,0,1
16592,,,14,7,13,0,2024,11,13,3,3,3,2,0,,1,1,0,0,0,,"735588,343799999915063","5692240,364700000733137",12.38207483900004,51.33256643900006,0,,0,Mitte,,,,0.0,,0,14241126148410844730,254126,1,1
16593,,,14,7,13,0,2024,11,17,3,3,6,3,2,,0,1,1,0,0,,"731467,204499999992549","5688633,733599999919534",12.320679104000021,51.30188218600006,5,,5,Südwest,,,,5.0,,0,14241126148310835680,254127,0,1
16594,,,14,7,13,0,2024,11,7,3,3,6,6,0,,0,1,1,0,0,,"738322,950699999928474","5689933,271600000560284",12.419715729000075,51.310718860000065,3,,3,Südost,,,,3.0,,0,14241126148213817090,254128,1,1
16595,,,14,7,13,0,2024,11,7,3,3,0,1,0,,1,0,0,0,0,,"737140,059299999848008","5699779,847400000318885",12.409336281000037,51.39959623800007,9,,9,Nord,,,,9.0,,0,14241126148110817070,254130,1,1
16596,,,14,7,13,0,2024,11,12,3,3,6,4,0,,0,0,1,1,0,,"735461,669800000265241","5693295,028300000354648",12.380956855000022,51.342085885000074,0,,0,Mitte,,,,0.0,,0,14241126144200871880,254131,0,1
16597,,,14,7,13,0,2024,11,16,3,3,6,4,2,,0,1,1,0,0,,"739549,462500000372529","5692326,698400000110269",12.438889122000035,51.33168697600007,2,,2,Ost,,,,2.0,,0,14241126144200817540,254132,0,1
16598,,,14,7,13,0,2024,11,6,2,3,6,4,2,,0,1,1,0,0,,"731310,467500000260770","5693993,202500000596046",12.321912508000025,51.35005722900007,7,,7,Alt-West,,,,7.0,,0,14241125148310835910,254142,0,1
16599,,,14,7,13,0,2024,11,10,7,3,5,3,0,,0,1,0,0,0,,"734655,137900000438094","5696162,743799999356270",12.371288549000042,51.368161016000045,9,,9,Nord,,,,9.0,,0,14241123148110845230,254150,0,1
16600,,,14,7,13,0,2024,11,14,6,3,5,3,0,,1,1,0,0,0,,"736059,713000000454485","5693605,486899999901652",12.389733754000076,51.344624665000026,0,,0,Mitte,,,,0.0,,0,14241122148410857230,254162,0,1
16601,,,14,7,13,0,2024,11,15,6,3,4,5,0,,1,1,0,0,0,,"735803,061099999584258","5692159,397800000384450",12.385097939000048,51.33175068400004,0,,0,Mitte,,,,0.0,,0,14241122148410816580,254163,1,1
16602,,,14,7,13,0,2024,11,20,6,2,4,2,2,,1,1,0,0,0,,"735014,921099999919534","5692058,085899999365211",12.373737979000055,51.331167451000056,0,,0,Mitte,,,,0.0,,0,14241122144200817020,254165,0,1
16603,,,14,7,13,0,2024,11,15,6,3,6,4,0,,0,1,1,0,0,,"727268,462299999780953","5688580,017500000074506",12.260514467000064,51.30309134300006,6,,6,West,,,,6.0,,0,14241122144200816530,254166,0,1
16604,,,14,7,13,0,2024,11,17,5,3,5,3,2,,1,1,0,0,0,,"734479,944799999706447","5693076,620100000873208",12.366742806000047,51.34053105100003,0,,0,Mitte,,,,0.0,,0,14241121148410806660,254182,0,1
16605,,,14,7,13,0,2024,11,8,5,3,1,5,0,,1,1,0,0,0,,"731651,490799999795854","5693139,787599999457598",12.326245912000047,51.342257422000046,7,,7,Alt-West,,,,7.0,,0,14241121148310836230,254183,0,1
16606,,,14,7,13,0,2024,11,15,5,3,5,2,0,,1,0,0,0,0,,"736973,819699999876320","5691372,599400000646710",12.401350053000044,51.32420173500003,3,,3,Südost,,,,3.0,,1,14241121144200817920,254184,0,1
16607,,,14,7,13,0,2024,11,16,5,3,6,2,1,,0,1,1,0,0,,"734726,609299999661744","5690881,199100000783801",12.368831840000041,51.32072224500007,4,,4,Süd,,,,4.0,,0,14241121144200815130,254185,0,1
16608,,,14,7,13,0,2024,11,7,3,3,0,7,2,,0,1,1,0,0,,"735415,813799999654293","5696218,215600000694394",12.38223348300005,51.368344225000044,9,,9,Nord,,,,9.0,,0,14241126148421817940,254193,1,1
16609,,,14,7,13,0,2024,11,19,4,3,5,2,2,,1,1,0,0,0,,"734208,473199999891222","5692891,399299999698997",12.362730339000052,51.33898030000006,0,,0,Mitte,,,,0.0,,0,14241120148410817120,254200,1,1
16610,,,14,7,13,0,2024,11,6,4,3,6,4,1,,0,1,1,0,0,,"737828,514600000344217","5693734,828600000590086",12.415171244000021,51.345048500000075,2,,2,Ost,,,,2.0,,0,14241120148410806280,254201,0,1