UNFALL_ID,FID_left,OBJECTID,ULAND,UREGBEZ,UKREIS,UGEMEINDE,UJAHR,UMONAT,USTUNDE,UWOCHENTAG,UKATEGORIE,UART,UTYP1,ULICHTVERH,IstStrasse,IstRad,IstPKW,IstFuss,IstKrad,IstGkfz,IstSonstig,LINREFX,LINREFY,XGCSWGS84,YGCSWGS84,index_right,FID_right,SBZ,Name,UIDENTSTLA,LICHT,STRZUSTAND,FID,OBJECTID_1,IstSonstige,UIDENTSTLAE,OID_,IstStrassenzustand,PLST
16611,,,14,7,13,0,2024,11,2,4,3,5,3,2,,0,1,0,0,0,,"734477,670800000429153","5692032,608400000259280",12.366023065000036,51.33116047100003,0,,0,Mitte,,,,0.0,,1,14241120144200806240,254202,1,1
16612,,,14,7,13,0,2024,11,16,3,3,0,3,1,,0,1,0,0,0,,"742254,878399999812245","5692990,721799999475479",12.478102235000051,51.33650111600008,2,,2,Ost,,,,2.0,,1,14241119148210815160,254210,1,1
16613,,,14,7,13,0,2024,11,16,3,2,5,3,1,,1,1,0,0,0,,"737658,752299999818206","5691497,174000000581145",12.41124545200006,51.325034241000026,3,,3,Südost,,,,3.0,,0,14241119144200816010,254211,1,1
16614,,,14,7,13,0,2024,11,7,2,3,0,1,0,,1,0,0,0,0,,"735353,636800000444055","5692021,513900000602007",12.37856716300007,51.330699124000034,0,,0,Mitte,,,,0.0,,0,14241118148410806270,254220,1,1
16615,,,14,7,13,0,2024,11,11,2,3,0,1,0,,1,0,0,0,0,,"730621,836500000208616","5693697,052300000563264",12.31184879500006,51.34767851600003,7,,7,Alt-West,,,,7.0,,0,14241118148310817110,254221,1,1
16616,,,14,7,13,0,2024,11,7,2,3,2,6,0,,0,1,0,0,0,,"733387,742999999783933","5692144,841000000014901",12.350479000000064,51.33261618300003,5,,5,Südwest,,,,5.0,,0,14241118148310816070,254222,1,1
16617,,,14,7,13,0,2024,11,19,2,2,6,4,2,,0,1,1,0,0,,"730656,333700000308454","5693705,671900000423193",12.312348889000077,51.34774189800004,7,,7,Alt-West,,,,7.0,,0,14241118148310796410,254223,0,1
16618,,,14,7,13,0,2024,11,13,1,3,6,6,0,,0,1,1,0,0,,"732161,312500000000000","5692020,501700000837445",12.332823598000061,51.33200193500005,7,,7,Alt-West,,,,7.0,,0,14241117143263805841,254234,0,1
16619,,,14,7,13,0,2024,11,17,7,3,4,2,2,,1,1,0,0,0,,"735006,311499999836087","5692182,585799999535084",12.373696723000023,51.332288567000035,0,,0,Mitte,,,,0.0,,0,14241116148410795520,254236,0,1
16620,,,14,7,13,0,2024,11,17,7,3,1,1,2,,0,1,0,0,0,,"726977,912899999879301","5693249,607599999755621",12.259326549000036,51.34512826500003,7,,7,Alt-West,,,,7.0,,0,14241116148310816080,254237,0,1
16621,,,14,7,13,0,2024,11,20,7,3,2,2,2,,0,1,0,0,0,,"736841,149500000290573","5695884,586300000548363",12.402450515000055,51.36475709100006,1,,1,Nordost,,,,1.0,,0,14241116148120931530,254238,0,1
16622,,,14,7,13,0,2024,11,7,6,3,5,3,0,,1,1,0,0,0,,"734888,109500000253320","5694334,646700000390410",12.373422427000037,51.35165511100007,0,,0,Mitte,,,,0.0,,0,14241115148410795170,254243,1,1
16623,,,14,7,13,0,2024,11,17,6,3,4,6,2,,1,0,0,0,0,,"735098,480499999597669","5694318,379300000146031",12.376427363000062,51.35142211700003,0,,0,Mitte,,,,0.0,,0,14241115148410795150,254244,0,1
16624,,,14,7,13,0,2024,11,16,6,3,5,3,2,,0,1,0,0,0,,"728551,117800000123680","5689514,460899999365211",12.279482381000037,51.31096669400006,6,,6,West,,,,6.0,,1,14241115144200806250,254245,1,1
16625,,,14,7,13,0,2024,11,17,5,3,5,3,2,,1,1,0,0,0,,"734991,089999999850988","5693928,505000000819564",12.374630545000059,51.347966876000044,0,,0,Mitte,,,,0.0,,0,14241114148410815580,254257,1,1
16626,,,14,7,13,0,2024,11,7,5,3,5,3,1,,0,1,0,0,0,,"737856,966000000014901","5690945,605000000447035",12.413717124000073,51.320000511000046,3,,3,Südost,,,,3.0,,0,14241114148210816050,254258,1,1
16627,,,14,7,13,0,2024,11,8,5,3,3,2,0,,1,1,0,0,0,,"736883,391300000250340","5695958,358799999579787",12.403105345000029,51.36540166700007,1,,1,Nordost,,,,1.0,,0,14241114148110816040,254259,1,1
16628,,,14,7,13,0,2024,11,17,5,3,6,2,2,,0,1,1,0,0,,"737191,638899999670684","5693758,080600000917912",12.40605869600006,51.34552326700003,2,,2,Ost,,,,2.0,,0,14241114145200815540,254260,1,1
16629,,,14,7,13,0,2024,11,10,2,3,5,3,0,,0,1,0,0,0,,"728961,518899999558926","5690770,114700000733137",12.286166974000025,51.32207403600006,6,,6,West,,,,6.0,,1,14241125148310845280,254261,0,1
16630,,,14,7,13,0,2024,11,15,5,2,1,7,0,,0,1,0,0,0,,"732340,398299999535084","5692270,227499999105930",12.335552656000061,51.334170534000066,7,,7,Alt-West,,,,7.0,,0,14241114144200796360,254262,0,1
16631,,,14,7,13,0,2024,11,13,5,3,2,4,0,,0,1,1,0,0,,"737340,544800000265241","5692675,563999999314547",12.407471533000034,51.33574439400007,3,,3,Südost,,,,3.0,,0,14241114144200795900,254263,1,1
16632,,,14,7,13,0,2024,11,9,5,2,5,3,0,,0,1,0,1,0,,"734288,141099999658763","5695620,502399999648333",12.365668466000045,51.36344511300007,9,,9,Nord,,,,9.0,,0,14241114144200795080,254264,1,1
16633,,,14,7,13,0,2024,11,16,5,3,0,1,1,,1,0,0,0,0,,"732119,655100000090897","5692675,448000000789762",12.332653386000061,51.33789823300003,7,,7,Alt-West,,,,7.0,,0,14241114144200785710,254265,1,1
16634,,,14,7,13,0,2024,11,17,4,3,1,6,2,,0,1,0,0,0,,"735259,808699999935925","5695210,419399999082088",12.37932973900007,51.359362590000046,0,,0,Mitte,,,,0.0,,0,14241113148410815190,254284,0,1
16635,,,14,7,13,0,2024,11,9,4,3,6,7,0,,0,1,1,0,0,,"732390,034199999645352","5692402,061799999326468",12.336349942000027,51.33533369600008,7,,7,Alt-West,,,,7.0,,0,14241113148323785320,254285,1,1
16636,,,14,7,13,0,2024,11,7,4,3,5,3,0,,0,1,0,0,0,,"728485,225499999709427","5693197,341700000688434",12.280899537000039,51.34405529300005,7,,7,Alt-West,,,,7.0,,1,14241113148310796400,254286,1,1
16637,,,14,7,13,0,2024,11,14,4,2,5,3,0,,1,1,0,0,0,,"730813,742100000381470","5694491,159800000488758",12.31511467100006,51.35472925300007,7,,7,Alt-West,,,,7.0,,0,14241113148310795961,254287,0,1
16638,,,14,7,13,0,2024,11,18,4,3,3,2,2,,1,1,0,0,0,,"731974,762299999594688","5693978,876499999314547",12.331425999000032,51.34965792200006,7,,7,Alt-West,,,,7.0,,0,14241113148310795950,254288,0,1
16639,,,14,7,13,0,2024,11,0,4,3,6,6,2,,1,0,1,0,0,,"738706,931699999608099","5693625,268400000408292",12.42768750600004,51.34369697900007,2,,2,Ost,,,,2.0,,0,14241113148224817100,254289,0,1
16640,,,14,7,13,0,2024,11,16,4,3,2,6,2,,0,1,0,0,0,,"738550,833700000308454","5689266,365100000053644",12.422533540000074,51.30463727700004,3,,3,Südost,,,,3.0,,0,14241113148210872650,254290,1,1
16641,,,14,7,13,0,2024,11,7,4,3,0,6,1,,0,0,0,1,0,,"739593,118999999947846","5696306,053999999538064",12.44219296500006,51.36738622400003,1,,1,Nordost,,,,1.0,,0,14241113148110815550,254291,1,1
16642,,,14,7,13,0,2024,11,15,4,3,2,6,0,,0,1,0,0,0,,"740020,848899999633431","5694352,013100000098348",12.447007942000027,51.349666874000036,2,,2,Ost,,,,2.0,,0,14241113144200785300,254292,0,1
16643,,,14,7,13,0,2024,11,19,3,3,3,6,2,,1,0,0,0,0,,"734483,359600000083447","5693074,465700000524521",12.366790327000047,51.34051030400008,0,,0,Mitte,,,,0.0,,0,14241112148410795540,254302,1,1
16644,,,14,7,13,0,2024,11,19,3,3,6,4,2,,0,1,1,0,0,,"737634,472400000318885","5693528,612600000575185",12.412252524000053,51.34327864000005,2,,2,Ost,,,,2.0,,0,14241112148410795140,254303,1,1
16645,,,14,7,13,0,2024,11,6,3,3,0,6,1,,1,0,0,0,0,,"738559,285699999891222","5689153,303500000387430",12.422578999000052,51.30361889800008,3,,3,Südost,,,,3.0,,1,14241112143263785260,254304,0,1
16646,,,14,7,13,0,2024,11,7,2,3,5,3,2,,1,1,0,0,0,,"733080,945799999870360","5694119,956000000238419",12.347375412000076,51.35047184600006,0,,0,Mitte,,,,0.0,,0,14241111148421784300,254317,1,1
16647,,,14,7,13,0,2024,11,9,2,3,5,3,0,,0,1,0,0,0,,"736513,012400000356138","5693463,751000000163913",12.396136566000052,51.34316403400004,2,,2,Ost,,,,2.0,,0,14241111148410795530,254318,1,1
16648,,,14,7,13,0,2024,11,19,2,3,3,6,2,,0,1,0,0,0,,"735264,310300000011921","5693801,685399999842048",12.378463048000071,51.34671549800004,0,,0,Mitte,,,,0.0,,1,14241111148410795110,254319,1,1
16649,,,14,7,13,0,2024,11,6,2,3,1,7,1,,1,1,0,0,0,,"731315,070500000379980","5694050,219900000840425",12.322015546000046,51.35056719100004,7,,7,Alt-West,,,,7.0,,0,14241111148310776410,254320,1,1
16650,,,14,7,13,0,2024,11,16,2,3,2,6,2,,0,1,0,0,0,,"734293,485600000247359","5690884,007400000467896",12.362628931000074,51.32092595300003,4,,4,Süd,,,,4.0,,0,14241111148210805890,254321,1,1
16651,,,14,7,13,0,2024,11,19,2,2,0,3,2,,0,1,0,1,0,,"734764,500000000000000","5689968,145700000226498",12.368773618000034,51.312510633000045,4,,4,Süd,,,,4.0,,0,14241111144000948010,254322,1,1
16652,,,14,7,13,0,2024,11,9,1,3,6,2,0,,0,1,1,0,0,,"737490,276300000026822","5691553,066199999302626",12.40886905800005,51.32560628300007,3,,3,Südost,,,,3.0,,0,14241110148410776420,254339,0,1
16653,,,14,7,13,0,2024,11,10,1,3,9,1,0,,0,1,0,0,0,,"737146,048100000247359","5694339,433100000023842",12.405792517000066,51.35076054400008,1,,1,Nordost,,,,1.0,,0,14241110148120775860,254340,0,1
16654,,,14,7,13,0,2024,11,6,6,3,6,6,2,,0,0,1,0,0,,"737504,138000000268221","5694662,314600000157952",12.41114093300007,51.35350922600003,1,,1,Nordost,,,,1.0,,1,14241108148421795180,254350,0,1
16655,,,14,7,13,0,2024,11,14,6,3,6,4,0,,0,1,1,0,0,,"736742,372700000181794","5689059,950200000777841",12.396499406000032,51.30353929200004,4,,4,Süd,,,,4.0,,0,14241108148410844080,254351,0,1
16656,,,14,7,13,0,2024,11,15,2,3,0,7,0,,1,0,0,0,0,,"733975,728299999609590","5695359,997199999168515",12.361017441000058,51.36123543900004,9,,9,Nord,,,,9.0,,0,14241118148422805920,254358,0,1
16657,,,14,7,13,0,2024,11,16,5,3,0,1,2,,1,0,0,0,0,,"734577,553100000135601","5695278,726299999281764",12.369592917000034,51.36025778800007,9,,9,Nord,,,,9.0,,0,14241107148110795480,254366,0,1
16658,,,14,7,13,0,2024,11,11,5,3,5,3,0,,0,1,0,0,0,,"733577,813199999742210","5696411,748199999332428",12.356002791000037,51.370840196000074,9,,9,Nord,,,,9.0,,0,14241107148110768380,254367,0,1
16659,,,14,7,13,0,2024,11,9,4,3,2,6,0,,0,1,0,0,0,,"736419,973399999551475","5691055,559100000187755",12.393205287000058,51.32158631900006,0,,0,Mitte,,,,0.0,,0,14241106148410776430,254383,0,1
16660,,,14,7,13,0,2024,11,16,4,3,2,6,0,,0,1,0,0,0,,"730292,157999999821186","5691278,248299999162555",12.305559194000068,51.326098571000045,6,,6,West,,,,6.0,,0,14241106148310775560,254384,0,1
16661,,,14,7,13,0,2024,11,17,4,3,7,7,2,,0,1,0,0,0,,"729352,313199999742210","5690704,574799999594688",12.291723755000021,51.32132828700003,6,,6,West,,,,6.0,,0,14241106148310775540,254385,0,1
16662,,,14,7,13,0,2024,11,7,3,3,4,3,0,,1,0,0,0,0,,"735168,139399999752641","5693198,049300000071526",12.376685923000025,51.34133684500006,0,,0,Mitte,,,,0.0,,0,14241105148410754470,254405,0,1
16663,,,14,7,13,0,2024,11,4,3,2,5,3,2,,0,1,0,0,1,,"727952,660699999891222","5699605,322300000116229",12.277374802000054,51.40179492400006,8,,8,Nordwest,,,,8.0,,0,14241105144200882180,254406,1,1
16664,,,14,7,13,0,2024,11,15,3,3,0,7,0,,1,0,0,0,0,,"730707,025700000114739","5685498,512700000777841",12.307768139000075,51.27404566300004,5,,5,Südwest,,,,5.0,,0,14241105143263774660,254407,0,1
16665,,,14,7,13,0,2024,11,17,3,3,5,3,2,,1,1,0,0,0,,"735113,775399999693036","5694525,364900000393391",12.37678334900005,51.35327376200007,0,,0,Mitte,,,,0.0,,0,14241126144200817560,254412,0,1
16666,,,14,7,13,0,2024,11,13,2,3,3,2,0,,1,1,0,0,0,,"734999,099200000055134","5692264,734400000423193",12.373647557000027,51.33302894500008,0,,0,Mitte,,,,0.0,,0,14241104148410754480,254425,0,1
16667,,,14,7,13,0,2024,11,11,2,3,1,5,0,,1,0,0,0,0,,"738623,722799999639392","5690135,246600000187755",12.42415836300006,51.31240577600005,3,,3,Südost,,,,3.0,,1,14241104148210753920,254426,1,1
16668,,,14,7,13,0,2024,11,12,2,3,0,7,0,,0,0,0,1,0,,"738897,222599999979138","5689490,675200000405312",12.42764386600004,51.306505435000076,3,,3,Südost,,,,3.0,,0,14241104148210753910,254427,0,1
16669,,,14,7,13,0,2024,11,8,1,3,0,1,0,,1,0,0,0,0,,"732577,920400000177324","5691499,920700000599027",12.338453638000033,51.32715863400006,5,,5,Südwest,,,,5.0,,0,14241103144200753860,254436,0,1
16670,,,14,7,13,0,2024,11,18,7,3,5,3,2,,1,1,0,0,0,,"735444,493099999614060","5691681,854699999094009",12.379644602000042,51.32761263000003,0,,0,Mitte,,,,0.0,,0,14241102148410795550,254446,0,1
16671,,,14,7,13,0,2024,11,17,7,3,5,3,2,,0,1,0,0,0,,"739920,327399999834597","5693958,265100000426173",12.445301775000075,51.346175147000054,2,,2,Ost,,,,2.0,,0,14241102148110753200,254447,0,1
16672,,,14,7,13,0,2024,11,19,7,3,0,7,1,,0,1,0,0,0,,"731207,119400000199676","5693365,213099999353290",12.320023135000042,51.34446190500006,7,,7,Alt-West,,,,7.0,,1,14241102144320931910,254448,0,1
16673,,,14,7,13,0,2024,11,9,6,3,5,3,0,,1,1,0,0,0,,"736794,563500000163913","5693777,556099999696016",12.40038045800003,51.345863601000076,2,,2,Ost,,,,2.0,,0,14241101148410775160,254457,0,1
16674,,,14,7,13,0,2024,11,11,6,3,5,3,0,,0,1,0,1,0,,"737271,480200000107288","5693525,003100000321865",12.40704772600003,51.343397835000076,2,,2,Ost,,,,2.0,,0,14241101148410752770,254458,0,1
16675,,,14,7,13,0,2024,11,12,6,3,8,7,0,,0,1,0,0,0,,"734284,668700000271201","5690903,134700000286102",12.362515191000057,51.32110128000005,4,,4,Süd,,,,4.0,,0,14241101148210753240,254459,0,1
16676,,,14,7,13,0,2024,11,17,6,3,1,5,2,,0,1,0,0,0,,"735478,838600000366569","5689890,610200000926852",12.378953799000044,51.311519573000055,4,,4,Süd,,,,4.0,,0,14241101144200753170,254460,0,1
16677,,,14,7,13,0,2024,11,9,6,3,5,3,0,,1,0,0,0,0,,"737126,394500000402331","5692260,291699999943376",12.404126451000025,51.33210619500005,3,,3,Südost,,,,3.0,,1,14241101144200752730,254461,0,1
16678,,,14,7,13,0,2024,11,12,6,3,2,6,0,,0,1,0,0,0,,"733207,620099999941885","5692085,891899999231100",12.34785934200005,51.332160900000076,5,,5,Südwest,,,,5.0,,0,14241101144200752710,254462,0,1
16679,,,14,7,13,0,2024,10,22,4,3,3,2,2,,1,1,0,0,0,,"736466,530799999833107","5693785,846200000494719",12.39568428800004,51.34607454700006,2,,2,Ost,,,,2.0,,0,14241030148410753980,254477,1,1
16680,,,14,7,13,0,2024,10,7,4,3,1,5,0,,1,1,0,0,0,,"735346,339800000190735","5693086,371899999678135",12.379166058000067,51.34026066500007,0,,0,Mitte,,,,0.0,,0,14241030148410751970,254478,1,1
16681,,,14,7,13,0,2024,10,17,4,2,6,2,2,,0,1,1,0,0,,"727261,330900000408292","5689155,572200000286102",12.260778870000024,51.308261206000054,6,,6,West,,,,6.0,,0,14241030148310805900,254479,1,1
16682,,,14,7,13,0,2024,10,17,4,3,6,4,2,,1,0,1,0,0,,"732324,875900000333786","5690636,719299999997020",12.334265483000024,51.31951327500008,5,,5,Südwest,,,,5.0,,0,14241030148310753950,254481,1,1
16683,,,14,7,13,0,2024,10,17,4,3,3,6,2,,1,1,0,0,0,,"735009,481900000013411","5692123,761800000444055",12.373703356000021,51.331759231000035,0,,0,Mitte,,,,0.0,,0,14241030144200753990,254483,1,1
16684,,,14,7,13,0,2024,10,17,3,3,2,6,1,,0,1,0,0,0,,"735024,687900000251830","5692550,515100000426173",12.374202742000023,51.33558364800007,0,,0,Mitte,,,,0.0,,0,14241029148423751680,254499,0,1
16685,,,14,7,13,0,2024,10,15,3,3,6,2,0,,0,1,1,0,0,,"734094,408499999903142","5696318,191099999472499",12.363349818000074,51.36978772200007,9,,9,Nord,,,,9.0,,0,14241029144200739890,254500,0,1
16686,,,14,7,13,0,2024,10,17,3,3,3,2,2,,1,1,0,0,0,,"735289,383500000461936","5692383,805999999865890",12.377885740000067,51.33397776600003,0,,0,Mitte,,,,0.0,,0,14241029143263817010,254501,0,1
16687,,,14,7,13,0,2024,10,19,2,3,4,3,2,,0,1,0,0,0,,"738108,662100000306964","5694079,856399999931455",12.419417167000063,51.34802819300006,1,,1,Nordost,,,,1.0,,0,14241028148410753260,254517,0,1
16688,,,14,7,13,0,2024,10,19,2,3,0,1,2,,1,0,0,0,0,,"730222,447499999776483","5684948,119300000369549",12.300478485000042,51.26930063800006,5,,5,Südwest,,,,5.0,,0,14241028148310752760,254518,0,1
16689,,,14,7,13,0,2024,10,7,2,3,0,1,0,,1,0,0,0,0,,"732105,272300000302494","5692669,485400000587106",12.332443375000025,51.337850579000076,7,,7,Alt-West,,,,7.0,,0,14241028148310739990,254519,1,1
16690,,,14,7,13,0,2024,10,7,2,3,0,6,0,,1,1,0,0,0,,"738225,275299999862909","5691312,427400000393391",12.419238085000075,51.32313903600004,3,,3,Südost,,,,3.0,,0,14241028148210767960,254520,1,1
16691,,,14,7,13,0,2024,10,8,2,3,0,6,0,,0,1,0,0,0,,"733121,203300000168383","5696065,894999999552965",12.349227599000073,51.367923208000036,8,,8,Nordwest,,,,8.0,,1,14241028148110739410,254521,0,1
16692,,,14,7,13,0,2024,10,19,2,2,6,4,2,,0,0,1,0,0,,"740856,030299999751151","5694774,306600000709295",12.459264545000053,51.35310394500004,2,,2,Ost,,,,2.0,,1,14241028144200978110,254522,0,1
16693,,,14,7,13,0,2024,11,11,1,3,5,2,0,,1,1,0,0,0,,"730591,057799999602139","5690082,548000000417233",12.309068572000058,51.315243707000036,5,,5,Südwest,,,,5.0,,0,14241117148310795940,254528,1,1
16694,,,14,7,13,0,2024,10,17,1,3,0,1,1,,1,0,0,0,0,,"735455,293999999761581","5693292,279799999669194",12.380863660000045,51.34206385400006,0,,0,Mitte,,,,0.0,,0,14241027148410795130,254543,0,1
16695,,,14,7,13,0,2024,10,19,1,3,5,2,2,,1,1,0,0,0,,"737540,408999999985099","5691646,050000000745058",12.409649245000026,51.32641998200006,3,,3,Südost,,,,3.0,,0,14241027148410751980,254544,1,1
16696,,,14,7,13,0,2024,10,6,1,3,0,1,1,,0,0,0,0,0,,"735243,713399999774992","5692615,274499999359250",12.377384148000033,51.33607439900004,0,,0,Mitte,,,,0.0,,1,14241027148410739030,254545,0,1
16697,,,14,7,13,0,2024,10,15,7,3,1,5,0,,1,1,0,0,0,,"735165,577399999834597","5693411,300100000575185",12.376790026000037,51.34325211700008,0,,0,Mitte,,,,0.0,,0,14241026148415739050,254553,0,1
16698,,,14,7,13,0,2024,10,16,7,3,3,6,0,,1,1,0,0,0,,"736780,655600000172853","5691168,833000000566244",12.398447420000025,51.32245311300005,0,,0,Mitte,,,,0.0,,1,14241026148410816090,254554,0,1
16699,,,14,7,13,0,2024,10,17,7,3,1,3,0,,1,1,0,0,0,,"734830,737300000153482","5692212,506899999454618",12.371200625000029,51.33262966500007,0,,0,Mitte,,,,0.0,,0,14241026148410753970,254555,0,1
16700,,,14,7,13,0,2024,10,8,7,3,5,3,0,,0,1,0,0,0,,"733821,740500000305474","5692553,557099999859929",12.356966168000042,51.33610679600008,0,,0,Mitte,,,,0.0,,0,14241026148410752330,254556,0,1
16701,,,14,7,13,0,2024,10,12,7,3,5,3,0,,1,1,0,0,0,,"737000,820299999788404","5690789,414899999275804",12.401349217000075,51.31895574100008,0,,0,Mitte,,,,0.0,,0,14241026148410752320,254557,0,1
16702,,,14,7,13,0,2024,10,23,7,2,0,3,2,,0,1,0,0,0,,"735048,218999999575317","5692571,404999999329448",12.374553727000034,51.335761439000066,0,,0,Mitte,,,,0.0,,1,14241026148410738600,254558,0,1
16703,,,14,7,13,0,2024,10,17,7,3,1,5,1,,0,1,0,0,1,,"727885,512199999764562","5689679,839299999177456",12.270053964000056,51.31271822100007,6,,6,West,,,,6.0,,0,14241026148310775550,254559,0,1
16704,,,14,7,13,0,2024,10,12,7,3,4,2,0,,1,0,0,0,0,,"732632,333200000226498","5692631,814400000497699",12.339972244000023,51.33729705700006,7,,7,Alt-West,,,,7.0,,1,14241026148310753960,254560,0,1
16705,,,14,7,13,0,2024,10,9,7,3,0,1,0,,1,0,0,0,0,,"730302,764800000004470","5692163,410900000482798",12.306283214000075,51.33404039100003,7,,7,Alt-West,,,,7.0,,0,14241026148310738590,254561,0,1
16706,,,14,7,13,0,2024,10,0,7,3,1,7,2,,0,1,0,0,0,,"727872,853699999861419","5689119,899000000208616",12.269514994000076,51.30769649900003,6,,6,West,,,,6.0,,0,14241026148310738120,254562,0,1
16707,,,14,7,13,0,2024,10,14,7,3,2,6,0,,0,1,0,0,0,,"734261,139499999582767","5690162,898099999874830",12.361691861000054,51.31446622000004,4,,4,Süd,,,,4.0,,0,14241026148210750080,254563,0,1
16708,,,14,7,13,0,2024,10,15,7,3,6,2,0,,0,1,1,0,0,,"736229,672699999995530","5695628,471599999815226",12.393512530000066,51.36271274200004,9,,9,Nord,,,,9.0,,0,14241026148110751950,254564,0,1
16709,,,14,7,13,0,2024,10,17,7,2,5,3,0,,1,0,0,0,0,,"735460,560999999754131","5693288,933399999514222",12.380936934000033,51.34203163500007,0,,0,Mitte,,,,0.0,,1,14241026148110738960,254565,0,1
16710,,,14,7,13,0,2024,10,18,7,2,6,4,2,,0,0,1,1,0,,"739723,076200000010431","5692603,865900000557303",12.441563108000025,51.33410162300004,2,,2,Ost,,,,2.0,,0,14241026144200751600,254566,0,1
16711,,,14,7,13,0,2024,11,17,4,3,6,2,2,,0,1,1,0,0,,"727780,790599999949336","5689137,775200000032783",12.268207794000034,51.307893824000075,6,,6,West,,,,6.0,,0,14241113144200785270,254567,0,1
16712,,,14,7,13,0,2024,10,16,6,3,0,1,0,,1,0,0,0,0,,"740798,266900000162423","5693937,551400000229478",12.457870538000066,51.34561806500005,2,,2,Ost,,,,2.0,,0,14241025148210738090,254579,0,1
16713,,,14,7,13,0,2024,10,7,6,3,4,2,0,,0,1,0,0,0,,"738792,598500000312924","5696082,532800000160933",12.430564115000038,51.36571699500007,1,,1,Nordost,,,,1.0,,1,14241025148110738070,254580,0,1
16714,,,14,7,13,0,2024,10,12,5,3,5,3,0,,1,1,0,0,0,,"734479,308699999935925","5693077,021400000900030",12.36673395400004,51.340534915000035,0,,0,Mitte,,,,0.0,,0,14241024148410753500,254610,0,1
16715,,,14,7,13,0,2024,10,14,5,3,0,7,0,,0,0,0,0,0,,"732035,191300000064075","5695905,582100000232458",12.333548800000074,51.366928759000075,8,,8,Nordwest,,,,8.0,,1,14241024148310815180,254611,0,1
16716,,,14,7,13,0,2024,10,8,5,3,5,3,0,,1,0,0,0,0,,"731917,936800000257790","5692117,867900000885129",12.329399494000029,51.332975255000065,7,,7,Alt-West,,,,7.0,,1,14241024148310753490,254612,0,1
16717,,,14,7,13,0,2024,10,10,5,3,9,7,0,,0,1,0,0,0,,"737988,199500000104308","5690939,915799999609590",12.415593196000032,51.31989457600008,3,,3,Südost,,,,3.0,,0,14241024148210739970,254613,0,1
16718,,,14,7,13,0,2024,10,11,5,3,5,3,0,,1,1,0,0,0,,"735114,421000000089407","5688743,893999999389052",12.372978880000062,51.30137679300003,4,,4,Süd,,,,4.0,,0,14241024148210738100,254614,0,1
16719,,,14,7,13,0,2024,10,18,5,3,2,2,2,,0,1,0,0,0,,"733048,988800000399351","5695899,744699999690056",12.348083115000065,51.366461378000054,8,,8,Nordwest,,,,8.0,,0,14241024144200739400,254615,0,1
16720,,,14,7,13,0,2024,10,10,6,3,2,6,0,,1,0,0,0,0,,"735984,144299999810755","5692883,870200000703335",12.38817249400006,51.33817863300004,0,,0,Mitte,,,,0.0,,0,14241025148410740000,254616,0,1
16721,,,14,7,13,0,2024,10,12,5,3,9,6,0,,1,1,0,0,0,,"734528,521800000220537","5694950,827500000596046",12.36867376400005,51.35733467800003,9,,9,Nord,,,,9.0,,0,14241024144200738920,254617,0,1
16722,,,14,7,13,0,2024,10,18,5,3,5,2,2,,1,1,0,0,0,,"735415,187400000169873","5692973,204700000584126",12.380077945000039,51.33921634200004,0,,0,Mitte,,,,0.0,,0,14241024144200738050,254618,0,1
16723,,,14,7,13,0,2024,10,20,4,3,0,7,2,,1,0,0,0,0,,"735699,750699999742210","5692620,021099999547005",12.383922350000034,51.33592819100005,0,,0,Mitte,,,,0.0,,0,14241023148410739020,254632,0,1
16724,,,14,7,13,0,2024,10,8,4,3,5,2,0,,1,1,0,0,0,,"734787,484199999831617","5692628,461899999529123",12.370854958000052,51.33638130400004,0,,0,Mitte,,,,0.0,,0,14241023148410729431,254633,0,1
16725,,,14,7,13,0,2024,10,15,4,3,6,4,0,,0,1,1,0,0,,"742475,646800000220537","5694068,164999999105930",12.481999122000047,51.34607747600006,2,,2,Ost,,,,2.0,,0,14241023148210739000,254634,0,1
16726,,,14,7,13,0,2024,10,15,4,3,5,3,0,,1,1,0,0,0,,"737886,082899999804795","5690608,726900000125170",12.413909490000037,51.31696451100004,3,,3,Südost,,,,3.0,,0,14241023148210738570,254635,0,1
16727,,,14,7,13,0,2024,10,12,4,3,5,3,0,,0,1,0,0,0,,"733988,005199999548495","5695452,823799999430776",12.361254530000053,51.36206363800005,9,,9,Nord,,,,9.0,,1,14241023148110738980,254636,0,1
16728,,,14,7,13,0,2024,10,11,4,2,0,2,0,,0,1,0,0,0,,"741427,673299999907613","5695544,754599999636412",12.46798129800004,51.35977655800008,2,,2,Ost,,,,2.0,,1,14241023144200753850,254637,0,1
16729,,,14,7,13,0,2024,10,15,4,3,6,4,0,,1,0,1,0,0,,"735020,067499999888241","5693031,209000000730157",12.374453682000023,51.33990044500007,0,,0,Mitte,,,,0.0,,0,14241023144200729390,254638,0,1
16730,,,14,7,13,0,2024,10,6,3,3,5,3,2,,1,1,0,0,0,,"731274,823400000110269","5691788,366900000721216",12.319969800000024,51.33027922900004,7,,7,Alt-West,,,,7.0,,0,14241022148310752750,254647,0,1