UNFALL_ID,FID_left,OBJECTID,ULAND,UREGBEZ,UKREIS,UGEMEINDE,UJAHR,UMONAT,USTUNDE,UWOCHENTAG,UKATEGORIE,UART,UTYP1,ULICHTVERH,IstStrasse,IstRad,IstPKW,IstFuss,IstKrad,IstGkfz,IstSonstig,LINREFX,LINREFY,XGCSWGS84,YGCSWGS84,index_right,FID_right,SBZ,Name,UIDENTSTLA,LICHT,STRZUSTAND,FID,OBJECTID_1,IstSonstige,UIDENTSTLAE,OID_,IstStrassenzustand,PLST
16731,,,14,7,13,0,2024,10,22,3,3,0,2,2,,1,0,0,0,0,,"734541,143000000156462","5695212,497700000181794",12.369027212000049,51.35967832400007,9,,9,Nord,,,,9.0,,1,14241022143263729910,254648,0,1
16732,,,14,7,13,0,2024,10,15,2,3,5,2,0,,1,1,0,0,0,,"735625,777200000360608","5690890,980900000780821",12.381719216000022,51.320438436000074,4,,4,Süd,,,,4.0,,0,14241021148210739960,254664,0,1
16733,,,14,7,13,0,2024,10,18,2,2,0,7,2,,1,0,0,0,0,,"734220,555999999865890","5688669,066500000655651",12.360130001000073,51.30107347500007,4,,4,Süd,,,,4.0,,0,14241021148210719750,254665,0,1
16734,,,14,7,13,0,2024,10,9,2,3,3,7,0,,0,0,0,0,0,,"736084,946999999694526","5692632,277000000700355",12.389450324000052,51.33587843600003,0,,0,Mitte,,,,0.0,,1,14241021144200729930,254668,0,1
16735,,,14,7,13,0,2024,10,16,1,3,5,3,0,,0,1,0,0,0,,"735293,143600000068545","5691713,246200000867248",12.377496860000065,51.32795702900006,0,,0,Mitte,,,,0.0,,0,14241020148210719760,254680,0,1
16736,,,14,7,13,0,2024,10,12,1,3,0,1,0,,1,0,0,0,0,,"737173,097400000318885","5695066,043700000271201",12.406664491000072,51.357271351000065,1,,1,Nordost,,,,1.0,,0,14241020148110719290,254681,0,1
16737,,,14,7,13,0,2024,10,8,1,2,8,1,0,,0,0,0,1,0,,"744288,442499999888241","5690886,206599999219179",12.505797791000077,51.316742961000045,2,,2,Ost,,,,2.0,,0,14241020144200729380,254683,0,1
16738,,,14,7,13,0,2024,10,13,7,2,1,5,0,,1,1,0,0,0,,"735115,808000000193715","5696525,024800000712276",12.378134212000077,51.37122248000003,9,,9,Nord,,,,9.0,,0,14241019148110775530,254694,0,1
16739,,,14,7,13,0,2024,10,14,6,3,0,1,0,,1,0,0,0,0,,"733131,962799999862909","5691726,740199999883771",12.346540257000072,51.32896793900005,5,,5,Südwest,,,,5.0,,0,14241018148310784750,254702,0,1
16740,,,14,7,13,0,2024,10,12,6,3,1,7,0,,0,1,0,0,0,,"733643,108599999919534","5695712,715199999511242",12.356479919000037,51.36453848000008,9,,9,Nord,,,,9.0,,0,14241018144200768330,254703,0,1
16741,,,14,7,13,0,2024,10,18,5,3,3,6,1,,1,1,0,0,0,,"735005,984100000001490","5691920,067700000479817",12.373518905000026,51.329932238000026,0,,0,Mitte,,,,0.0,,0,14241017148410739010,254714,0,1
16742,,,14,7,13,0,2024,10,12,5,3,2,6,0,,0,1,0,0,0,,"733189,377999999560416","5693964,386299999430776",12.348827885000048,51.34903088800007,0,,0,Mitte,,,,0.0,,0,14241017148410713450,254715,0,1
16743,,,14,7,13,0,2024,10,14,5,3,3,2,0,,1,1,0,0,0,,"732201,225800000131130","5694009,809299999848008",12.334692543000074,51.34984313600006,7,,7,Alt-West,,,,7.0,,0,14241017148310719330,254716,0,1
16744,,,14,7,13,0,2024,10,16,5,3,2,6,0,,0,1,0,0,0,,"741644,186999999918044","5684863,800499999895692",12.463850606000051,51.26381720200004,3,,3,Südost,,,,3.0,,0,14241017144200713370,254718,0,1
16745,,,14,7,13,0,2024,10,17,4,3,5,3,2,,1,1,0,0,0,,"736539,553899999707937","5690284,458399999886751",12.394406866000054,51.314615057000026,0,,0,Mitte,,,,0.0,,0,14241016148211753930,254732,0,1
16746,,,14,7,13,0,2024,10,11,4,3,3,3,0,,1,1,0,0,0,,"735096,877700000070035","5697034,748600000515580",12.378199836000022,51.37580574100008,9,,9,Nord,,,,9.0,,0,14241016148110729400,254734,0,1
16747,,,14,7,13,0,2024,10,11,4,3,3,2,0,,1,1,0,0,0,,"735600,145700000226498","5697096,611800000071526",12.385458956000036,51.376152483000055,9,,9,Nord,,,,9.0,,0,14241016148110712960,254735,0,1
16748,,,14,7,13,0,2024,10,15,3,3,0,1,0,,1,0,0,0,0,,"735229,341900000348687","5693916,924900000914931",12.378037970000037,51.34776439500007,0,,0,Mitte,,,,0.0,,0,14241015148410753250,254749,0,1
16749,,,14,7,13,0,2024,10,9,3,3,3,6,0,,1,1,0,0,0,,"737082,527800000272691","5692962,280999999493361",12.403965054000025,51.33842560900007,3,,3,Südost,,,,3.0,,0,14241015148410738150,254750,0,1
16750,,,14,7,13,0,2024,10,9,3,3,5,3,0,,1,0,0,0,0,,"731866,575299999676645","5692212,117300000041723",12.328724822000027,51.33384225300006,7,,7,Alt-West,,,,7.0,,0,14241015148310753940,254751,0,1
16751,,,14,7,13,0,2024,10,16,3,3,5,2,0,,1,1,0,0,0,,"738793,081100000068545","5696071,670499999076128",12.430563741000071,51.365619294000055,1,,1,Nordost,,,,1.0,,0,14241015148210739440,254752,0,1
16752,,,14,7,13,0,2024,10,8,3,3,5,3,0,,1,1,0,0,0,,"734637,919800000265241","5690884,726299999281764",12.367563637000046,51.32079048500003,4,,4,Süd,,,,4.0,,0,14241015148210701440,254753,1,1
16753,,,14,7,13,0,2024,10,14,2,3,1,7,0,,0,1,0,0,0,,"734882,205699999816716","5693381,505799999460578",12.372708956000054,51.34310180500006,0,,0,Mitte,,,,0.0,,1,14241014148410729450,254771,0,1
16754,,,14,7,13,0,2024,10,21,2,3,2,6,2,,0,1,0,0,0,,"735110,918899999931455","5694163,038499999791384",12.37650306100005,51.350022582000065,0,,0,Mitte,,,,0.0,,0,14241014148410701060,254772,0,1
16755,,,14,7,13,0,2024,10,16,2,3,0,7,0,,1,0,0,0,0,,"734781,333800000138581","5692500,550599999725819",12.370682522000038,51.335235659000034,0,,0,Mitte,,,,0.0,,0,14241014148310718810,254773,0,1
16756,,,14,7,13,0,2024,10,1,2,3,2,7,2,,0,1,0,0,0,,"737570,328999999910593","5693388,307000000029802",12.411239626000054,51.34204605800005,2,,2,Ost,,,,2.0,,0,14241014148210700570,254774,0,1
16757,,,14,7,13,0,2024,11,16,3,3,0,3,1,,0,1,0,1,0,,"733110,062800000421703","5696080,035900000482798",12.349077108000074,51.368054716000074,8,,8,Nordwest,,,,8.0,,0,14241112148110795490,254775,0,1
16758,,,14,7,13,0,2024,10,9,2,3,1,7,0,,0,1,0,1,0,,"734008,030100000090897","5696174,266300000250340",12.362016352000069,51.36853138100008,9,,9,Nord,,,,9.0,,1,14241014148110719030,254776,0,1
16759,,,14,7,13,0,2024,10,17,2,3,0,7,1,,0,1,0,0,0,,"738663,481399999931455","5695212,767500000074506",12.428129201000047,51.35796438300008,1,,1,Nordost,,,,1.0,,0,14241014148110701050,254777,0,1
16760,,,14,7,13,0,2024,10,15,2,3,5,3,0,,1,1,0,0,0,,"734727,052000000141561","5690907,024499999359250",12.36885518400004,51.32095388300007,4,,4,Süd,,,,4.0,,0,14241014144200701410,254779,0,1
16761,,,14,7,13,0,2024,10,16,2,3,0,7,0,,0,1,0,0,0,,"739362,732800000347197","5689498,267400000244379",12.434315130000073,51.30637805900005,3,,3,Südost,,,,3.0,,0,14241014144200701010,254780,0,1
16762,,,14,7,13,0,2024,10,22,1,3,6,7,2,,0,1,1,0,0,,"729153,491499999538064","5700567,631799999624491",12.295230582000045,51.40994985700007,8,,8,Nordwest,,,,8.0,,0,14241013148110768390,254794,0,1
16763,,,14,7,13,0,2024,10,16,7,3,6,7,0,,0,0,1,0,0,,"735294,195600000210106","5693716,072399999946356",12.378834829000027,51.34593464000005,0,,0,Mitte,,,,0.0,,1,14241012148410700610,254803,0,1
16764,,,14,7,13,0,2024,10,18,6,3,6,4,0,,1,0,1,0,0,,"731178,532100000418723","5691457,648399999365211",12.318375493000076,51.32734954400007,7,,7,Alt-West,,,,7.0,,0,14241011148410729050,254808,0,1
16765,,,14,7,13,0,2024,10,9,6,3,5,3,0,,0,1,0,1,0,,"740972,702999999746680","5698145,089999999850988",12.463221193000038,51.383308973000055,1,,1,Nordost,,,,1.0,,0,14241011144200701020,254809,0,1
16766,,,14,7,13,0,2024,10,18,5,3,5,3,1,,0,1,0,0,0,,"735762,485899999737740","5699729,303999999538064",12.38953482900007,51.39971658700006,9,,9,Nord,,,,9.0,,0,14241010148110719020,254815,1,1
16767,,,14,7,13,0,2024,10,17,5,3,0,1,0,,1,0,0,0,0,,"737171,884499999694526","5693758,798900000751019",12.405776040000035,51.345537955000054,2,,2,Ost,,,,2.0,,0,14241010144200694540,254816,0,1
16768,,,14,7,13,0,2024,10,5,4,3,0,1,2,,1,0,0,0,0,,"732610,883999999612570","5692258,221999999135733",12.339420920000066,51.33395220500006,7,,7,Alt-West,,,,7.0,,0,14241009148310694320,254832,1,1
16769,,,14,7,13,0,2024,10,14,4,3,5,3,0,,0,1,0,0,0,,"731162,865899999625981","5690453,326400000602007",12.317499819000034,51.318340198000044,5,,5,Südwest,,,,5.0,,1,14241009144200701400,254833,0,1
16770,,,14,7,13,0,2024,10,15,4,3,2,6,0,,0,1,0,0,0,,"737507,548200000077486","5697069,549300000071526",12.412797303000048,51.37511509600006,1,,1,Nordost,,,,1.0,,0,14241009144200700190,254834,0,1
16771,,,14,7,13,0,2024,10,7,3,3,1,1,0,,1,1,0,0,0,,"735436,791899999603629","5691617,494999999180436",12.379491750000057,51.32703810300006,0,,0,Mitte,,,,0.0,,0,14241008148410700600,254851,1,1
16772,,,14,7,13,0,2024,10,10,3,3,5,3,0,,0,1,0,0,0,,"731768,229000000283122","5693165,940300000831485",12.327936123000029,51.34244461600008,7,,7,Alt-West,,,,7.0,,0,14241008148310712980,254852,1,1
16773,,,14,7,13,0,2024,10,8,3,3,0,1,0,,1,0,0,0,0,,"729634,756400000303984","5694680,496500000357628",12.298333614000057,51.35690652800008,7,,7,Alt-West,,,,7.0,,0,14241008148310700590,254853,0,1
16774,,,14,7,13,0,2024,10,15,3,3,5,2,0,,1,1,0,0,0,,"728687,115000000223517","5689588,871099999174476",12.281478072000027,51.31158007300007,6,,6,West,,,,6.0,,0,14241008148310700200,254854,0,1
16775,,,14,7,13,0,2024,10,12,3,3,4,2,0,,0,1,0,0,0,,"729748,266699999570847","5689861,587500000372529",12.296853407000071,51.313600962000066,6,,6,West,,,,6.0,,1,14241008148310682520,254855,0,1
16776,,,14,7,13,0,2024,10,4,3,3,1,7,2,,1,1,0,0,0,,"733507,188599999994040","5695466,564500000327826",12.354369310000038,51.36238478300004,9,,9,Nord,,,,9.0,,0,14241008144200728810,254856,1,1
16777,,,14,7,13,0,2024,10,19,3,3,6,2,2,,0,1,1,0,0,,"733999,710300000384450","5695607,170199999585748",12.361523903000034,51.36344430100007,9,,9,Nord,,,,9.0,,0,14241008144200694290,254857,1,1
16778,,,14,7,13,0,2024,11,13,6,3,5,3,0,,1,1,0,0,0,,"735952,093100000172853","5692245,000700000673532",12.38729005700003,51.33245727700006,0,,0,Mitte,,,,0.0,,0,14241115148410795120,254865,0,1
16779,,,14,7,13,0,2024,10,17,2,3,3,7,0,,1,0,0,0,0,,"733469,777200000360608","5692222,009500000625849",12.351705072000073,51.33327522700006,0,,0,Mitte,,,,0.0,,1,14241007148410694570,254869,1,1
16780,,,14,7,13,0,2024,10,17,2,3,1,7,0,,1,1,0,0,0,,"732575,269399999640882","5692082,161599999293685",12.338795637000032,51.33238632700005,7,,7,Alt-West,,,,7.0,,0,14241007148310682130,254870,1,1
16781,,,14,7,13,0,2024,10,16,2,2,0,1,0,,1,0,0,0,0,,"734948,007299999706447","5695796,394700000062585",12.375246332000074,51.36475149900008,9,,9,Nord,,,,9.0,,0,14241007148110701030,254871,0,1
16782,,,14,7,13,0,2024,10,14,1,3,3,3,0,,1,1,0,0,0,,"733493,915599999949336","5692245,274499999359250",12.352066214000047,51.33347415800006,0,,0,Mitte,,,,0.0,,0,14241006148410681750,254884,0,1
16783,,,14,7,13,0,2024,10,13,1,2,2,6,0,,0,1,0,0,0,,"734776,371000000275671","5693531,716499999165535",12.37129112200006,51.34449386600005,0,,0,Mitte,,,,0.0,,0,14241006144200753840,254886,0,1
16784,,,14,7,13,0,2024,10,15,6,3,6,4,0,,0,1,1,0,0,,"736928,099000000394881","5693768,482100000604987",12.40228836700004,51.34572651800005,2,,2,Ost,,,,2.0,,0,14241004144200751930,254903,1,1
16785,,,14,7,13,0,2024,10,16,6,3,5,3,0,,1,1,0,0,0,,"736682,343200000002980","5693036,534099999815226",12.398279514000023,51.339258812000026,2,,2,Ost,,,,2.0,,0,14241004144200681110,254904,0,1
16786,,,14,7,13,0,2024,10,7,4,3,4,6,0,,1,0,0,0,0,,"734532,247000000439584","5692572,934800000861287",12.367160746000025,51.33598818200005,0,,0,Mitte,,,,0.0,,0,14241002148410774620,254920,0,1
16787,,,14,7,13,0,2024,10,17,4,3,5,2,0,,1,1,0,0,0,,"735758,148599999956787","5692867,766300000250340",12.38492315600007,51.33812781600005,0,,0,Mitte,,,,0.0,,0,14241002148410681740,254921,0,1
16788,,,14,7,13,0,2024,11,21,5,3,2,7,2,,0,1,0,0,1,,"734691,241499999538064","5693364,480200000107288",12.36996074600006,51.343027832000075,0,,0,Mitte,,,,0.0,,0,14241114148410795160,254922,1,1
16789,,,14,7,13,0,2024,10,19,4,3,1,1,2,,0,1,0,0,0,,"738029,195899999700487","5693615,013000000268221",12.417967392000037,51.34388905900005,2,,2,Ost,,,,2.0,,0,14241002148410677460,254923,1,1
16790,,,14,7,13,0,2024,10,22,4,3,5,3,2,,0,1,0,0,0,,"735992,126400000415742","5692417,083900000900030",12.38797766600004,51.333985332000054,0,,0,Mitte,,,,0.0,,0,14241002148410677070,254924,0,1
16791,,,14,7,13,0,2024,10,11,4,3,0,1,0,,1,0,0,0,0,,"736540,149000000208616","5690281,155999999493361",12.394413199000041,51.314585167000075,0,,0,Mitte,,,,0.0,,0,14241002148210713410,254925,0,1
16792,,,14,7,13,0,2024,10,17,4,3,1,2,0,,1,1,0,0,0,,"734769,902300000190735","5691301,281099999323487",12.369728659000032,51.32447522600006,4,,4,Süd,,,,4.0,,0,14241002148210677430,254926,0,1
16793,,,14,7,13,0,2024,10,14,4,3,5,3,0,,0,1,0,0,0,,"739758,965200000442564","5688233,046499999240041",12.439139423000029,51.29485493900006,3,,3,Südost,,,,3.0,,0,14241002144200677040,254927,0,1
16794,,,14,7,13,0,2024,10,19,3,3,2,2,2,,0,1,0,0,0,,"733390,443599999882281","5692147,436400000005960",12.350519398000074,51.332638373000066,5,,5,Südwest,,,,5.0,,0,14241001148310701450,254951,0,1
16795,,,14,7,13,0,2024,10,20,3,3,5,3,2,,0,1,0,0,0,,"741230,672699999995530","5692654,547399999573827",12.463198785000031,51.33391911700005,2,,2,Ost,,,,2.0,,1,14241001148210681460,254954,0,1
16796,,,14,7,13,0,2024,10,14,3,3,5,2,0,,1,1,0,0,0,,"738864,167600000277162","5694482,654100000858307",12.430516225000076,51.351326699000026,2,,2,Ost,,,,2.0,,0,14241001148210681140,254955,0,1
16797,,,14,7,13,0,2024,10,6,3,3,3,2,0,,1,1,0,0,0,,"733607,165699999779463","5692989,462099999189377",12.354177077000031,51.34010790200006,0,,0,Mitte,,,,0.0,,0,14241001148110776370,254957,1,1
16798,,,14,7,13,0,2024,10,18,3,3,6,4,1,,1,0,1,0,0,,"735345,007199999876320","5695962,553099999204278",12.381048903000021,51.366078669000046,9,,9,Nord,,,,9.0,,0,14241001148110665120,254958,0,1
16799,,,14,7,13,0,2024,11,14,7,3,8,1,0,,0,1,0,0,0,,"734054,016699999570847","5695311,133899999782443",12.362107811000044,51.360764578000044,9,,9,Nord,,,,9.0,,0,14241109148120775870,254959,0,1
16800,,,14,7,13,0,2024,10,14,3,3,6,4,0,,0,1,1,0,0,,"737027,871500000357628","5692981,688999999314547",12.40319471600003,51.338622601000054,3,,3,Südost,,,,3.0,,0,14241001144200682450,254960,0,1
16801,,,14,7,13,0,2024,10,15,3,3,3,2,0,,0,1,0,0,0,,"735767,524000000208616","5693019,528999999165535",12.385157966000065,51.33948619200004,0,,0,Mitte,,,,0.0,,0,14241001144100699990,254962,0,1
16802,,,14,7,13,0,2024,9,18,2,3,0,1,1,,0,0,0,1,0,,"735075,406200000084937","5689656,621899999678135",12.37302143200003,51.30958594600003,4,,4,Süd,,,,4.0,,0,14240930148210664371,254980,0,1
16803,,,14,7,13,0,2024,9,11,2,3,0,7,0,,1,0,0,0,0,,"733817,034199999645352","5695937,661699999123812",12.359121788000039,51.36648615400003,9,,9,Nord,,,,9.0,,0,14240930148110664360,254981,0,1
16804,,,14,7,13,0,2024,10,7,6,3,5,3,1,,1,1,0,0,0,,"740407,193799999542534","5699103,447599999606609",12.455758324000044,51.39215047400006,1,,1,Nordost,,,,1.0,,0,14241025148110752280,254990,0,1
16805,,,14,7,13,0,2024,9,19,1,3,6,6,1,,1,0,1,0,0,,"735275,754900000058115","5693466,617699999362230",12.378405684000029,51.34370308600006,0,,0,Mitte,,,,0.0,,0,14240929148410677490,254998,0,1
16806,,,14,7,13,0,2024,9,16,7,3,5,3,0,,1,1,0,0,0,,"731860,378399999812245","5689257,981499999761581",12.326715027000034,51.30732601100004,5,,5,Südwest,,,,5.0,,0,14240928148310682120,255006,0,1
16807,,,14,7,13,0,2024,9,15,7,3,0,1,0,,1,1,0,0,0,,"729675,005300000309944","5694634,947000000625849",12.298881294000068,51.35648136300006,7,,7,Alt-West,,,,7.0,,0,14240928148310681160,255007,1,1
16808,,,14,7,13,0,2024,9,21,7,3,8,1,2,,0,0,0,1,0,,"736350,509100000374019","5698742,319599999114871",12.397315798000022,51.39061273000004,1,,1,Nordost,,,,1.0,,0,14240928148110677410,255009,1,1
16809,,,14,7,13,0,2024,9,17,7,3,0,7,1,,1,0,0,0,0,,"734360,120199999772012","5695482,266300000250340",12.366609486000073,51.36217456500003,9,,9,Nord,,,,9.0,,0,14240928148110663370,255010,0,1
16810,,,14,7,13,0,2024,9,17,7,2,5,2,0,,1,0,0,0,0,,"734938,580400000326335","5691047,565999999642372",12.371978053000078,51.32212814700006,4,,4,Süd,,,,4.0,,0,14240928144200663830,255011,0,1
16811,,,14,7,13,0,2024,11,17,6,3,6,4,1,,0,0,1,0,0,,"735318,663399999961257","5692579,671299999579787",12.37843467700003,51.33572380600003,0,,0,Mitte,,,,0.0,,1,14241101144200752720,255016,0,1
16812,,,14,7,13,0,2024,9,17,6,3,2,6,2,,0,1,0,0,0,,"737036,509899999946356","5696234,312100000679493",12.405484834000049,51.36781477200003,1,,1,Nordost,,,,1.0,,0,14240927148110663010,255028,0,1
16813,,,14,7,13,0,2024,9,11,6,3,5,3,0,,0,1,0,0,0,,"734635,217500000260770","5690884,774900000542402",12.367524957000057,51.32079203500007,4,,4,Süd,,,,4.0,,1,14240927144200663811,255029,0,1
16814,,,14,7,13,0,2024,9,15,6,1,6,4,0,,0,1,1,0,0,,"738712,739500000141561","5697332,441899999976158",12.430258270000024,51.37696949300005,1,,1,Nordost,,,,1.0,,0,14240927144200663001,255030,0,1
16815,,,14,7,13,0,2024,9,16,5,2,4,2,0,,1,1,0,0,0,,"737572,456000000238419","5693389,530500000342727",12.411270925000053,51.342056152000055,2,,2,Ost,,,,2.0,,0,14240926148410657531,255043,0,1
16816,,,14,7,13,0,2024,9,11,5,3,0,1,0,,1,0,0,0,0,,"735306,809500000439584","5689560,278500000014901",12.37627204200004,51.30862552500008,4,,4,Süd,,,,4.0,,0,14240926148210681440,255044,1,1
16817,,,14,7,13,0,2024,9,14,5,3,2,6,0,,0,1,0,0,0,,"734892,009100000374019","5694350,227099999785423",12.373488610000038,51.35179335400005,0,,0,Mitte,,,,0.0,,0,14240926148110681430,255045,0,1
16818,,,14,7,13,0,2024,9,10,5,3,0,3,0,,1,1,0,0,0,,"738111,510599999688566","5694082,697300000116229",12.419459896000035,51.34805250000005,1,,1,Nordost,,,,1.0,,0,14240926144200694510,255046,1,1
16819,,,14,7,13,0,2024,9,5,5,2,5,3,2,,1,1,0,0,0,,"738139,533400000073016","5690520,675200000405312",12.417481031000023,51.31606816200008,3,,3,Südost,,,,3.0,,0,14240926144200664330,255047,1,1
16820,,,14,7,13,0,2024,9,15,4,3,3,3,0,,1,0,0,0,0,,"733058,374499999918044","5690607,217800000682473",12.344753957000023,51.31894851700008,5,,5,Südwest,,,,5.0,,1,14240925148310657050,255066,0,1
16821,,,14,7,13,0,2024,9,11,4,3,0,4,0,,1,0,1,0,0,,"736056,125300000421703","5689667,815999999642372",12.387074526000049,51.30928060000008,4,,4,Süd,,,,4.0,,0,14240925148224663030,255068,0,1
16822,,,14,7,13,0,2024,9,11,4,3,5,2,0,,0,1,0,1,0,,"739637,737499999813735","5694458,197599999606609",12.441588120000063,51.350781589000064,2,,2,Ost,,,,2.0,,0,14240925148210694310,255069,0,1
16823,,,14,7,13,0,2024,11,15,6,3,5,2,0,,0,1,0,1,0,,"727299,268899999558926","5688412,422499999403954",12.260848939000027,51.30157446800007,6,,6,West,,,,6.0,,0,14241115148310845260,255071,0,1
16824,,,14,7,13,0,2024,9,19,4,3,2,6,2,,0,1,0,0,0,,"737292,900899999774992","5692936,442999999970198",12.406962590000035,51.33810594300007,3,,3,Südost,,,,3.0,,1,14240925144200698900,255072,0,1
16825,,,14,7,13,0,2024,9,8,4,3,1,5,0,,1,1,0,0,0,,"736785,140499999746680","5690894,809699999168515",12.398329691000072,51.319991566000056,0,,0,Mitte,,,,0.0,,0,14240925144200656960,255073,0,1
16826,,,14,7,13,0,2024,9,18,3,3,0,1,0,,1,0,0,0,0,,"733027,627000000327826","5694158,517000000923872",12.346636325000077,51.35083985300008,0,,0,Mitte,,,,0.0,,0,14240924148410682530,255090,1,1
16827,,,14,7,13,0,2024,9,8,3,3,5,3,0,,1,1,0,0,0,,"735770,708399999886751","5692852,093200000002980",12.385092773000054,51.33798192300003,0,,0,Mitte,,,,0.0,,0,14240924148410657100,255091,1,1
16828,,,14,7,13,0,2024,9,16,3,3,4,1,0,,0,1,0,1,0,,"727233,709999999962747","5688637,958000000566244",12.260053648000053,51.303625372000056,6,,6,West,,,,6.0,,0,14240924148310738130,255092,1,1
16829,,,14,7,13,0,2024,9,15,3,3,1,6,0,,0,1,0,0,0,,"735007,884200000204146","5691745,418500000610948",12.373430964000022,51.32836373300006,0,,0,Mitte,,,,0.0,,0,14240924148310677450,255093,0,1
16830,,,14,7,13,0,2024,9,10,3,3,5,3,0,,0,1,0,0,0,,"738649,713700000196695","5695291,160499999299645",12.427984406000064,51.35867380800005,1,,1,Nordost,,,,1.0,,0,14240924148110647180,255094,1,1
16831,,,14,7,13,0,2024,9,19,3,3,0,1,2,,1,0,0,0,0,,"737778,262600000016391","5693739,158500000834465",12.414453903000037,51.34510838400007,2,,2,Ost,,,,2.0,,0,14240924145200681411,255095,0,1
16832,,,14,7,13,0,2024,10,6,5,3,4,6,2,,1,0,0,0,0,,"736188,824599999934435","5689666,880799999460578",12.388974382000072,51.309217164000074,4,,4,Süd,,,,4.0,,0,14241024148224739980,255099,0,1
16833,,,14,7,13,0,2024,10,1,2,3,0,1,2,,1,0,0,0,0,,"731918,589399999938905","5691259,546299999579787",12.328850289000059,51.32527000700003,5,,5,Südwest,,,,5.0,,0,14241021148323738140,255109,0,1
16834,,,14,7,13,0,2024,9,17,2,3,3,2,0,,1,1,0,0,0,,"735588,589499999769032","5692241,159700000658631",12.382078886000045,51.33257347400007,0,,0,Mitte,,,,0.0,,0,14240923148410646700,255117,0,1
16835,,,14,7,13,0,2024,9,11,2,2,5,3,0,,1,1,0,0,0,,"731212,992100000381470","5691862,641100000590086",12.319131997000056,51.33097111600006,7,,7,Alt-West,,,,7.0,,0,14240923148313647220,255118,0,1
16836,,,14,7,13,0,2024,9,11,2,3,5,2,0,,1,1,0,0,0,,"727298,411000000312924","5688412,281799999997020",12.260836563000055,51.30157354800008,6,,6,West,,,,6.0,,0,14240923148310646680,255119,0,1
16837,,,14,7,13,0,2024,9,15,2,2,5,3,0,,1,1,0,0,0,,"735111,253499999642372","5697143,096499999985099",12.378477694000026,51.37677235000007,9,,9,Nord,,,,9.0,,0,14240923144310657020,255120,0,1
16838,,,14,7,13,0,2024,9,14,2,3,2,6,0,,1,1,0,0,0,,"729897,697900000028312","5692381,396400000900030",12.300619010000048,51.336161135000054,7,,7,Alt-West,,,,7.0,,0,14240923144200663360,255121,0,1
16839,,,14,7,13,0,2024,9,6,2,3,3,6,0,,0,1,0,0,1,,"737066,060700000263751","5696287,155400000512600",12.405943812000032,51.36827676400003,1,,1,Nordost,,,,1.0,,0,14240923144200646620,255124,0,1
16840,,,14,7,13,0,2024,9,13,2,3,0,6,0,,1,1,0,0,0,,"737687,134499999694526","5693351,717900000512600",12.412889206000045,51.34166882000005,2,,2,Ost,,,,2.0,,0,14240923143263647150,255125,0,1
16841,,,14,7,13,0,2024,11,16,2,3,2,6,0,,0,1,0,0,0,,"734632,922899999655783","5695398,069000000134110",12.370465514000045,51.36130619200003,9,,9,Nord,,,,9.0,,0,14241104148110784710,255126,0,1
16842,,,14,7,13,0,2024,11,14,6,3,6,2,0,,0,1,1,0,0,,"735811,672000000253320","5692281,695299999788404",12.385302257000035,51.332844891000036,0,,0,Mitte,,,,0.0,,0,14241101148410805910,255134,0,1
16843,,,14,7,13,0,2024,9,21,1,3,3,6,2,,1,1,0,0,0,,"734794,667100000195205","5692478,357300000265241",12.370858962000057,51.335030938000045,0,,0,Mitte,,,,0.0,,0,14240922148410752780,255145,0,1
16844,,,14,7,13,0,2024,12,9,3,3,4,1,0,,0,1,0,0,0,,"729114,055499999783933","5691381,401100000366569",12.288745276000043,51.32750026100007,6,,6,West,,,,6.0,,0,14241231148310919620,255820,2,1
16845,,,14,7,13,0,2024,12,13,3,3,1,5,0,,1,1,0,0,0,,"733248,490100000053644","5695772,857200000435114",12.350860755000042,51.365240492000055,8,,8,Nordwest,,,,8.0,,0,14241231148110931510,255822,0,1
16846,,,14,7,13,0,2024,12,11,3,3,5,3,0,,0,1,0,0,0,,"735984,569299999624491","5695197,333399999886751",12.38971216400006,51.35894461300006,9,,9,Nord,,,,9.0,,0,14241231148110931210,255823,0,1
16847,,,14,7,13,0,2024,12,13,2,3,3,6,0,,1,1,0,0,0,,"735995,883399999700487","5693370,565199999138713",12.388663214000076,51.34254245200003,0,,0,Mitte,,,,0.0,,0,14241230148410930420,255826,0,1
16848,,,14,7,13,0,2024,12,16,2,3,0,3,1,,0,1,0,0,0,,"730312,437800000421703","5696990,938899999484420",12.309546402000024,51.377372964000074,8,,8,Nordwest,,,,8.0,,1,14241230144200931180,255827,0,1
16849,,,14,7,13,0,2024,12,18,2,3,5,7,2,,1,1,0,0,0,,"729646,961699999868870","5690321,661699999123812",12.295698513000048,51.31777199000004,6,,6,West,,,,6.0,,0,14241230144000948020,255828,0,1
16850,,,14,7,13,0,2024,12,14,7,3,3,6,0,,1,1,0,0,0,,"734238,031600000336766","5695532,519200000911951",12.364892010000062,51.36267600000008,9,,9,Nord,,,,9.0,,0,14241228148110919600,255834,0,1
16851,,,14,7,13,0,2024,12,6,7,3,6,2,1,,0,1,1,0,0,,"733994,558400000445545","5695501,825799999758601",12.361380729000075,51.362500803000046,9,,9,Nord,,,,9.0,,0,14241228148110918750,255835,0,1