UNFALL_ID,FID_left,OBJECTID,ULAND,UREGBEZ,UKREIS,UGEMEINDE,UJAHR,UMONAT,USTUNDE,UWOCHENTAG,UKATEGORIE,UART,UTYP1,ULICHTVERH,IstStrasse,IstRad,IstPKW,IstFuss,IstKrad,IstGkfz,IstSonstig,LINREFX,LINREFY,XGCSWGS84,YGCSWGS84,index_right,FID_right,SBZ,Name,UIDENTSTLA,LICHT,STRZUSTAND,FID,OBJECTID_1,IstSonstige,UIDENTSTLAE,OID_,IstStrassenzustand,PLST
16852,,,14,7,13,0,2024,12,12,6,3,5,1,0,,0,1,0,0,0,,"732221,399400000460446","5699183,617000000551343",12.338361531000032,51.39627843200003,8,,8,Nordwest,,,,8.0,,0,14241227148110918330,255843,1,1
16853,,,14,7,13,0,2024,12,16,6,3,4,6,2,,0,1,0,0,0,,"737505,182799999602139","5689225,570800000801682",12.407532779000064,51.304708248000054,3,,3,Südost,,,,3.0,,0,14241227144200919830,255844,1,1
16854,,,14,7,13,0,2024,12,18,4,2,0,7,2,,1,0,0,0,0,,"737236,749300000257790","5691254,920600000768900",12.405038494000053,51.323035868000034,3,,3,Südost,,,,3.0,,0,14241225148221023160,255853,0,1
16855,,,14,7,13,0,2024,12,8,2,3,0,1,0,,1,0,0,0,0,,"734203,538300000131130","5692123,717700000852346",12.362154940000039,51.33209124900003,0,,0,Mitte,,,,0.0,,0,14241223148410906970,255865,2,1
16856,,,14,7,13,0,2024,12,7,2,3,0,1,1,,1,0,0,0,0,,"731815,631799999624491","5689249,696100000292063",12.326068785000075,51.30726985700005,5,,5,Südwest,,,,5.0,,0,14241223148310906730,255866,1,1
16857,,,14,7,13,0,2024,12,8,2,3,0,1,0,,1,0,0,0,0,,"736720,060800000093877","5689656,747600000351667",12.396575786000028,51.308905551000066,4,,4,Süd,,,,4.0,,0,14241223148210907120,255867,2,1
16858,,,14,7,13,0,2024,12,8,2,3,0,1,0,,1,0,0,0,0,,"734626,515399999916553","5695369,417500000447035",12.370354744000053,51.36105165100008,9,,9,Nord,,,,9.0,,0,14241223148110906690,255869,1,1
16859,,,14,7,13,0,2024,12,19,1,2,0,1,2,,0,1,0,0,0,,"729376,696000000461936","5690432,748999999836087",12.291898219000075,51.318878237000035,6,,6,West,,,,6.0,,0,14241222148310906340,255880,1,1
16860,,,14,7,13,0,2024,12,6,6,3,5,2,2,,0,1,0,1,0,,"734578,344100000336766","5691403,386099999770522",12.367051451000066,51.32547077800007,0,,0,Mitte,,,,0.0,,0,14241220148410932300,255893,0,1
16861,,,14,7,13,0,2024,12,17,6,3,5,3,2,,0,1,0,0,0,,"737185,611200000159442","5693660,910700000822544",12.405907575000072,51.34465357800008,2,,2,Ost,,,,2.0,,1,14241220144320906660,255894,0,1
16862,,,14,7,13,0,2024,12,1,6,3,8,1,2,,0,1,0,0,0,,"737395,568699999712408","5692883,802200000733137",12.408398774000034,51.33759058700008,2,,2,Ost,,,,2.0,,0,14241220144200905580,255895,1,1
16863,,,14,7,13,0,2024,12,12,6,3,5,3,0,,0,1,0,0,0,,"739104,114699999801815","5693228,622099999338388",12.433113527000046,51.33996986600005,2,,2,Ost,,,,2.0,,0,14241220144200905570,255896,0,1
16864,,,14,7,13,0,2024,12,2,5,2,0,7,2,,1,0,0,0,0,,"733772,975399999879301","5693648,368000000715256",12.356985976000033,51.345954447000054,0,,0,Mitte,,,,0.0,,0,14241219148423011890,255906,0,1
16865,,,14,7,13,0,2024,12,20,5,3,2,4,2,,0,1,1,0,0,,"735899,717799999751151","5692886,188300000503659",12.386964139000042,51.33823446900004,0,,0,Mitte,,,,0.0,,0,14241219148410954870,255907,1,1
16866,,,14,7,13,0,2024,12,17,5,3,8,1,2,,1,0,0,0,0,,"730231,697900000028312","5701015,378799999132752",12.310998091000044,51.41353260100004,8,,8,Nordwest,,,,8.0,,0,14241219144200931900,255908,1,1
16867,,,14,7,13,0,2024,12,21,5,2,6,4,2,,0,1,1,0,0,,"742263,526700000278652","5694674,007699999958277",12.479371359000027,51.351605567000036,2,,2,Ost,,,,2.0,,0,14241219144200905560,255909,1,1
16868,,,14,7,13,0,2024,12,22,4,3,4,2,2,,1,1,0,0,0,,"736317,392300000414252","5692032,876199999824166",12.39238369700007,51.33040155000003,0,,0,Mitte,,,,0.0,,0,14241218148410898510,255930,0,1
16869,,,14,7,13,0,2024,12,7,4,3,1,5,2,,1,1,0,0,0,,"734799,892599999904633","5691499,070900000631809",12.370288602000073,51.32623829700003,0,,0,Mitte,,,,0.0,,0,14241218148410898100,255931,0,1
16870,,,14,7,13,0,2024,12,17,4,3,0,3,2,,0,1,0,0,0,,"735699,735100000165403","5695746,417500000447035",12.38599226100007,51.36399153100007,9,,9,Nord,,,,9.0,,0,14241218148110931520,255932,0,1
16871,,,14,7,13,0,2024,12,16,4,3,3,3,1,,1,0,0,0,0,,"735967,751699999906123","5693540,947599999606609",12.388372932000038,51.34408351900004,0,,0,Mitte,,,,0.0,,1,14241218148110919360,255933,0,1
16872,,,14,7,13,0,2024,12,6,4,2,5,3,2,,1,1,0,0,0,,"738793,835799999535084","5696054,251199999824166",12.430562867000049,51.36546262500008,1,,1,Nordost,,,,1.0,,0,14241218148110898081,255934,0,1
16873,,,14,7,13,0,2024,12,7,3,3,5,3,1,,1,1,0,0,0,,"737350,266999999992549","5690244,028000000864267",12.405991890000053,51.313914648000036,3,,3,Südost,,,,3.0,,0,14241217148210919850,255944,0,1
16874,,,14,7,13,0,2024,12,17,3,3,4,2,2,,0,1,0,0,0,,"734867,815000000409782","5687362,835999999195337",12.368539230000067,51.28908151300004,4,,4,Süd,,,,4.0,,0,14241217144200898040,255945,0,1
16875,,,14,7,13,0,2024,12,16,3,3,2,6,2,,0,1,0,0,0,,"731942,484299999661744","5693121,256200000643730",12.33040459700004,51.34197244100005,7,,7,Alt-West,,,,7.0,,0,14241217144200883470,255947,0,1
16876,,,14,7,13,0,2024,12,15,2,3,5,2,0,,0,1,0,0,0,,"733778,553199999965727","5696917,550100000575185",12.359214294000026,51.37529792400005,9,,9,Nord,,,,9.0,,0,14241216148110906940,255957,0,1
16877,,,14,7,13,0,2024,12,7,2,3,2,6,2,,0,1,0,1,0,,"731833,021499999798834","5689803,514900000765920",12.326677705000066,51.312234327000056,5,,5,Südwest,,,,5.0,,0,14241216144200905610,255959,0,1
16878,,,14,7,13,0,2024,12,17,2,3,3,6,2,,1,1,0,0,0,,"734214,603000000119209","5692213,695199999958277",12.362372632000074,51.33289437500008,0,,0,Mitte,,,,0.0,,0,14241216143263898030,255960,0,1
16879,,,14,7,13,0,2024,12,22,1,3,0,1,2,,1,0,0,0,0,,"733618,225499999709427","5694035,765499999746680",12.355022074000033,51.34949554600007,0,,0,Mitte,,,,0.0,,0,14241215148420883060,255966,1,1
16880,,,14,7,13,0,2024,12,15,1,3,0,1,0,,1,0,0,0,0,,"731953,575600000098348","5692594,417600000277162",12.330220465000025,51.33723860600003,7,,7,Alt-West,,,,7.0,,0,14241215148310882620,255967,1,1
16881,,,14,7,13,0,2024,12,18,1,3,5,2,2,,1,1,0,0,0,,"733512,497299999929965","5693194,997500000521541",12.352955073000032,51.34199178800003,0,,0,Mitte,,,,0.0,,0,14241215144320898550,255968,1,1
16882,,,14,7,13,0,2024,12,17,1,2,6,4,2,,0,1,1,0,0,,"742281,842400000430644","5694027,517500000074506",12.479193904000056,51.34579527200003,2,,2,Ost,,,,2.0,,0,14241215144200906670,255969,1,1
16883,,,14,7,13,0,2024,12,11,7,3,2,2,0,,0,1,0,0,0,,"734914,015800000168383","5695697,401100000366569",12.374693538000031,51.36387695500008,9,,9,Nord,,,,9.0,,0,14241214148110882210,255977,0,1
16884,,,14,7,13,0,2024,12,11,6,3,1,2,0,,1,1,0,0,0,,"738653,728000000119209","5695157,452999999746680",12.427952273000074,51.35747198400003,1,,1,Nordost,,,,1.0,,0,14241213149113883080,255985,0,1
16885,,,14,7,13,0,2024,12,10,6,3,5,3,0,,1,1,0,0,0,,"735769,089999999850988","5692853,627000000327826",12.385070595000059,51.33799636200007,0,,0,Mitte,,,,0.0,,0,14241213148410918580,255986,0,1
16886,,,14,7,13,0,2024,12,9,5,3,3,6,0,,1,1,0,0,0,,"737439,390999999828637","5693748,850899999961257",12.409603487000027,51.34533700600008,2,,2,Ost,,,,2.0,,0,14241212148410872690,255996,0,1
16887,,,14,7,13,0,2024,12,17,4,3,5,3,1,,1,0,0,0,0,,"735084,334200000390410","5694958,951500000432134",12.37664772900007,51.357177954000065,0,,0,Mitte,,,,0.0,,0,14241211148410882630,256004,1,1
16888,,,14,7,13,0,2024,12,18,4,3,1,5,2,,0,1,0,0,0,,"741102,306400000117719","5687091,832900000736117",12.457600692000028,51.284044735000066,3,,3,Südost,,,,3.0,,0,14241211148210905590,256005,1,1
16889,,,14,7,13,0,2024,12,11,4,3,6,2,0,,0,1,1,0,0,,"742926,850999999791384","5694133,208100000396371",12.488510001000066,51.346468644000026,2,,2,Ost,,,,2.0,,0,14241211148210882610,256007,1,1
16890,,,14,7,13,0,2024,12,15,4,3,5,7,0,,0,1,0,0,0,,"736706,544999999925494","5689657,495999999344349",12.396382717000051,51.30891788900004,4,,4,Süd,,,,4.0,,1,14241211148210882600,256009,1,1
16891,,,14,7,13,0,2024,12,7,4,3,6,2,0,,0,1,1,0,0,,"734240,699699999764562","5694911,418800000101328",12.364521318000072,51.35709963700003,9,,9,Nord,,,,9.0,,0,14241211148110881930,256010,1,1
16892,,,14,7,13,0,2024,12,13,4,2,5,2,0,,1,1,0,0,0,,"738087,769700000062585","5697559,745699999853969",12.421447067000031,51.37927209900005,1,,1,Nordost,,,,1.0,,0,14241211144200883490,256011,1,1
16893,,,14,7,13,0,2024,12,11,4,3,3,6,0,,0,1,0,0,0,,"732665,541799999773502","5690528,674399999901652",12.33907522900006,51.31840420200007,5,,5,Südwest,,,,5.0,,1,14241211144200881920,256012,1,1
16894,,,14,7,13,0,2024,12,8,3,3,6,2,0,,0,0,1,0,1,,"735170,896999999880791","5693443,947799999266863",12.376887830000044,51.34354297400006,0,,0,Mitte,,,,0.0,,0,14241210148410919160,256024,0,1
16895,,,14,7,13,0,2024,12,9,3,3,6,6,0,,1,0,1,0,0,,"735084,812699999660254","5696865,266100000590086",12.377914702000055,51.37428941200005,9,,9,Nord,,,,9.0,,0,14241210148110898490,256025,1,1
16896,,,14,7,13,0,2024,12,20,3,3,4,2,2,,0,1,0,0,0,,"737089,276300000026822","5696331,187899999320507",12.406306078000057,51.36866231300007,1,,1,Nordost,,,,1.0,,1,14241210148110881940,256026,1,1
16897,,,14,7,13,0,2024,12,18,3,2,6,4,2,,0,0,1,0,0,,"735595,412999999709427","5693176,499299999326468",12.382795249000026,51.340966535000064,0,,0,Mitte,,,,0.0,,1,14241210144200993400,256027,1,1
16898,,,14,7,13,0,2024,12,9,2,3,3,2,0,,1,1,0,0,0,,"733857,128999999724329","5693448,414000000804663",12.358060868000052,51.34412494800006,0,,0,Mitte,,,,0.0,,0,14241209148410872380,256038,0,1
16899,,,14,7,13,0,2024,12,19,2,3,2,6,2,,0,1,0,0,0,,"736471,107599999755621","5687475,340900000184774",12.39156549300003,51.28942813200007,4,,4,Süd,,,,4.0,,0,14241209148210881960,256039,1,1
16900,,,14,7,13,0,2024,12,18,2,3,6,2,2,,0,1,1,0,0,,"734640,372600000351667","5695407,952800000086427",12.370578848000036,51.36139183600005,9,,9,Nord,,,,9.0,,0,14241209148110858740,256040,1,1
16901,,,14,7,13,0,2024,12,16,2,3,6,7,2,,0,0,1,0,0,,"736406,504399999976158","5694700,903000000864267",12.395431654000049,51.354313207000075,1,,1,Nordost,,,,1.0,,1,14241209144200858930,256044,1,1
16902,,,14,7,13,0,2024,12,19,2,3,6,4,2,,0,0,1,0,0,,"736043,403300000354648","5691551,688400000333786",12.388139232000071,51.32619604400003,0,,0,Mitte,,,,0.0,,1,14241209143263881360,256045,1,1
16903,,,14,7,13,0,2024,12,13,1,3,0,1,0,,1,0,0,0,0,,"732007,529000000096858","5696380,043299999088049",12.333461696000029,51.37119915300008,8,,8,Nordwest,,,,8.0,,0,14241208148110898090,256058,0,1
16904,,,14,7,13,0,2024,12,20,7,3,3,2,2,,1,1,0,0,0,,"737332,460500000044703","5693072,283399999141693",12.407620004000023,51.33930874600003,2,,2,Ost,,,,2.0,,0,14241207148410881970,256067,1,1
16905,,,14,7,13,0,2024,12,18,7,3,2,2,2,,1,1,0,0,0,,"734850,650000000372529","5691916,364199999719858",12.371290784000053,51.32996314500008,0,,0,Mitte,,,,0.0,,0,14241207148410872370,256068,1,1
16906,,,14,7,13,0,2024,12,11,7,3,3,2,0,,1,1,0,0,0,,"737640,313400000333786","5692162,558100000023842",12.411424939000028,51.33101446000006,3,,3,Südost,,,,3.0,,0,14241207148410872340,256069,1,1
16907,,,14,7,13,0,2024,12,16,7,3,6,2,2,,0,1,1,0,0,,"741469,342000000178814","5689504,259999999776483",12.464485231000026,51.305542295000066,3,,3,Südost,,,,3.0,,0,14241207148210872660,256070,1,1
16908,,,14,7,13,0,2024,12,15,7,3,5,3,0,,0,1,0,0,0,,"740588,495900000445545","5689992,114299999549985",12.45220087000007,51.31029402100006,3,,3,Südost,,,,3.0,,0,14241207148210872640,256071,1,1
16909,,,14,7,13,0,2024,12,15,7,3,5,3,0,,1,1,0,0,0,,"738334,319199999794364","5690883,458499999716878",12.420513457000027,51.319242960000054,3,,3,Südost,,,,3.0,,0,14241207144200857920,256072,1,1
16910,,,14,7,13,0,2024,12,23,6,3,5,3,2,,0,1,0,0,0,,"731508,010999999940395","5691446,722999999299645",12.323089259000028,51.32711748400004,5,,5,Südwest,,,,5.0,,1,14241206148320872670,256087,1,1
16911,,,14,7,13,0,2024,12,16,6,3,5,2,2,,1,1,0,0,0,,"732326,756500000134110","5690612,366699999198318",12.334276557000067,51.31929390000005,5,,5,Südwest,,,,5.0,,0,14241206148310930030,256088,1,1
16912,,,14,7,13,0,2024,12,16,6,3,5,3,2,,1,0,0,0,0,,"735181,105200000107288","5689049,933100000023842",12.374135409000075,51.304096394000055,4,,4,Süd,,,,4.0,,1,14241206148210858760,256089,1,1
16913,,,14,7,13,0,2024,12,19,6,3,4,7,2,,0,1,0,0,0,,"735086,735299999825656","5689584,766899999231100",12.373136344000045,51.308936266000046,4,,4,Süd,,,,4.0,,0,14241206148210858750,256090,1,1
16914,,,14,7,13,0,2024,12,7,6,3,6,4,1,,0,1,1,0,0,,"737398,116899999789894","5692741,901900000870228",12.408340726000063,51.33631581800006,3,,3,Südost,,,,3.0,,0,14241206144200932240,256091,1,1
16915,,,14,7,13,0,2024,12,18,6,3,6,2,2,,0,1,1,0,0,,"734935,909599999897182","5698633,651200000196695",12.376948427000059,51.39022455600008,9,,9,Nord,,,,9.0,,0,14241206144200858710,256092,1,1
16916,,,14,7,13,0,2024,12,7,5,3,2,6,1,,0,1,0,0,0,,"733168,105800000019372","5694146,080600000917912",12.348641972000053,51.350670609000076,0,,0,Mitte,,,,0.0,,0,14241205148410883050,256104,1,1
16917,,,14,7,13,0,2024,12,21,5,3,0,1,2,,0,0,0,0,0,,"735281,726900000125170","5693671,077899999916553",12.378626379000025,51.34553591500003,0,,0,Mitte,,,,0.0,,1,14241205148410872700,256105,0,1
16918,,,14,7,13,0,2024,12,17,5,3,3,2,2,,1,1,0,0,0,,"734841,468999999575317","5693285,567999999970198",12.372061832000043,51.34225745700007,0,,0,Mitte,,,,0.0,,0,14241205148410857240,256106,0,1
16919,,,14,7,13,0,2024,12,19,5,3,2,2,2,,0,1,0,0,1,,"729708,836799999698997","5693138,969100000336766",12.298400969000056,51.34303823000005,7,,7,Alt-West,,,,7.0,,0,14241205148310872320,256107,0,1
16920,,,14,7,13,0,2024,12,19,5,3,0,1,2,,1,0,0,0,0,,"731589,458800000138581","5690500,792300000786781",12.323641784000074,51.31859284900003,5,,5,Südwest,,,,5.0,,0,14241205148310857660,256108,0,1
16921,,,14,7,13,0,2024,12,23,5,3,0,1,2,,1,0,0,0,0,,"734321,955599999986589","5694942,119999999180436",12.36570649500004,51.35734172600007,9,,9,Nord,,,,9.0,,0,14241205148110857220,256110,0,1
16922,,,14,7,13,0,2024,12,19,5,3,5,3,2,,1,1,0,0,0,,"739250,949599999934435","5697709,921399999409914",12.438231439000049,51.38013115700005,1,,1,Nordost,,,,1.0,,0,14241205144200930100,256113,0,1
16923,,,14,7,13,0,2024,12,17,5,3,4,2,2,,0,1,0,0,0,,"734452,354799999855459","5693788,424200000241399",12.366816053000036,51.346931891000054,0,,0,Mitte,,,,0.0,,0,14241205144200858260,256114,0,1
16924,,,14,7,13,0,2024,12,6,5,3,8,2,1,,0,1,0,0,0,,"735496,023900000378489","5692040,855100000277162",12.380620132000047,51.33081380700003,0,,0,Mitte,,,,0.0,,0,14241205144200857620,256115,1,1
16925,,,14,7,13,0,2024,12,18,4,3,5,2,2,,0,1,0,0,0,,"733227,710099999792874","5693908,582499999552965",12.34934080100004,51.34851423500004,0,,0,Mitte,,,,0.0,,0,14241204148410858770,256130,1,1
16926,,,14,7,13,0,2024,12,8,4,3,3,2,0,,1,1,0,0,0,,"736109,388600000180304","5691121,085999999195337",12.388799404000054,51.32230346500006,0,,0,Mitte,,,,0.0,,0,14241204148410845290,256131,1,1
16927,,,14,7,13,0,2024,12,8,4,3,0,1,0,,1,0,0,0,0,,"730784,052099999971688","5693815,831100000068545",12.314251114000058,51.34867895200006,7,,7,Alt-West,,,,7.0,,0,14241204148310845250,256132,1,1
16928,,,14,7,13,0,2024,12,12,4,3,5,6,0,,0,1,0,0,0,,"741569,808899999596179","5687212,333399999886751",12.464373384000055,51.28492829000004,3,,3,Südost,,,,3.0,,0,14241204148211906710,256134,0,1
16929,,,14,7,13,0,2024,12,10,4,3,5,3,0,,0,1,0,0,1,,"741591,897499999962747","5687158,934900000691414",12.464653432000034,51.28443964100006,3,,3,Südost,,,,3.0,,0,14241204148211906700,256135,0,1
16930,,,14,7,13,0,2024,12,16,4,3,4,2,2,,0,1,0,1,0,,"734891,897900000214577","5694338,859200000762939",12.373479514000053,51.35169135800004,0,,0,Mitte,,,,0.0,,0,14241204144200882200,256136,1,1
16931,,,14,7,13,0,2024,12,21,4,3,5,2,2,,1,1,0,0,0,,"734764,821000000461936","5691302,981000000610948",12.369656980000059,51.32449258200006,4,,4,Süd,,,,4.0,,0,14241204144200845200,256137,1,1
16932,,,14,7,13,0,2024,12,11,3,3,3,6,0,,0,1,0,0,0,,"731162,944099999964237","5691906,765300000086427",12.318443461000072,51.33138755600004,7,,7,Alt-West,,,,7.0,,1,14241203662223883150,256145,1,1
16933,,,14,7,13,0,2024,12,7,3,3,3,2,2,,1,1,0,0,0,,"736660,334099999628961","5695553,646199999377131",12.399637648000066,51.36186188800008,9,,9,Nord,,,,9.0,,0,14241203148321844710,256147,1,1
16934,,,14,7,13,0,2024,12,15,3,2,5,7,0,,0,1,0,0,0,,"731229,800900000147521","5691961,379699999466538",12.319436930000052,51.331850649000046,7,,7,Alt-West,,,,7.0,,1,14241203148310906330,256148,1,1
16935,,,14,7,13,0,2024,12,17,3,3,5,3,2,,1,1,0,0,0,,"732965,463499999605119","5692079,496999999508262",12.34438519300005,51.33220272700004,5,,5,Südwest,,,,5.0,,0,14241203148310858270,256149,1,1
16936,,,14,7,13,0,2024,12,14,3,3,5,3,0,,1,1,0,0,0,,"731809,506199999712408","5691273,862900000065565",12.327296705000037,51.32544298000005,5,,5,Südwest,,,,5.0,,0,14241203148310844700,256150,1,1
16937,,,14,7,13,0,2024,12,7,3,3,0,1,1,,1,0,0,0,0,,"735071,294200000353158","5696750,252800000831485",12.377644761000056,51.373262615000044,9,,9,Nord,,,,9.0,,0,14241203148110844660,256151,2,1
16938,,,14,7,13,0,2024,12,16,3,3,6,4,2,,0,1,1,0,0,,"740660,342299999669194","5693919,113600000739098",12.455881344000034,51.345510973000046,2,,2,Ost,,,,2.0,,0,14241203145200882580,256153,1,1
16939,,,14,7,13,0,2024,12,16,3,3,6,4,0,,0,1,1,0,0,,"737438,909099999815226","5694589,018100000917912",12.410156968000024,51.35287856900004,1,,1,Nordost,,,,1.0,,0,14241203143263845190,256155,0,1
16940,,,14,7,13,0,2024,12,7,2,3,6,4,0,,0,1,1,0,0,,"729075,829699999652803","5690867,471200000494719",12.287867274000064,51.32290201400008,6,,6,West,,,,6.0,,0,14241202148310845270,256169,0,1
16941,,,14,7,13,0,2024,12,6,4,3,2,2,2,,1,1,0,0,0,,"735144,087299999780953","5689217,299000000581145",12.373715576000052,51.30561403200005,4,,4,Süd,,,,4.0,,0,14241218148210931930,256210,0,1
16942,,,14,7,13,0,2024,12,17,1,2,5,2,2,,1,1,0,0,0,,"729283,383000000379980","5691018,784399999305606",12.290938280000034,51.32417677600006,6,,6,West,,,,6.0,,0,14241201148310931570,256211,0,1
16943,,,14,7,13,0,2024,12,2,1,3,9,1,2,,0,1,0,0,0,,"730968,263600000180304","5688902,153000000864267",12.313707751000038,51.304494386000044,5,,5,Südwest,,,,5.0,,0,14241201144200844631,256212,1,1
16944,,,14,7,13,0,2024,11,17,7,3,6,7,2,,0,1,1,0,0,,"734837,360500000417233","5692659,134700000286102",12.371589923000045,51.336636042000066,0,,0,Mitte,,,,0.0,,0,14241130148410882220,256227,0,1
16945,,,14,7,13,0,2024,11,21,7,3,5,3,2,,0,1,0,0,0,,"737008,795099999755621","5697124,970699999481440",12.405681178000066,51.37582091500008,1,,1,Nordost,,,,1.0,,0,14241130148120858730,256228,1,1
16946,,,14,7,13,0,2024,1,9,5,3,4,6,0,,1,0,0,0,0,,"733615,399169259238988","5693207,346657594665885",12.354438001000062,51.34206037200005,0,,0,Mitte,,,,0.0,,0,14240125148410000480,267970,0,2
16947,,,14,7,13,0,2024,2,7,3,3,0,1,1,,1,0,0,0,0,,"727648,649891121312976","5697221,306783389300108",12.271483257000057,51.380515151000054,8,,8,Nordwest,,,,8.0,,0,14240220144200118771,267980,1,2
16948,,,14,7,13,0,2024,3,6,2,2,5,3,0,,1,1,0,0,0,,"729785,067961782333441","5690312,060636747628450",12.297670789000051,51.31763005200003,6,,6,West,,,,6.0,,0,14240325148310169540,267989,1,2
16949,,,14,7,13,0,2024,4,7,3,3,0,7,0,,1,0,0,0,0,,"736712,922720574075356","5695752,963545760139823",12.40052429900004,51.36362907200004,9,,9,Nord,,,,9.0,,0,14240409148410188840,268009,0,2
16950,,,14,7,13,0,2024,5,11,1,2,0,1,0,,1,0,0,0,0,,"730814,555999999865890","5684767,782999999821186",12.308835420000037,51.26744231400005,5,,5,Südwest,,,,5.0,,0,14240505148310264730,268031,1,2
16951,,,14,7,13,0,2024,5,16,2,3,2,6,0,,1,1,0,0,0,,"732393,080456145107746","5689235,954188351519406",12.334329976000049,51.30691107300004,5,,5,Südwest,,,,5.0,,0,14240513148310318760,268044,0,2
16952,,,14,7,13,0,2024,5,18,3,3,4,6,0,,1,0,0,0,0,,"734744,561149450950325","5692130,902785643003881",12.369912028000044,51.33193272400007,0,,0,Mitte,,,,0.0,,0,14240514144200301430,268046,0,2
16953,,,14,7,13,0,2024,6,18,3,2,4,2,0,,1,0,0,0,0,,"732348,356574687641114","5686339,736587617546320",12.33180505000007,51.28093049700004,5,,5,Südwest,,,,5.0,,0,14240604148210345130,268070,0,2
16954,,,14,7,13,0,2024,6,12,1,3,0,1,0,,1,0,0,0,0,,"732824,758028252748773","5688703,109457723796368",12.340164702000038,51.30195149200006,4,,4,Süd,,,,4.0,,0,14240609148310360230,268079,0,2
16955,,,14,7,13,0,2024,6,19,1,3,0,7,0,,1,0,0,0,0,,"733217,282176318462007","5689593,638711765408516",12.34636763900005,51.30978485700007,5,,5,Südwest,,,,5.0,,0,14240609148310380990,268080,0,2
16956,,,14,7,13,0,2024,6,15,1,3,3,2,0,,1,0,0,0,0,,"733787,879581328597851","5686416,523904869332910",12.352459810000028,51.28103101900007,5,,5,Südwest,,,,5.0,,0,14240623148210417880,268092,0,2
16957,,,14,7,13,0,2024,7,19,4,2,4,7,0,,1,0,0,0,0,,"737613,357054535066709","5692311,411534783430398",12.411137964000034,51.33236183500003,2,,2,Ost,,,,2.0,,0,14240703148410442300,268102,0,2
16958,,,14,7,13,0,2024,7,15,4,3,4,6,0,,1,0,0,0,0,,"734837,912323363940232","5693473,414382538758218",12.372134736000021,51.34394510800007,0,,0,Mitte,,,,0.0,,0,14240717148410487600,268111,0,2
16959,,,14,7,13,0,2024,8,7,4,3,5,3,0,,1,0,0,0,0,,"733092,680470626219176","5691101,526841562241316",12.345568554000067,51.32337171200004,5,,5,Südwest,,,,5.0,,1,14240807148310520600,268133,1,2
16960,,,14,7,13,0,2024,8,17,4,3,5,3,0,,1,0,0,0,0,,"733190,800508501590230","5689544,557185485959053",12.345956277000028,51.30935511700005,5,,5,Südwest,,,,5.0,,0,14240821148423568930,268146,0,2
16961,,,14,7,13,0,2024,8,15,7,3,0,1,0,,1,0,0,0,0,,"736762,847932335571386","5688049,464425901882350",12.396122466000065,51.294460428000036,4,,4,Süd,,,,4.0,,0,14240831148210588730,268155,0,2
16962,,,14,7,13,0,2024,9,19,5,3,2,6,1,,1,0,0,0,0,,"727870,405587451532483","5689165,438445901498199",12.26950901300006,51.308106303000045,6,,6,West,,,,6.0,,0,14240905148310627060,268163,0,2
16963,,,14,7,13,0,2024,9,12,5,3,0,1,0,,1,0,0,0,0,,"732007,369976165820844","5691630,561306356452405",12.33036379500004,51.32856433500007,5,,5,Südwest,,,,5.0,,0,14240905148310627100,268164,0,2
16964,,,14,7,13,0,2024,9,15,5,2,4,3,0,,1,1,0,0,0,,"736998,603666598675773","5695117,972416833043098",12.404197471000032,51.35781026300003,1,,1,Nordost,,,,1.0,,0,14240926143263664310,268180,0,2
16965,,,14,7,13,0,2024,10,16,3,2,6,4,0,,1,0,1,0,0,,"729287,122712920885533","5690357,206934735178947",12.290566412000032,51.31823618100003,6,,6,West,,,,6.0,,0,14241015144200768341,268188,0,2
16966,,,14,7,13,0,2024,10,14,5,3,6,4,0,,1,0,1,0,0,,"732011,950340053532273","5691778,756935743615031",12.330525902000034,51.32989278700006,5,,5,Südwest,,,,5.0,,0,14241017148310713430,268189,0,2
16967,,,14,7,13,0,2024,10,17,6,3,0,7,0,,1,0,1,0,0,,"733166,830311976140365","5692343,240178748033941",12.347443260000034,51.33448774200008,7,,7,Alt-West,,,,7.0,,0,14241025148310784740,268194,0,2
16968,,,14,7,13,0,2024,10,7,4,3,9,1,0,,1,0,0,0,0,,"737504,335135263740085","5692335,619032236747444",12.409591974000023,51.332624655000075,3,,3,Südost,,,,3.0,,0,14241030148410751990,268199,1,2
16969,,,14,7,13,0,2024,11,9,3,3,5,3,0,,1,0,0,0,0,,"731139,305051972507499","5690734,736620231531560",12.317344712000022,51.320875966000074,7,,7,Alt-West,,,,7.0,,0,14241105148310767690,268203,1,2
16970,,,14,7,13,0,2024,11,8,2,3,0,1,0,,1,0,0,0,0,,"732970,666253005154431","5693522,112088009715080",12.345403308000073,51.34515043600004,0,,0,Mitte,,,,0.0,,0,14241111148410815200,268205,1,2
16971,,,14,7,13,0,2024,11,15,5,3,6,6,0,,1,0,1,0,0,,"742564,019399305107072","5685907,732162510976195",12.477717966000057,51.27279647300003,3,,3,Südost,,,,3.0,,0,14241121148210835890,268207,0,2